{"Pagination": {"query": "nike dunk", "queryID": "4c340880f1d8caa753503d0d309e21cc", "index": "PRODUCTION_PG_FEATURED_DESC", "limit": 40, "page": 6, "total": 1994, "lastPage": "/api/v3/browse?_search=nike%20dunk&dataType=product&facetsToRetrieve=%7B%7D&filterVersion=4&page=25&propsToRetrieve=brand%2CchildId%2Ccolorway%2Ccondition%2Cdescription%2Cid%2Cmarket.averageDeadstockPrice%2Cmarket.bidAskData%2Cmarket.changePercentage%2Cmarket.changeValue%2Cmarket.deadstockSold%2Cmarket.highestBid%2Cmarket.lastHighestBidTime%2Cmarket.lastLowestAskTime%2Cmarket.lastSale%2Cmarket.lastSaleDate%2Cmarket.lastSaleValue%2Cmarket.lowestAsk%2Cmarket.pricePremium%2Cmarket.salesInformation%2Cmarket.salesLastPeriod%2Cmarket.salesThisPeriod%2Cmarket.volatility%2Cmedia.smallImageUrl%2Cmedia.thumbUrl%2CproductCategory%2CreleaseDate%2CretailPrice%2Cshoe%2Ctitle%2CurlKey%2Cuuid", "sort": ["featured"], "order": ["DESC"], "currentPage": "/api/v3/browse?_search=nike%20dunk&dataType=product&facetsToRetrieve=%7B%7D&filterVersion=4&page=6&propsToRetrieve=brand%2CchildId%2Ccolorway%2Ccondition%2Cdescription%2Cid%2Cmarket.averageDeadstockPrice%2Cmarket.bidAskData%2Cmarket.changePercentage%2Cmarket.changeValue%2Cmarket.deadstockSold%2Cmarket.highestBid%2Cmarket.lastHighestBidTime%2Cmarket.lastLowestAskTime%2Cmarket.lastSale%2Cmarket.lastSaleDate%2Cmarket.lastSaleValue%2Cmarket.lowestAsk%2Cmarket.pricePremium%2Cmarket.salesInformation%2Cmarket.salesLastPeriod%2Cmarket.salesThisPeriod%2Cmarket.volatility%2Cmedia.smallImageUrl%2Cmedia.thumbUrl%2CproductCategory%2CreleaseDate%2CretailPrice%2Cshoe%2Ctitle%2CurlKey%2Cuuid", "nextPage": "/api/v3/browse?_search=nike%20dunk&dataType=product&facetsToRetrieve=%7B%7D&filterVersion=4&page=7&propsToRetrieve=brand%2CchildId%2Ccolorway%2Ccondition%2Cdescription%2Cid%2Cmarket.averageDeadstockPrice%2Cmarket.bidAskData%2Cmarket.changePercentage%2Cmarket.changeValue%2Cmarket.deadstockSold%2Cmarket.highestBid%2Cmarket.lastHighestBidTime%2Cmarket.lastLowestAskTime%2Cmarket.lastSale%2Cmarket.lastSaleDate%2Cmarket.lastSaleValue%2Cmarket.lowestAsk%2Cmarket.pricePremium%2Cmarket.salesInformation%2Cmarket.salesLastPeriod%2Cmarket.salesThisPeriod%2Cmarket.volatility%2Cmedia.smallImageUrl%2Cmedia.thumbUrl%2CproductCategory%2CreleaseDate%2CretailPrice%2Cshoe%2Ctitle%2CurlKey%2Cuuid", "previousPage": "/api/v3/browse?_search=nike%20dunk&dataType=product&facetsToRetrieve=%7B%7D&filterVersion=4&page=5&propsToRetrieve=brand%2CchildId%2Ccolorway%2Ccondition%2Cdescription%2Cid%2Cmarket.averageDeadstockPrice%2Cmarket.bidAskData%2Cmarket.changePercentage%2Cmarket.changeValue%2Cmarket.deadstockSold%2Cmarket.highestBid%2Cmarket.lastHighestBidTime%2Cmarket.lastLowestAskTime%2Cmarket.lastSale%2Cmarket.lastSaleDate%2Cmarket.lastSaleValue%2Cmarket.lowestAsk%2Cmarket.pricePremium%2Cmarket.salesInformation%2Cmarket.salesLastPeriod%2Cmarket.salesThisPeriod%2Cmarket.volatility%2Cmedia.smallImageUrl%2Cmedia.thumbUrl%2CproductCategory%2CreleaseDate%2CretailPrice%2Cshoe%2Ctitle%2CurlKey%2Cuuid"}, "Facets": {}, "Products": [{"id": "f357b5b5-3362-470f-b70f-f0b9d6b7ac06", "uuid": "f357b5b5-3362-470f-b70f-f0b9d6b7ac06", "brand": "Nike", "colorway": "Sail/Cashmere/Pale Ivory/Light Bone", "condition": "New", "description": "The women's Nike Dunk Low Sail Light Bone (W) features a Sail leather upper with Light Bone overlays and Swooshes. From there, matching woven Nike Air tongue labels and soled complete the design.\n<br>\n<br>\nThe women's Nike Dunk Low Sail Light Bone (W) released in 2021 and retailed for $100.", "media": {"smallImageUrl": "https://images.stockx.com/images/Nike-Dunk-Low-Sail-Light-Bone-W-Product.jpg?fit=fill&bg=FFFFFF&w=300&h=214&fm=webp&auto=compress&trim=color&q=90&dpr=2&updated_at=1633366276", "thumbUrl": "https://images.stockx.com/images/Nike-Dunk-Low-Sail-Light-Bone-W-Product.jpg?fit=fill&bg=FFFFFF&w=140&h=100&fm=webp&auto=compress&trim=color&q=90&dpr=2&updated_at=1633366276"}, "productCategory": "sneakers", "releaseDate": "2021-09-20", "retailPrice": 100, "shoe": "Nike Dunk Low", "title": "Nike Dunk Low Sail Light Bone (W)", "urlKey": "nike-dunk-low-sail-light-bone-w", "market": {"lowestAsk": 259, "salesThisPeriod": 13, "salesLastPeriod": 0, "highestBid": 280, "volatility": 0.102997, "deadstockSold": 9537, "pricePremium": 1.548, "averageDeadstockPrice": 228, "lastSale": 255, "changeValue": -65, "changePercentage": -0.203781, "lastLowestAskTime": 1662942577, "lastHighestBidTime": 1663543821, "lastSaleDate": "2022-09-20T10:13:45+00:00"}, "objectID": "f357b5b5-3362-470f-b70f-f0b9d6b7ac06"}, {"id": "998fa533-459d-4447-a6cf-38118d509869", "uuid": "998fa533-459d-4447-a6cf-38118d509869", "brand": "Nike", "colorway": "White/Grey Fog-White", "condition": "New", "description": "Nike continues with their Paisley-themed releases with the Nike Dunk Low White Paisley (W) for women dressed in a White and Grey Fog color scheme.\n<br>\n<br>\nThe Nike Dunk Low White Paisley (W) features a white canvas upper, sporting a light gray Paisley pattern, matching the brandin(GS) for grade schoolers. Its entire upper is covered in the paisley print, but it also features a white leather swoosh on the quarter panel. Underfoot, this model sits atop an all-White rubber sole unit to complete the design.\n<br>\n<br>\nThe Nike Dunk Low White Paisley (W) was released in May 2022 and retailed for $100.", "media": {"smallImageUrl": "https://images.stockx.com/images/Nike-Dunk-Low-White-Paisley-W-Product.jpg?fit=fill&bg=FFFFFF&w=300&h=214&fm=webp&auto=compress&trim=color&q=90&dpr=2&updated_at=1661175699", "thumbUrl": "https://images.stockx.com/images/Nike-Dunk-Low-White-Paisley-W-Product.jpg?fit=fill&bg=FFFFFF&w=140&h=100&fm=webp&auto=compress&trim=color&q=90&dpr=2&updated_at=1661175699"}, "productCategory": "sneakers", "releaseDate": "2022-05-01", "retailPrice": 100, "shoe": "Nike Dunk Low", "title": "Nike Dunk Low White Paisley (W)", "urlKey": "nike-dunk-low-white-paisley-w", "market": {"lowestAsk": 89, "salesThisPeriod": 16, "salesLastPeriod": 0, "highestBid": 127, "volatility": 0.189453, "deadstockSold": 2046, "pricePremium": -0.079, "averageDeadstockPrice": 117, "lastSale": 92, "changeValue": -2, "changePercentage": -0.030409, "lastLowestAskTime": 1663773811, "lastHighestBidTime": 1663592985, "lastSaleDate": "2022-09-21T12:41:56+00:00"}, "objectID": "998fa533-459d-4447-a6cf-38118d509869"}, {"id": "d4728ce0-4a3e-4131-b6ed-57a26e868cf2", "uuid": "d4728ce0-4a3e-4131-b6ed-57a26e868cf2", "brand": "Nike", "colorway": "Orange/Deep Royal Blue/White/Orange", "condition": "New", "description": "The Nike Dunk High Knicks are a high-top shoe that has a bright orange sole with a white midsole. The base of the shoe is also bright orange and there are royal blue details.\n<br>\n<br>\nThe laces are a bright royal blue and the swoosh symbol is in bright orange, wrapping around the heel of the shoe. The royal blue toe box has perforated holes for maximum air flow. The laces go all the way up to the top of the ankle.\n<br>\n<br>\u00a0\nThe Nike Dunk High Knicks was released in June 2022. Upon release, the retail price for this item was $115.", "media": {"smallImageUrl": "https://images.stockx.com/images/Nike-Dunk-High-Knicks-Product.jpg?fit=fill&bg=FFFFFF&w=300&h=214&fm=webp&auto=compress&trim=color&q=90&dpr=2&updated_at=1663699792", "thumbUrl": "https://images.stockx.com/images/Nike-Dunk-High-Knicks-Product.jpg?fit=fill&bg=FFFFFF&w=140&h=100&fm=webp&auto=compress&trim=color&q=90&dpr=2&updated_at=1663699792"}, "productCategory": "sneakers", "releaseDate": "2022-06-01", "retailPrice": 115, "shoe": "Nike Dunk High", "title": "Nike Dunk High Knicks", "urlKey": "nike-dunk-high-knicks", "market": {"lowestAsk": 109, "salesThisPeriod": 17, "salesLastPeriod": 0, "highestBid": 120, "volatility": 0.117727, "deadstockSold": 735, "pricePremium": -0.061, "averageDeadstockPrice": 125, "lastSale": 108, "changeValue": -7, "changePercentage": -0.06087, "lastLowestAskTime": 1663654930, "lastHighestBidTime": 1663117573, "lastSaleDate": "2022-09-21T21:05:41+00:00"}, "objectID": "d4728ce0-4a3e-4131-b6ed-57a26e868cf2"}, {"id": "2da5d0b8-f042-42b0-9ec1-a80c4b796624", "uuid": "2da5d0b8-f042-42b0-9ec1-a80c4b796624", "brand": "Nike", "colorway": "Hemp/Light Soft Pink-Sail", "condition": "New", "description": "", "media": {"smallImageUrl": "https://images.stockx.com/images/Nike-Dunk-High-Desert-Camo-W-Product.jpg?fit=fill&bg=FFFFFF&w=300&h=214&fm=webp&auto=compress&trim=color&q=90&dpr=2&updated_at=1660598457", "thumbUrl": "https://images.stockx.com/images/Nike-Dunk-High-Desert-Camo-W-Product.jpg?fit=fill&bg=FFFFFF&w=140&h=100&fm=webp&auto=compress&trim=color&q=90&dpr=2&updated_at=1660598457"}, "productCategory": "sneakers", "releaseDate": "2022-08-26", "retailPrice": 135, "shoe": "Nike Dunk High", "title": "Nike Dunk High Desert Camo (W)", "urlKey": "nike-dunk-high-desert-camo-w", "market": {"lowestAsk": 117, "salesThisPeriod": 10, "salesLastPeriod": 0, "highestBid": 135, "volatility": 0.10853, "deadstockSold": 154, "pricePremium": 0.096, "averageDeadstockPrice": 150, "lastSale": 148, "changeValue": 18, "changePercentage": 0.138462, "lastLowestAskTime": 1663758968, "lastHighestBidTime": 1662871360, "lastSaleDate": "2022-09-21T01:56:14+00:00"}, "objectID": "2da5d0b8-f042-42b0-9ec1-a80c4b796624"}, {"id": "04a20e37-a9da-4269-8fd5-710f4d9d09cb", "uuid": "04a20e37-a9da-4269-8fd5-710f4d9d09cb", "brand": "Nike", "colorway": "White/Varsity Green", "condition": "New", "description": "", "media": {"smallImageUrl": "https://images.stockx.com/images/Nike-Dunk-Low-Spartan-Green-GS-Product.jpg?fit=fill&bg=FFFFFF&w=300&h=214&fm=webp&auto=compress&trim=color&q=90&dpr=2&updated_at=1620405184", "thumbUrl": "https://images.stockx.com/images/Nike-Dunk-Low-Spartan-Green-GS-Product.jpg?fit=fill&bg=FFFFFF&w=140&h=100&fm=webp&auto=compress&trim=color&q=90&dpr=2&updated_at=1620405184"}, "productCategory": "sneakers", "releaseDate": "2021-06-03", "retailPrice": 100, "shoe": "Nike Dunk Low", "title": "Nike Dunk Low Michigan State (GS)", "urlKey": "nike-dunk-low-spartan-green-gs", "market": {"lowestAsk": 410, "salesThisPeriod": 1, "salesLastPeriod": 0, "highestBid": 384, "volatility": 0.071604, "deadstockSold": 1404, "pricePremium": 4.69, "averageDeadstockPrice": 381, "lastSale": 569, "changeValue": 57, "changePercentage": 0.110486, "lastLowestAskTime": 1663204058, "lastHighestBidTime": 1662374497, "lastSaleDate": "2022-09-16T19:22:30+00:00"}, "objectID": "04a20e37-a9da-4269-8fd5-710f4d9d09cb"}, {"id": "ca2e6a08-4350-4a38-82dc-0b4e43faf210", "uuid": "ca2e6a08-4350-4a38-82dc-0b4e43faf210", "brand": "Nike", "colorway": "Laser Orange/White-Laser Orange", "condition": "New", "description": "The women's Nike Dunk Low Laser Orange (W) arrives with a white leather upper and Laser Orange overlays. From there, matching woven tongue labels and soles complete the design.\n\nThe women's Nike Dunk Low Laser Orange (W) released in July of 2021 and retailed for $100.", "media": {"smallImageUrl": "https://images.stockx.com/images/Nike-Dunk-Low-Laser-Orange-W-Product.jpg?fit=fill&bg=FFFFFF&w=300&h=214&fm=webp&auto=compress&trim=color&q=90&dpr=2&updated_at=1643888311", "thumbUrl": "https://images.stockx.com/images/Nike-Dunk-Low-Laser-Orange-W-Product.jpg?fit=fill&bg=FFFFFF&w=140&h=100&fm=webp&auto=compress&trim=color&q=90&dpr=2&updated_at=1643888311"}, "productCategory": "sneakers", "releaseDate": "2021-07-08", "retailPrice": 100, "shoe": "Nike Dunk Low", "title": "Nike Dunk Low Laser Orange (W)", "urlKey": "nike-dunk-low-laser-orange-w", "market": {"lowestAsk": 206, "salesThisPeriod": 4, "salesLastPeriod": 0, "highestBid": 306, "volatility": 0.25293, "deadstockSold": 2961, "pricePremium": 1.539, "averageDeadstockPrice": 297, "lastSale": 254, "changeValue": -38, "changePercentage": -0.130611, "lastLowestAskTime": 1663768769, "lastHighestBidTime": 1663193243, "lastSaleDate": "2022-09-21T07:10:12+00:00"}, "objectID": "ca2e6a08-4350-4a38-82dc-0b4e43faf210"}, {"id": "58f200fd-75ba-4e44-9b2f-be401681e93c", "uuid": "58f200fd-75ba-4e44-9b2f-be401681e93c", "brand": "Nike", "colorway": "Velvet Brown/Black", "condition": "New", "description": "The Nike Dunk Low Velvet Brown Black has an upper half repleted in a minor tone. Solid black covers the leather toe boxes, collars, quarters, and shoelaces as a dominant tone.\n<br>\n<br>\nThe Nike Dunk Low Velvet Brown Black has Swooshes and overlays across your forefoot, and its heels are raised, having a croc-like texture and colored in a brown velvet tone. To complete the shoe\u2019s design, it has a dusted gum bottom.\u00a0\u00a0\n<br> \u00a0\u00a0\u00a0\n<br>\u00a0\u00a0\nSince its debut in April 2022, Nike Dunk Low Velvet Brown Black has been among the celebrated colorways in the Dunk Low catalog. The Nike Dunk Low Velvet Brown Black retailed at $100.", "media": {"smallImageUrl": "https://images.stockx.com/images/Nike-Dunk-Low-Velvet-Brown-Black.jpg?fit=fill&bg=FFFFFF&w=300&h=214&fm=webp&auto=compress&trim=color&q=90&dpr=2&updated_at=1650150584", "thumbUrl": "https://images.stockx.com/images/Nike-Dunk-Low-Velvet-Brown-Black.jpg?fit=fill&bg=FFFFFF&w=140&h=100&fm=webp&auto=compress&trim=color&q=90&dpr=2&updated_at=1650150584"}, "productCategory": "sneakers", "releaseDate": "", "retailPrice": 100, "shoe": "Nike Dunk Low", "title": "Nike Dunk Low Velvet Brown Black", "urlKey": "nike-dunk-low-velvet-brown-black", "market": {"lowestAsk": 108, "salesThisPeriod": 22, "salesLastPeriod": 0, "highestBid": 150, "volatility": 0.175202, "deadstockSold": 1296, "pricePremium": 0.2, "averageDeadstockPrice": 119, "lastSale": 120, "changeValue": 23, "changePercentage": 0.237113, "lastLowestAskTime": 1663774899, "lastHighestBidTime": 1661219461, "lastSaleDate": "2022-09-21T15:40:29+00:00"}, "objectID": "58f200fd-75ba-4e44-9b2f-be401681e93c"}, {"id": "383c39d2-1845-474e-bb9a-0eb7e4b84823", "uuid": "383c39d2-1845-474e-bb9a-0eb7e4b84823", "brand": "Nike", "colorway": "Carbon Green/Rift Blue-Sail", "condition": "New", "description": "The Nike Dunk Low Siempre Familia draws inspiration from Mictl\u0101n, the underworld in Aztec mythology that consists of nine layers, similar to Dante Alighieri's Inferno. Its tonal green reptilian-textural upper and Iguana heel illustration symbolize the inhabitants of the 8th and 9th levels of Mictl\u0101n. A decorative multicolor Swoosh displays palettes and graphic styles commonly associated with D\u00eda de Muertos, the Mexican Day of the Dead.\n<br>\n<br>\nThe Nike Dunk Low Siempre Familia released in February of 2022 and retailed for $120.", "media": {"smallImageUrl": "https://images.stockx.com/images/Nike-Dunk-Low-Siempre-Familia-Product.jpg?fit=fill&bg=FFFFFF&w=300&h=214&fm=webp&auto=compress&trim=color&q=90&dpr=2&updated_at=1646080685", "thumbUrl": "https://images.stockx.com/images/Nike-Dunk-Low-Siempre-Familia-Product.jpg?fit=fill&bg=FFFFFF&w=140&h=100&fm=webp&auto=compress&trim=color&q=90&dpr=2&updated_at=1646080685"}, "productCategory": "sneakers", "releaseDate": "2022-02-17", "retailPrice": 120, "shoe": "Nike Dunk Low", "title": "Nike Dunk Low Siempre Familia", "urlKey": "nike-dunk-low-siempre-familia", "market": {"lowestAsk": 129, "salesThisPeriod": 17, "salesLastPeriod": 0, "highestBid": 200, "volatility": 0.155409, "deadstockSold": 7694, "pricePremium": 0.233, "averageDeadstockPrice": 193, "lastSale": 148, "changeValue": 0, "changePercentage": 0, "lastLowestAskTime": 1663721860, "lastHighestBidTime": 1663198528, "lastSaleDate": "2022-09-20T17:12:20+00:00"}, "objectID": "383c39d2-1845-474e-bb9a-0eb7e4b84823"}, {"id": "ab22c2fc-dfe6-4704-8736-b967d010ea50", "uuid": "ab22c2fc-dfe6-4704-8736-b967d010ea50", "brand": "Nike", "colorway": "Blue Chill/Safety Orange-Black-White", "condition": "New", "description": "This light blue Nike SB Dunk Low Club 58 Gulf adds to the Dunk SB range of race car-inspired sneakers. The Nike SB Dunk Low Club 58 Gulf features a Blue Chill suede upper, with black laces and a white leather Swoosh contrasting the silhouette. A patch with the number 58 is embroidered near the heel, and the same digits are repeated on the woven tag affixed to the stuffed mesh tongue. The design is finished with a two-tone sole: white with an orange outsole.\n<br>\n<br>\nThe Nike SB Dunk Low Club 58 Gulf was released in March 2021 and retailed for $100.", "media": {"smallImageUrl": "https://images.stockx.com/images/Nike-SB-Dunk-Low-Club-58-Gulf-Product.jpg?fit=fill&bg=FFFFFF&w=300&h=214&fm=webp&auto=compress&trim=color&q=90&dpr=2&updated_at=1612295293", "thumbUrl": "https://images.stockx.com/images/Nike-SB-Dunk-Low-Club-58-Gulf-Product.jpg?fit=fill&bg=FFFFFF&w=140&h=100&fm=webp&auto=compress&trim=color&q=90&dpr=2&updated_at=1612295293"}, "productCategory": "sneakers", "releaseDate": "2021-03-01", "retailPrice": 100, "shoe": "Nike SB Dunk Low", "title": "Nike SB Dunk Low Club 58 Gulf", "urlKey": "nike-sb-dunk-low-club-58-gulf", "market": {"lowestAsk": 243, "salesThisPeriod": 8, "salesLastPeriod": 0, "highestBid": 425, "volatility": 0.415335, "deadstockSold": 1536, "pricePremium": 1.851, "averageDeadstockPrice": 343, "lastSale": 285, "changeValue": -52, "changePercentage": -0.156607, "lastLowestAskTime": 1663211036, "lastHighestBidTime": 1663710605, "lastSaleDate": "2022-09-21T18:04:04+00:00"}, "objectID": "ab22c2fc-dfe6-4704-8736-b967d010ea50"}, {"id": "25d65524-d259-4349-ac16-437e31e811f7", "uuid": "25d65524-d259-4349-ac16-437e31e811f7", "brand": "Nike", "colorway": "Sail/Neutral Grey-Hyper Violet", "condition": "New", "description": "", "media": {"smallImageUrl": "https://images.stockx.com/images/Nike-Dunk-Low-Off-White-Lot-28.jpg?fit=fill&bg=FFFFFF&w=300&h=214&fm=webp&auto=compress&trim=color&q=90&dpr=2&updated_at=1628509267", "thumbUrl": "https://images.stockx.com/images/Nike-Dunk-Low-Off-White-Lot-28.jpg?fit=fill&bg=FFFFFF&w=140&h=100&fm=webp&auto=compress&trim=color&q=90&dpr=2&updated_at=1628509267"}, "productCategory": "sneakers", "releaseDate": "2021-08-09", "retailPrice": 180, "shoe": "Nike Dunk Low", "title": "Nike Dunk Low Off-White Lot 28", "urlKey": "nike-dunk-low-off-white-lot-28", "market": {"lowestAsk": 474, "salesThisPeriod": 6, "salesLastPeriod": 0, "highestBid": 620, "volatility": 0.149084, "deadstockSold": 938, "pricePremium": 1.361, "averageDeadstockPrice": 509, "lastSale": 425, "changeValue": -55, "changePercentage": -0.114583, "lastLowestAskTime": 1663724759, "lastHighestBidTime": 1661811426, "lastSaleDate": "2022-09-20T13:08:01+00:00"}, "objectID": "25d65524-d259-4349-ac16-437e31e811f7"}, {"id": "0b598b77-4ae2-414b-9e10-580e6b8f6bce", "uuid": "0b598b77-4ae2-414b-9e10-580e6b8f6bce", "brand": "Nike", "colorway": "Light Bone/Tumbled Grey-Coconut Milk-Alpha Orange", "condition": "New", "description": "Nike Dunk High Vintage Light Bone is a retro-release by Nike as it approaches its 40th anniversary. The high top shoe has dark grey/light grey/orange colorway.\n<br>\n<br>\nThe Nike Dunk High has an upper constructed in full light grey leather. The shoe also features a perforated toe box and padded collar made of synthetic fabric. It has dark grey overlays, side Swooshes, laces, and treaded outsole. The rubber midsole is slightly-yellowed. There is also some orange flair branding on the light grey tongue and insole.\n<br>\n<br>\nNike Dunk High Vintage Light Bone was released on 7th July 2022. At this time, it retailed at $110.", "media": {"smallImageUrl": "https://images.stockx.com/images/Nike-Dunk-High-Vintage-Light-Bone.jpg?fit=fill&bg=FFFFFF&w=300&h=214&fm=webp&auto=compress&trim=color&q=90&dpr=2&updated_at=1652351734", "thumbUrl": "https://images.stockx.com/images/Nike-Dunk-High-Vintage-Light-Bone.jpg?fit=fill&bg=FFFFFF&w=140&h=100&fm=webp&auto=compress&trim=color&q=90&dpr=2&updated_at=1652351734"}, "productCategory": "sneakers", "releaseDate": "", "retailPrice": 110, "shoe": "Nike Dunk High", "title": "Nike Dunk High Vintage Light Bone Grey", "urlKey": "nike-dunk-high-vintage-light-bone", "market": {"lowestAsk": 129, "salesThisPeriod": 22, "salesLastPeriod": 0, "highestBid": 160, "volatility": 0.260493, "deadstockSold": 875, "pricePremium": -0.091, "averageDeadstockPrice": 146, "lastSale": 100, "changeValue": -37, "changePercentage": -0.270073, "lastLowestAskTime": 1663698353, "lastHighestBidTime": 1663680664, "lastSaleDate": "2022-09-20T18:26:43+00:00"}, "objectID": "0b598b77-4ae2-414b-9e10-580e6b8f6bce"}, {"id": "513bea39-3606-4f29-8191-b9463180ba1e", "uuid": "513bea39-3606-4f29-8191-b9463180ba1e", "brand": "Nike", "colorway": "Pure Platinum/White-Wolf Grey", "condition": "New", "description": "The Nike Dunk Low Two Toned Grey (Preschool) has the perforated toebox that the brand has become so famous for. White shoe laces lay on top of a white tongue that has splashes of grey and blue.\n<br>\n<br>\nOn this model, you can find a grey sole, white midsole, and a white base for the body. On top of the white base, there are patches of grey leather. The famous swoosh symbol on the side is made from white leather.\n<br>\n<br>\nThe Nike Dunk Low Two Toned Grey PS first came out in March of 2022. The initial retail price for this model was $100.", "media": {"smallImageUrl": "https://images.stockx.com/images/Nike-Dunk-Low-Two-Toned-Grey-PS-Product.jpg?fit=fill&bg=FFFFFF&w=300&h=214&fm=webp&auto=compress&trim=color&q=90&dpr=2&updated_at=1647360091", "thumbUrl": "https://images.stockx.com/images/Nike-Dunk-Low-Two-Toned-Grey-PS-Product.jpg?fit=fill&bg=FFFFFF&w=140&h=100&fm=webp&auto=compress&trim=color&q=90&dpr=2&updated_at=1647360091"}, "productCategory": "sneakers", "releaseDate": "2022-03-01", "retailPrice": 60, "shoe": "Nike Dunk Low", "title": "Nike Dunk Low Two-Toned Grey (PS)", "urlKey": "nike-dunk-low-two-toned-grey-ps", "market": {"lowestAsk": 87, "salesThisPeriod": 13, "salesLastPeriod": 0, "highestBid": 102, "volatility": 0.10873, "deadstockSold": 2629, "pricePremium": 0.444, "averageDeadstockPrice": 85, "lastSale": 87, "changeValue": 6, "changePercentage": 0.069496, "lastLowestAskTime": 1663738145, "lastHighestBidTime": 1663519710, "lastSaleDate": "2022-09-21T04:52:37+00:00"}, "objectID": "513bea39-3606-4f29-8191-b9463180ba1e"}, {"id": "35dd3444-47ab-406e-9497-56358ceeef41", "uuid": "35dd3444-47ab-406e-9497-56358ceeef41", "brand": "Nike", "colorway": "Classic Green/Black/White/Classic Green", "condition": "New", "description": "Dressed in Classic Green, black, and white, this Nike SB Dunk Low Classic Green also features the popular Air Jordan 1\u2019s \"Black Toe\" color blocking. The Nike SB Dunk Low Classic Green features a white leather upper with black overlays and Swooshes completed with Classic Green in the rear, laces, and tongue branding. The Nike SB Dunk Low Classic Green gets an extra chunky tongue with the Nike SB tag fixed at the top. Beneath the feet, a white midsole offers cushioning, and a matching green rubber outsole provides traction.\n<br>\n<br>\nThe Nike SB Dunk Low Classic Green was released in June 2021 and retailed for $110.", "media": {"smallImageUrl": "https://images.stockx.com/images/Nike-SB-Dunk-Low-Classic-Green-Product.jpg?fit=fill&bg=FFFFFF&w=300&h=214&fm=webp&auto=compress&trim=color&q=90&dpr=2&updated_at=1623168870", "thumbUrl": "https://images.stockx.com/images/Nike-SB-Dunk-Low-Classic-Green-Product.jpg?fit=fill&bg=FFFFFF&w=140&h=100&fm=webp&auto=compress&trim=color&q=90&dpr=2&updated_at=1623168870"}, "productCategory": "sneakers", "releaseDate": "2021-06-05", "retailPrice": 110, "shoe": "Nike SB Dunk Low", "title": "Nike SB Dunk Low Classic Green", "urlKey": "nike-sb-dunk-low-classic-green", "market": {"lowestAsk": 270, "salesThisPeriod": 9, "salesLastPeriod": 0, "highestBid": 300, "volatility": 0.101764, "deadstockSold": 2865, "pricePremium": 1.945, "averageDeadstockPrice": 262, "lastSale": 324, "changeValue": 39, "changePercentage": 0.136842, "lastLowestAskTime": 1659898347, "lastHighestBidTime": 1663531302, "lastSaleDate": "2022-09-20T15:09:35+00:00"}, "objectID": "35dd3444-47ab-406e-9497-56358ceeef41"}, {"id": "4e2e2822-895a-463d-901e-6e8f08a49594", "uuid": "4e2e2822-895a-463d-901e-6e8f08a49594", "brand": "Nike", "colorway": "White/University Red", "condition": "New", "description": "The Nike Dunk High University Red (GS) for grade schoolers is a high-top model that has basic tread, making it a convenient choice for everyday life.\n<br>\n<br>\nThis model has a bright red sole, coupled with a white midsole. The shoe itself has a white base, with red leather overlays. Red shoelaces lay on top of the white tongue. Both the Nike swoosh symbol and the brand\u2019s logo are in the same bright red that adorns the shoe.\n<br>\n<br>\nThe Nike Dunk High University Red (GS) for grade schoolers for grade schoolers first entered the market in May of 2022. This shoe had a starting retail price of $100.", "media": {"smallImageUrl": "https://images.stockx.com/images/Nike-Dunk-High-University-Red-GS-Product.jpg?fit=fill&bg=FFFFFF&w=300&h=214&fm=webp&auto=compress&trim=color&q=90&dpr=2&updated_at=1645801979", "thumbUrl": "https://images.stockx.com/images/Nike-Dunk-High-University-Red-GS-Product.jpg?fit=fill&bg=FFFFFF&w=140&h=100&fm=webp&auto=compress&trim=color&q=90&dpr=2&updated_at=1645801979"}, "productCategory": "sneakers", "releaseDate": "2022-05-17", "retailPrice": 100, "shoe": "Nike Dunk High", "title": "Nike Dunk High Championship White Red (GS)", "urlKey": "nike-dunk-high-university-red-gs", "market": {"lowestAsk": 96, "salesThisPeriod": 12, "salesLastPeriod": 0, "highestBid": 115, "volatility": 0.122431, "deadstockSold": 3042, "pricePremium": 0.24, "averageDeadstockPrice": 121, "lastSale": 124, "changeValue": -4, "changePercentage": -0.031564, "lastLowestAskTime": 1663249806, "lastHighestBidTime": 1663691369, "lastSaleDate": "2022-09-21T01:45:13+00:00"}, "objectID": "4e2e2822-895a-463d-901e-6e8f08a49594"}, {"id": "79cde224-297f-4c4a-9bd9-1d075bf810bc", "uuid": "79cde224-297f-4c4a-9bd9-1d075bf810bc", "brand": "Nike", "colorway": "Navy/Red-White", "condition": "New", "description": "The Nike SB Dunk High Supreme By Any Means Navy is reminiscent of the Nike Dunk Low Varsity Red Navy, a Japanese-exclusive Nike Dunk CO.JP colorway that was released in 2002. In a simple two-tone color blocking, it features a smooth red leather upper with navy overlays and Swooshes. At the tongue, customized \"SUP\" woven tongue labels add a novelty touch. From there, \"By Any Means\"  and Nike NYC heel embroideries, \"Supreme Team\" collar embroidery, and a \"No Love\" toe embroidery add the finishing touches.\n<br>\n<br>\nThe Nike SB Dunk High Supreme By Any Means Navy released in March of 2022.", "media": {"smallImageUrl": "https://images.stockx.com/images/Nike-SB-Dunk-High-Supreme-By-Any-Means-Navy-Product.jpg?fit=fill&bg=FFFFFF&w=300&h=214&fm=webp&auto=compress&trim=color&q=90&dpr=2&updated_at=1646935866", "thumbUrl": "https://images.stockx.com/images/Nike-SB-Dunk-High-Supreme-By-Any-Means-Navy-Product.jpg?fit=fill&bg=FFFFFF&w=140&h=100&fm=webp&auto=compress&trim=color&q=90&dpr=2&updated_at=1646935866"}, "productCategory": "sneakers", "releaseDate": "2022-03-03", "retailPrice": 128, "shoe": "Nike SB Dunk High", "title": "Nike SB Dunk High Supreme By Any Means Navy", "urlKey": "nike-sb-dunk-high-supreme-by-any-means-navy", "market": {"lowestAsk": 162, "salesThisPeriod": 7, "salesLastPeriod": 0, "highestBid": 193, "volatility": 0.150106, "deadstockSold": 2603, "pricePremium": 0.602, "averageDeadstockPrice": 228, "lastSale": 205, "changeValue": 25, "changePercentage": 0.138889, "lastLowestAskTime": 1663764784, "lastHighestBidTime": 1663556124, "lastSaleDate": "2022-09-20T00:15:23+00:00"}, "objectID": "79cde224-297f-4c4a-9bd9-1d075bf810bc"}, {"id": "cead3768-273a-43a3-b357-04e116f5626d", "uuid": "cead3768-273a-43a3-b357-04e116f5626d", "brand": "Nike", "colorway": "Pink Foam/White-Dark Beetroot", "condition": "New", "description": "The Nike Dunk Low Pink Red White GS features a white leather upper complemented by pink overlays and a deep red, purple-like shade marking the Swoosh. The pink continues to the mudguard, lacing system, and heel, while underneath, the Nike Dunk keeps its classic color blocking with a white midsole and a pink outsole and treading.\u00a0\n<br>\n<br>\nThe grade school-sized Nike Dunk Low Pink Red White GS was released in August 2021 and retailed for $85.", "media": {"smallImageUrl": "https://images.stockx.com/images/Nike-Dunk-Low-Pink-Red-White-GS-Product.jpg?fit=fill&bg=FFFFFF&w=300&h=214&fm=webp&auto=compress&trim=color&q=90&dpr=2&updated_at=1624633345", "thumbUrl": "https://images.stockx.com/images/Nike-Dunk-Low-Pink-Red-White-GS-Product.jpg?fit=fill&bg=FFFFFF&w=140&h=100&fm=webp&auto=compress&trim=color&q=90&dpr=2&updated_at=1624633345"}, "productCategory": "sneakers", "releaseDate": "2021-08-31", "retailPrice": 85, "shoe": "Nike Dunk Low", "title": "Nike Dunk Low Pink Foam Red White (GS)", "urlKey": "nike-dunk-low-pink-red-white-gs", "market": {"lowestAsk": 189, "salesThisPeriod": 2, "salesLastPeriod": 0, "highestBid": 210, "volatility": 0.141214, "deadstockSold": 6031, "pricePremium": 1.224, "averageDeadstockPrice": 174, "lastSale": 189, "changeValue": 0, "changePercentage": 0, "lastLowestAskTime": 1663677828, "lastHighestBidTime": 1663356533, "lastSaleDate": "2022-09-21T21:01:47+00:00"}, "objectID": "cead3768-273a-43a3-b357-04e116f5626d"}, {"id": "ccc84eb1-de45-43dd-97af-f112c42d94a7", "uuid": "ccc84eb1-de45-43dd-97af-f112c42d94a7", "brand": "Nike", "childId": null, "colorway": "Bright Ceramic/Green Spark", "condition": "New", "description": "Nike Skateboarding teamed up with legendary psychedelic rock band Grateful Dead and San Francisco-based skate shop FTC to release the special edition Nike SB Dunk Low Grateful Dead Bears Orange, now available on StockX. As the first release of a series of three Grateful Dead colorways, this Nike SB Dunk Low pays homage to the Grateful Dead Bears, a series of stylized dancing bears illustrated by Bob Thomas on the back cover of the album History of the Grateful Dead, Volume One (Bear\u2019s Choice) in 1973.\n<br>\n<br>\nThe SB Dunk Low Grateful Dead Bears features a fuzzy orange faux-fur upper with suede overlays and a jagged Swoosh to represent the stylization of the bear\u2019s chest fur. A hidden stash pocket is featured inside the tongue that is perfect for extra storage. An orange midsole, bright green outsole, and signature Grateful Dead branding on the tongue complete this euphoric design. These sneakers released in July of 2020 and retailed for $110 USD.", "media": {"smallImageUrl": "https://images.stockx.com/images/Nike-SB-Dunk-Low-Grateful-Dead-Bears-Orange-Product.jpg?fit=fill&bg=FFFFFF&w=300&h=214&fm=webp&auto=compress&trim=color&q=90&dpr=2&updated_at=1607048881", "thumbUrl": "https://images.stockx.com/images/Nike-SB-Dunk-Low-Grateful-Dead-Bears-Orange-Product.jpg?fit=fill&bg=FFFFFF&w=140&h=100&fm=webp&auto=compress&trim=color&q=90&dpr=2&updated_at=1607048881"}, "productCategory": "sneakers", "releaseDate": "2020-07-18", "retailPrice": 110, "shoe": "Nike SB Dunk Low", "title": "Nike SB Dunk Low Grateful Dead Bears Orange", "urlKey": "nike-sb-dunk-low-grateful-dead-bears-orange", "market": {"lowestAsk": 2100, "salesThisPeriod": 1, "salesLastPeriod": 0, "highestBid": 2804, "volatility": 0.270376, "deadstockSold": 82, "pricePremium": 19.727, "averageDeadstockPrice": 2706, "lastSale": 2280, "changeValue": -120, "changePercentage": -0.05, "lastLowestAskTime": 1663528153, "lastHighestBidTime": 1663450541, "lastSaleDate": "2022-09-21T07:32:37+00:00"}, "objectID": "ccc84eb1-de45-43dd-97af-f112c42d94a7"}, {"id": "8d8fa98b-7777-441b-b927-917ac5d3b255", "uuid": "8d8fa98b-7777-441b-b927-917ac5d3b255", "brand": "Nike", "colorway": "Sail/Neutral Grey-Total Orange", "condition": "New", "description": "", "media": {"smallImageUrl": "https://images.stockx.com/images/Nike-Dunk-Low-Off-White-Lot-31-Product.jpg?fit=fill&bg=FFFFFF&w=300&h=214&fm=webp&auto=compress&trim=color&q=90&dpr=2&updated_at=1636047231", "thumbUrl": "https://images.stockx.com/images/Nike-Dunk-Low-Off-White-Lot-31-Product.jpg?fit=fill&bg=FFFFFF&w=140&h=100&fm=webp&auto=compress&trim=color&q=90&dpr=2&updated_at=1636047231"}, "productCategory": "sneakers", "releaseDate": "2021-08-09", "retailPrice": 180, "shoe": "Nike Dunk Low", "title": "Nike Dunk Low Off-White Lot 31", "urlKey": "nike-dunk-low-off-white-lot-31", "market": {"lowestAsk": 584, "salesThisPeriod": 3, "salesLastPeriod": 0, "highestBid": 600, "volatility": 0.256544, "deadstockSold": 1137, "pricePremium": 1.899, "averageDeadstockPrice": 534, "lastSale": 522, "changeValue": -128, "changePercentage": -0.197304, "lastLowestAskTime": 1663785934, "lastHighestBidTime": 1663277226, "lastSaleDate": "2022-09-20T08:27:13+00:00"}, "objectID": "8d8fa98b-7777-441b-b927-917ac5d3b255"}, {"id": "9bed61b1-5dc9-482a-b9c2-5e6eec87550b", "uuid": "9bed61b1-5dc9-482a-b9c2-5e6eec87550b", "brand": "Nike", "colorway": "Chlorophyll/White-Vivid Green", "condition": "New", "description": "The Nike Dunk Low Chlorophyll (Preschool) arrives wearing a color combination of white, vivid green, and chlorophyll.\n<br>\n<br>\nThe preschool rendition of the Nike Dunk Low Chlorophyll (Preschool) comes constructed in a complete leather build featuring a green bottom with a darker shade of green on the overlays. The design is completed by white laces, Swoosh branding, and a midsole sitting on a green rubber outsole. The shoe displays a green Nike logo at its base and the back of the outsole.\n<br>\n<br>\nThe preschoolers' Nike Dunk Low Chlorophyll (Preschool) was released on May 25th, 2022, and retailed for $65.", "media": {"smallImageUrl": "https://images.stockx.com/images/Nike-Dunk-Low-Chlorophyll-PS-Product.jpg?fit=fill&bg=FFFFFF&w=300&h=214&fm=webp&auto=compress&trim=color&q=90&dpr=2&updated_at=1655884412", "thumbUrl": "https://images.stockx.com/images/Nike-Dunk-Low-Chlorophyll-PS-Product.jpg?fit=fill&bg=FFFFFF&w=140&h=100&fm=webp&auto=compress&trim=color&q=90&dpr=2&updated_at=1655884412"}, "productCategory": "sneakers", "releaseDate": "", "retailPrice": 65, "shoe": "Nike Dunk Low", "title": "Nike Dunk Low Chlorophyll (PS)", "urlKey": "nike-dunk-low-chlorophyll-ps", "market": {"lowestAsk": 75, "salesThisPeriod": 19, "salesLastPeriod": 0, "highestBid": 85, "volatility": 0.113714, "deadstockSold": 1257, "pricePremium": 0.508, "averageDeadstockPrice": 87, "lastSale": 98, "changeValue": 5, "changePercentage": 0.053763, "lastLowestAskTime": 1663415150, "lastHighestBidTime": 1663379634, "lastSaleDate": "2022-09-17T18:54:11+00:00"}, "objectID": "9bed61b1-5dc9-482a-b9c2-5e6eec87550b"}, {"id": "273a2f3d-4171-4306-bde6-704636036b2c", "uuid": "273a2f3d-4171-4306-bde6-704636036b2c", "brand": "Nike", "colorway": "Prism Pink/Prism Pink", "condition": "New", "description": "The Nike Dunk Low Prism Pink (2017/2022) (GS) is a grade school-sized shoe that features a light pink upper made of soft leather with a feathery texture.\n<br>\n<br>\nThe Nike Dunk Low Prism Pink (2017/2022) (GS) has perforated tox box. Smooth pink leather overlays appear on the heel, collar, Swoosh, eyestays, and toe cap. The nylon tongue has a pink tag with pink Nike branding and Swoosh. Embroidered Nike branding also appears pink-on-pink on the heel tab. The sock lining and midsole are matching light pink textured fabric. The midsole and outsole are matching pink rubber.\n<br>\n<br>\nNike Dunk Low Prism Pink (2017/2022) (GS) was released on July 1, 2017 for $85 retail.", "media": {"smallImageUrl": "https://images.stockx.com/images/Nike-Dunk-Low-Pink-GS-Product.jpg?fit=fill&bg=FFFFFF&w=300&h=214&fm=webp&auto=compress&trim=color&q=90&dpr=2&updated_at=1648741018", "thumbUrl": "https://images.stockx.com/images/Nike-Dunk-Low-Pink-GS-Product.jpg?fit=fill&bg=FFFFFF&w=140&h=100&fm=webp&auto=compress&trim=color&q=90&dpr=2&updated_at=1648741018"}, "productCategory": "sneakers", "releaseDate": "2017-07-01", "retailPrice": 85, "shoe": "Nike Dunk Low", "title": "Nike Dunk Low Prism Pink (2017/2022) (GS)", "urlKey": "nike-dunk-low-pink-gs", "market": {"lowestAsk": 80, "salesThisPeriod": 8, "salesLastPeriod": 0, "highestBid": 98, "volatility": 0.109611, "deadstockSold": 1078, "pricePremium": 0.416, "averageDeadstockPrice": 99, "lastSale": 120, "changeValue": 26, "changePercentage": 0.267269, "lastLowestAskTime": 1663753303, "lastHighestBidTime": 1663754629, "lastSaleDate": "2022-09-21T10:03:32+00:00"}, "objectID": "273a2f3d-4171-4306-bde6-704636036b2c"}, {"id": "c6c77cdb-ec7f-47e3-ab6e-a6d5d16019c0", "uuid": "c6c77cdb-ec7f-47e3-ab6e-a6d5d16019c0", "brand": "Nike", "colorway": "White/Electro Purple/Midnight Navy", "condition": "New", "description": "The Nike Dunk High Electro Purple Midnght Navy (GS) is a high-top athletic sneaker with a White, Electro Purple, and Midnight Navy color scheme.\n<br>\n<br>\nReleased as part of the Fall/Winter Nike collection, this shoe features white leather base upper, Naby Swooshes on its sides, a white midsole, and a purple rubber outsole. Its pristine white base is contrasted by purple overlays, tongue branding, and laces. It\u2019s worth noting that to enhance its breathability, this shoe\u2019s toe box is perforated.\n<br>\n<br>\nThe Nike Dunk High Electro Purple Midnght Navy (GS) was released on 1st December 2021. Originally, it had a retail price of $105.", "media": {"smallImageUrl": "https://images.stockx.com/images/Nike-Dunk-High-Court-Purple-Midnght-Navy-GS-Product.jpg?fit=fill&bg=FFFFFF&w=300&h=214&fm=webp&auto=compress&trim=color&q=90&dpr=2&updated_at=1644224382", "thumbUrl": "https://images.stockx.com/images/Nike-Dunk-High-Court-Purple-Midnght-Navy-GS-Product.jpg?fit=fill&bg=FFFFFF&w=140&h=100&fm=webp&auto=compress&trim=color&q=90&dpr=2&updated_at=1644224382"}, "productCategory": "sneakers", "releaseDate": "2021-12-01", "retailPrice": 105, "shoe": "Nike Dunk High", "title": "Nike Dunk High Electro Purple Midnght Navy (GS)", "urlKey": "nike-dunk-high-electro-purple-midnght-navy-gs", "market": {"lowestAsk": 84, "salesThisPeriod": 11, "salesLastPeriod": 0, "highestBid": 78, "volatility": 0.206409, "deadstockSold": 2071, "pricePremium": -0.171, "averageDeadstockPrice": 103, "lastSale": 87, "changeValue": -1, "changePercentage": -0.011364, "lastLowestAskTime": 1663527464, "lastHighestBidTime": 1663507516, "lastSaleDate": "2022-09-20T01:58:23+00:00"}, "objectID": "c6c77cdb-ec7f-47e3-ab6e-a6d5d16019c0"}, {"id": "4c132212-0f59-4d8c-a1fe-619ae32c0239", "uuid": "4c132212-0f59-4d8c-a1fe-619ae32c0239", "brand": "Nike", "colorway": "Wolf Grey/White/University Red", "condition": "New", "description": "The Nike Dunk Low White Grey Red (GS) for grade schoolers has gray shoelaces that are on top of a white tongue. This shoe works well for minimal exercise and walking on a daily basis.\n<br>\n<br>\nThis low-top model has a bright white base with patches of gray pebbled leather on the ankle and toes. The Nike swoosh symbol appears in bright red, and the Nike logo on the back of the ankle.\n<br>\n<br>\nThe initial release date of the Nike Dunk Low White Grey Red (GS) for grade schoolers was in May 2022. This model was released at a retail price of $90.", "media": {"smallImageUrl": "https://images.stockx.com/images/Nike-Dunk-Low-White-Grey-Red-GS-Product.jpg?fit=fill&bg=FFFFFF&w=300&h=214&fm=webp&auto=compress&trim=color&q=90&dpr=2&updated_at=1652712381", "thumbUrl": "https://images.stockx.com/images/Nike-Dunk-Low-White-Grey-Red-GS-Product.jpg?fit=fill&bg=FFFFFF&w=140&h=100&fm=webp&auto=compress&trim=color&q=90&dpr=2&updated_at=1652712381"}, "productCategory": "sneakers", "releaseDate": "2022-05-10", "retailPrice": 85, "shoe": "Nike Dunk Low", "title": "Nike Dunk Low White Grey Red (GS)", "urlKey": "nike-dunk-low-white-grey-red-gs", "market": {"lowestAsk": 130, "salesThisPeriod": 7, "salesLastPeriod": 0, "highestBid": 157, "volatility": 0.120129, "deadstockSold": 1311, "pricePremium": 0.8, "averageDeadstockPrice": 131, "lastSale": 153, "changeValue": -8, "changePercentage": -0.049689, "lastLowestAskTime": 1663488896, "lastHighestBidTime": 1663714075, "lastSaleDate": "2022-09-21T11:18:00+00:00"}, "objectID": "4c132212-0f59-4d8c-a1fe-619ae32c0239"}, {"id": "2eb5ab03-ccca-4c72-9517-3a3174494a1c", "uuid": "2eb5ab03-ccca-4c72-9517-3a3174494a1c", "brand": "Nike", "colorway": "Orange Pearl/White", "condition": "New", "description": "Nike delivered a warm-paletted women\u2019s exclusive with the Nike Dunk Low Retro Orange Pearl. The Orange Pearl follows traditional Nike Dunk color-blocking, a design with panels of the shoe\u2019s upper saturated by a designated color.\n\nThe upper Nike Dunk Low Retro Orange Pearl is composed of white leather with Orange Pearl leather overlays and Swooshes. Classic Nike Air branding is featured on the nylon tongue, nodding to classic Dunk design elements. A white midsole and Orange Pearl outsole wrap up the design.\n\nThe women's Nike Dunk Low Retro Orange Pearl released in January of 2021 and retailed for $100.", "media": {"smallImageUrl": "https://images.stockx.com/images/Nike-Dunk-Low-Orange-Pearl-Product.jpg?fit=fill&bg=FFFFFF&w=300&h=214&fm=webp&auto=compress&trim=color&q=90&dpr=2&updated_at=1613671259", "thumbUrl": "https://images.stockx.com/images/Nike-Dunk-Low-Orange-Pearl-Product.jpg?fit=fill&bg=FFFFFF&w=140&h=100&fm=webp&auto=compress&trim=color&q=90&dpr=2&updated_at=1613671259"}, "productCategory": "sneakers", "releaseDate": "2021-03-15", "retailPrice": 100, "shoe": "Nike Dunk Low", "title": "Nike Dunk Low Orange Pearl (W)", "urlKey": "nike-dunk-low-orange-pearl", "market": {"lowestAsk": 180, "salesThisPeriod": 8, "salesLastPeriod": 0, "highestBid": 228, "volatility": 0.117128, "deadstockSold": 4209, "pricePremium": 1.49, "averageDeadstockPrice": 227, "lastSale": 249, "changeValue": 50, "changePercentage": 0.251256, "lastLowestAskTime": 1663293480, "lastHighestBidTime": 1663802705, "lastSaleDate": "2022-09-21T20:16:11+00:00"}, "objectID": "2eb5ab03-ccca-4c72-9517-3a3174494a1c"}, {"id": "f5084b32-3336-4150-b5a8-32737685847e", "uuid": "f5084b32-3336-4150-b5a8-32737685847e", "brand": "Nike", "colorway": "Metallic Copper/Light Silver-Pueblo Brown-Metallic Silver", "condition": "New", "description": "The Nike Dunk Low continues its reign into the new year with the Street Hawker colorway. Originally thought to be a design to celebrate Chinese New Year, the story behind the upper is unique in itself, reflecting on the world-wide love for Chinese food. \n<br>\n<br>\nThe Nike Dunk Low Street Hawker is a piece of artwork in itself, as the upper features mismatched watercolors on a majority canvas, leather, and suede construction. From there, Chinese characters replace traditional \"Nike\" heel embroidery. Additionally, a stitched copper coin pays homage to Eastern culinary culture. \n<br>\n<br>\nThe Nike Dunk Low releases in January 2021 and retails for $110.", "media": {"smallImageUrl": "https://images.stockx.com/images/Nike-SB-Dunk-Low-CNY-Chinese-New-Year-2021-Product.jpg?fit=fill&bg=FFFFFF&w=300&h=214&fm=webp&auto=compress&trim=color&q=90&dpr=2&updated_at=1611767778", "thumbUrl": "https://images.stockx.com/images/Nike-SB-Dunk-Low-CNY-Chinese-New-Year-2021-Product.jpg?fit=fill&bg=FFFFFF&w=140&h=100&fm=webp&auto=compress&trim=color&q=90&dpr=2&updated_at=1611767778"}, "productCategory": "sneakers", "releaseDate": "2021-01-22", "retailPrice": 110, "shoe": "Nike SB Dunk Low", "title": "Nike SB Dunk Low Street Hawker (2021)", "urlKey": "nike-sb-dunk-low-street-hawker", "market": {"lowestAsk": 379, "salesThisPeriod": 7, "salesLastPeriod": 0, "highestBid": 435, "volatility": 0.220365, "deadstockSold": 1186, "pricePremium": 2.277, "averageDeadstockPrice": 468, "lastSale": 360, "changeValue": -65, "changePercentage": -0.153766, "lastLowestAskTime": 1663768256, "lastHighestBidTime": 1663290243, "lastSaleDate": "2022-09-21T13:50:14+00:00"}, "objectID": "f5084b32-3336-4150-b5a8-32737685847e"}, {"id": "934b8531-3ec9-4237-af1b-ebcaa37db60a", "uuid": "934b8531-3ec9-4237-af1b-ebcaa37db60a", "brand": "Nike", "childId": null, "colorway": "Ice Blue/White-Metallic Gold-Metallic Silver", "condition": "New", "description": "Nike SB and Sean Cliver came together for a holiday special to close out 2020. Sean Cliver has a knack for designing Christmas-themed sneakers, like the 2012 Nike SB Dunk Krampus and this 2020's Nike SB kept the holiday spirit alive with a brighter hued Dunk Low.\n<br>\n<br>\nThe Nike SB Dunk Low Sean Cliver is filled with holiday cheer. The upper holds a mix of sky blue suede and white tumbled leather, adding luxe looks to the skateboarding sneaker. Next, a metallic gold Swoosh shines on the upper as well, matching a gold speckled, blue outsole and gold embroidered Nike logo on the heel. The sneaker's toe displays air holes patterned after snowflakes, while the insoles continue the festive design by showcasing Christmas elves painting holiday toys.\n<br>\n<br>\nThe Nike SB Dunk Low Sean Cliver released in December 2020 for $110.", "media": {"smallImageUrl": "https://images.stockx.com/images/Nike-SB-Dunk-Low-Sean-Cliver-Product.jpg?fit=fill&bg=FFFFFF&w=300&h=214&fm=webp&auto=compress&trim=color&q=90&dpr=2&updated_at=1609770968", "thumbUrl": "https://images.stockx.com/images/Nike-SB-Dunk-Low-Sean-Cliver-Product.jpg?fit=fill&bg=FFFFFF&w=140&h=100&fm=webp&auto=compress&trim=color&q=90&dpr=2&updated_at=1609770968"}, "productCategory": "sneakers", "releaseDate": "2020-12-19", "retailPrice": 110, "shoe": "Nike SB Dunk Low", "title": "Nike SB Dunk Low Sean Cliver", "urlKey": "nike-sb-dunk-low-sean-cliver", "market": {"lowestAsk": 561, "salesThisPeriod": 1, "salesLastPeriod": 0, "highestBid": 650, "volatility": 0.093902, "deadstockSold": 934, "pricePremium": 3.64, "averageDeadstockPrice": 612, "lastSale": 510, "changeValue": -139, "changePercentage": -0.214686, "lastLowestAskTime": 1662633171, "lastHighestBidTime": 1662187337, "lastSaleDate": "2022-09-18T19:42:38+00:00"}, "objectID": "934b8531-3ec9-4237-af1b-ebcaa37db60a"}, {"id": "d9e964ed-88d6-4637-ad4c-f6ecf984b824", "uuid": "d9e964ed-88d6-4637-ad4c-f6ecf984b824", "brand": "Nike", "colorway": "White/Gypsy Rose", "condition": "New", "description": "The Nike Dunk Low White Gypsy Rose (Preschool) has red laces that lay on a red and white tongue. The shoe\u2019s symbol is included at the highest point of the tongue in red.\n<br>\n<br>\nThe sole of this shoe is a bright red, with a white midsole on top. The body of this model is made from a mixture of smooth and pebbled leather, some of which is red and some of which is white. \n<br>\n<br>\nThe Nike Dunk Low White Gypsy Rose PS was first released on the market in December of 2021. This model had a starting retail price of $65 for children\u2019s sizing.", "media": {"smallImageUrl": "https://images.stockx.com/images/Nike-Dunk-Low-White-Gypsy-Rose-PS-Product.jpg?fit=fill&bg=FFFFFF&w=300&h=214&fm=webp&auto=compress&trim=color&q=90&dpr=2&updated_at=1641394410", "thumbUrl": "https://images.stockx.com/images/Nike-Dunk-Low-White-Gypsy-Rose-PS-Product.jpg?fit=fill&bg=FFFFFF&w=140&h=100&fm=webp&auto=compress&trim=color&q=90&dpr=2&updated_at=1641394410"}, "productCategory": "sneakers", "releaseDate": "2021-12-13", "retailPrice": 65, "shoe": "Nike Dunk Low", "title": "Nike Dunk Low White Gypsy Rose (PS)", "urlKey": "nike-dunk-low-white-gypsy-rose-ps", "market": {"lowestAsk": 72, "salesThisPeriod": 7, "salesLastPeriod": 0, "highestBid": 100, "volatility": 0.150719, "deadstockSold": 2184, "pricePremium": 0.246, "averageDeadstockPrice": 84, "lastSale": 81, "changeValue": 13, "changePercentage": 0.191176, "lastLowestAskTime": 1663694417, "lastHighestBidTime": 1663725254, "lastSaleDate": "2022-09-21T16:44:14+00:00"}, "objectID": "d9e964ed-88d6-4637-ad4c-f6ecf984b824"}, {"id": "dd313299-d520-4ce2-8612-8eedf4ea7b12", "uuid": "dd313299-d520-4ce2-8612-8eedf4ea7b12", "brand": "Nike", "colorway": "Black/Multi-Olive", "condition": "New", "description": "The Nike Dunk Low Crazy Camo utilizes an asymmetric design to display an array of camo patterns. Multi-color camo canvas composes the base while black leather overlays and green Durabuck Swooshes frame each pattern. From there, Nike embroidery on the heel tabs completes the design.\n<br>\n<br>\nThe Nike Dunk Low Crazy Camo release in August of 2021 and retailed for $110.", "media": {"smallImageUrl": "https://images.stockx.com/images/Nike-Dunk-Low-Crazy-Camo-Product.jpg?fit=fill&bg=FFFFFF&w=300&h=214&fm=webp&auto=compress&trim=color&q=90&dpr=2&updated_at=1634318235", "thumbUrl": "https://images.stockx.com/images/Nike-Dunk-Low-Crazy-Camo-Product.jpg?fit=fill&bg=FFFFFF&w=140&h=100&fm=webp&auto=compress&trim=color&q=90&dpr=2&updated_at=1634318235"}, "productCategory": "sneakers", "releaseDate": "2021-08-18", "retailPrice": 110, "shoe": "Nike Dunk Low", "title": "Nike Dunk Low Crazy Camo", "urlKey": "nike-dunk-low-crazy-camo", "market": {"lowestAsk": 143, "salesThisPeriod": 13, "salesLastPeriod": 0, "highestBid": 189, "volatility": 0.197772, "deadstockSold": 14312, "pricePremium": 0.209, "averageDeadstockPrice": 153, "lastSale": 133, "changeValue": -42, "changePercentage": -0.24, "lastLowestAskTime": 1663633886, "lastHighestBidTime": 1663563835, "lastSaleDate": "2022-09-20T14:11:18+00:00"}, "objectID": "dd313299-d520-4ce2-8612-8eedf4ea7b12"}, {"id": "69185683-1c41-4f0b-9257-343d9d44c92f", "uuid": "69185683-1c41-4f0b-9257-343d9d44c92f", "brand": "Nike", "childId": null, "colorway": "Black/Orange-Purple-Electric Green", "condition": "New", "description": "Nike SB is reigning in the dunk revival with the instant classic that is the Nike SB Dunk Low Night of Mischief Halloween, now available on StockX. Nike has a tendency to go all out for Halloween and this year they did not disappoint. This Dunk is covered in Halloween motifs. The Jack-O-Lantern toe box perforations, embroidered spider web upper, and pumpkin guts insole all contribute to making this one of the best Halloween SBs of all time.\n \nThis SB Dunk Low features and black suede upper with an orange tumbled leather toa box. \"Trick\" and \"Treat\" are embroidered on each heel tab. A padded tongue, green and orange accents, and a glow in the dark outsole completes the design. These sneakers released in October of 2019 and retailed for $90.", "media": {"smallImageUrl": "https://images.stockx.com/images/Nike-SB-Dunk-Low-Night-of-Mischief-Halloween-Product.jpg?fit=fill&bg=FFFFFF&w=300&h=214&fm=webp&auto=compress&trim=color&q=90&dpr=2&updated_at=1606324623", "thumbUrl": "https://images.stockx.com/images/Nike-SB-Dunk-Low-Night-of-Mischief-Halloween-Product.jpg?fit=fill&bg=FFFFFF&w=140&h=100&fm=webp&auto=compress&trim=color&q=90&dpr=2&updated_at=1606324623"}, "productCategory": "sneakers", "releaseDate": "2019-10-31", "retailPrice": 90, "shoe": "Nike SB Dunk Low", "title": "Nike SB Dunk Low Night of Mischief Halloween", "urlKey": "nike-sb-dunk-low-night-of-mischief-halloween", "market": {"lowestAsk": 386, "salesThisPeriod": 3, "salesLastPeriod": 0, "highestBid": 526, "volatility": 0.207283, "deadstockSold": 497, "pricePremium": 3.5, "averageDeadstockPrice": 481, "lastSale": 405, "changeValue": 30, "changePercentage": 0.077173, "lastLowestAskTime": 1663298822, "lastHighestBidTime": 1663197864, "lastSaleDate": "2022-09-19T06:31:24+00:00"}, "objectID": "69185683-1c41-4f0b-9257-343d9d44c92f"}, {"id": "7e1960e5-ecdb-4877-a412-7c225aeb7f1c", "uuid": "7e1960e5-ecdb-4877-a412-7c225aeb7f1c", "brand": "Nike", "childId": null, "colorway": "Dusty Olive/Pro Gold", "condition": "New", "description": "Dusty Olive, brown, and Pro Gold suede make up the majority of the Nike Dunk Low Dusty Olive\u2019s upper. Brown canvas wraps around the heel leading to a white embroidered \"NIKE\" logo resting on a Pro Gold suede heel tab. A Pro Gold outsole and white midsole finish up this new Nike Dunk retro.\n<br>\n<br>\nThe Nike Dunk Low Dusty Olive released in June of 2021 for $110.", "media": {"smallImageUrl": "https://images.stockx.com/images/Nike-Dunk-Low-Olive-Brown-Orange-Product.jpg?fit=fill&bg=FFFFFF&w=300&h=214&fm=webp&auto=compress&trim=color&q=90&dpr=2&updated_at=1637787628", "thumbUrl": "https://images.stockx.com/images/Nike-Dunk-Low-Olive-Brown-Orange-Product.jpg?fit=fill&bg=FFFFFF&w=140&h=100&fm=webp&auto=compress&trim=color&q=90&dpr=2&updated_at=1637787628"}, "productCategory": "sneakers", "releaseDate": "2021-06-17", "retailPrice": 110, "shoe": "Nike Dunk Low", "title": "Nike Dunk Low Dusty Olive", "urlKey": "nike-dunk-low-olive-brown-orange", "market": {"lowestAsk": 235, "salesThisPeriod": 3, "salesLastPeriod": 0, "highestBid": 290, "volatility": 0.086815, "deadstockSold": 1503, "pricePremium": 2.173, "averageDeadstockPrice": 324, "lastSale": 349, "changeValue": -5, "changePercentage": -0.016685, "lastLowestAskTime": 1663205595, "lastHighestBidTime": 1663255684, "lastSaleDate": "2022-09-21T02:12:06+00:00"}, "objectID": "7e1960e5-ecdb-4877-a412-7c225aeb7f1c"}, {"id": "cac01b8d-4d98-44dc-8bd0-7b1981748303", "uuid": "cac01b8d-4d98-44dc-8bd0-7b1981748303", "brand": "Nike", "childId": null, "colorway": "White/White-El Dorado", "condition": "New", "description": "", "media": {"smallImageUrl": "https://images.stockx.com/images/Nike-Dunk-High-Pro-SB-FLOM.jpg?fit=fill&bg=FFFFFF&w=300&h=214&fm=webp&auto=compress&trim=color&q=90&dpr=2&updated_at=1608513261", "thumbUrl": "https://images.stockx.com/images/Nike-Dunk-High-Pro-SB-FLOM.jpg?fit=fill&bg=FFFFFF&w=140&h=100&fm=webp&auto=compress&trim=color&q=90&dpr=2&updated_at=1608513261"}, "productCategory": "sneakers", "releaseDate": "", "retailPrice": 125, "shoe": "Nike Dunk High Pro SB", "title": "Nike Dunk High Pro SB FLOM", "urlKey": "nike-dunk-high-pro-sb-flom", "market": {"lowestAsk": 94399, "salesThisPeriod": 0, "salesLastPeriod": 0, "highestBid": 115384, "volatility": 0, "deadstockSold": 1, "pricePremium": 0, "averageDeadstockPrice": 56139, "lastSale": 56139, "changeValue": 0, "changePercentage": 0, "lastLowestAskTime": 1662487716, "lastHighestBidTime": 1661986780, "lastSaleDate": "2022-01-31T23:28:04+00:00"}, "objectID": "cac01b8d-4d98-44dc-8bd0-7b1981748303"}, {"id": "436db167-612c-4ea7-84c4-dfa533f89cd5", "uuid": "436db167-612c-4ea7-84c4-dfa533f89cd5", "brand": "Nike", "colorway": "Black/Black-Midnight Fog", "condition": "New", "description": "", "media": {"smallImageUrl": "https://images.stockx.com/images/Nike-Dunk-SB-High-MF-Doom-2007-Product.jpg?fit=fill&bg=FFFFFF&w=300&h=214&fm=webp&auto=compress&trim=color&q=90&dpr=2&updated_at=1607059968", "thumbUrl": "https://images.stockx.com/images/Nike-Dunk-SB-High-MF-Doom-2007-Product.jpg?fit=fill&bg=FFFFFF&w=140&h=100&fm=webp&auto=compress&trim=color&q=90&dpr=2&updated_at=1607059968"}, "productCategory": "sneakers", "releaseDate": "2007-07-24", "retailPrice": 150, "shoe": "Nike SB Dunk High", "title": "Nike SB Dunk High MF Doom", "urlKey": "nike-dunk-sb-high-mf-doom", "market": {"lowestAsk": 1800, "salesThisPeriod": 1, "salesLastPeriod": 0, "highestBid": 1800, "volatility": 0.145798, "deadstockSold": 36, "pricePremium": 10.333, "averageDeadstockPrice": 1602, "lastSale": 1700, "changeValue": 91, "changePercentage": 0.056557, "lastLowestAskTime": 1663172200, "lastHighestBidTime": 1662521014, "lastSaleDate": "2022-09-19T20:32:28+00:00"}, "objectID": "436db167-612c-4ea7-84c4-dfa533f89cd5"}, {"id": "b747f28a-7045-4bbd-a19e-9dbd7a9cbb1d", "uuid": "b747f28a-7045-4bbd-a19e-9dbd7a9cbb1d", "brand": "Nike", "colorway": "Deep Royal Blue/White-Pale Ivory-Black", "condition": "New", "description": "Adding to their collection of idiosyncratic Nike Dunks, Nike and AMBUSH bring a Deep Royal colorway to the unique silhouette. An exaggerated black Swoosh extends towards the heel and from there, bold AMBUSH branding projects off an elevated heel cap. Lastly, Deep Royal leather overlays are stacked on white leather panels to complete the design.\n<br>\n<br>\nThe Nike Dunk High AMBUSH Deep Royal released in June of 2021 for $150.", "media": {"smallImageUrl": "https://images.stockx.com/images/Nike-Dunk-High-AMBUSH-Deep-Royal-Product.jpg?fit=fill&bg=FFFFFF&w=300&h=214&fm=webp&auto=compress&trim=color&q=90&dpr=2&updated_at=1645432118", "thumbUrl": "https://images.stockx.com/images/Nike-Dunk-High-AMBUSH-Deep-Royal-Product.jpg?fit=fill&bg=FFFFFF&w=140&h=100&fm=webp&auto=compress&trim=color&q=90&dpr=2&updated_at=1645432118"}, "productCategory": "sneakers", "releaseDate": "2021-05-18", "retailPrice": 180, "shoe": "Nike Dunk High", "title": "Nike Dunk High AMBUSH Deep Royal", "urlKey": "nike-dunk-high-ambush-deep-royal", "market": {"lowestAsk": 199, "salesThisPeriod": 8, "salesLastPeriod": 0, "highestBid": 280, "volatility": 0.082162, "deadstockSold": 2608, "pricePremium": 0.717, "averageDeadstockPrice": 311, "lastSale": 309, "changeValue": 9, "changePercentage": 0.03, "lastLowestAskTime": 1663714320, "lastHighestBidTime": 1662090361, "lastSaleDate": "2022-09-21T02:11:35+00:00"}, "objectID": "b747f28a-7045-4bbd-a19e-9dbd7a9cbb1d"}, {"id": "3b401d58-96a6-4a33-a78c-b5bc9ccef73c", "uuid": "3b401d58-96a6-4a33-a78c-b5bc9ccef73c", "brand": "Nike", "colorway": "Metallic Silver/Off Noir-White-Silver", "condition": "New", "description": "The women's Nike Dunk Low Golden Gals Metallic Silver (W) features a white canvas upper with metallic silver cracked leather overlays and black Swooshes. From there, a woven tongue label and matching sole completes the design.\n<br>\n<br>\nThe women's Nike Dunk Low Golden Gals Metallic Silver (W) released in December of 2021 and retailed for $110.", "media": {"smallImageUrl": "https://images.stockx.com/images/Nike-Dunk-Low-Shimmer-White-Metallic-Silver-W-Product.jpg?fit=fill&bg=FFFFFF&w=300&h=214&fm=webp&auto=compress&trim=color&q=90&dpr=2&updated_at=1634318263", "thumbUrl": "https://images.stockx.com/images/Nike-Dunk-Low-Shimmer-White-Metallic-Silver-W-Product.jpg?fit=fill&bg=FFFFFF&w=140&h=100&fm=webp&auto=compress&trim=color&q=90&dpr=2&updated_at=1634318263"}, "productCategory": "sneakers", "releaseDate": "2021-12-09", "retailPrice": 110, "shoe": "Nike Dunk Low", "title": "Nike Dunk Low Golden Gals Metallic Silver (W)", "urlKey": "nike-dunk-low-shimmer-white-metallic-silver-w", "market": {"lowestAsk": 159, "salesThisPeriod": 31, "salesLastPeriod": 0, "highestBid": 180, "volatility": 0.099264, "deadstockSold": 7699, "pricePremium": 0.755, "averageDeadstockPrice": 164, "lastSale": 193, "changeValue": -15, "changePercentage": -0.076052, "lastLowestAskTime": 1663691160, "lastHighestBidTime": 1663683594, "lastSaleDate": "2022-09-21T01:06:29+00:00"}, "objectID": "3b401d58-96a6-4a33-a78c-b5bc9ccef73c"}, {"id": "28ca05c5-081a-43af-a925-3b4609cab733", "uuid": "28ca05c5-081a-43af-a925-3b4609cab733", "brand": "Nike", "colorway": "White/Lagoon Pulse-Metallic Silver-Speed Yellow", "condition": "New", "description": "Inspired by traditional Japanese Sento bath houses, the Nike SB Dunk Low FTC Lagoon Pulse arrives in a refreshing palette. The upper is constructed with Lagoon Pulse suede along with silver Swooshes and brick-embossed white leather overlays, resembling the pristine enamel found in Sentos. A semi-translucent outsole looks as if the shoe itself is made of water.\n<br>\n<br>\nThe Nike SB Dunk Low FTC Lagoon Pulse released in July of 2021 and retailed for $110.", "media": {"smallImageUrl": "https://images.stockx.com/images/Nike-SB-Dunk-Low-FTC-Lagoon-Pulse-Product.jpg?fit=fill&bg=FFFFFF&w=300&h=214&fm=webp&auto=compress&trim=color&q=90&dpr=2&updated_at=1626813336", "thumbUrl": "https://images.stockx.com/images/Nike-SB-Dunk-Low-FTC-Lagoon-Pulse-Product.jpg?fit=fill&bg=FFFFFF&w=140&h=100&fm=webp&auto=compress&trim=color&q=90&dpr=2&updated_at=1626813336"}, "productCategory": "sneakers", "releaseDate": "2021-07-21", "retailPrice": 110, "shoe": "Nike SB Dunk Low Pro", "title": "Nike SB Dunk Low Pro FTC Lagoon Pulse (Regular Box)", "urlKey": "nike-sb-dunk-low-ftc-lagoon-pulse", "market": {"lowestAsk": 229, "salesThisPeriod": 5, "salesLastPeriod": 0, "highestBid": 310, "volatility": 0.208172, "deadstockSold": 2040, "pricePremium": 1.364, "averageDeadstockPrice": 298, "lastSale": 260, "changeValue": 114, "changePercentage": 0.780822, "lastLowestAskTime": 1663342522, "lastHighestBidTime": 1663562231, "lastSaleDate": "2022-09-20T19:46:13+00:00"}, "objectID": "28ca05c5-081a-43af-a925-3b4609cab733"}, {"id": "a0af2a1e-5bf3-49b2-a75f-305af5798033", "uuid": "a0af2a1e-5bf3-49b2-a75f-305af5798033", "brand": "Nike", "colorway": "Black/Grey/Red", "condition": "New", "description": "The Nike Dunk Low Graffiti Black Red  features a spray paint/graffiti motif on the canvas and mesh toe, and on the ankle and side panels. \n<br>\n<br>\nThe Nike Dunk Low Graffiti Black Red  has insoles with a similar graffiti style and contrasting white rubber midsoles, while Nike Grind rubber outsoles finish off the shoes. The Nike logo can be found on the counter lining, as well as on the shoe\u2019s tongue atop the red Nike Swoosh. The upper part of the shoe is made of black leather and has reflective silver \"3M Swooshes\" on the sides that extend to the heel.\n<br>\n<br>\nThe Nike Dunk Low Graffiti Black Red  made its debut on May 25, 2022, for a retail price of $110.", "media": {"smallImageUrl": "https://images.stockx.com/images/Nike-Dunk-Low-Graffiti-Black-Red.jpg?fit=fill&bg=FFFFFF&w=300&h=214&fm=webp&auto=compress&trim=color&q=90&dpr=2&updated_at=1649101417", "thumbUrl": "https://images.stockx.com/images/Nike-Dunk-Low-Graffiti-Black-Red.jpg?fit=fill&bg=FFFFFF&w=140&h=100&fm=webp&auto=compress&trim=color&q=90&dpr=2&updated_at=1649101417"}, "productCategory": "sneakers", "releaseDate": "", "retailPrice": 110, "shoe": "Nike Dunk Low", "title": "Nike Dunk Low Graffiti Black Red", "urlKey": "nike-dunk-low-graffiti-black-red", "market": {"lowestAsk": 93, "salesThisPeriod": 10, "salesLastPeriod": 0, "highestBid": 175, "volatility": 0.155279, "deadstockSold": 1082, "pricePremium": -0.082, "averageDeadstockPrice": 115, "lastSale": 101, "changeValue": -25, "changePercentage": -0.198413, "lastLowestAskTime": 1663755893, "lastHighestBidTime": 1662054343, "lastSaleDate": "2022-09-21T08:33:03+00:00"}, "objectID": "a0af2a1e-5bf3-49b2-a75f-305af5798033"}, {"id": "2afe6b55-350c-4329-86fa-7e921fa65e5c", "uuid": "2afe6b55-350c-4329-86fa-7e921fa65e5c", "brand": "Nike", "colorway": "White/University Blue-Hyper Royal", "condition": "New", "description": "The Nike Dunk Low Disrupt 2 Hyper Royal W is a low-cut Nike sneaker with a University Blue, Hyper Royal, and White color scheme.\n<br>\n<br>\nConstructed using recycled materials, The Nike Dunk Low Disrupt 2 Hyper Royal Wr boasts a white canvas upper contrasted with blue suede overlays. In addition, these sneakers feature decorative insoles, TPU reinforcement on their heel, embroidered mini-swooshes on their sides, up to three different lace options, and a rubber outsole.\n<br>\n<br>\nThe Nike Dunk Low Disrupt 2 Hyper Royal W was released in April 2022. Originally, it had a retail price of $110.", "media": {"smallImageUrl": "https://images.stockx.com/images/Nike-Dunk-Low-Disrupt-2-Hyper-Royal-W-Product.jpg?fit=fill&bg=FFFFFF&w=300&h=214&fm=webp&auto=compress&trim=color&q=90&dpr=2&updated_at=1652120947", "thumbUrl": "https://images.stockx.com/images/Nike-Dunk-Low-Disrupt-2-Hyper-Royal-W-Product.jpg?fit=fill&bg=FFFFFF&w=140&h=100&fm=webp&auto=compress&trim=color&q=90&dpr=2&updated_at=1652120947"}, "productCategory": "sneakers", "releaseDate": "2022-04-01", "retailPrice": 110, "shoe": "Nike Dunk Low Disrupt 2", "title": "Nike Dunk Low Disrupt 2 White University Blue (W)", "urlKey": "nike-dunk-low-disrupt-2-hyper-royal-w", "market": {"lowestAsk": 136, "salesThisPeriod": 15, "salesLastPeriod": 0, "highestBid": 157, "volatility": 0.135238, "deadstockSold": 1829, "pricePremium": 0.547, "averageDeadstockPrice": 154, "lastSale": 170, "changeValue": -24, "changePercentage": -0.125773, "lastLowestAskTime": 1663719486, "lastHighestBidTime": 1663755343, "lastSaleDate": "2022-09-21T11:24:20+00:00"}, "objectID": "2afe6b55-350c-4329-86fa-7e921fa65e5c"}, {"id": "15ca80b2-ce3c-4ef7-a58d-bf441d9f97db", "uuid": "15ca80b2-ce3c-4ef7-a58d-bf441d9f97db", "brand": "Nike", "colorway": "Off Noir/Summit White/Metalic Gold Star/Metallic Pewter", "condition": "New", "description": "The Nike Dunk Low Black White Metallic (Gradeschool) is one of the most popular colorways in the Nike Dunk catalog.\n<br>\n<br>\nThe upper part of this shoe is made of black Durabuck with a signature Nike Swoosh embroidered on the collar. The midsole is white and the outsole is translucent and icy blue. The Nike Dunk Low Black White Metallic (Gradeschool) has a low-cut design that provides a secure fit. In addition to that, the rubber outsole gives you traction and durability.\n<br>\n<br>\nThe Nike Dunk Low Black White Metallic (Gradeschool) was released in December of 2021. Additionally, the shoe retailed for $225.", "media": {"smallImageUrl": "https://images.stockx.com/images/Nike-Dunk-Low-Black-White-Metallic-GS.jpg?fit=fill&bg=FFFFFF&w=300&h=214&fm=webp&auto=compress&trim=color&q=90&dpr=2&updated_at=1647795279", "thumbUrl": "https://images.stockx.com/images/Nike-Dunk-Low-Black-White-Metallic-GS.jpg?fit=fill&bg=FFFFFF&w=140&h=100&fm=webp&auto=compress&trim=color&q=90&dpr=2&updated_at=1647795279"}, "productCategory": "sneakers", "releaseDate": "2022-03-01", "retailPrice": 90, "shoe": "Nike Dunk Low", "title": "Nike Dunk Low Black White Metallic (GS)", "urlKey": "nike-dunk-low-black-white-metallic-gs", "market": {"lowestAsk": 108, "salesThisPeriod": 10, "salesLastPeriod": 0, "highestBid": 109, "volatility": 0.071, "deadstockSold": 1267, "pricePremium": 0.111, "averageDeadstockPrice": 112, "lastSale": 100, "changeValue": -17, "changePercentage": -0.145299, "lastLowestAskTime": 1663079342, "lastHighestBidTime": 1663427456, "lastSaleDate": "2022-09-20T22:45:40+00:00"}, "objectID": "15ca80b2-ce3c-4ef7-a58d-bf441d9f97db"}, {"id": "37c384e6-1bb9-4488-a25f-08fd61e0641a", "uuid": "37c384e6-1bb9-4488-a25f-08fd61e0641a", "brand": "Nike", "colorway": "Black/White-Green Gusto", "condition": "New", "description": "Kung Fu Panda would probably lose his mind after seeing the Nike SB Dunk Low Staple Panda Pigeon. This Nike SB comes in a white upper with black accents, white Nike \"Swoosh\", black midsole and translucent sole. These sneakers released in January 2019 and retailed for $110. Grab this sneaker grail for your collection today on StockX.", "media": {"smallImageUrl": "https://images.stockx.com/images/Nike-SB-Dunk-Low-Panda-Pigeon-Product.jpg?fit=fill&bg=FFFFFF&w=300&h=214&fm=webp&auto=compress&trim=color&q=90&dpr=2&updated_at=1607048105", "thumbUrl": "https://images.stockx.com/images/Nike-SB-Dunk-Low-Panda-Pigeon-Product.jpg?fit=fill&bg=FFFFFF&w=140&h=100&fm=webp&auto=compress&trim=color&q=90&dpr=2&updated_at=1607048105"}, "productCategory": "sneakers", "releaseDate": "2019-01-15", "retailPrice": 100, "shoe": "Nike SB Dunk Low", "title": "Nike SB Dunk Low Staple Panda Pigeon", "urlKey": "nike-sb-dunk-low-panda-pigeon", "market": {"lowestAsk": 749, "salesThisPeriod": 0, "salesLastPeriod": 0, "highestBid": 830, "volatility": 0.250541, "deadstockSold": 163, "pricePremium": 7.99, "averageDeadstockPrice": 918, "lastSale": 899, "changeValue": 221, "changePercentage": 0.325959, "lastLowestAskTime": 1663271355, "lastHighestBidTime": 1663717588, "lastSaleDate": "2022-09-17T21:12:48+00:00"}, "objectID": "37c384e6-1bb9-4488-a25f-08fd61e0641a"}, {"id": "d1af4321-dea3-4217-9532-aa76aa655416", "uuid": "d1af4321-dea3-4217-9532-aa76aa655416", "brand": "Nike", "colorway": "White/Spartan Green-Spartan Green", "condition": "New", "description": "The Dunk High makes its retro return in 2020 with the release of the Nike Dunk High Spartan Green. Ever since Virgil Abloh put his touch on the Dunk Low back in 2019, the traditional basketball silhouette has gained a lot of traction in the new decade for its retro look. After a plethora of Dunk Low releases, it\u2019s the Nike Dunk High\u2019s turn to touch down on the sneaker scene.\n<br>\n<br>\nThe Nike Dunk High Spartan Green, paying homage to the Michigan State Spartans, brings back the familiar shape of the beloved sneaker design. The Dunk High\u2019s upper features full-grain white and Spartan Green leather on the Swoosh and vamps. Perforations found in the toe give bring complete breathability to the feet. Original \"Wings\" can be found towards the ankle of the sneaker, giving the wearer the ability to style the sneaker as they see fit. \n<br>\n<br>\nThe Nike Dunk High Spartan Green released in September of 2020 for $120.", "media": {"smallImageUrl": "https://images.stockx.com/images/Nike-Dunk-High-Pro-Green.jpg?fit=fill&bg=FFFFFF&w=300&h=214&fm=webp&auto=compress&trim=color&q=90&dpr=2&updated_at=1606325305", "thumbUrl": "https://images.stockx.com/images/Nike-Dunk-High-Pro-Green.jpg?fit=fill&bg=FFFFFF&w=140&h=100&fm=webp&auto=compress&trim=color&q=90&dpr=2&updated_at=1606325305"}, "productCategory": "sneakers", "releaseDate": "2020-09-18", "retailPrice": 110, "shoe": "Nike Dunk High SP", "title": "Nike Dunk High Spartan Green", "urlKey": "nike-dunk-high-pro-green", "market": {"lowestAsk": 168, "salesThisPeriod": 5, "salesLastPeriod": 0, "highestBid": 240, "volatility": 0.139883, "deadstockSold": 1087, "pricePremium": 0.455, "averageDeadstockPrice": 265, "lastSale": 160, "changeValue": -19, "changePercentage": -0.106145, "lastLowestAskTime": 1663705324, "lastHighestBidTime": 1663688245, "lastSaleDate": "2022-09-20T19:09:38+00:00"}, "objectID": "d1af4321-dea3-4217-9532-aa76aa655416"}, {"id": "c451a441-ac78-49d8-8541-382828faa8fe", "uuid": "c451a441-ac78-49d8-8541-382828faa8fe", "brand": "Nike", "colorway": "Hyper Royal/Metallic Gold-White", "condition": "New", "description": "Supreme and Nike SB teamed up to release an SB Dunk Low inspired by one of the most renowned SB Dunk Highs of all time. Featuring gold stars and faux croc skin, the Nike SB Dunk Low Supreme Hyper Royal pays homage to the 2003 Nike SB Dunk High Supreme. The 2021 SB Dunk Low flips the original with a new color palette and shape.\n<br>\n<br>\nThe upper of the Nike SB Dunk Low Supreme Hyper Royal is composed of white leather with Hyper Royal faux croc skin overlays and gold stars printed on the medial panel. Nike branding is prominent on the signature Nike SB overstuffed tongue and croc skin heel patch. A gold metallic Supreme deubr\u00e9, white midsole, and Hyper Royal outsole wrap up the design.\n<br>\n<br>\nThe Nike SB Dunk Low Supreme Hyper Royal released in March of 2021 and retailed for $110.", "media": {"smallImageUrl": "https://images.stockx.com/images/Nike-SB-Dunk-Low-Supreme-Hyper-Royal-Product.jpg?fit=fill&bg=FFFFFF&w=300&h=214&fm=webp&auto=compress&trim=color&q=90&dpr=2&updated_at=1615495651", "thumbUrl": "https://images.stockx.com/images/Nike-SB-Dunk-Low-Supreme-Hyper-Royal-Product.jpg?fit=fill&bg=FFFFFF&w=140&h=100&fm=webp&auto=compress&trim=color&q=90&dpr=2&updated_at=1615495651"}, "productCategory": "sneakers", "releaseDate": "2021-03-04", "retailPrice": 110, "shoe": "Nike SB Dunk Low", "title": "Nike SB Dunk Low Supreme Stars Hyper Royal (2021)", "urlKey": "nike-sb-dunk-low-supreme-hyper-royal", "market": {"lowestAsk": 610, "salesThisPeriod": 3, "salesLastPeriod": 0, "highestBid": 675, "volatility": 0.061416, "deadstockSold": 471, "pricePremium": 4, "averageDeadstockPrice": 743, "lastSale": 550, "changeValue": -10, "changePercentage": -0.017857, "lastLowestAskTime": 1663075644, "lastHighestBidTime": 1662815807, "lastSaleDate": "2022-09-17T03:41:32+00:00"}, "objectID": "c451a441-ac78-49d8-8541-382828faa8fe"}]}