{"Pagination": {"query": "nike dunk", "queryID": "9c3e407f688e6380b6fa996d9f2f363e", "index": "PRODUCTION_PG_FEATURED_DESC", "limit": 40, "page": 8, "total": 1993, "lastPage": "/api/v3/browse?_search=nike%20dunk&dataType=product&facetsToRetrieve=%7B%7D&filterVersion=4&page=25&propsToRetrieve=brand%2CchildId%2Ccolorway%2Ccondition%2Cdescription%2Cid%2Cmarket.averageDeadstockPrice%2Cmarket.bidAskData%2Cmarket.changePercentage%2Cmarket.changeValue%2Cmarket.deadstockSold%2Cmarket.highestBid%2Cmarket.lastHighestBidTime%2Cmarket.lastLowestAskTime%2Cmarket.lastSale%2Cmarket.lastSaleDate%2Cmarket.lastSaleValue%2Cmarket.lowestAsk%2Cmarket.pricePremium%2Cmarket.salesInformation%2Cmarket.salesLastPeriod%2Cmarket.salesThisPeriod%2Cmarket.volatility%2Cmedia.smallImageUrl%2Cmedia.thumbUrl%2CproductCategory%2CreleaseDate%2CretailPrice%2Cshoe%2Ctitle%2CurlKey%2Cuuid", "sort": ["featured"], "order": ["DESC"], "currentPage": "/api/v3/browse?_search=nike%20dunk&dataType=product&facetsToRetrieve=%7B%7D&filterVersion=4&page=8&propsToRetrieve=brand%2CchildId%2Ccolorway%2Ccondition%2Cdescription%2Cid%2Cmarket.averageDeadstockPrice%2Cmarket.bidAskData%2Cmarket.changePercentage%2Cmarket.changeValue%2Cmarket.deadstockSold%2Cmarket.highestBid%2Cmarket.lastHighestBidTime%2Cmarket.lastLowestAskTime%2Cmarket.lastSale%2Cmarket.lastSaleDate%2Cmarket.lastSaleValue%2Cmarket.lowestAsk%2Cmarket.pricePremium%2Cmarket.salesInformation%2Cmarket.salesLastPeriod%2Cmarket.salesThisPeriod%2Cmarket.volatility%2Cmedia.smallImageUrl%2Cmedia.thumbUrl%2CproductCategory%2CreleaseDate%2CretailPrice%2Cshoe%2Ctitle%2CurlKey%2Cuuid", "nextPage": "/api/v3/browse?_search=nike%20dunk&dataType=product&facetsToRetrieve=%7B%7D&filterVersion=4&page=9&propsToRetrieve=brand%2CchildId%2Ccolorway%2Ccondition%2Cdescription%2Cid%2Cmarket.averageDeadstockPrice%2Cmarket.bidAskData%2Cmarket.changePercentage%2Cmarket.changeValue%2Cmarket.deadstockSold%2Cmarket.highestBid%2Cmarket.lastHighestBidTime%2Cmarket.lastLowestAskTime%2Cmarket.lastSale%2Cmarket.lastSaleDate%2Cmarket.lastSaleValue%2Cmarket.lowestAsk%2Cmarket.pricePremium%2Cmarket.salesInformation%2Cmarket.salesLastPeriod%2Cmarket.salesThisPeriod%2Cmarket.volatility%2Cmedia.smallImageUrl%2Cmedia.thumbUrl%2CproductCategory%2CreleaseDate%2CretailPrice%2Cshoe%2Ctitle%2CurlKey%2Cuuid", "previousPage": "/api/v3/browse?_search=nike%20dunk&dataType=product&facetsToRetrieve=%7B%7D&filterVersion=4&page=7&propsToRetrieve=brand%2CchildId%2Ccolorway%2Ccondition%2Cdescription%2Cid%2Cmarket.averageDeadstockPrice%2Cmarket.bidAskData%2Cmarket.changePercentage%2Cmarket.changeValue%2Cmarket.deadstockSold%2Cmarket.highestBid%2Cmarket.lastHighestBidTime%2Cmarket.lastLowestAskTime%2Cmarket.lastSale%2Cmarket.lastSaleDate%2Cmarket.lastSaleValue%2Cmarket.lowestAsk%2Cmarket.pricePremium%2Cmarket.salesInformation%2Cmarket.salesLastPeriod%2Cmarket.salesThisPeriod%2Cmarket.volatility%2Cmedia.smallImageUrl%2Cmedia.thumbUrl%2CproductCategory%2CreleaseDate%2CretailPrice%2Cshoe%2Ctitle%2CurlKey%2Cuuid"}, "Facets": {}, "Products": [{"id": "530f09aa-95ad-4eba-a99a-bd0ca9ee59ee", "uuid": "530f09aa-95ad-4eba-a99a-bd0ca9ee59ee", "brand": "Nike", "colorway": "Red Plum/Black-Taxi-Citron", "condition": "New", "description": "", "media": {"smallImageUrl": "https://images.stockx.com/images/Nike-Dunk-SB-Low-Pro-ACG-Terra-Red-Plum-Product.jpg?fit=fill&bg=FFFFFF&w=300&h=214&fm=webp&auto=compress&trim=color&q=90&dpr=2&updated_at=1626813315", "thumbUrl": "https://images.stockx.com/images/Nike-Dunk-SB-Low-Pro-ACG-Terra-Red-Plum-Product.jpg?fit=fill&bg=FFFFFF&w=140&h=100&fm=webp&auto=compress&trim=color&q=90&dpr=2&updated_at=1626813315"}, "productCategory": "sneakers", "releaseDate": "2021-08-01", "retailPrice": 100, "shoe": "Nike SB Dunk Low Pro", "title": "Nike SB Dunk Low Pro ACG Terra Red Plum", "urlKey": "nike-dunk-sb-low-pro-acg-terra-red-plum", "market": {"lowestAsk": 171, "salesThisPeriod": 6, "salesLastPeriod": 0, "highestBid": 186, "volatility": 0.089643, "deadstockSold": 2990, "pricePremium": 1.19, "averageDeadstockPrice": 180, "lastSale": 219, "changeValue": 54, "changePercentage": 0.327273, "lastLowestAskTime": 1662876926, "lastHighestBidTime": 1663720126, "lastSaleDate": "2022-09-21T00:55:43+00:00"}, "objectID": "530f09aa-95ad-4eba-a99a-bd0ca9ee59ee"}, {"id": "8fa8e8d9-8d19-4a19-83f0-dd42b3204833", "uuid": "8fa8e8d9-8d19-4a19-83f0-dd42b3204833", "brand": "Nike", "colorway": "University Red/White-Total Orange", "condition": "New", "description": "Dressed in a University Red, White, and Total Orange, this Nike Dunk Low University Red 2021 (GS) is available in grade school sizing. This Nike Dunk Low University Red 2021 (GS) features a University Red leather base with contrasting overlays in white. Matching white also lands on the signature Swoosh logo, laces, heels, tongue tags, and lining, while the red extends to the nylon tongues, tongue and heel branding, and insoles. The low top is rounded off with a solid white midsole and a crimson rubber outsole providing traction. \n<br>\n<br>\nThe Nike Dunk Low University Red 2021 (GS) was released in September 2021 and retailed for $100.", "media": {"smallImageUrl": "https://images.stockx.com/images/Nike-Dunk-Low-University-Red-2021-GS-Product.jpg?fit=fill&bg=FFFFFF&w=300&h=214&fm=webp&auto=compress&trim=color&q=90&dpr=2&updated_at=1632510294", "thumbUrl": "https://images.stockx.com/images/Nike-Dunk-Low-University-Red-2021-GS-Product.jpg?fit=fill&bg=FFFFFF&w=140&h=100&fm=webp&auto=compress&trim=color&q=90&dpr=2&updated_at=1632510294"}, "productCategory": "sneakers", "releaseDate": "2021-09-28", "retailPrice": 100, "shoe": "Nike Dunk Low", "title": "Nike Dunk Low Championship Red (2021) (GS)", "urlKey": "nike-dunk-low-university-red-2021-gs", "market": {"lowestAsk": 149, "salesThisPeriod": 1, "salesLastPeriod": 0, "highestBid": 174, "volatility": 0.08019, "deadstockSold": 5751, "pricePremium": 0.55, "averageDeadstockPrice": 146, "lastSale": 155, "changeValue": -30, "changePercentage": -0.162162, "lastLowestAskTime": 1661830418, "lastHighestBidTime": 1663661486, "lastSaleDate": "2022-09-21T03:21:43+00:00"}, "objectID": "8fa8e8d9-8d19-4a19-83f0-dd42b3204833"}, {"id": "6f8934b1-c7b8-4e07-bee9-fc2318f22e76", "uuid": "6f8934b1-c7b8-4e07-bee9-fc2318f22e76", "brand": "Nike", "colorway": "Black/Light Photo Blue/Active Pink/Mint Foam", "condition": "New", "description": "The Nike Dunk Low Crater Blue Black (GS) arrives, opting for an eco-friendlier design for this grade school iteration.\n<br>\n<br>\nThe Nike Dunk Low Crater Blue Black (GS) upper features a black base with royal blue overlays. A turquoise green Swoosh appears on the lateral and medial sides, carefully matched with the Nike branding on the tongue. White laces and a crater heel tab round off the upper, and the same combination appears underfoot on the midsole and Nike Grind outsole.\n<br>\n<br>\nThe Nike Dunk Low Crater Blue Black was released in November 2021 and retailed for $95.", "media": {"smallImageUrl": "https://images.stockx.com/images/Nike-Dunk-Low-Crater-Blue-Black-GS-Product.jpg?fit=fill&bg=FFFFFF&w=300&h=214&fm=webp&auto=compress&trim=color&q=90&dpr=2&updated_at=1654800013", "thumbUrl": "https://images.stockx.com/images/Nike-Dunk-Low-Crater-Blue-Black-GS-Product.jpg?fit=fill&bg=FFFFFF&w=140&h=100&fm=webp&auto=compress&trim=color&q=90&dpr=2&updated_at=1654800013"}, "productCategory": "sneakers", "releaseDate": "2021-11-01", "retailPrice": 95, "shoe": "Nike Dunk Low Crater", "title": "Nike Dunk Low Crater Blue Black (GS)", "urlKey": "nike-dunk-low-crater-blue-black-gs", "market": {"lowestAsk": 84, "salesThisPeriod": 5, "salesLastPeriod": 0, "highestBid": 68, "volatility": 0.134393, "deadstockSold": 1341, "pricePremium": 0.084, "averageDeadstockPrice": 94, "lastSale": 103, "changeValue": 1, "changePercentage": 0.009804, "lastLowestAskTime": 1663706893, "lastHighestBidTime": 1663500778, "lastSaleDate": "2022-09-20T18:30:04+00:00"}, "objectID": "6f8934b1-c7b8-4e07-bee9-fc2318f22e76"}, {"id": "71c8bb68-223b-4a83-a054-f5a2f2b862d8", "uuid": "71c8bb68-223b-4a83-a054-f5a2f2b862d8", "brand": "Nike", "colorway": "White/Cargo Khaki", "condition": "New", "description": "Initially designed with basketball in mind, the Nike Dunk High Cargo Khaki (GS) for grade schoolers provides plenty of support for your feet, making it also a convenient option for everyday life.\n<br>\n<br>\nThis unique reimagination of the classic Nike high-top design features khaki and white leather. The Nike swoosh symbol appears in khaki, with the laces appearing just above in the exact same shade. You will see that the heel has strips of both white and khaki that overlap.\n<br>\n<br>\nThe Nike Dunk High Cargo Khaki (GS) for grade schoolers for grade schoolers had an initial release date in June of 2022. The first retail price for this pair of shoes was $115.", "media": {"smallImageUrl": "https://images.stockx.com/images/Nike-Dunk-High-Cargo-Khaki-GS-Product.jpg?fit=fill&bg=FFFFFF&w=300&h=214&fm=webp&auto=compress&trim=color&q=90&dpr=2&updated_at=1648503904", "thumbUrl": "https://images.stockx.com/images/Nike-Dunk-High-Cargo-Khaki-GS-Product.jpg?fit=fill&bg=FFFFFF&w=140&h=100&fm=webp&auto=compress&trim=color&q=90&dpr=2&updated_at=1648503904"}, "productCategory": "sneakers", "releaseDate": "2022-04-01", "retailPrice": 90, "shoe": "Nike Dunk High Retro", "title": "Nike Dunk High Retro Cargo Khaki (GS)", "urlKey": "nike-dunk-high-cargo-khaki-gs", "market": {"lowestAsk": 92, "salesThisPeriod": 29, "salesLastPeriod": 0, "highestBid": 105, "volatility": 0.144857, "deadstockSold": 4690, "pricePremium": 0.357, "averageDeadstockPrice": 121, "lastSale": 122, "changeValue": -14, "changePercentage": -0.108695, "lastLowestAskTime": 1663299309, "lastHighestBidTime": 1663512848, "lastSaleDate": "2022-09-21T19:20:33+00:00"}, "objectID": "71c8bb68-223b-4a83-a054-f5a2f2b862d8"}, {"id": "ed60d0dc-e54d-4c86-9d9e-8f67f32a270e", "uuid": "ed60d0dc-e54d-4c86-9d9e-8f67f32a270e", "brand": "Nike", "childId": null, "colorway": "Black/Black-Sienna", "condition": "New", "description": "", "media": {"smallImageUrl": "https://images.stockx.com/images/Nike-SB-Dunk-Low-Black-Pigeon-Product.jpg?fit=fill&bg=FFFFFF&w=300&h=214&fm=webp&auto=compress&trim=color&q=90&dpr=2&updated_at=1641482407", "thumbUrl": "https://images.stockx.com/images/Nike-SB-Dunk-Low-Black-Pigeon-Product.jpg?fit=fill&bg=FFFFFF&w=140&h=100&fm=webp&auto=compress&trim=color&q=90&dpr=2&updated_at=1641482407"}, "productCategory": "sneakers", "releaseDate": "2017-11-11", "retailPrice": 110, "shoe": "Nike SB Dunk Low", "title": "Nike SB Dunk Low Black Pigeon", "urlKey": "nike-sb-dunk-low-black-pigeon", "market": {"lowestAsk": 539, "salesThisPeriod": 0, "salesLastPeriod": 0, "highestBid": 600, "volatility": 0.112104, "deadstockSold": 215, "pricePremium": 4.327, "averageDeadstockPrice": 619, "lastSale": 586, "changeValue": -99, "changePercentage": -0.144526, "lastLowestAskTime": 1663765508, "lastHighestBidTime": 1662916956, "lastSaleDate": "2022-09-16T17:23:05+00:00"}, "objectID": "ed60d0dc-e54d-4c86-9d9e-8f67f32a270e"}, {"id": "6f455576-1998-4939-a1b7-5976407e9c01", "uuid": "6f455576-1998-4939-a1b7-5976407e9c01", "brand": "Nike", "colorway": "Brown Basalt/White/Metallic", "condition": "New", "description": "", "media": {"smallImageUrl": "https://images.stockx.com/images/Nike-Dunk-Low-Brown-Basalt-W-Product.jpg?fit=fill&bg=FFFFFF&w=300&h=214&fm=webp&auto=compress&trim=color&q=90&dpr=2&updated_at=1660201822", "thumbUrl": "https://images.stockx.com/images/Nike-Dunk-Low-Brown-Basalt-W-Product.jpg?fit=fill&bg=FFFFFF&w=140&h=100&fm=webp&auto=compress&trim=color&q=90&dpr=2&updated_at=1660201822"}, "productCategory": "sneakers", "releaseDate": "", "retailPrice": 110, "shoe": "Nike Dunk Low", "title": "Nike Dunk Low Brown Basalt (W)", "urlKey": "nike-dunk-low-brown-basalt-w", "market": {"lowestAsk": 140, "salesThisPeriod": 15, "salesLastPeriod": 0, "highestBid": 225, "volatility": 0.256692, "deadstockSold": 446, "pricePremium": 0.273, "averageDeadstockPrice": 177, "lastSale": 140, "changeValue": -38, "changePercentage": -0.213483, "lastLowestAskTime": 1663691006, "lastHighestBidTime": 1663171335, "lastSaleDate": "2022-09-20T00:22:18+00:00"}, "objectID": "6f455576-1998-4939-a1b7-5976407e9c01"}, {"id": "4085cf95-8d7b-4931-a8e7-02e14ad139b1", "uuid": "4085cf95-8d7b-4931-a8e7-02e14ad139b1", "brand": "Nike", "colorway": "Red/White-Ice", "condition": "New", "description": "Skateboarder Daniel Kim\u2019s brand, Stingwater, teamed up with Nike SB to release the Nike SB Dunk Low Stingwater Magic Mushroom. The collaboration draws inspiration from one of Stingwater\u2019s central motifs: psilocybin mushrooms, and their mythical properties.\n<br>\n<br>\nThe Nike SB Dunk Low Stingwater Magic Mushroom features a University Red leather upper with safari print overlays and cream corduroy lining, nodding to the gills of a mushroom. A mini jewel Swoosh is set on the quarter panel alongside Stingwater branding. On the inside of the tongue there is a hidden stash pocket to carry whatever you\u2019d like to keep secret, and an \"icy\" translucent sole adds the finishing touch.\n<br>\n<br>\nThe Nike SB Dunk Low Stingwater Magic Mushroom released in May of 2021 and retailed for $125.", "media": {"smallImageUrl": "https://images.stockx.com/images/Nike-Dunk-SB-Low-Stingwater-Magic-Mushroom-Product.jpg?fit=fill&bg=FFFFFF&w=300&h=214&fm=webp&auto=compress&trim=color&q=90&dpr=2&updated_at=1620417153", "thumbUrl": "https://images.stockx.com/images/Nike-Dunk-SB-Low-Stingwater-Magic-Mushroom-Product.jpg?fit=fill&bg=FFFFFF&w=140&h=100&fm=webp&auto=compress&trim=color&q=90&dpr=2&updated_at=1620417153"}, "productCategory": "sneakers", "releaseDate": "2021-05-10", "retailPrice": 125, "shoe": "Nike SB Dunk Low", "title": "Nike SB Dunk Low Stingwater Magic Mushroom", "urlKey": "nike-dunk-sb-low-stingwater-magic-mushroom", "market": {"lowestAsk": 175, "salesThisPeriod": 7, "salesLastPeriod": 0, "highestBid": 340, "volatility": 0.164163, "deadstockSold": 1131, "pricePremium": 1.485, "averageDeadstockPrice": 277, "lastSale": 311, "changeValue": 93, "changePercentage": 0.424863, "lastLowestAskTime": 1663656180, "lastHighestBidTime": 1663606953, "lastSaleDate": "2022-09-20T15:48:30+00:00"}, "objectID": "4085cf95-8d7b-4931-a8e7-02e14ad139b1"}, {"id": "8bc01ab2-1fba-466f-94bc-81293887e5a6", "uuid": "8bc01ab2-1fba-466f-94bc-81293887e5a6", "brand": "Nike", "colorway": "White/Rose Pink", "condition": "New", "description": "This Nike Dunk Low White Pink (GS) for grade-schoolers arrives in a smaller size in an almost all-colorless upper.\n<br>\n<br>\nThe Nike Dunk Low White Pink (GS) is dressed in smooth perforated white leather from heel to toe. Baby pink leather Swooshes appear on the medial and lateral sides, providing some color to the mostly white silhouette. Nike branding appears in white on the tongue tag, embroidered text on the heel tab, and insoles. An all-white sole unit (midsole and rubber outsole) completes the clean, monochromatic design.\n<br>\n<br>\nNike Dunk Low White Pink (GS) debuted in January 2022 and was available for $85.", "media": {"smallImageUrl": "https://images.stockx.com/images/Nike-Dunk-Low-White-Pink-GS-Product.jpg?fit=fill&bg=FFFFFF&w=300&h=214&fm=webp&auto=compress&trim=color&q=90&dpr=2&updated_at=1644224575", "thumbUrl": "https://images.stockx.com/images/Nike-Dunk-Low-White-Pink-GS-Product.jpg?fit=fill&bg=FFFFFF&w=140&h=100&fm=webp&auto=compress&trim=color&q=90&dpr=2&updated_at=1644224575"}, "productCategory": "sneakers", "releaseDate": "2022-01-15", "retailPrice": 85, "shoe": "Nike Dunk Low", "title": "Nike Dunk Low White Pink (GS)", "urlKey": "nike-dunk-low-white-pink-gs", "market": {"lowestAsk": 77, "salesThisPeriod": 22, "salesLastPeriod": 0, "highestBid": 80, "volatility": 0.150568, "deadstockSold": 2310, "pricePremium": -0.047, "averageDeadstockPrice": 100, "lastSale": 81, "changeValue": 2, "changePercentage": 0.025316, "lastLowestAskTime": 1663758792, "lastHighestBidTime": 1663767009, "lastSaleDate": "2022-09-21T20:37:30+00:00"}, "objectID": "8bc01ab2-1fba-466f-94bc-81293887e5a6"}, {"id": "69062dd2-a0c1-4a89-ac8e-a66cdf876a46", "uuid": "69062dd2-a0c1-4a89-ac8e-a66cdf876a46", "brand": "Nike", "colorway": "Summit White/Pure Platinum", "condition": "New", "description": "", "media": {"smallImageUrl": "https://images.stockx.com/images/Nike-Dunk-High-Summit-White-Pure-Platinum-Product.jpg?fit=fill&bg=FFFFFF&w=300&h=214&fm=webp&auto=compress&trim=color&q=90&dpr=2&updated_at=1659421136", "thumbUrl": "https://images.stockx.com/images/Nike-Dunk-High-Summit-White-Pure-Platinum-Product.jpg?fit=fill&bg=FFFFFF&w=140&h=100&fm=webp&auto=compress&trim=color&q=90&dpr=2&updated_at=1659421136"}, "productCategory": "sneakers", "releaseDate": "", "retailPrice": 110, "shoe": "Nike Dunk High", "title": "Nike Dunk High Summit White Pure Platinum", "urlKey": "nike-dunk-high-summit-white-pure-platinum", "market": {"lowestAsk": 130, "salesThisPeriod": 9, "salesLastPeriod": 0, "highestBid": 125, "volatility": 0.170079, "deadstockSold": 404, "pricePremium": 0.255, "averageDeadstockPrice": 138, "lastSale": 138, "changeValue": 0, "changePercentage": -0.000393, "lastLowestAskTime": 1663765650, "lastHighestBidTime": 1663767728, "lastSaleDate": "2022-09-21T23:04:32+00:00"}, "objectID": "69062dd2-a0c1-4a89-ac8e-a66cdf876a46"}, {"id": "73bbba3b-0808-49b1-9f6e-0e797519e0dc", "uuid": "73bbba3b-0808-49b1-9f6e-0e797519e0dc", "brand": "Nike", "colorway": "Chocolate Brown/Brown-White", "condition": "New", "description": "", "media": {"smallImageUrl": "https://images.stockx.com/images/Nike-Dunk-High-Chocolate-Product.jpg?fit=fill&bg=FFFFFF&w=300&h=214&fm=webp&auto=compress&trim=color&q=90&dpr=2&updated_at=1657781886", "thumbUrl": "https://images.stockx.com/images/Nike-Dunk-High-Chocolate-Product.jpg?fit=fill&bg=FFFFFF&w=140&h=100&fm=webp&auto=compress&trim=color&q=90&dpr=2&updated_at=1657781886"}, "productCategory": "sneakers", "releaseDate": "", "retailPrice": 110, "shoe": "Nike Dunk High", "title": "Nike Dunk High Chocolate", "urlKey": "nike-dunk-high-chocolate", "market": {"lowestAsk": 109, "salesThisPeriod": 9, "salesLastPeriod": 0, "highestBid": 130, "volatility": 0.136718, "deadstockSold": 432, "pricePremium": 0.236, "averageDeadstockPrice": 141, "lastSale": 136, "changeValue": -26, "changePercentage": -0.160494, "lastLowestAskTime": 1663748302, "lastHighestBidTime": 1660368092, "lastSaleDate": "2022-09-21T06:52:24+00:00"}, "objectID": "73bbba3b-0808-49b1-9f6e-0e797519e0dc"}, {"id": "47247291-6e05-4314-8e12-87108a63b660", "uuid": "47247291-6e05-4314-8e12-87108a63b660", "brand": "Nike", "colorway": "Pink/Black", "condition": "New", "description": "Williamsburg-based skate shop KCDC celebrated their 20th Anniversary with the Nike SB Dunk High KCDC.\n<br>\n<br>\nAccording to KCDC owner Amy Gunther Ellington, the Nike SB Dunk High KCDC takes its inspiration from pink military boots of NYC's hardcore scene, Nike SB founder Sandy Bodecker's earliest SB Dunk designs, and the shop's pink-bricked build. The shoe features a pink Durabuck upper with premium suede overlays and smooth black leather Swooshes. A KCDC branded looped heel tab and gum-bottom soles nod to the look of Doc Marten-style boots. On the interior, green sock liners with KCDC graphics add a subtle contrast.\n<br>\n<br>\nThe Nike SB Dunk High KCDC released in April of 2022 and retailed for $120.", "media": {"smallImageUrl": "https://images.stockx.com/images/Nike-SB-Dunk-High-KCDC-Product.jpg?fit=fill&bg=FFFFFF&w=300&h=214&fm=webp&auto=compress&trim=color&q=90&dpr=2&updated_at=1651844966", "thumbUrl": "https://images.stockx.com/images/Nike-SB-Dunk-High-KCDC-Product.jpg?fit=fill&bg=FFFFFF&w=140&h=100&fm=webp&auto=compress&trim=color&q=90&dpr=2&updated_at=1651844966"}, "productCategory": "sneakers", "releaseDate": "2022-04-29", "retailPrice": 120, "shoe": "Nike SB Dunk High Pro", "title": "Nike SB Dunk High Pro KCDC", "urlKey": "nike-sb-dunk-high-kcdc", "market": {"lowestAsk": 138, "salesThisPeriod": 4, "salesLastPeriod": 0, "highestBid": 176, "volatility": 0.129865, "deadstockSold": 1630, "pricePremium": 0.333, "averageDeadstockPrice": 180, "lastSale": 160, "changeValue": 5, "changePercentage": 0.032258, "lastLowestAskTime": 1662899878, "lastHighestBidTime": 1662020198, "lastSaleDate": "2022-09-21T08:37:32+00:00"}, "objectID": "47247291-6e05-4314-8e12-87108a63b660"}, {"id": "fdb04342-58bb-4313-9b25-adf5ec012c72", "uuid": "fdb04342-58bb-4313-9b25-adf5ec012c72", "brand": "Nike", "childId": null, "colorway": "Sail/Neutral Grey-Psychic Blue", "condition": "New", "description": "", "media": {"smallImageUrl": "https://images.stockx.com/images/Nike-Dunk-Low-Off-White-Lot-38.jpg?fit=fill&bg=FFFFFF&w=300&h=214&fm=webp&auto=compress&trim=color&q=90&dpr=2&updated_at=1628509277", "thumbUrl": "https://images.stockx.com/images/Nike-Dunk-Low-Off-White-Lot-38.jpg?fit=fill&bg=FFFFFF&w=140&h=100&fm=webp&auto=compress&trim=color&q=90&dpr=2&updated_at=1628509277"}, "productCategory": "sneakers", "releaseDate": "2021-08-09", "retailPrice": 180, "shoe": "Nike Dunk Low", "title": "Nike Dunk Low Off-White Lot 38", "urlKey": "nike-dunk-low-off-white-lot-38", "market": {"lowestAsk": 687, "salesThisPeriod": 0, "salesLastPeriod": 0, "highestBid": 760, "volatility": 0.200495, "deadstockSold": 174, "pricePremium": 3.867, "averageDeadstockPrice": 780, "lastSale": 876, "changeValue": 223, "changePercentage": 0.341501, "lastLowestAskTime": 1663738291, "lastHighestBidTime": 1663167412, "lastSaleDate": "2022-09-17T21:01:42+00:00"}, "objectID": "fdb04342-58bb-4313-9b25-adf5ec012c72"}, {"id": "c92b69b7-f3cc-481f-b41b-64a2f4120683", "uuid": "c92b69b7-f3cc-481f-b41b-64a2f4120683", "brand": "Nike", "colorway": "Shy Pink/Vanilla", "condition": "New", "description": "The 2005 release of the Stussy x Nike SB Dunk Low \"Cherry\" colorway was inspired by neapolitan ice cream. As the first company to collaborate with Nike on creating new colorways, Stussy\u2019s roots are deep. By the time 2005 rolled around, Stussy had already worked with Nike on a handful of projects, including a Nike Dunk High in 2001, so the \"Neapolitan\" Dunks were quite literally the cherry on top of their already successful partnerships. Using neapolitan ice cream--that\u2019s a mix of chocolate, vanilla and strawberry ice creams for those that are lactose intolerant--Robbie Jeffers of Stussy was able to layer the colors inspired by the flavors onto the Nike Dunk Low Pro SB. The toe box surround, heel, lace eyelet panel, and accenting panels were covered in Dark Khaki (chocolate), the toebox and side panels were covered in Shy Pink (strawberry) and the Swoosh and tongue label were done in an off-white Vanilla color. The final details of the Stussy Dunk Low Pro SB came in the form of a waffle cone insole design and a cherry stitched into the over stuffed tongue\u2019s label. The Stussy x Nike SB Dunk Low \"Cherry\" released as a part of the Team Manager series from Nike SB.", "media": {"smallImageUrl": "https://images.stockx.com/images/Nike-Dunk-SB-Low-Stussy-Cherry-Product.jpg?fit=fill&bg=FFFFFF&w=300&h=214&fm=webp&auto=compress&trim=color&q=90&dpr=2&updated_at=1606325313", "thumbUrl": "https://images.stockx.com/images/Nike-Dunk-SB-Low-Stussy-Cherry-Product.jpg?fit=fill&bg=FFFFFF&w=140&h=100&fm=webp&auto=compress&trim=color&q=90&dpr=2&updated_at=1606325313"}, "productCategory": "sneakers", "releaseDate": "2005-07-01", "retailPrice": 150, "shoe": "Nike SB Dunk Low", "title": "Nike SB Dunk Low Stussy Cherry", "urlKey": "nike-dunk-sb-low-stussy-cherry", "market": {"lowestAsk": 2727, "salesThisPeriod": 0, "salesLastPeriod": 0, "highestBid": 2300, "volatility": 0.15315, "deadstockSold": 32, "pricePremium": 24.213, "averageDeadstockPrice": 2942, "lastSale": 3782, "changeValue": -382, "changePercentage": -0.091763, "lastLowestAskTime": 1663425887, "lastHighestBidTime": 1663139605, "lastSaleDate": "2022-09-10T06:47:03+00:00"}, "objectID": "c92b69b7-f3cc-481f-b41b-64a2f4120683"}, {"id": "27715ae9-e519-4458-aa97-7a90f691c557", "uuid": "27715ae9-e519-4458-aa97-7a90f691c557", "brand": "Nike", "colorway": "White/College Blue-Chrome-Deep Red", "condition": "New", "description": "", "media": {"smallImageUrl": "https://images.stockx.com/images/Nike-Dunk-SB-Low-What-The-Dunk-Product.jpg?fit=fill&bg=FFFFFF&w=300&h=214&fm=webp&auto=compress&trim=color&q=90&dpr=2&updated_at=1606323549", "thumbUrl": "https://images.stockx.com/images/Nike-Dunk-SB-Low-What-The-Dunk-Product.jpg?fit=fill&bg=FFFFFF&w=140&h=100&fm=webp&auto=compress&trim=color&q=90&dpr=2&updated_at=1606323549"}, "productCategory": "sneakers", "releaseDate": "2007-10-01", "retailPrice": 120, "shoe": "Nike SB Dunk Low", "title": "Nike SB Dunk Low What the Dunk", "urlKey": "nike-dunk-sb-low-what-the-dunk", "market": {"lowestAsk": 11531, "salesThisPeriod": 0, "salesLastPeriod": 0, "highestBid": 8250, "volatility": 0.314876, "deadstockSold": 7, "pricePremium": 89.365, "averageDeadstockPrice": 12241, "lastSale": 10844, "changeValue": -2557, "changePercentage": -0.190821, "lastLowestAskTime": 1662690418, "lastHighestBidTime": 1663250010, "lastSaleDate": "2022-05-23T19:45:57+00:00"}, "objectID": "27715ae9-e519-4458-aa97-7a90f691c557"}, {"id": "1fd841c1-95ed-4366-ad9b-5edb1f205bc9", "uuid": "1fd841c1-95ed-4366-ad9b-5edb1f205bc9", "brand": "Nike", "childId": null, "colorway": "Sail/Neutral Grey-Blue Fury", "condition": "New", "description": "", "media": {"smallImageUrl": "https://images.stockx.com/images/Nike-Dunk-Low-Off-White-Lot-2-Product.jpg?fit=fill&bg=FFFFFF&w=300&h=214&fm=webp&auto=compress&trim=color&q=90&dpr=2&updated_at=1629741853", "thumbUrl": "https://images.stockx.com/images/Nike-Dunk-Low-Off-White-Lot-2-Product.jpg?fit=fill&bg=FFFFFF&w=140&h=100&fm=webp&auto=compress&trim=color&q=90&dpr=2&updated_at=1629741853"}, "productCategory": "sneakers", "releaseDate": "2021-08-09", "retailPrice": 180, "shoe": "Nike Dunk Low", "title": "Nike Dunk Low Off-White Lot 2", "urlKey": "nike-dunk-low-off-white-lot-2", "market": {"lowestAsk": 475, "salesThisPeriod": 1, "salesLastPeriod": 0, "highestBid": 745, "volatility": 0.141653, "deadstockSold": 734, "pricePremium": 1.778, "averageDeadstockPrice": 512, "lastSale": 500, "changeValue": -100, "changePercentage": -0.166667, "lastLowestAskTime": 1663347421, "lastHighestBidTime": 1661439786, "lastSaleDate": "2022-09-16T20:27:46+00:00"}, "objectID": "1fd841c1-95ed-4366-ad9b-5edb1f205bc9"}, {"id": "8a91cda5-c194-4e55-bbf5-5316746b58ba", "uuid": "8a91cda5-c194-4e55-bbf5-5316746b58ba", "brand": "Nike", "childId": null, "colorway": "Black/Black-Black", "condition": "New", "description": "Please Note: QA on these was not ideal and they have been appearing with scuff marks on the heels. The Nike SB Dunk Low Civilist is proof that Nike SB did not play it safe in 2020. This release marked the second time The Swoosh had collaborated with Berlin-based skateshop and brand, Civilist, as the two previously worked on a Dunk High back in 2013. \n<br>\n<br>\nThe Nike SB Dunk Low Civilist packs a huge surprise into a low-cut silhouette. The sneaker features, what at first looks like, an entirely black upper. But when the sneaker is hit by any high temperature source, it morphs into a cornucopia of color. Shades of blue, red, green and yellow appear on the heat sensitive upper material, adding more layers than expected.\n<br>\n<br>\nThe Nike SB Dunk Low Civilist dropped in August of 2020 for $110.", "media": {"smallImageUrl": "https://images.stockx.com/images/Nike-SB-Dunk-Low-Civilist-Product.jpg?fit=fill&bg=FFFFFF&w=300&h=214&fm=webp&auto=compress&trim=color&q=90&dpr=2&updated_at=1605811131", "thumbUrl": "https://images.stockx.com/images/Nike-SB-Dunk-Low-Civilist-Product.jpg?fit=fill&bg=FFFFFF&w=140&h=100&fm=webp&auto=compress&trim=color&q=90&dpr=2&updated_at=1605811131"}, "productCategory": "sneakers", "releaseDate": "2020-08-29", "retailPrice": 125, "shoe": "Nike SB Dunk Low", "title": "Nike SB Dunk Low Civilist", "urlKey": "nike-sb-dunk-low-civilist", "market": {"lowestAsk": 414, "salesThisPeriod": 0, "salesLastPeriod": 0, "highestBid": 945, "volatility": 0.171137, "deadstockSold": 464, "pricePremium": 4.176, "averageDeadstockPrice": 639, "lastSale": 647, "changeValue": 14, "changePercentage": 0.021546, "lastLowestAskTime": 1663584286, "lastHighestBidTime": 1663360742, "lastSaleDate": "2022-09-18T03:04:32+00:00"}, "objectID": "8a91cda5-c194-4e55-bbf5-5316746b58ba"}, {"id": "5c700c14-1dc4-4ec9-bd5b-8459ba8de0db", "uuid": "5c700c14-1dc4-4ec9-bd5b-8459ba8de0db", "brand": "Nike", "colorway": "Army Green/Brown/Black", "condition": "New", "description": "In collaboration with Nike SB, Australian skate shop PASS\u2053PORT took inspiration from outdoor exploration for the Nike SB Dunk High PASS\u2053PORT Work Boots.\n<br>\n<br>\nComposed of yellow ripstop nylon, green hairy suede, and brown tumbled leather, the Nike SB Dunk High PASS\u2053PORT Work Boot borrows its fabrication and palette from classic hiking boots. Thick patterned cord laces and brass D-Ring style lace loops are fashioned in a way that is typically geared for strenuous mountain activity. On the tongue, PASS\u2053PORT embroidery and matching pull tabs highlight the collaboration. At the heel, find embroidering of a hatted figure in silhouette using a mini-Swoosh as a tool, underscoring the workwear inspiration of the collaboration.\n<br>\n<br>\nThe Nike SB Dunk High PASS\u2053PORT Work Boots released in March of 2022.", "media": {"smallImageUrl": "https://images.stockx.com/images/Nike-SB-Dunk-High-Pass-Port-Work-Boots-Product.jpg?fit=fill&bg=FFFFFF&w=300&h=214&fm=webp&auto=compress&trim=color&q=90&dpr=2&updated_at=1646935846", "thumbUrl": "https://images.stockx.com/images/Nike-SB-Dunk-High-Pass-Port-Work-Boots-Product.jpg?fit=fill&bg=FFFFFF&w=140&h=100&fm=webp&auto=compress&trim=color&q=90&dpr=2&updated_at=1646935846"}, "productCategory": "sneakers", "releaseDate": "2022-03-05", "retailPrice": 125, "shoe": "Nike SB Dunk High", "title": "Nike SB Dunk High Pass~Port Work Boots", "urlKey": "nike-sb-dunk-high-pass-port-work-boots", "market": {"lowestAsk": 135, "salesThisPeriod": 11, "salesLastPeriod": 0, "highestBid": 200, "volatility": 0.15212, "deadstockSold": 2289, "pricePremium": 0.279, "averageDeadstockPrice": 198, "lastSale": 160, "changeValue": -2, "changePercentage": -0.015272, "lastLowestAskTime": 1663665736, "lastHighestBidTime": 1663281779, "lastSaleDate": "2022-09-20T20:01:23+00:00"}, "objectID": "5c700c14-1dc4-4ec9-bd5b-8459ba8de0db"}, {"id": "9bfb830f-9817-4d13-94c4-a6d854c0ea6a", "uuid": "9bfb830f-9817-4d13-94c4-a6d854c0ea6a", "brand": "Nike", "colorway": "Nightshade/Dark Slate", "condition": "New", "description": "", "media": {"smallImageUrl": "https://images.stockx.com/images/Nike-Dunk-SB-Low-Blue-Lobster-Product.jpg?fit=fill&bg=FFFFFF&w=300&h=214&fm=webp&auto=compress&trim=color&q=90&dpr=2&updated_at=1606324820", "thumbUrl": "https://images.stockx.com/images/Nike-Dunk-SB-Low-Blue-Lobster-Product.jpg?fit=fill&bg=FFFFFF&w=140&h=100&fm=webp&auto=compress&trim=color&q=90&dpr=2&updated_at=1606324820"}, "productCategory": "sneakers", "releaseDate": "2009-06-20", "retailPrice": 92, "shoe": "Nike SB Dunk Low", "title": "Nike SB Dunk Low Concepts Blue Lobster", "urlKey": "nike-dunk-sb-low-blue-lobster", "market": {"lowestAsk": 2998, "salesThisPeriod": 1, "salesLastPeriod": 0, "highestBid": 2003, "volatility": 0.217431, "deadstockSold": 29, "pricePremium": 36.829, "averageDeadstockPrice": 2412, "lastSale": 3480, "changeValue": 1281, "changePercentage": 0.581922, "lastLowestAskTime": 1663754740, "lastHighestBidTime": 1663570042, "lastSaleDate": "2022-09-21T06:44:37+00:00"}, "objectID": "9bfb830f-9817-4d13-94c4-a6d854c0ea6a"}, {"id": "4e2409d9-fcd8-47b9-a24a-446881eeb32e", "uuid": "4e2409d9-fcd8-47b9-a24a-446881eeb32e", "brand": "Nike", "colorway": "Copa/University Blue/White/Game Royal", "condition": "New", "description": "The Nike Dunk High I Got Next (Gradeschool) has become one of the Nike series' most popular kids' colorways since its launch.\n<br>\n<br>\nThe Nike Dunk High I Got Next (Gradeschool) is constructed from synthetic leather material made of recycled polyester. Nike Dunk High I Got Next (Gradeschool) is adorned in university blue at the mudguard and across to the tongue and heel notch. Copa, an aqua color, appears at the quarter panel and the outsole, with white at the midsole and shoelaces, and game royal blue at the Swoosh. It features a perforated vamp and \"I Got Next\" branding at the heel stabilizer.\n<br>\n<br>\nThe Nike Dunk High I Got Next (Gradeschool) was released on June 7, 2022, at a retail price of $100.", "media": {"smallImageUrl": "https://images.stockx.com/images/Nike-Dunk-High-I-Got-Next-GS.jpg?fit=fill&bg=FFFFFF&w=300&h=214&fm=webp&auto=compress&trim=color&q=90&dpr=2&updated_at=1654465658", "thumbUrl": "https://images.stockx.com/images/Nike-Dunk-High-I-Got-Next-GS.jpg?fit=fill&bg=FFFFFF&w=140&h=100&fm=webp&auto=compress&trim=color&q=90&dpr=2&updated_at=1654465658"}, "productCategory": "sneakers", "releaseDate": "2022-07-06", "retailPrice": 100, "shoe": "Nike Dunk High", "title": "Nike Dunk High I Got Next (GS)", "urlKey": "nike-dunk-high-i-got-next-gs", "market": {"lowestAsk": 108, "salesThisPeriod": 6, "salesLastPeriod": 0, "highestBid": 120, "volatility": 0.245888, "deadstockSold": 518, "pricePremium": 0.18, "averageDeadstockPrice": 124, "lastSale": 118, "changeValue": -31, "changePercentage": -0.208054, "lastLowestAskTime": 1663752556, "lastHighestBidTime": 1663626827, "lastSaleDate": "2022-09-21T04:42:53+00:00"}, "objectID": "4e2409d9-fcd8-47b9-a24a-446881eeb32e"}, {"id": "73b4f8a6-9e5c-4a71-965f-179e014e7b58", "uuid": "73b4f8a6-9e5c-4a71-965f-179e014e7b58", "brand": "Nike", "colorway": "White/Habanero Red-Team Red-Malachite", "condition": "New", "description": "", "media": {"smallImageUrl": "https://images.stockx.com/images/Nike-Dunk-High-University-7-Eleven.jpg?fit=fill&bg=FFFFFF&w=300&h=214&fm=webp&auto=compress&trim=color&q=90&dpr=2&updated_at=1652990426", "thumbUrl": "https://images.stockx.com/images/Nike-Dunk-High-University-7-Eleven.jpg?fit=fill&bg=FFFFFF&w=140&h=100&fm=webp&auto=compress&trim=color&q=90&dpr=2&updated_at=1652990426"}, "productCategory": "sneakers", "releaseDate": "", "retailPrice": 120, "shoe": "Nike Dunk High", "title": "Nike Dunk High University 7-Eleven", "urlKey": "nike-dunk-high-university-7-eleven", "market": {"lowestAsk": 110, "salesThisPeriod": 11, "salesLastPeriod": 0, "highestBid": 125, "volatility": 0.096816, "deadstockSold": 133, "pricePremium": -0.083, "averageDeadstockPrice": 139, "lastSale": 110, "changeValue": 11, "changePercentage": 0.106799, "lastLowestAskTime": 1663735293, "lastHighestBidTime": 1663379125, "lastSaleDate": "2022-09-21T09:39:31+00:00"}, "objectID": "73b4f8a6-9e5c-4a71-965f-179e014e7b58"}, {"id": "b20f5213-bc68-4f7a-b383-b344ce175187", "uuid": "b20f5213-bc68-4f7a-b383-b344ce175187", "brand": "Nike", "colorway": "Atomic Green/Flash Lime-Black", "condition": "New", "description": "Rendered in a neon green, the Nike Dunk High AMBUSH Flash Lime arrives with tonal color blocking similar to the Active Fuchsia colorway. Most of its upper is monochromatic, except on the black Swoosh that accentuates its re-imagined proportions.\n<br>\n<br>\nThe Nike Dunk High AMBUSH Flash Lime released in July of 2021 and retailed for $180.", "media": {"smallImageUrl": "https://images.stockx.com/images/Nike-Dunk-High-AMBUSH-Flash-Lime-Product.jpg?fit=fill&bg=FFFFFF&w=300&h=214&fm=webp&auto=compress&trim=color&q=90&dpr=2&updated_at=1628006304", "thumbUrl": "https://images.stockx.com/images/Nike-Dunk-High-AMBUSH-Flash-Lime-Product.jpg?fit=fill&bg=FFFFFF&w=140&h=100&fm=webp&auto=compress&trim=color&q=90&dpr=2&updated_at=1628006304"}, "productCategory": "sneakers", "releaseDate": "2021-07-30", "retailPrice": 180, "shoe": "Nike Dunk High", "title": "Nike Dunk High AMBUSH Flash Lime", "urlKey": "nike-dunk-high-ambush-flash-lime", "market": {"lowestAsk": 179, "salesThisPeriod": 6, "salesLastPeriod": 0, "highestBid": 206, "volatility": 0.107656, "deadstockSold": 3098, "pricePremium": 0.172, "averageDeadstockPrice": 199, "lastSale": 211, "changeValue": 17, "changePercentage": 0.087629, "lastLowestAskTime": 1663664368, "lastHighestBidTime": 1662596828, "lastSaleDate": "2022-09-20T08:31:13+00:00"}, "objectID": "b20f5213-bc68-4f7a-b383-b344ce175187"}, {"id": "282014f5-45f7-4f93-a154-3d744d212a5b", "uuid": "282014f5-45f7-4f93-a154-3d744d212a5b", "brand": "Nike", "childId": null, "colorway": "Sail/Neutral Grey-Green Glow", "condition": "New", "description": "", "media": {"smallImageUrl": "https://images.stockx.com/images/Nike-Dunk-Low-Off-White-Lot-4-Product.jpg?fit=fill&bg=FFFFFF&w=300&h=214&fm=webp&auto=compress&trim=color&q=90&dpr=2&updated_at=1629920285", "thumbUrl": "https://images.stockx.com/images/Nike-Dunk-Low-Off-White-Lot-4-Product.jpg?fit=fill&bg=FFFFFF&w=140&h=100&fm=webp&auto=compress&trim=color&q=90&dpr=2&updated_at=1629920285"}, "productCategory": "sneakers", "releaseDate": "2021-08-09", "retailPrice": 180, "shoe": "Nike Dunk Low", "title": "Nike Dunk Low Off-White Lot 4", "urlKey": "nike-dunk-low-off-white-lot-4", "market": {"lowestAsk": 450, "salesThisPeriod": 1, "salesLastPeriod": 0, "highestBid": 470, "volatility": 0.070668, "deadstockSold": 615, "pricePremium": 1.778, "averageDeadstockPrice": 457, "lastSale": 500, "changeValue": 50, "changePercentage": 0.111111, "lastLowestAskTime": 1663614406, "lastHighestBidTime": 1663432071, "lastSaleDate": "2022-09-19T11:29:57+00:00"}, "objectID": "282014f5-45f7-4f93-a154-3d744d212a5b"}, {"id": "5e30718c-ed29-4798-9287-0955177685c2", "uuid": "5e30718c-ed29-4798-9287-0955177685c2", "brand": "Nike", "colorway": "Dark Russet/Sail/Dark Russet", "condition": "New", "description": "Whether you\u2019re wearing them for skating or just walking around town, the Nike SB Dunk Low Pro Dark Russet is a subtle pair of shoes that will leave your feet feeling comfortable.\n<br>\n<br>\nThe Nike SB Dunk Low Pro Dark Russet has a smooth brown-grained leather fabric that covers the upper part of the shoe, as well as a clean white sole that stands in contrast to the primary color scheme. Fresh white laces and the iconic Nike logo in white can also be found.\n<br>\n<br>\nReleased in April of 2022, the Nike SB Dunk Low Pro Dark Russet retailed at a starting price of $150 and showcases a new spin on the famous Dunk Low style.", "media": {"smallImageUrl": "https://images.stockx.com/images/Nike-SB-Dunk-Low-Pro-Dark-Russet-Product.jpg?fit=fill&bg=FFFFFF&w=300&h=214&fm=webp&auto=compress&trim=color&q=90&dpr=2&updated_at=1643118887", "thumbUrl": "https://images.stockx.com/images/Nike-SB-Dunk-Low-Pro-Dark-Russet-Product.jpg?fit=fill&bg=FFFFFF&w=140&h=100&fm=webp&auto=compress&trim=color&q=90&dpr=2&updated_at=1643118887"}, "productCategory": "sneakers", "releaseDate": "2022-04-07", "retailPrice": 100, "shoe": "Nike SB Dunk Low Pro", "title": "Nike SB Dunk Low Pro Dark Russet", "urlKey": "nike-sb-dunk-low-pro-dark-russet", "market": {"lowestAsk": 140, "salesThisPeriod": 6, "salesLastPeriod": 0, "highestBid": 202, "volatility": 0.157398, "deadstockSold": 1644, "pricePremium": 0.833, "averageDeadstockPrice": 198, "lastSale": 183, "changeValue": -13, "changePercentage": -0.069552, "lastLowestAskTime": 1661179027, "lastHighestBidTime": 1662688335, "lastSaleDate": "2022-09-18T16:41:51+00:00"}, "objectID": "5e30718c-ed29-4798-9287-0955177685c2"}, {"id": "e9fe2d0d-b1bb-41f9-b191-91bfa5460aef", "uuid": "e9fe2d0d-b1bb-41f9-b191-91bfa5460aef", "brand": "Nike", "childId": null, "colorway": "Sail/Neutral Grey", "condition": "New", "description": "", "media": {"smallImageUrl": "https://images.stockx.com/images/Nike-Dunk-Low-Off-White-Lot-5-Product.jpg?fit=fill&bg=FFFFFF&w=300&h=214&fm=webp&auto=compress&trim=color&q=90&dpr=2&updated_at=1629920328", "thumbUrl": "https://images.stockx.com/images/Nike-Dunk-Low-Off-White-Lot-5-Product.jpg?fit=fill&bg=FFFFFF&w=140&h=100&fm=webp&auto=compress&trim=color&q=90&dpr=2&updated_at=1629920328"}, "productCategory": "sneakers", "releaseDate": "2021-08-09", "retailPrice": 180, "shoe": "Nike Dunk Low", "title": "Nike Dunk Low Off-White Lot 5", "urlKey": "nike-dunk-low-off-white-lot-5", "market": {"lowestAsk": 534, "salesThisPeriod": 0, "salesLastPeriod": 0, "highestBid": 550, "volatility": 0.090345, "deadstockSold": 652, "pricePremium": 2.69, "averageDeadstockPrice": 519, "lastSale": 664, "changeValue": 43, "changePercentage": 0.06794, "lastLowestAskTime": 1662737306, "lastHighestBidTime": 1661427379, "lastSaleDate": "2022-09-15T11:38:06+00:00"}, "objectID": "e9fe2d0d-b1bb-41f9-b191-91bfa5460aef"}, {"id": "f5c4280f-c480-4af1-b9e1-417130891676", "uuid": "f5c4280f-c480-4af1-b9e1-417130891676", "brand": "Nike", "colorway": "Valor Blue/Team Maroon/White/Gum", "condition": "New", "description": "", "media": {"smallImageUrl": "https://images.stockx.com/images/Nike-SB-Dunk-Low-Philadelphia-Phillies-PS.jpg?fit=fill&bg=FFFFFF&w=300&h=214&fm=webp&auto=compress&trim=color&q=90&dpr=2&updated_at=1659534626", "thumbUrl": "https://images.stockx.com/images/Nike-SB-Dunk-Low-Philadelphia-Phillies-PS.jpg?fit=fill&bg=FFFFFF&w=140&h=100&fm=webp&auto=compress&trim=color&q=90&dpr=2&updated_at=1659534626"}, "productCategory": "sneakers", "releaseDate": "2022-07-26", "retailPrice": 90, "shoe": "Nike SB Dunk Low", "title": "Nike SB Dunk Low Philadelphia Phillies (PS)", "urlKey": "nike-sb-dunk-low-philadelphia-phillies-ps", "market": {"lowestAsk": 101, "salesThisPeriod": 0, "salesLastPeriod": 0, "highestBid": 100, "volatility": 0.226534, "deadstockSold": 65, "pricePremium": 0.333, "averageDeadstockPrice": 116, "lastSale": 120, "changeValue": 11, "changePercentage": 0.100917, "lastLowestAskTime": 1663127949, "lastHighestBidTime": 1662259493, "lastSaleDate": "2022-09-12T00:53:45+00:00"}, "objectID": "f5c4280f-c480-4af1-b9e1-417130891676"}, {"id": "50c22357-e40b-4339-ac88-360ae147bcbb", "uuid": "50c22357-e40b-4339-ac88-360ae147bcbb", "brand": "Nike", "colorway": "Sail/Blue-Green Aqua", "condition": "New", "description": "Nike SB offers a tropical take on one of their most renowned silhouettes with the Nike SB Dunk High Hawaii. The Hawaiian theme of this colorway references the cannabis strain Maui Wowie, similarly to how other 4/20 releases have referenced cannabis strain names, like the 2018 Nike SB Dunk Mid White Widow.\n<br>\n<br>\nThe upper of the Nike SB Dunk High Hawaii is covered in a blue, green, and pink floral fabric with a Sail textile Swoosh and tongue. With plenty of hard usage over time, the top layer of the upper wears away to reveal an orange floral fabric upper with shaggy green suede overlays. From there, a hidden stash pocket is located in the tongue. A bright orange Nike SB tongue tag, white midsole, and Sail outsole wrap up this island-themed design.\n<br>\n<br>\nThe Nike SB Dunk High Hawaii released in April of 2021 and retailed for $120.", "media": {"smallImageUrl": "https://images.stockx.com/images/Nike-SB-Dunk-High-Hawaii-Product.jpg?fit=fill&bg=FFFFFF&w=300&h=214&fm=webp&auto=compress&trim=color&q=90&dpr=2&updated_at=1619204997", "thumbUrl": "https://images.stockx.com/images/Nike-SB-Dunk-High-Hawaii-Product.jpg?fit=fill&bg=FFFFFF&w=140&h=100&fm=webp&auto=compress&trim=color&q=90&dpr=2&updated_at=1619204997"}, "productCategory": "sneakers", "releaseDate": "2021-04-23", "retailPrice": 120, "shoe": "Nike SB Dunk High", "title": "Nike SB Dunk High Hawaii", "urlKey": "nike-sb-dunk-high-hawaii", "market": {"lowestAsk": 179, "salesThisPeriod": 7, "salesLastPeriod": 0, "highestBid": 450, "volatility": 0.297375, "deadstockSold": 1836, "pricePremium": 0.458, "averageDeadstockPrice": 252, "lastSale": 175, "changeValue": -1, "changePercentage": -0.005682, "lastLowestAskTime": 1663680181, "lastHighestBidTime": 1662434683, "lastSaleDate": "2022-09-21T14:31:41+00:00"}, "objectID": "50c22357-e40b-4339-ac88-360ae147bcbb"}, {"id": "4fa46196-a605-437e-a8e9-1f250b1be1f4", "uuid": "4fa46196-a605-437e-a8e9-1f250b1be1f4", "brand": "Nike", "colorway": "Wolf Grey/Dark Obsidian-Total Orange", "condition": "New", "description": "The Nike Dunk Low Georgetown GS is a Georgetown Hoyas-themed Nike Dunk Low. Boasting a dark obsidian, wolf gray, and total orange color scheme, this shoe features a gray leather base upper. It also features navy-colored overlays, tongue tag, inner lining, embroidered heel, and rubber outsole. The total orange color of this shoe appears on its branded insole. For breathability, this grade school-sized shoe has several perforations on its toe box, and for comfort, it has a cushioned midsole.\n<br>\n<br>\nThe Nike Dunk Low Georgetown GS was released in November 2021. At the time of its release, its retail price was $100.", "media": {"smallImageUrl": "https://images.stockx.com/images/Nike-Dunk-Low-Georgetown-GS-Product.jpg?fit=fill&bg=FFFFFF&w=300&h=214&fm=webp&auto=compress&trim=color&q=90&dpr=2&updated_at=1637177782", "thumbUrl": "https://images.stockx.com/images/Nike-Dunk-Low-Georgetown-GS-Product.jpg?fit=fill&bg=FFFFFF&w=140&h=100&fm=webp&auto=compress&trim=color&q=90&dpr=2&updated_at=1637177782"}, "productCategory": "sneakers", "releaseDate": "2021-11-05", "retailPrice": 100, "shoe": "Nike Dunk Low", "title": "Nike Dunk Low Georgetown (GS)", "urlKey": "nike-dunk-low-georgetown-gs", "market": {"lowestAsk": 204, "salesThisPeriod": 2, "salesLastPeriod": 0, "highestBid": 210, "volatility": 0.135599, "deadstockSold": 5699, "pricePremium": 1.03, "averageDeadstockPrice": 177, "lastSale": 203, "changeValue": 8, "changePercentage": 0.041026, "lastLowestAskTime": 1663705162, "lastHighestBidTime": 1663751286, "lastSaleDate": "2022-09-21T03:07:53+00:00"}, "objectID": "4fa46196-a605-437e-a8e9-1f250b1be1f4"}, {"id": "61a8b8a0-3bc0-422d-a683-dc2334c8805f", "uuid": "61a8b8a0-3bc0-422d-a683-dc2334c8805f", "brand": "Nike", "colorway": "Dutch Green/Multi-Color-White", "condition": "New", "description": "With a Sage Green leather upper, white tumbled leather overlays, and iridescent orange Swooshes, the Nike Dunk Low NY vs. NY is representative of the palettes found in NYC's most famed streetball landmarks. From Dyckman to West 4th, those storied basketball battlegrounds are shared in the black text within the icy translucent outsole. \n<br>\n<br>\nThe Nike Dunk Low NY vs. NY released in August of 2021 and retailed for $110.", "media": {"smallImageUrl": "https://images.stockx.com/images/Nike-Dunk-Low-NY-vs-NY-Product.jpg?fit=fill&bg=FFFFFF&w=300&h=214&fm=webp&auto=compress&trim=color&q=90&dpr=2&updated_at=1630616082", "thumbUrl": "https://images.stockx.com/images/Nike-Dunk-Low-NY-vs-NY-Product.jpg?fit=fill&bg=FFFFFF&w=140&h=100&fm=webp&auto=compress&trim=color&q=90&dpr=2&updated_at=1630616082"}, "productCategory": "sneakers", "releaseDate": "2021-08-31", "retailPrice": 110, "shoe": "Nike Dunk Low SE", "title": "Nike Dunk Low SE NY vs. NY", "urlKey": "nike-dunk-low-ny-vs-ny", "market": {"lowestAsk": 185, "salesThisPeriod": 6, "salesLastPeriod": 0, "highestBid": 430, "volatility": 0.239393, "deadstockSold": 2232, "pricePremium": 0.645, "averageDeadstockPrice": 265, "lastSale": 181, "changeValue": -68, "changePercentage": -0.273092, "lastLowestAskTime": 1663768124, "lastHighestBidTime": 1662412431, "lastSaleDate": "2022-09-21T13:32:03+00:00"}, "objectID": "61a8b8a0-3bc0-422d-a683-dc2334c8805f"}, {"id": "9586aa5a-7eca-4579-a4ed-5feae281aea1", "uuid": "9586aa5a-7eca-4579-a4ed-5feae281aea1", "brand": "Nike", "childId": null, "colorway": "Sail/Neutral Grey", "condition": "New", "description": "", "media": {"smallImageUrl": "https://images.stockx.com/images/Nike-Dunk-Low-Off-White-Lot-9-Product.jpg?fit=fill&bg=FFFFFF&w=300&h=214&fm=webp&auto=compress&trim=color&q=90&dpr=2&updated_at=1630008988", "thumbUrl": "https://images.stockx.com/images/Nike-Dunk-Low-Off-White-Lot-9-Product.jpg?fit=fill&bg=FFFFFF&w=140&h=100&fm=webp&auto=compress&trim=color&q=90&dpr=2&updated_at=1630008988"}, "productCategory": "sneakers", "releaseDate": "2021-08-09", "retailPrice": 180, "shoe": "Nike Dunk Low", "title": "Nike Dunk Low Off-White Lot 9", "urlKey": "nike-dunk-low-off-white-lot-9", "market": {"lowestAsk": 500, "salesThisPeriod": 2, "salesLastPeriod": 0, "highestBid": 900, "volatility": 0.238482, "deadstockSold": 716, "pricePremium": 4, "averageDeadstockPrice": 501, "lastSale": 900, "changeValue": 505, "changePercentage": 1.27848, "lastLowestAskTime": 1663519349, "lastHighestBidTime": 1663779522, "lastSaleDate": "2022-09-21T16:58:18+00:00"}, "objectID": "9586aa5a-7eca-4579-a4ed-5feae281aea1"}, {"id": "16b6bf5a-473b-41c0-b47f-ee2c6fcdc0a4", "uuid": "16b6bf5a-473b-41c0-b47f-ee2c6fcdc0a4", "brand": "Nike", "colorway": "Beige/Brown/Purple", "condition": "New", "description": "", "media": {"smallImageUrl": "https://images.stockx.com/images/Nike-Dunk-Low-Setsubun-2022.jpg?fit=fill&bg=FFFFFF&w=300&h=214&fm=webp&auto=compress&trim=color&q=90&dpr=2&updated_at=1643138443", "thumbUrl": "https://images.stockx.com/images/Nike-Dunk-Low-Setsubun-2022.jpg?fit=fill&bg=FFFFFF&w=140&h=100&fm=webp&auto=compress&trim=color&q=90&dpr=2&updated_at=1643138443"}, "productCategory": "sneakers", "releaseDate": "2022-06-01", "retailPrice": 110, "shoe": "Nike Dunk Low", "title": "Nike Dunk Low Setsubun (2022)", "urlKey": "nike-dunk-low-setsubun-2022", "market": {"lowestAsk": 301, "salesThisPeriod": 1, "salesLastPeriod": 0, "highestBid": 469, "volatility": 0.091623, "deadstockSold": 288, "pricePremium": 2.764, "averageDeadstockPrice": 361, "lastSale": 414, "changeValue": 78, "changePercentage": 0.232143, "lastLowestAskTime": 1663108676, "lastHighestBidTime": 1663185733, "lastSaleDate": "2022-09-19T00:26:47+00:00"}, "objectID": "16b6bf5a-473b-41c0-b47f-ee2c6fcdc0a4"}, {"id": "bdc35251-e23c-491f-a1a7-d94f46e326c0", "uuid": "bdc35251-e23c-491f-a1a7-d94f46e326c0", "brand": "Nike", "colorway": "Coastal Blue/Coastal Blue-Light Current Blue", "condition": "New", "description": "", "media": {"smallImageUrl": "https://images.stockx.com/images/Nike-SB-Dunk-Low-Pro-Why-So-Sad.jpg?fit=fill&bg=FFFFFF&w=300&h=214&fm=webp&auto=compress&trim=color&q=90&dpr=2&updated_at=1656705077", "thumbUrl": "https://images.stockx.com/images/Nike-SB-Dunk-Low-Pro-Why-So-Sad.jpg?fit=fill&bg=FFFFFF&w=140&h=100&fm=webp&auto=compress&trim=color&q=90&dpr=2&updated_at=1656705077"}, "productCategory": "sneakers", "releaseDate": "", "retailPrice": 120, "shoe": "Nike SB Dunk Low Pro", "title": "Nike SB Dunk Low Pro Why So Sad?", "urlKey": "nike-sb-dunk-low-pro-why-so-sad", "market": {"lowestAsk": 450, "salesThisPeriod": 23, "salesLastPeriod": 0, "highestBid": 420, "volatility": 0.180209, "deadstockSold": 29, "pricePremium": 5.49, "averageDeadstockPrice": 416, "lastSale": 779, "changeValue": 408, "changePercentage": 1.09915, "lastLowestAskTime": 1663738230, "lastHighestBidTime": 1663687993, "lastSaleDate": "2022-09-21T08:22:49+00:00"}, "objectID": "bdc35251-e23c-491f-a1a7-d94f46e326c0"}, {"id": "cc5d324d-1bef-410c-ac6b-0bf97476a959", "uuid": "cc5d324d-1bef-410c-ac6b-0bf97476a959", "brand": "Nike", "colorway": "White/University Blue", "condition": "New", "description": "", "media": {"smallImageUrl": "https://stockx-assets.imgix.net/media/Product-Placeholder-Default-20210415.jpg?fit=fill&bg=FFFFFF&w=300&h=214&fm=webp&auto=compress&trim=color&q=90&dpr=2&updated_at=0", "thumbUrl": "https://stockx-assets.imgix.net/media/Product-Placeholder-Default-20210415.jpg?fit=fill&bg=FFFFFF&w=140&h=100&fm=webp&auto=compress&trim=color&q=90&dpr=2&updated_at=0"}, "productCategory": "sneakers", "releaseDate": "2022-09-30", "retailPrice": 180, "shoe": "Nike Dunk Low", "title": "Nike Dunk Low Off-White Futura UNC", "urlKey": "nike-dunk-low-off-white-futura-unc", "market": {"lowestAsk": 4103, "salesThisPeriod": 0, "salesLastPeriod": 0, "highestBid": 1000, "volatility": 0, "deadstockSold": 1, "pricePremium": 7.333, "averageDeadstockPrice": 1500, "lastSale": 1500, "changeValue": 0, "changePercentage": 0, "lastLowestAskTime": 1663764096, "lastHighestBidTime": 1662423434, "lastSaleDate": "2022-08-17T17:28:57+00:00"}, "objectID": "cc5d324d-1bef-410c-ac6b-0bf97476a959"}, {"id": "7a2ce04c-79b0-4c47-b048-b88c902c09c9", "uuid": "7a2ce04c-79b0-4c47-b048-b88c902c09c9", "brand": "Nike", "colorway": "Sail/Neutral Grey", "condition": "New", "description": "The Nike Dunk Low Off White Lot 15 is a part of the Dear Summer collection, a follow-up to the first Nike Dunk and Off White collaboration.\n<br>\n<br>\nThe Nike Dunk Low Off White Lot 15 features a white leather upper with grey suede overlays and Swooshes. The low-top includes Off White touches, such as the plastic zip tie and Helvetica text. The sneakers also feature a purple secondary lacing system, an exposed foam tongue, and a \"15 of 50\" badge attached on the side midsole.\n<br>\n<br>\nThe Nike Dunk Low Off White Lot 15 debuted in August 2021 and retailed for $180.", "media": {"smallImageUrl": "https://images.stockx.com/images/Nike-Dunk-Low-Off-White-Lot-15-Product.jpg?fit=fill&bg=FFFFFF&w=300&h=214&fm=webp&auto=compress&trim=color&q=90&dpr=2&updated_at=1629818594", "thumbUrl": "https://images.stockx.com/images/Nike-Dunk-Low-Off-White-Lot-15-Product.jpg?fit=fill&bg=FFFFFF&w=140&h=100&fm=webp&auto=compress&trim=color&q=90&dpr=2&updated_at=1629818594"}, "productCategory": "sneakers", "releaseDate": "2021-08-09", "retailPrice": 180, "shoe": "Nike Dunk Low", "title": "Nike Dunk Low Off-White Lot 15", "urlKey": "nike-dunk-low-off-white-lot-15", "market": {"lowestAsk": 519, "salesThisPeriod": 1, "salesLastPeriod": 0, "highestBid": 580, "volatility": 0.151024, "deadstockSold": 714, "pricePremium": 1.267, "averageDeadstockPrice": 493, "lastSale": 408, "changeValue": -43, "changePercentage": -0.095344, "lastLowestAskTime": 1663803722, "lastHighestBidTime": 1663080227, "lastSaleDate": "2022-09-21T15:45:38+00:00"}, "objectID": "7a2ce04c-79b0-4c47-b048-b88c902c09c9"}, {"id": "69d9bd4f-e8ea-43e5-b2d5-501402162ed2", "uuid": "69d9bd4f-e8ea-43e5-b2d5-501402162ed2", "brand": "Nike", "childId": null, "colorway": "Sail/Neutral Grey-Light Ginger", "condition": "New", "description": "", "media": {"smallImageUrl": "https://images.stockx.com/images/Nike-Dunk-Low-Off-White-Lot-34-Product.jpg?fit=fill&bg=FFFFFF&w=300&h=214&fm=webp&auto=compress&trim=color&q=90&dpr=2&updated_at=1635268888", "thumbUrl": "https://images.stockx.com/images/Nike-Dunk-Low-Off-White-Lot-34-Product.jpg?fit=fill&bg=FFFFFF&w=140&h=100&fm=webp&auto=compress&trim=color&q=90&dpr=2&updated_at=1635268888"}, "productCategory": "sneakers", "releaseDate": "2021-08-09", "retailPrice": 180, "shoe": "Nike Dunk Low", "title": "Nike Dunk Low Off-White Lot 34", "urlKey": "nike-dunk-low-off-white-lot-34", "market": {"lowestAsk": 531, "salesThisPeriod": 0, "salesLastPeriod": 0, "highestBid": 526, "volatility": 0.173963, "deadstockSold": 1041, "pricePremium": 2.472, "averageDeadstockPrice": 497, "lastSale": 625, "changeValue": -25, "changePercentage": -0.038462, "lastLowestAskTime": 1663658578, "lastHighestBidTime": 1663602395, "lastSaleDate": "2022-09-16T07:13:37+00:00"}, "objectID": "69d9bd4f-e8ea-43e5-b2d5-501402162ed2"}, {"id": "8c892513-47eb-4603-8b74-860bdb12672c", "uuid": "8c892513-47eb-4603-8b74-860bdb12672c", "brand": "Nike", "colorway": "Pink/Red-White", "condition": "New", "description": "Please note: This listing <b>requires<b> that you include Special Box, 3 pairs of laces (Red,White,Bacon), Print by Sean Cliver, Valentine's Day cards, and stickers. <b> Nike SB celebrated Valentine\u2019s Day by connecting with legendary artists Todd Bratrud and Sean Cliver to release the Nike SB Dunk Low Strangelove Skateboards (Special Box), now available on StockX. Todd has a history of being behind some of the most recognizable Nike SB colorways of all time and the Strangelove Dunk is another example of his creative prowess. \n<br>\n<br>\nThis SB Dunk Low is composed of a pink velvet upper with suede overlays and a red velvet Swoosh. Strangelove branding on the tongue, insole, and translucent outsole completes the design. These sneakers released in February of 2020 and retailed for $100.", "media": {"smallImageUrl": "https://images.stockx.com/images/Nike-SB-Dunk-Low-StrangeLove-Skateboards-Special-Box-1.png?fit=fill&bg=FFFFFF&w=300&h=214&fm=webp&auto=compress&trim=color&q=90&dpr=2&updated_at=1608516372", "thumbUrl": "https://images.stockx.com/images/Nike-SB-Dunk-Low-StrangeLove-Skateboards-Special-Box-1.png?fit=fill&bg=FFFFFF&w=140&h=100&fm=webp&auto=compress&trim=color&q=90&dpr=2&updated_at=1608516372"}, "productCategory": "sneakers", "releaseDate": "2020-02-01", "retailPrice": 100, "shoe": "Nike SB Dunk Low", "title": "Nike SB Dunk Low StrangeLove Skateboards (Special Box)", "urlKey": "nike-sb-dunk-low-strangelove-skateboards-special-box", "market": {"lowestAsk": 1799, "salesThisPeriod": 1, "salesLastPeriod": 0, "highestBid": 6000, "volatility": 0.783534, "deadstockSold": 24, "pricePremium": 9.5, "averageDeadstockPrice": 1997, "lastSale": 1050, "changeValue": 135, "changePercentage": 0.147541, "lastLowestAskTime": 1663747001, "lastHighestBidTime": 1663751580, "lastSaleDate": "2022-09-20T05:11:15+00:00"}, "objectID": "8c892513-47eb-4603-8b74-860bdb12672c"}, {"id": "77fe1bf6-03a5-4295-9c88-afa6ca166e9b", "uuid": "77fe1bf6-03a5-4295-9c88-afa6ca166e9b", "brand": "Nike", "colorway": "Midnight Navy/Black/Game Royal", "condition": "New", "description": "", "media": {"smallImageUrl": "https://images.stockx.com/images/Nike-Dunk-Low-Midnight-Navy-GS-Product.jpg?fit=fill&bg=FFFFFF&w=300&h=214&fm=webp&auto=compress&trim=color&q=90&dpr=2&updated_at=1657865578", "thumbUrl": "https://images.stockx.com/images/Nike-Dunk-Low-Midnight-Navy-GS-Product.jpg?fit=fill&bg=FFFFFF&w=140&h=100&fm=webp&auto=compress&trim=color&q=90&dpr=2&updated_at=1657865578"}, "productCategory": "sneakers", "releaseDate": "", "retailPrice": 85, "shoe": "Nike Dunk Low", "title": "Nike Dunk Low Midnight Navy (GS)", "urlKey": "nike-dunk-low-midnight-navy-gs", "market": {"lowestAsk": 75, "salesThisPeriod": 5, "salesLastPeriod": 0, "highestBid": 73, "volatility": 0.064067, "deadstockSold": 251, "pricePremium": -0.082, "averageDeadstockPrice": 94, "lastSale": 78, "changeValue": -11, "changePercentage": -0.123596, "lastLowestAskTime": 1663695796, "lastHighestBidTime": 1663292514, "lastSaleDate": "2022-09-20T22:26:47+00:00"}, "objectID": "77fe1bf6-03a5-4295-9c88-afa6ca166e9b"}, {"id": "00e213a0-72fa-4711-b28c-3ab83f66d3d2", "uuid": "00e213a0-72fa-4711-b28c-3ab83f66d3d2", "brand": "Nike", "childId": null, "colorway": "Barkroot Brown/Metallic Gold-White", "condition": "New", "description": "Supreme and Nike SB continued their collaborative partnership into 2021 with the Nike SB Dunk Low Supreme Barkroot Brown. The design is inspired by the 2003 Nike SB Dunk High Supreme, one of the most coveted SB Dunk Highs of all time. The 2021 SB Dunk Low inherits design themes from the original but takes on its own identity with a new color palette and shape.\n<br>\n<br>\nWhite leather with Barkroot Brown faux croc skin comprises the upper of the Nike SB Dunk Low Supreme Barkroot Brown. Gold stars are printed on the center side panel as a tribute to the 2003 SB Dunk High Supreme. Nike branding is prominent on the signature Nike SB overstuffed tongue and heel patch. A gold metallic Supreme deubr\u00e9, white midsole, and Barkroot Brown outsole complete the design.\n<br>\n<br>\nThe Nike SB Dunk Low Supreme Barkroot Brown released in March of 2021 and retailed for $110.", "media": {"smallImageUrl": "https://images.stockx.com/images/Nike-SB-Dunk-Low-Supreme-Barkroot-Brown-Product.jpg?fit=fill&bg=FFFFFF&w=300&h=214&fm=webp&auto=compress&trim=color&q=90&dpr=2&updated_at=1615495613", "thumbUrl": "https://images.stockx.com/images/Nike-SB-Dunk-Low-Supreme-Barkroot-Brown-Product.jpg?fit=fill&bg=FFFFFF&w=140&h=100&fm=webp&auto=compress&trim=color&q=90&dpr=2&updated_at=1615495613"}, "productCategory": "sneakers", "releaseDate": "2021-03-04", "retailPrice": 110, "shoe": "Nike SB Dunk Low", "title": "Nike SB Dunk Low Supreme Stars Barkroot Brown (2021)", "urlKey": "nike-sb-dunk-low-supreme-barkroot-brown", "market": {"lowestAsk": 599, "salesThisPeriod": 1, "salesLastPeriod": 0, "highestBid": 666, "volatility": 0.094692, "deadstockSold": 352, "pricePremium": 4.682, "averageDeadstockPrice": 741, "lastSale": 625, "changeValue": -19, "changePercentage": -0.029503, "lastLowestAskTime": 1661796482, "lastHighestBidTime": 1663180233, "lastSaleDate": "2022-09-16T19:07:18+00:00"}, "objectID": "00e213a0-72fa-4711-b28c-3ab83f66d3d2"}, {"id": "410dcddd-c57d-4d17-bbeb-7ac3efe3dcca", "uuid": "410dcddd-c57d-4d17-bbeb-7ac3efe3dcca", "brand": "Nike", "colorway": "Varsity Maize/Pine Green-White", "condition": "New", "description": "For the first time since 2002, Supreme revisited the iconic Nike SB Dunk High.\n<br>\n<br>\nThe Nike SB Dunk High Supreme By Any Means Brazil nods to a Nike Dunk High Pro B Brazil, a Japanese-exclusive Nike Dunk CO.JP colorway from 2002. It features a yellow leather upper with green overlays and Swooshes. Customized \"SUP\" woven tongue labels, \"By Any Means\"  and Nike NYC heel embroideries, \"Supreme Team\" collar embroidery, and a \"No Love\" toe embroidery add a novelty touch.\n<br>\n<br>\nThe Nike SB Dunk High Supreme By Any Means Brazil released in March of 2022.", "media": {"smallImageUrl": "https://images.stockx.com/images/Nike-SB-Dunk-High-Supreme-By-Any-Means-Brazil-Product.jpg?fit=fill&bg=FFFFFF&w=300&h=214&fm=webp&auto=compress&trim=color&q=90&dpr=2&updated_at=1646753643", "thumbUrl": "https://images.stockx.com/images/Nike-SB-Dunk-High-Supreme-By-Any-Means-Brazil-Product.jpg?fit=fill&bg=FFFFFF&w=140&h=100&fm=webp&auto=compress&trim=color&q=90&dpr=2&updated_at=1646753643"}, "productCategory": "sneakers", "releaseDate": "2022-03-03", "retailPrice": 128, "shoe": "Nike SB Dunk High", "title": "Nike SB Dunk High Supreme By Any Means Brazil", "urlKey": "nike-sb-dunk-high-supreme-by-any-means-brazil", "market": {"lowestAsk": 219, "salesThisPeriod": 6, "salesLastPeriod": 0, "highestBid": 350, "volatility": 0.101393, "deadstockSold": 1523, "pricePremium": 0.891, "averageDeadstockPrice": 332, "lastSale": 242, "changeValue": 12, "changePercentage": 0.052174, "lastLowestAskTime": 1663659214, "lastHighestBidTime": 1661574889, "lastSaleDate": "2022-09-21T15:10:44+00:00"}, "objectID": "410dcddd-c57d-4d17-bbeb-7ac3efe3dcca"}, {"id": "ed6fd28d-c910-41bd-b649-9833dbbb45b0", "uuid": "ed6fd28d-c910-41bd-b649-9833dbbb45b0", "brand": "Nike", "colorway": "Sail/Neutral Grey-Pale Ivory", "condition": "New", "description": "", "media": {"smallImageUrl": "https://images.stockx.com/images/Nike-Dunk-Low-Off-White-Lot-25-Product.jpg?fit=fill&bg=FFFFFF&w=300&h=214&fm=webp&auto=compress&trim=color&q=90&dpr=2&updated_at=1638288346", "thumbUrl": "https://images.stockx.com/images/Nike-Dunk-Low-Off-White-Lot-25-Product.jpg?fit=fill&bg=FFFFFF&w=140&h=100&fm=webp&auto=compress&trim=color&q=90&dpr=2&updated_at=1638288346"}, "productCategory": "sneakers", "releaseDate": "2021-08-09", "retailPrice": 180, "shoe": "Nike Dunk Low", "title": "Nike Dunk Low Off-White Lot 25", "urlKey": "nike-dunk-low-off-white-lot-25", "market": {"lowestAsk": 460, "salesThisPeriod": 1, "salesLastPeriod": 0, "highestBid": 600, "volatility": 0.158996, "deadstockSold": 942, "pricePremium": 2.445, "averageDeadstockPrice": 485, "lastSale": 620, "changeValue": 40, "changePercentage": 0.068428, "lastLowestAskTime": 1663020564, "lastHighestBidTime": 1663114472, "lastSaleDate": "2022-09-13T08:34:45+00:00"}, "objectID": "ed6fd28d-c910-41bd-b649-9833dbbb45b0"}, {"id": "c968dfa4-cba3-4af5-9ebd-b00824ddf2b7", "uuid": "c968dfa4-cba3-4af5-9ebd-b00824ddf2b7", "brand": "Nike", "colorway": "Black/Yellow Strike-Saturn", "condition": "New", "description": "The Nike Dunk High 1985 Yellow Acid Wash celebrates the aged effects of sneakers over time. Washed out black and yellow graphic overlays emphasize the appearance of wear and tear, while yellowed soles nod to the oxidation process. Also, these Dunks arrive in the design's original, high-cut form, explaining why they have a different shape from other Dunk Highs, which have more of a mid-cut silhouette.\n<br>\n<br>\nThe Nike Dunk High 1985 Yellow Acid Wash released in February of 2022 and retailed for $130.", "media": {"smallImageUrl": "https://images.stockx.com/images/Nike-Dunk-High-Yellow-Acid-Wash-Black-Product.jpg?fit=fill&bg=FFFFFF&w=300&h=214&fm=webp&auto=compress&trim=color&q=90&dpr=2&updated_at=1638552247", "thumbUrl": "https://images.stockx.com/images/Nike-Dunk-High-Yellow-Acid-Wash-Black-Product.jpg?fit=fill&bg=FFFFFF&w=140&h=100&fm=webp&auto=compress&trim=color&q=90&dpr=2&updated_at=1638552247"}, "productCategory": "sneakers", "releaseDate": "2022-02-23", "retailPrice": 130, "shoe": "Nike Dunk High 1985 SP", "title": "Nike Dunk High 1985 SP Yellow Acid Wash", "urlKey": "nike-dunk-high-yellow-acid-wash-black", "market": {"lowestAsk": 70, "salesThisPeriod": 19, "salesLastPeriod": 0, "highestBid": 96, "volatility": 0.114518, "deadstockSold": 2049, "pricePremium": -0.308, "averageDeadstockPrice": 122, "lastSale": 90, "changeValue": 10, "changePercentage": 0.122816, "lastLowestAskTime": 1663733765, "lastHighestBidTime": 1663557795, "lastSaleDate": "2022-09-21T18:31:24+00:00"}, "objectID": "c968dfa4-cba3-4af5-9ebd-b00824ddf2b7"}]}