{"Pagination": {"query": "nike dunk", "queryID": "6d0d1c86769103c70fffbfdd794b304f", "index": "PRODUCTION_PG_FEATURED_DESC", "limit": 40, "page": 16, "total": 2031, "lastPage": "/api/v3/browse?_search=nike%20dunk&dataType=product&facetsToRetrieve=%7B%7D&filterVersion=4&page=25&propsToRetrieve=brand%2CchildId%2Ccolorway%2Ccondition%2Cdescription%2Cid%2Cmarket.averageDeadstockPrice%2Cmarket.bidAskData%2Cmarket.changePercentage%2Cmarket.changeValue%2Cmarket.deadstockSold%2Cmarket.highestBid%2Cmarket.lastHighestBidTime%2Cmarket.lastLowestAskTime%2Cmarket.lastSale%2Cmarket.lastSaleDate%2Cmarket.lastSaleValue%2Cmarket.lowestAsk%2Cmarket.pricePremium%2Cmarket.salesInformation%2Cmarket.salesLastPeriod%2Cmarket.salesThisPeriod%2Cmarket.volatility%2Cmedia.smallImageUrl%2Cmedia.thumbUrl%2CproductCategory%2CreleaseDate%2CretailPrice%2Cshoe%2Ctitle%2CurlKey%2Cuuid", "sort": ["featured"], "order": ["DESC"], "currentPage": "/api/v3/browse?_search=nike%20dunk&dataType=product&facetsToRetrieve=%7B%7D&filterVersion=4&page=16&propsToRetrieve=brand%2CchildId%2Ccolorway%2Ccondition%2Cdescription%2Cid%2Cmarket.averageDeadstockPrice%2Cmarket.bidAskData%2Cmarket.changePercentage%2Cmarket.changeValue%2Cmarket.deadstockSold%2Cmarket.highestBid%2Cmarket.lastHighestBidTime%2Cmarket.lastLowestAskTime%2Cmarket.lastSale%2Cmarket.lastSaleDate%2Cmarket.lastSaleValue%2Cmarket.lowestAsk%2Cmarket.pricePremium%2Cmarket.salesInformation%2Cmarket.salesLastPeriod%2Cmarket.salesThisPeriod%2Cmarket.volatility%2Cmedia.smallImageUrl%2Cmedia.thumbUrl%2CproductCategory%2CreleaseDate%2CretailPrice%2Cshoe%2Ctitle%2CurlKey%2Cuuid", "nextPage": "/api/v3/browse?_search=nike%20dunk&dataType=product&facetsToRetrieve=%7B%7D&filterVersion=4&page=17&propsToRetrieve=brand%2CchildId%2Ccolorway%2Ccondition%2Cdescription%2Cid%2Cmarket.averageDeadstockPrice%2Cmarket.bidAskData%2Cmarket.changePercentage%2Cmarket.changeValue%2Cmarket.deadstockSold%2Cmarket.highestBid%2Cmarket.lastHighestBidTime%2Cmarket.lastLowestAskTime%2Cmarket.lastSale%2Cmarket.lastSaleDate%2Cmarket.lastSaleValue%2Cmarket.lowestAsk%2Cmarket.pricePremium%2Cmarket.salesInformation%2Cmarket.salesLastPeriod%2Cmarket.salesThisPeriod%2Cmarket.volatility%2Cmedia.smallImageUrl%2Cmedia.thumbUrl%2CproductCategory%2CreleaseDate%2CretailPrice%2Cshoe%2Ctitle%2CurlKey%2Cuuid", "previousPage": "/api/v3/browse?_search=nike%20dunk&dataType=product&facetsToRetrieve=%7B%7D&filterVersion=4&page=15&propsToRetrieve=brand%2CchildId%2Ccolorway%2Ccondition%2Cdescription%2Cid%2Cmarket.averageDeadstockPrice%2Cmarket.bidAskData%2Cmarket.changePercentage%2Cmarket.changeValue%2Cmarket.deadstockSold%2Cmarket.highestBid%2Cmarket.lastHighestBidTime%2Cmarket.lastLowestAskTime%2Cmarket.lastSale%2Cmarket.lastSaleDate%2Cmarket.lastSaleValue%2Cmarket.lowestAsk%2Cmarket.pricePremium%2Cmarket.salesInformation%2Cmarket.salesLastPeriod%2Cmarket.salesThisPeriod%2Cmarket.volatility%2Cmedia.smallImageUrl%2Cmedia.thumbUrl%2CproductCategory%2CreleaseDate%2CretailPrice%2Cshoe%2Ctitle%2CurlKey%2Cuuid"}, "Facets": {}, "Products": [{"id": "69f3da34-1c8a-4ed7-8307-9baa1d54d2e3", "uuid": "69f3da34-1c8a-4ed7-8307-9baa1d54d2e3", "brand": "Nike", "colorway": "Safety Orange/Team Red/Sail", "condition": "New", "description": "", "media": {"smallImageUrl": "https://images.stockx.com/images/Nike-Dunk-Low-Premium-Orange-Suede.jpg?fit=fill&bg=FFFFFF&w=300&h=214&fm=webp&auto=compress&trim=color&q=90&dpr=2&updated_at=1659534630", "thumbUrl": "https://images.stockx.com/images/Nike-Dunk-Low-Premium-Orange-Suede.jpg?fit=fill&bg=FFFFFF&w=140&h=100&fm=webp&auto=compress&trim=color&q=90&dpr=2&updated_at=1659534630"}, "productCategory": "sneakers", "releaseDate": "", "retailPrice": 130, "shoe": "Nike Dunk Low Premium", "title": "Nike Dunk Low Premium Team Orange", "urlKey": "nike-dunk-low-premium-orange-suede", "market": {"lowestAsk": 135, "salesThisPeriod": 4, "salesLastPeriod": 0, "highestBid": 125, "volatility": 0.108719, "deadstockSold": 53, "pricePremium": 0.077, "averageDeadstockPrice": 150, "lastSale": 140, "changeValue": 0, "changePercentage": 0, "lastLowestAskTime": 1662827548, "lastHighestBidTime": 1663716723, "lastSaleDate": "2022-09-21T16:19:00+00:00"}, "objectID": "69f3da34-1c8a-4ed7-8307-9baa1d54d2e3"}, {"id": "0eef6637-457d-4d9e-b341-c71e9842286f", "uuid": "0eef6637-457d-4d9e-b341-c71e9842286f", "brand": "Nike", "colorway": "Black/Black-Deep Orange", "condition": "New", "description": "", "media": {"smallImageUrl": "https://images.stockx.com/images/Nike-SB-Hawaii-Dunk-Low-Product.jpg?fit=fill&bg=FFFFFF&w=300&h=214&fm=webp&auto=compress&trim=color&q=90&dpr=2&updated_at=1651519968", "thumbUrl": "https://images.stockx.com/images/Nike-SB-Hawaii-Dunk-Low-Product.jpg?fit=fill&bg=FFFFFF&w=140&h=100&fm=webp&auto=compress&trim=color&q=90&dpr=2&updated_at=1651519968"}, "productCategory": "sneakers", "releaseDate": "2005-02-02", "retailPrice": 150, "shoe": "Nike SB Dunk Low", "title": "Nike SB Dunk Low Hawaii", "urlKey": "nike-sb-dunk-low-hawaii", "market": {"lowestAsk": 725, "salesThisPeriod": 0, "salesLastPeriod": 0, "highestBid": 600, "volatility": 0.221729, "deadstockSold": 30, "pricePremium": 3, "averageDeadstockPrice": 752, "lastSale": 600, "changeValue": -168, "changePercentage": -0.21875, "lastLowestAskTime": 1661685277, "lastHighestBidTime": 1661665396, "lastSaleDate": "2022-08-27T18:24:43+00:00"}, "objectID": "0eef6637-457d-4d9e-b341-c71e9842286f"}, {"id": "a4504536-c9d6-4bea-9bbf-8d27c4ace0d9", "uuid": "a4504536-c9d6-4bea-9bbf-8d27c4ace0d9", "brand": "Nike", "colorway": "Valor Blue/Team Maroon/White/Gum", "condition": "New", "description": "", "media": {"smallImageUrl": "https://images.stockx.com/images/Nike-SB-Dunk-Low-Philadelphia-Phillies-TD.jpg?fit=fill&bg=FFFFFF&w=300&h=214&fm=webp&auto=compress&trim=color&q=90&dpr=2&updated_at=1659534628", "thumbUrl": "https://images.stockx.com/images/Nike-SB-Dunk-Low-Philadelphia-Phillies-TD.jpg?fit=fill&bg=FFFFFF&w=140&h=100&fm=webp&auto=compress&trim=color&q=90&dpr=2&updated_at=1659534628"}, "productCategory": "sneakers", "releaseDate": "2022-07-26", "retailPrice": 75, "shoe": "Nike SB Dunk Low", "title": "Nike SB Dunk Low Philadelphia Phillies (TD)", "urlKey": "nike-sb-dunk-low-philadelphia-phillies-td", "market": {"lowestAsk": 80, "salesThisPeriod": 1, "salesLastPeriod": 0, "highestBid": 89, "volatility": 0.09927, "deadstockSold": 63, "pricePremium": 0.32, "averageDeadstockPrice": 102, "lastSale": 99, "changeValue": 0, "changePercentage": 0, "lastLowestAskTime": 1663780119, "lastHighestBidTime": 1663665793, "lastSaleDate": "2022-09-18T22:46:22+00:00"}, "objectID": "a4504536-c9d6-4bea-9bbf-8d27c4ace0d9"}, {"id": "f1aa43f4-5901-41cb-81fc-c8ae52f23351", "uuid": "f1aa43f4-5901-41cb-81fc-c8ae52f23351", "brand": "Nike", "colorway": "White/Red/Blue/Yellow", "condition": "New", "description": "", "media": {"smallImageUrl": "https://images.stockx.com/images/Nike-Dunk-Low-QS-LeBron-James-Fruity-Pebbles.jpg?fit=fill&bg=FFFFFF&w=300&h=214&fm=webp&auto=compress&trim=color&q=90&dpr=2&updated_at=1662063891", "thumbUrl": "https://images.stockx.com/images/Nike-Dunk-Low-QS-LeBron-James-Fruity-Pebbles.jpg?fit=fill&bg=FFFFFF&w=140&h=100&fm=webp&auto=compress&trim=color&q=90&dpr=2&updated_at=1662063891"}, "productCategory": "sneakers", "releaseDate": "", "retailPrice": 0, "shoe": "Nike Dunk Low QS", "title": "Nike Dunk Low QS LeBron James Fruity Pebbles", "urlKey": "nike-dunk-low-qs-lebron-james-fruity-pebbles", "market": {"lowestAsk": 210, "salesThisPeriod": 15, "salesLastPeriod": 0, "highestBid": 250, "volatility": 0.118844, "deadstockSold": 48, "pricePremium": 0, "averageDeadstockPrice": 241, "lastSale": 262, "changeValue": 45, "changePercentage": 0.207373, "lastLowestAskTime": 1663792962, "lastHighestBidTime": 1663410555, "lastSaleDate": "2022-09-21T23:10:42+00:00"}, "objectID": "f1aa43f4-5901-41cb-81fc-c8ae52f23351"}, {"id": "90c24892-c114-45fc-9dea-d1ef6fc3677e", "uuid": "90c24892-c114-45fc-9dea-d1ef6fc3677e", "brand": "Nike", "colorway": "Black/Electric Green-Black", "condition": "New", "description": "", "media": {"smallImageUrl": "https://images.stockx.com/images/Nike-Lebron-18-Dunkman-Product.jpg?fit=fill&bg=FFFFFF&w=300&h=214&fm=webp&auto=compress&trim=color&q=90&dpr=2&updated_at=1613497755", "thumbUrl": "https://images.stockx.com/images/Nike-Lebron-18-Dunkman-Product.jpg?fit=fill&bg=FFFFFF&w=140&h=100&fm=webp&auto=compress&trim=color&q=90&dpr=2&updated_at=1613497755"}, "productCategory": "sneakers", "releaseDate": "2021-01-30", "retailPrice": 200, "shoe": "Nike LeBron 18", "title": "Nike LeBron 18 Dunkman", "urlKey": "nike-lebron-18-dunkman", "market": {"lowestAsk": 75, "salesThisPeriod": 1, "salesLastPeriod": 0, "highestBid": 114, "volatility": 0.236221, "deadstockSold": 678, "pricePremium": -0.499, "averageDeadstockPrice": 101, "lastSale": 100, "changeValue": -1, "changePercentage": -0.01801, "lastLowestAskTime": 1663505740, "lastHighestBidTime": 1663710255, "lastSaleDate": "2022-09-20T10:18:59+00:00"}, "objectID": "90c24892-c114-45fc-9dea-d1ef6fc3677e"}, {"id": "6472ac04-caae-49f3-b88e-38d0bb2cd62b", "uuid": "6472ac04-caae-49f3-b88e-38d0bb2cd62b", "brand": "Nike", "childId": null, "colorway": "Island Green/White-Gum Light Brown", "condition": "New", "description": "", "media": {"smallImageUrl": "https://images.stockx.com/images/Nike-SB-Dunk-Low-Island-Green-Gum-Product.jpg?fit=fill&bg=FFFFFF&w=300&h=214&fm=webp&auto=compress&trim=color&q=90&dpr=2&updated_at=1607052930", "thumbUrl": "https://images.stockx.com/images/Nike-SB-Dunk-Low-Island-Green-Gum-Product.jpg?fit=fill&bg=FFFFFF&w=140&h=100&fm=webp&auto=compress&trim=color&q=90&dpr=2&updated_at=1607052930"}, "productCategory": "sneakers", "releaseDate": "2019-10-15", "retailPrice": 95, "shoe": "Nike SB Dunk Low", "title": "Nike SB Dunk Low Island Green Gum", "urlKey": "nike-sb-dunk-low-island-green-gum", "market": {"lowestAsk": 283, "salesThisPeriod": 1, "salesLastPeriod": 0, "highestBid": 450, "volatility": 0.119722, "deadstockSold": 113, "pricePremium": 3.421, "averageDeadstockPrice": 367, "lastSale": 420, "changeValue": 169, "changePercentage": 0.673307, "lastLowestAskTime": 1663744941, "lastHighestBidTime": 1661806975, "lastSaleDate": "2022-09-21T02:38:21+00:00"}, "objectID": "6472ac04-caae-49f3-b88e-38d0bb2cd62b"}, {"id": "ccec6fe8-dcb3-4d3a-ab9a-b4ba1c2019d4", "uuid": "ccec6fe8-dcb3-4d3a-ab9a-b4ba1c2019d4", "brand": "Nike", "colorway": "Midnight Navy/Black/Game Royal", "condition": "New", "description": "", "media": {"smallImageUrl": "https://images.stockx.com/images/Nike-Dunk-Low-Midnight-Navy-PS.jpg?fit=fill&bg=FFFFFF&w=300&h=214&fm=webp&auto=compress&trim=color&q=90&dpr=2&updated_at=1656058829", "thumbUrl": "https://images.stockx.com/images/Nike-Dunk-Low-Midnight-Navy-PS.jpg?fit=fill&bg=FFFFFF&w=140&h=100&fm=webp&auto=compress&trim=color&q=90&dpr=2&updated_at=1656058829"}, "productCategory": "sneakers", "releaseDate": "2022-06-22", "retailPrice": 65, "shoe": "Nike Dunk Low", "title": "Nike Dunk Low Midnight Navy (PS)", "urlKey": "nike-dunk-low-midnight-navy-ps", "market": {"lowestAsk": 65, "salesThisPeriod": 4, "salesLastPeriod": 0, "highestBid": 61, "volatility": 0.110349, "deadstockSold": 120, "pricePremium": 0.077, "averageDeadstockPrice": 78, "lastSale": 70, "changeValue": 6, "changePercentage": 0.09375, "lastLowestAskTime": 1663149578, "lastHighestBidTime": 1663617013, "lastSaleDate": "2022-09-19T20:47:40+00:00"}, "objectID": "ccec6fe8-dcb3-4d3a-ab9a-b4ba1c2019d4"}, {"id": "13f4bbf8-2816-4b25-8d36-4bcd35fe0b61", "uuid": "13f4bbf8-2816-4b25-8d36-4bcd35fe0b61", "brand": "Nike", "colorway": "White/Orange-Blaze", "condition": "New", "description": "", "media": {"smallImageUrl": "https://images.stockx.com/images/Nike-Dunk-High-Syracuse.jpg?fit=fill&bg=FFFFFF&w=300&h=214&fm=webp&auto=compress&trim=color&q=90&dpr=2&updated_at=1608513589", "thumbUrl": "https://images.stockx.com/images/Nike-Dunk-High-Syracuse.jpg?fit=fill&bg=FFFFFF&w=140&h=100&fm=webp&auto=compress&trim=color&q=90&dpr=2&updated_at=1608513589"}, "productCategory": "sneakers", "releaseDate": "2016-07-29", "retailPrice": 120, "shoe": "Nike Dunk High", "title": "Nike Dunk High Syracuse (2016)", "urlKey": "nike-dunk-high-syracuse", "market": {"lowestAsk": 357, "salesThisPeriod": 0, "salesLastPeriod": 0, "highestBid": 250, "volatility": 0.412848, "deadstockSold": 16, "pricePremium": 2.878, "averageDeadstockPrice": 438, "lastSale": 465, "changeValue": 241, "changePercentage": 1.06851, "lastLowestAskTime": 1663383074, "lastHighestBidTime": 1661920549, "lastSaleDate": "2022-06-26T00:32:32+00:00"}, "objectID": "13f4bbf8-2816-4b25-8d36-4bcd35fe0b61"}, {"id": "387ee6b0-066a-402c-98ba-bf424fc88468", "uuid": "387ee6b0-066a-402c-98ba-bf424fc88468", "brand": "Nike", "colorway": "Multicolor/Multicolor", "condition": "New", "description": "Nike never misses a Chinese New Year release and 2021 was jammed packed with a bunch to commemorate the annual celebration. Alongside drops from Jordan Brand and Converse, the Swoosh also added the Nike Dunk Low to the mix.\n<br>\n<br>\nThe Nike Dunk Low Firecracker pays homage to a staple found in most New Year celebrations, the firecracker. The sneaker\u2019s upper is composed of an abundance of loud graphics. The blue leather upper shows off words like \"BANG!\" and \"WARNING\", mimicking similar advertising found on firecracker packaging. Dot-patterns cover each aqua-colored leather panel and flat cream laces complete this special edition.\n<br>\n<br>\nThe Nike Dunk Low Firecracker released in January of 2021 in China. ", "media": {"smallImageUrl": "https://images.stockx.com/images/Nike-Dunk-Low-Chinese-New-Year-Firecracker-2021.png?fit=fill&bg=FFFFFF&w=300&h=214&fm=webp&auto=compress&trim=color&q=90&dpr=2&updated_at=1610679874", "thumbUrl": "https://images.stockx.com/images/Nike-Dunk-Low-Chinese-New-Year-Firecracker-2021.png?fit=fill&bg=FFFFFF&w=140&h=100&fm=webp&auto=compress&trim=color&q=90&dpr=2&updated_at=1610679874"}, "productCategory": "sneakers", "releaseDate": "2021-01-28", "retailPrice": 100, "shoe": "Nike Dunk Low", "title": "Nike Dunk Low Chinese New Year Firecracker (2021)", "urlKey": "nike-dunk-low-chinese-new-year-firecracker-2021", "market": {"lowestAsk": 229, "salesThisPeriod": 2, "salesLastPeriod": 0, "highestBid": 500, "volatility": 0.172881, "deadstockSold": 192, "pricePremium": 1.51, "averageDeadstockPrice": 320, "lastSale": 251, "changeValue": -8, "changePercentage": -0.030888, "lastLowestAskTime": 1663754758, "lastHighestBidTime": 1663211134, "lastSaleDate": "2022-09-21T03:33:54+00:00"}, "objectID": "387ee6b0-066a-402c-98ba-bf424fc88468"}, {"id": "13e4a43b-9269-40bd-8142-ad12e60d1236", "uuid": "13e4a43b-9269-40bd-8142-ad12e60d1236", "brand": "Nike", "colorway": "White/Black/Signal Blue/Light Lemon Twist", "condition": "New", "description": "", "media": {"smallImageUrl": "https://images.stockx.com/images/Nike-Dunk-Low-Signal-Blue-Lemon-Twist-GS-Product.jpg?fit=fill&bg=FFFFFF&w=300&h=214&fm=webp&auto=compress&trim=color&q=90&dpr=2&updated_at=1642765088", "thumbUrl": "https://images.stockx.com/images/Nike-Dunk-Low-Signal-Blue-Lemon-Twist-GS-Product.jpg?fit=fill&bg=FFFFFF&w=140&h=100&fm=webp&auto=compress&trim=color&q=90&dpr=2&updated_at=1642765088"}, "productCategory": "sneakers", "releaseDate": "", "retailPrice": 95, "shoe": "Nike Dunk Low", "title": "Nike Dunk Low Signal Blue Lemon Twist (GS)", "urlKey": "nike-dunk-low-signal-blue-lemon-twist-gs", "market": {"lowestAsk": 93, "salesThisPeriod": 1, "salesLastPeriod": 0, "highestBid": 91, "volatility": 0.074798, "deadstockSold": 1781, "pricePremium": 0.042, "averageDeadstockPrice": 112, "lastSale": 99, "changeValue": -4, "changePercentage": -0.038835, "lastLowestAskTime": 1663757872, "lastHighestBidTime": 1662181984, "lastSaleDate": "2022-09-21T01:58:09+00:00"}, "objectID": "13e4a43b-9269-40bd-8142-ad12e60d1236"}, {"id": "62b6c403-b637-4171-acdb-32e8a4d90ad4", "uuid": "62b6c403-b637-4171-acdb-32e8a4d90ad4", "brand": "Nike", "colorway": "Muslin/Muslin", "condition": "New", "description": "", "media": {"smallImageUrl": "https://images.stockx.com/images/Nike-SB-Dunk-Low-Tokyo-Product.jpg?fit=fill&bg=FFFFFF&w=300&h=214&fm=webp&auto=compress&trim=color&q=90&dpr=2&updated_at=1607061674", "thumbUrl": "https://images.stockx.com/images/Nike-SB-Dunk-Low-Tokyo-Product.jpg?fit=fill&bg=FFFFFF&w=140&h=100&fm=webp&auto=compress&trim=color&q=90&dpr=2&updated_at=1607061674"}, "productCategory": "sneakers", "releaseDate": "2004-01-01", "retailPrice": 60, "shoe": "Nike SB Dunk Low", "title": "Nike SB Dunk Low Tokyo", "urlKey": "nike-sb-dunk-low-tokyo", "market": {"lowestAsk": 22796, "salesThisPeriod": 0, "salesLastPeriod": 0, "highestBid": 8300, "volatility": 0.132143, "deadstockSold": 2, "pricePremium": 232.333, "averageDeadstockPrice": 12150, "lastSale": 14000, "changeValue": 3700, "changePercentage": 0.359223, "lastLowestAskTime": 1662529166, "lastHighestBidTime": 1660970214, "lastSaleDate": "2022-01-07T22:16:47+00:00"}, "objectID": "62b6c403-b637-4171-acdb-32e8a4d90ad4"}, {"id": "9f66b8de-4f62-4083-a0cd-7cce1d189181", "uuid": "9f66b8de-4f62-4083-a0cd-7cce1d189181", "brand": "Nike", "colorway": "Soft Grey/Magnet", "condition": "New", "description": "", "media": {"smallImageUrl": "https://images.stockx.com/images/Nike-SB-Dunk-Low-London-Product.jpg?fit=fill&bg=FFFFFF&w=300&h=214&fm=webp&auto=compress&trim=color&q=90&dpr=2&updated_at=1607051613", "thumbUrl": "https://images.stockx.com/images/Nike-SB-Dunk-Low-London-Product.jpg?fit=fill&bg=FFFFFF&w=140&h=100&fm=webp&auto=compress&trim=color&q=90&dpr=2&updated_at=1607051613"}, "productCategory": "sneakers", "releaseDate": "2004-01-01", "retailPrice": 60, "shoe": "Nike SB Dunk Low", "title": "Nike SB Dunk Low London", "urlKey": "nike-sb-dunk-low-london", "market": {"lowestAsk": 25000, "salesThisPeriod": 0, "salesLastPeriod": 0, "highestBid": 9803, "volatility": 0.173036, "deadstockSold": 4, "pricePremium": 287.889, "averageDeadstockPrice": 19598, "lastSale": 17333, "changeValue": -7425, "changePercentage": -0.299919, "lastLowestAskTime": 1663357125, "lastHighestBidTime": 1660637411, "lastSaleDate": "2022-04-25T08:24:14+00:00"}, "objectID": "9f66b8de-4f62-4083-a0cd-7cce1d189181"}, {"id": "f0490cc8-6f88-4878-bb3e-9b1bacd12016", "uuid": "f0490cc8-6f88-4878-bb3e-9b1bacd12016", "brand": "Nike", "colorway": "Black/White", "condition": "New", "description": "Comme des Gar\u00e7ons and Nike teamed up once again to deliver the women's Nike Comme des Gar\u00e7ons Dunk Low Print (W), now available on StockX. In 2017, the two companies released their first collaborative Dunk High which featured a transparent upper. Three years later, two variations of a CDG Dunk Low were revealed in the Nike Comme des Gar\u00e7ons Spring / Summer 2020 women\u2019s runway show.\n\nThis Dunk Low is composed of a tonal black transparent upper made of Nexkin with translucent and lightweight stretch-woven fabric and waxed laces. Lettered graphics are displayed throughout the upper. A black rubber sole, black Swoosh, exposed heel tab completes the design. These sneakers released in May of 2020 and retailed for $260 USD.\n\nNote: This release is in Women\u2019s US sizing.", "media": {"smallImageUrl": "https://images.stockx.com/images/Nike-Dunk-Low-Comme-des-Garcons-Print-W-Product.jpg?fit=fill&bg=FFFFFF&w=300&h=214&fm=webp&auto=compress&trim=color&q=90&dpr=2&updated_at=1607006247", "thumbUrl": "https://images.stockx.com/images/Nike-Dunk-Low-Comme-des-Garcons-Print-W-Product.jpg?fit=fill&bg=FFFFFF&w=140&h=100&fm=webp&auto=compress&trim=color&q=90&dpr=2&updated_at=1607006247"}, "productCategory": "sneakers", "releaseDate": "2020-05-14", "retailPrice": 260, "shoe": "Nike Dunk Low", "title": "Nike Dunk Low Comme des Garcons Print (W)", "urlKey": "nike-dunk-low-comme-des-garcons-print-w", "market": {"lowestAsk": 111, "salesThisPeriod": 0, "salesLastPeriod": 0, "highestBid": 170, "volatility": 0.623373, "deadstockSold": 211, "pricePremium": -0.654, "averageDeadstockPrice": 170, "lastSale": 90, "changeValue": -90, "changePercentage": -0.5, "lastLowestAskTime": 1661658379, "lastHighestBidTime": 1662191344, "lastSaleDate": "2022-09-03T19:25:00+00:00"}, "objectID": "f0490cc8-6f88-4878-bb3e-9b1bacd12016"}, {"id": "f0a101d6-24ed-484c-a6c6-be159a82e6dc", "uuid": "f0a101d6-24ed-484c-a6c6-be159a82e6dc", "brand": "Nike", "colorway": "Light Bone/Black-White-Tropical Twist", "condition": "New", "description": "The upper of the Nike Dunk Low Light Bone Tropical Twist (GS) is made of Light Bone leather with black overlays and Tropical Twist Swooshes. A white and Tropical Twist woven Nike label stitched atop the tongue completes the design.\n<br>\n<br>\nThe Nike Dunk Low Light Bone Tropical Twist (GS) released in June of 2021 and retailed for $85.", "media": {"smallImageUrl": "https://images.stockx.com/images/Nike-Dunk-Low-Grey-Tiffany-GS-Product.jpg?fit=fill&bg=FFFFFF&w=300&h=214&fm=webp&auto=compress&trim=color&q=90&dpr=2&updated_at=1620407131", "thumbUrl": "https://images.stockx.com/images/Nike-Dunk-Low-Grey-Tiffany-GS-Product.jpg?fit=fill&bg=FFFFFF&w=140&h=100&fm=webp&auto=compress&trim=color&q=90&dpr=2&updated_at=1620407131"}, "productCategory": "sneakers", "releaseDate": "2021-06-10", "retailPrice": 70, "shoe": "Nike Dunk Low", "title": "Nike Dunk Low Light Bone Tropical Twist (GS)", "urlKey": "nike-dunk-low-grey-tiffany-gs", "market": {"lowestAsk": 182, "salesThisPeriod": 3, "salesLastPeriod": 0, "highestBid": 215, "volatility": 0.127172, "deadstockSold": 827, "pricePremium": 1.731, "averageDeadstockPrice": 172, "lastSale": 191, "changeValue": 50, "changePercentage": 0.34477, "lastLowestAskTime": 1663321586, "lastHighestBidTime": 1663046009, "lastSaleDate": "2022-09-15T12:06:01+00:00"}, "objectID": "f0a101d6-24ed-484c-a6c6-be159a82e6dc"}, {"id": "cd05e49b-3090-4ac4-98f1-5e4e193be200", "uuid": "cd05e49b-3090-4ac4-98f1-5e4e193be200", "brand": "Nike", "colorway": "Off Noir/Metallic Pewter/Summit White", "condition": "New", "description": "", "media": {"smallImageUrl": "https://images.stockx.com/images/Nike-Dunk-Low-SE-Off-Noir-PS-Product.jpg?fit=fill&bg=FFFFFF&w=300&h=214&fm=webp&auto=compress&trim=color&q=90&dpr=2&updated_at=1655884440", "thumbUrl": "https://images.stockx.com/images/Nike-Dunk-Low-SE-Off-Noir-PS-Product.jpg?fit=fill&bg=FFFFFF&w=140&h=100&fm=webp&auto=compress&trim=color&q=90&dpr=2&updated_at=1655884440"}, "productCategory": "sneakers", "releaseDate": "", "retailPrice": 70, "shoe": "Nike Dunk Low SE", "title": "Nike Dunk Low SE Off Noir (PS)", "urlKey": "nike-dunk-low-se-off-noir-ps", "market": {"lowestAsk": 63, "salesThisPeriod": 3, "salesLastPeriod": 0, "highestBid": 65, "volatility": 0.095693, "deadstockSold": 99, "pricePremium": -0.057, "averageDeadstockPrice": 70, "lastSale": 66, "changeValue": 1, "changePercentage": 0.015385, "lastLowestAskTime": 1663135952, "lastHighestBidTime": 1663290182, "lastSaleDate": "2022-09-16T01:02:42+00:00"}, "objectID": "cd05e49b-3090-4ac4-98f1-5e4e193be200"}, {"id": "95a482ce-fa95-4236-adcf-f34080202a4e", "uuid": "95a482ce-fa95-4236-adcf-f34080202a4e", "brand": "Nike", "colorway": "White/Salmon", "condition": "New", "description": "", "media": {"smallImageUrl": "https://images.stockx.com/images/Nike-Dunk-High-Salmon-W-Product.jpg?fit=fill&bg=FFFFFF&w=300&h=214&fm=webp&auto=compress&trim=color&q=90&dpr=2&updated_at=1651519833", "thumbUrl": "https://images.stockx.com/images/Nike-Dunk-High-Salmon-W-Product.jpg?fit=fill&bg=FFFFFF&w=140&h=100&fm=webp&auto=compress&trim=color&q=90&dpr=2&updated_at=1651519833"}, "productCategory": "sneakers", "releaseDate": "2022-05-01", "retailPrice": 110, "shoe": "Nike Dunk High", "title": "Nike Dunk High Salmon (W)", "urlKey": "nike-dunk-high-salmon-w", "market": {"lowestAsk": 108, "salesThisPeriod": 3, "salesLastPeriod": 0, "highestBid": 103, "volatility": 0.080416, "deadstockSold": 381, "pricePremium": 0.142, "averageDeadstockPrice": 130, "lastSale": 126, "changeValue": 2, "changePercentage": 0.015163, "lastLowestAskTime": 1663793592, "lastHighestBidTime": 1662263086, "lastSaleDate": "2022-09-21T17:52:37+00:00"}, "objectID": "95a482ce-fa95-4236-adcf-f34080202a4e"}, {"id": "69e3de43-43bc-47f3-a49c-1dbe98f244c9", "uuid": "69e3de43-43bc-47f3-a49c-1dbe98f244c9", "brand": "Nike", "childId": null, "colorway": "Black/Black/Red", "condition": "New", "description": "", "media": {"smallImageUrl": "https://images.stockx.com/images/Nike-SB-Dunk-Low-Wasted-Youth-Special-Box-Product.jpg?fit=fill&bg=FFFFFF&w=300&h=214&fm=webp&auto=compress&trim=color&q=90&dpr=2&updated_at=1637706338", "thumbUrl": "https://images.stockx.com/images/Nike-SB-Dunk-Low-Wasted-Youth-Special-Box-Product.jpg?fit=fill&bg=FFFFFF&w=140&h=100&fm=webp&auto=compress&trim=color&q=90&dpr=2&updated_at=1637706338"}, "productCategory": "sneakers", "releaseDate": "2021-04-01", "retailPrice": 110, "shoe": "Nike SB Dunk Low", "title": "Nike SB Dunk Low Wasted Youth (Special Box)", "urlKey": "nike-sb-dunk-low-wasted-youth-special-box", "market": {"lowestAsk": 151, "salesThisPeriod": 2, "salesLastPeriod": 0, "highestBid": 210, "volatility": 0.26869, "deadstockSold": 219, "pricePremium": 0.781, "averageDeadstockPrice": 242, "lastSale": 196, "changeValue": -153, "changePercentage": -0.439699, "lastLowestAskTime": 1663679499, "lastHighestBidTime": 1663745964, "lastSaleDate": "2022-09-19T01:19:30+00:00"}, "objectID": "69e3de43-43bc-47f3-a49c-1dbe98f244c9"}, {"id": "d739f1a0-1e73-457d-80fd-55935dbd837f", "uuid": "d739f1a0-1e73-457d-80fd-55935dbd837f", "brand": "Nike", "colorway": "Dark Khaki/Bubblegum/White/Razzle", "condition": "New", "description": "", "media": {"smallImageUrl": "https://images.stockx.com/images/Nike-Dunk-Low-XOXO-GS.jpg?fit=fill&bg=FFFFFF&w=300&h=214&fm=webp&auto=compress&trim=color&q=90&dpr=2&updated_at=1651710543", "thumbUrl": "https://images.stockx.com/images/Nike-Dunk-Low-XOXO-GS.jpg?fit=fill&bg=FFFFFF&w=140&h=100&fm=webp&auto=compress&trim=color&q=90&dpr=2&updated_at=1651710543"}, "productCategory": "sneakers", "releaseDate": "2021-12-20", "retailPrice": 85, "shoe": "Nike Dunk Low", "title": "Nike Dunk Low XOXO (GS)", "urlKey": "nike-dunk-low-xoxo-gs", "market": {"lowestAsk": 874, "salesThisPeriod": 0, "salesLastPeriod": 0, "highestBid": 250, "volatility": 1.66216, "deadstockSold": 2, "pricePremium": 1.176, "averageDeadstockPrice": 493, "lastSale": 185, "changeValue": -615, "changePercentage": -0.76875, "lastLowestAskTime": 1663805207, "lastHighestBidTime": 1663548037, "lastSaleDate": "2022-06-23T09:25:57+00:00"}, "objectID": "d739f1a0-1e73-457d-80fd-55935dbd837f"}, {"id": "d0dc59fd-0416-4367-b708-141a2c904a41", "uuid": "d0dc59fd-0416-4367-b708-141a2c904a41", "brand": "Nike", "colorway": "Midnight Navy/grey/White", "condition": "New", "description": "", "media": {"smallImageUrl": "https://images.stockx.com/images/Nike-Dunk-Low-Georgetown-TD-Product.jpg?fit=fill&bg=FFFFFF&w=300&h=214&fm=webp&auto=compress&trim=color&q=90&dpr=2&updated_at=1649428507", "thumbUrl": "https://images.stockx.com/images/Nike-Dunk-Low-Georgetown-TD-Product.jpg?fit=fill&bg=FFFFFF&w=140&h=100&fm=webp&auto=compress&trim=color&q=90&dpr=2&updated_at=1649428507"}, "productCategory": "sneakers", "releaseDate": "2021-09-02", "retailPrice": 50, "shoe": "Nike Dunk Low", "title": "Nike Dunk Low Georgetown (TD)", "urlKey": "nike-dunk-low-georgetown-td", "market": {"lowestAsk": 58, "salesThisPeriod": 3, "salesLastPeriod": 0, "highestBid": 70, "volatility": 0.305093, "deadstockSold": 1378, "pricePremium": 0.06, "averageDeadstockPrice": 72, "lastSale": 53, "changeValue": -27, "changePercentage": -0.338377, "lastLowestAskTime": 1663504908, "lastHighestBidTime": 1662404439, "lastSaleDate": "2022-09-18T12:40:59+00:00"}, "objectID": "d0dc59fd-0416-4367-b708-141a2c904a41"}, {"id": "4c4f8e68-0fde-46d3-ac8a-efb33a6d7c34", "uuid": "4c4f8e68-0fde-46d3-ac8a-efb33a6d7c34", "brand": "Nike", "colorway": "Vanilla/Vermillon Red-Black Frost", "condition": "New", "description": "", "media": {"smallImageUrl": "https://images.stockx.com/images/Nike-Dunk-SB-Low-Mosquito-Product.jpg?fit=fill&bg=FFFFFF&w=300&h=214&fm=webp&auto=compress&trim=color&q=90&dpr=2&updated_at=1608514172", "thumbUrl": "https://images.stockx.com/images/Nike-Dunk-SB-Low-Mosquito-Product.jpg?fit=fill&bg=FFFFFF&w=140&h=100&fm=webp&auto=compress&trim=color&q=90&dpr=2&updated_at=1608514172"}, "productCategory": "sneakers", "releaseDate": "2008-11-08", "retailPrice": 130, "shoe": "Nike SB Dunk Low", "title": "Nike SB Dunk Low Mosquito", "urlKey": "nike-dunk-sb-low-mosquito", "market": {"lowestAsk": 1000, "salesThisPeriod": 0, "salesLastPeriod": 0, "highestBid": 780, "volatility": 0.193787, "deadstockSold": 13, "pricePremium": 4, "averageDeadstockPrice": 842, "lastSale": 650, "changeValue": -100, "changePercentage": -0.133333, "lastLowestAskTime": 1662979616, "lastHighestBidTime": 1660223515, "lastSaleDate": "2022-06-28T12:44:31+00:00"}, "objectID": "4c4f8e68-0fde-46d3-ac8a-efb33a6d7c34"}, {"id": "31a18cf1-34ed-4657-bcad-1749a7a27d99", "uuid": "31a18cf1-34ed-4657-bcad-1749a7a27d99", "brand": "Nike", "colorway": "Pearl White/Washed Teal-Black-White", "condition": "New", "description": "", "media": {"smallImageUrl": "https://images.stockx.com/images/Nike-Dunk-High-EMB-Beige-Black-Teal.jpg?fit=fill&bg=FFFFFF&w=300&h=214&fm=webp&auto=compress&trim=color&q=90&dpr=2&updated_at=1652750899", "thumbUrl": "https://images.stockx.com/images/Nike-Dunk-High-EMB-Beige-Black-Teal.jpg?fit=fill&bg=FFFFFF&w=140&h=100&fm=webp&auto=compress&trim=color&q=90&dpr=2&updated_at=1652750899"}, "productCategory": "sneakers", "releaseDate": "2022-05-01", "retailPrice": 110, "shoe": "Nike Dunk High EMB", "title": "Nike Dunk High EMB Beige Black Washed Teal", "urlKey": "nike-dunk-high-emb-beige-black-teal", "market": {"lowestAsk": 95, "salesThisPeriod": 5, "salesLastPeriod": 0, "highestBid": 123, "volatility": 0.136894, "deadstockSold": 128, "pricePremium": -0.018, "averageDeadstockPrice": 114, "lastSale": 108, "changeValue": 9, "changePercentage": 0.090909, "lastLowestAskTime": 1663764515, "lastHighestBidTime": 1663333573, "lastSaleDate": "2022-09-21T16:00:00+00:00"}, "objectID": "31a18cf1-34ed-4657-bcad-1749a7a27d99"}, {"id": "53e7e646-6b26-4386-a9a8-2d509d2330f7", "uuid": "53e7e646-6b26-4386-a9a8-2d509d2330f7", "brand": "Nike", "childId": null, "colorway": "White/Black-Sail", "condition": "New", "description": "", "media": {"smallImageUrl": "https://images.stockx.com/images/Nike-Dunk-High-Panda-Product.jpg?fit=fill&bg=FFFFFF&w=300&h=214&fm=webp&auto=compress&trim=color&q=90&dpr=2&updated_at=1614779689", "thumbUrl": "https://images.stockx.com/images/Nike-Dunk-High-Panda-Product.jpg?fit=fill&bg=FFFFFF&w=140&h=100&fm=webp&auto=compress&trim=color&q=90&dpr=2&updated_at=1614779689"}, "productCategory": "sneakers", "releaseDate": "2008-01-01", "retailPrice": 150, "shoe": "Nike Dunk High", "title": "Nike Dunk High Panda", "urlKey": "nike-dunk-high-panda", "market": {"lowestAsk": 1801, "salesThisPeriod": 0, "salesLastPeriod": 0, "highestBid": 801, "volatility": 0, "deadstockSold": 0, "pricePremium": 0, "averageDeadstockPrice": 0, "lastSale": 656, "changeValue": -44, "changePercentage": -0.062857, "lastLowestAskTime": 1661385294, "lastHighestBidTime": 1661106755, "lastSaleDate": "2020-05-02T06:03:34+00:00"}, "objectID": "53e7e646-6b26-4386-a9a8-2d509d2330f7"}, {"id": "102916e4-90dd-4b48-8ed0-5339ab6c6351", "uuid": "102916e4-90dd-4b48-8ed0-5339ab6c6351", "brand": "Nike", "colorway": "Neutral Grey/Green Spark-Black", "condition": "New", "description": "", "media": {"smallImageUrl": "https://images.stockx.com/images/Nike-Dunk-SB-Low-Loon-Product.jpg?fit=fill&bg=FFFFFF&w=300&h=214&fm=webp&auto=compress&trim=color&q=90&dpr=2&updated_at=1607048512", "thumbUrl": "https://images.stockx.com/images/Nike-Dunk-SB-Low-Loon-Product.jpg?fit=fill&bg=FFFFFF&w=140&h=100&fm=webp&auto=compress&trim=color&q=90&dpr=2&updated_at=1607048512"}, "productCategory": "sneakers", "releaseDate": "", "retailPrice": 98, "shoe": "Nike SB Dunk Low", "title": "Nike SB Dunk Low Loon", "urlKey": "nike-dunk-sb-low-loon", "market": {"lowestAsk": 740, "salesThisPeriod": 0, "salesLastPeriod": 0, "highestBid": 1047, "volatility": 0.151864, "deadstockSold": 19, "pricePremium": 6.153, "averageDeadstockPrice": 704, "lastSale": 701, "changeValue": -20, "changePercentage": -0.027892, "lastLowestAskTime": 1662347489, "lastHighestBidTime": 1663630004, "lastSaleDate": "2022-09-05T03:12:27+00:00"}, "objectID": "102916e4-90dd-4b48-8ed0-5339ab6c6351"}, {"id": "fc2267bc-5759-404d-ad2a-6f13898e8745", "uuid": "fc2267bc-5759-404d-ad2a-6f13898e8745", "brand": "Nike", "colorway": "Fire Red/Cement Grey-Black", "condition": "New", "description": "The most famous skate shop in the world is New York\u2019s Supreme. The SoHo shop opened in 1994 and had the key to success figured out well before DJ Khaled started Snapchatting. Nearly everything Supreme releases sells out, so they also tend to collaborate with the people that are pushing the envelope in their respective fields. Nike SB and Supreme have created a number of collaborations over the years but none is more famous than the Elephant Print laden Supreme x Nike SB Dunks that released in 2002. Ten years later, Supreme and Nike SB teamed up a second time on an SB Dunk officially colored Fire Red/Cement Grey-Black. The Red Cement Supreme Dunk Low released in Supreme stores in New York, Los Angeles, London, and Tokyo, making them more accessible than the original versions. Along with the familiar colors and details, the Nike Dunk SB Low Supreme also came with a hang tag keychain featuring the company\u2019s \"World Famous\" branding. While the original Supreme Dunks might be the most sought after, the Red Cement Supreme Dunks turned out to be a reseller\u2019s dream -- just like we\u2019ve come to expect from Supreme.", "media": {"smallImageUrl": "https://images.stockx.com/images/Nike-Dunk-SB-Low-Supreme-Red-Cement-2012-Product.jpg?fit=fill&bg=FFFFFF&w=300&h=214&fm=webp&auto=compress&trim=color&q=90&dpr=2&updated_at=1606324834", "thumbUrl": "https://images.stockx.com/images/Nike-Dunk-SB-Low-Supreme-Red-Cement-2012-Product.jpg?fit=fill&bg=FFFFFF&w=140&h=100&fm=webp&auto=compress&trim=color&q=90&dpr=2&updated_at=1606324834"}, "productCategory": "sneakers", "releaseDate": "2012-07-19", "retailPrice": 148, "shoe": "Nike SB Dunk Low", "title": "Nike SB Dunk Low Supreme  Red Cement (2012)", "urlKey": "nike-dunk-sb-low-supreme-ny-red-cement-2012", "market": {"lowestAsk": 1800, "salesThisPeriod": 0, "salesLastPeriod": 0, "highestBid": 1655, "volatility": 0.214544, "deadstockSold": 13, "pricePremium": 9.919, "averageDeadstockPrice": 2230, "lastSale": 1616, "changeValue": -782, "changePercentage": -0.326371, "lastLowestAskTime": 1663083650, "lastHighestBidTime": 1663179573, "lastSaleDate": "2022-07-04T10:53:03+00:00"}, "objectID": "fc2267bc-5759-404d-ad2a-6f13898e8745"}, {"id": "582d10dd-0d73-4b84-8578-4268dbf4d654", "uuid": "582d10dd-0d73-4b84-8578-4268dbf4d654", "brand": "Nike", "colorway": "Pale Ivory/Black", "condition": "New", "description": "", "media": {"smallImageUrl": "https://images.stockx.com/images/Nike-Dunk-Low-Disrupt-Pale-Ivory-Black-W-Product.jpg?fit=fill&bg=FFFFFF&w=300&h=214&fm=webp&auto=compress&trim=color&q=90&dpr=2&updated_at=1620398191", "thumbUrl": "https://images.stockx.com/images/Nike-Dunk-Low-Disrupt-Pale-Ivory-Black-W-Product.jpg?fit=fill&bg=FFFFFF&w=140&h=100&fm=webp&auto=compress&trim=color&q=90&dpr=2&updated_at=1620398191"}, "productCategory": "sneakers", "releaseDate": "", "retailPrice": 110, "shoe": "Nike Dunk Low Disrupt", "title": "Nike Dunk Low Disrupt Pale Ivory Black (W)", "urlKey": "nike-dunk-low-disrupt-pale-ivory-black-w", "market": {"lowestAsk": 278, "salesThisPeriod": 1, "salesLastPeriod": 0, "highestBid": 228, "volatility": 0.167937, "deadstockSold": 537, "pricePremium": 2.141, "averageDeadstockPrice": 269, "lastSale": 345, "changeValue": 79, "changePercentage": 0.293921, "lastLowestAskTime": 1663489177, "lastHighestBidTime": 1663165767, "lastSaleDate": "2022-09-16T09:09:21+00:00"}, "objectID": "582d10dd-0d73-4b84-8578-4268dbf4d654"}, {"id": "5d88528f-d3f1-473c-9ebe-09d20112d658", "uuid": "5d88528f-d3f1-473c-9ebe-09d20112d658", "brand": "Nike", "colorway": "Dusty Peach/Photo Blue-Desert Ore", "condition": "New", "description": "Dust off those skateboards and grab the Nike SB Dunk Low Corduroy Dusty Peach. This SB Dunk Low comes with a peach upper plus brown accents, blue Nike \"Swoosh\", white midsole, and a gum sole. These sneakers released in April 2019 and retailed for $90. Place a Bid for these sneakers on StockX today.", "media": {"smallImageUrl": "https://images.stockx.com/images/Nike-SB-Dunk-Low-Corduroy-Dusty-Peach-Product.jpg?fit=fill&bg=FFFFFF&w=300&h=214&fm=webp&auto=compress&trim=color&q=90&dpr=2&updated_at=1607052372", "thumbUrl": "https://images.stockx.com/images/Nike-SB-Dunk-Low-Corduroy-Dusty-Peach-Product.jpg?fit=fill&bg=FFFFFF&w=140&h=100&fm=webp&auto=compress&trim=color&q=90&dpr=2&updated_at=1607052372"}, "productCategory": "sneakers", "releaseDate": "2019-04-10", "retailPrice": 90, "shoe": "Nike SB Dunk Low", "title": "Nike SB Dunk Low Corduroy Dusty Peach", "urlKey": "nike-sb-dunk-low-corduroy-dusty-peach", "market": {"lowestAsk": 411, "salesThisPeriod": 0, "salesLastPeriod": 0, "highestBid": 460, "volatility": 0.204373, "deadstockSold": 69, "pricePremium": 4.101, "averageDeadstockPrice": 475, "lastSale": 459, "changeValue": 60, "changePercentage": 0.147623, "lastLowestAskTime": 1663675310, "lastHighestBidTime": 1663452726, "lastSaleDate": "2022-09-07T04:37:44+00:00"}, "objectID": "5d88528f-d3f1-473c-9ebe-09d20112d658"}, {"id": "e27147ca-fcc3-4f4c-9208-60304544e48f", "uuid": "e27147ca-fcc3-4f4c-9208-60304544e48f", "brand": "Nike", "childId": null, "colorway": "White/Red-Green", "condition": "New", "description": "", "media": {"smallImageUrl": "https://images.stockx.com/images/Nike-SB-Dunk-High-Paul-Rodriguez-Mexico_01.jpg?fit=fill&bg=FFFFFF&w=300&h=214&fm=webp&auto=compress&trim=color&q=90&dpr=2&updated_at=1606322814", "thumbUrl": "https://images.stockx.com/images/Nike-SB-Dunk-High-Paul-Rodriguez-Mexico_01.jpg?fit=fill&bg=FFFFFF&w=140&h=100&fm=webp&auto=compress&trim=color&q=90&dpr=2&updated_at=1606322814"}, "productCategory": "sneakers", "releaseDate": "2020-01-21", "retailPrice": 125, "shoe": "Nike SB Dunk High", "title": "Nike SB Dunk High Paul Rodriguez Mexico", "urlKey": "nike-sb-dunk-high-paul-rodriguez-mexico", "market": {"lowestAsk": 198, "salesThisPeriod": 0, "salesLastPeriod": 0, "highestBid": 215, "volatility": 0.125699, "deadstockSold": 265, "pricePremium": 1.056, "averageDeadstockPrice": 218, "lastSale": 257, "changeValue": 22, "changePercentage": 0.093617, "lastLowestAskTime": 1662045715, "lastHighestBidTime": 1663361489, "lastSaleDate": "2022-09-12T12:48:56+00:00"}, "objectID": "e27147ca-fcc3-4f4c-9208-60304544e48f"}, {"id": "99c70fe4-2eca-4a50-8c1a-2a942c79e6bb", "uuid": "99c70fe4-2eca-4a50-8c1a-2a942c79e6bb", "brand": "Nike", "colorway": "White/Silver-Light Smoke Grey-Light Smoke Grey", "condition": "New", "description": "", "media": {"smallImageUrl": "https://images.stockx.com/images/Nike-Dunk-High-Up-Light-Smoky-Gray-W.jpg?fit=fill&bg=FFFFFF&w=300&h=214&fm=webp&auto=compress&trim=color&q=90&dpr=2&updated_at=1641548928", "thumbUrl": "https://images.stockx.com/images/Nike-Dunk-High-Up-Light-Smoky-Gray-W.jpg?fit=fill&bg=FFFFFF&w=140&h=100&fm=webp&auto=compress&trim=color&q=90&dpr=2&updated_at=1641548928"}, "productCategory": "sneakers", "releaseDate": "", "retailPrice": 120, "shoe": "Nike Dunk High Up", "title": "Nike Dunk High Up Light Smoke Grey (W)", "urlKey": "nike-dunk-high-up-light-smoke-grey-w", "market": {"lowestAsk": 104, "salesThisPeriod": 2, "salesLastPeriod": 0, "highestBid": 120, "volatility": 0.16131, "deadstockSold": 404, "pricePremium": -0.025, "averageDeadstockPrice": 130, "lastSale": 117, "changeValue": -24, "changePercentage": -0.170213, "lastLowestAskTime": 1663664103, "lastHighestBidTime": 1663693771, "lastSaleDate": "2022-09-19T21:30:29+00:00"}, "objectID": "99c70fe4-2eca-4a50-8c1a-2a942c79e6bb"}, {"id": "478087dd-a33f-4602-8d8b-a58f8b5ba5f0", "uuid": "478087dd-a33f-4602-8d8b-a58f8b5ba5f0", "brand": "Nike SB", "colorway": "Dark Smoke Grey", "condition": "New", "description": "", "media": {"smallImageUrl": "https://images.stockx.com/images/Nike-SB-ISO-Dunk-Jacket-Dark-Smoke-Grey-Product-2.jpg?fit=fill&bg=FFFFFF&w=300&h=214&fm=webp&auto=compress&trim=color&q=90&dpr=2&updated_at=1658250301", "thumbUrl": "https://images.stockx.com/images/Nike-SB-ISO-Dunk-Jacket-Dark-Smoke-Grey-Product-2.jpg?fit=fill&bg=FFFFFF&w=140&h=100&fm=webp&auto=compress&trim=color&q=90&dpr=2&updated_at=1658250301"}, "productCategory": "streetwear", "releaseDate": "2021-03-01", "retailPrice": 110, "shoe": "Nike SB ISO Dunk", "title": "Nike SB ISO Dunk Jacket Dark Smoke Grey", "urlKey": "nike-sb-iso-dunk-jacket-dark-smoke-grey", "market": {"lowestAsk": 100, "salesThisPeriod": 0, "salesLastPeriod": 0, "highestBid": 155, "volatility": 0.151115, "deadstockSold": 408, "pricePremium": 0.364, "averageDeadstockPrice": 163, "lastSale": 150, "changeValue": -19, "changePercentage": -0.112426, "lastLowestAskTime": 1662921450, "lastHighestBidTime": 1662358569, "lastSaleDate": "2022-09-16T21:32:20+00:00"}, "objectID": "478087dd-a33f-4602-8d8b-a58f8b5ba5f0"}, {"id": "e6ef4fcf-729e-47ce-9652-5c49fdea5b16", "uuid": "e6ef4fcf-729e-47ce-9652-5c49fdea5b16", "brand": "Nike", "colorway": "Black/White-Black", "condition": "New", "description": "", "media": {"smallImageUrl": "https://images.stockx.com/images/Nike-SB-Dunk-Low-Civilist-FF-Box_Package0002.jpg?fit=fill&bg=FFFFFF&w=300&h=214&fm=webp&auto=compress&trim=color&q=90&dpr=2&updated_at=1647959008", "thumbUrl": "https://images.stockx.com/images/Nike-SB-Dunk-Low-Civilist-FF-Box_Package0002.jpg?fit=fill&bg=FFFFFF&w=140&h=100&fm=webp&auto=compress&trim=color&q=90&dpr=2&updated_at=1647959008"}, "productCategory": "sneakers", "releaseDate": "2020-08-29", "retailPrice": 100, "shoe": "Nike SB Dunk Low", "title": "Nike SB Dunk Low Civilist (F&F Box)", "urlKey": "nike-sb-dunk-low-civilist-ff-box", "market": {"lowestAsk": 565, "salesThisPeriod": 0, "salesLastPeriod": 0, "highestBid": 1250, "volatility": 0.225048, "deadstockSold": 6, "pricePremium": 0, "averageDeadstockPrice": 854, "lastSale": 1440, "changeValue": 990, "changePercentage": 2.19946, "lastLowestAskTime": 1662473986, "lastHighestBidTime": 1663193984, "lastSaleDate": "2022-08-19T22:07:26+00:00"}, "objectID": "e6ef4fcf-729e-47ce-9652-5c49fdea5b16"}, {"id": "03527871-a4f4-4c27-8d6a-83cb2a9b41e9", "uuid": "03527871-a4f4-4c27-8d6a-83cb2a9b41e9", "brand": "Nike", "colorway": "Multi-Color/Multi-Color", "condition": "New", "description": "The women's Nike Dunk Low Green Strike (W) takes a vibrant approach to the classic silhouette. It features a white leather upper with bright multi-colored overlays and black contrast stitching. A white midsole and black outsole completes the design.\n\nThe women's Nike Dunk Low Green Strike (W) released in March of 2021 and retailed for $100.", "media": {"smallImageUrl": "https://images.stockx.com/images/Nike-Dunk-Low-White-Multicolor-W-Product.jpg?fit=fill&bg=FFFFFF&w=300&h=214&fm=webp&auto=compress&trim=color&q=90&dpr=2&updated_at=1616520984", "thumbUrl": "https://images.stockx.com/images/Nike-Dunk-Low-White-Multicolor-W-Product.jpg?fit=fill&bg=FFFFFF&w=140&h=100&fm=webp&auto=compress&trim=color&q=90&dpr=2&updated_at=1616520984"}, "productCategory": "sneakers", "releaseDate": "2021-03-15", "retailPrice": 100, "shoe": "Nike Dunk Low", "title": "Nike Dunk Low Green Strike (W)", "urlKey": "nike-dunk-low-white-multicolor-w", "market": {"lowestAsk": 115, "salesThisPeriod": 2, "salesLastPeriod": 0, "highestBid": 125, "volatility": 0.264077, "deadstockSold": 1029, "pricePremium": -0.02, "averageDeadstockPrice": 136, "lastSale": 98, "changeValue": -24, "changePercentage": -0.196721, "lastLowestAskTime": 1662929727, "lastHighestBidTime": 1663635337, "lastSaleDate": "2022-09-17T19:48:07+00:00"}, "objectID": "03527871-a4f4-4c27-8d6a-83cb2a9b41e9"}, {"id": "23c5ebc8-3878-452e-9807-fb4387b2d521", "uuid": "23c5ebc8-3878-452e-9807-fb4387b2d521", "brand": "Nike", "childId": null, "colorway": "Midnight Navy/Black-White-Gum Medium Brown", "condition": "New", "description": "", "media": {"smallImageUrl": "https://images.stockx.com/images/Nike-SB-Dunk-Low-Navy-Black-Gum-Product.jpg?fit=fill&bg=FFFFFF&w=300&h=214&fm=webp&auto=compress&trim=color&q=90&dpr=2&updated_at=1611072146", "thumbUrl": "https://images.stockx.com/images/Nike-SB-Dunk-Low-Navy-Black-Gum-Product.jpg?fit=fill&bg=FFFFFF&w=140&h=100&fm=webp&auto=compress&trim=color&q=90&dpr=2&updated_at=1611072146"}, "productCategory": "sneakers", "releaseDate": "2020-11-17", "retailPrice": 90, "shoe": "Nike SB Dunk Low", "title": "Nike SB Dunk Low Navy Black Gum", "urlKey": "nike-sb-dunk-low-navy-black-gum", "market": {"lowestAsk": 246, "salesThisPeriod": 2, "salesLastPeriod": 0, "highestBid": 500, "volatility": 0.47755, "deadstockSold": 318, "pricePremium": 1.056, "averageDeadstockPrice": 286, "lastSale": 185, "changeValue": -135, "changePercentage": -0.421875, "lastLowestAskTime": 1663038146, "lastHighestBidTime": 1663518550, "lastSaleDate": "2022-09-18T04:55:46+00:00"}, "objectID": "23c5ebc8-3878-452e-9807-fb4387b2d521"}, {"id": "17e00439-8a40-4b7f-bde3-2d9baf33769a", "uuid": "17e00439-8a40-4b7f-bde3-2d9baf33769a", "brand": "Nike", "colorway": "Summit White/White-Sail-Black", "condition": "New", "description": "The women's Nike Dunk High Up Summit White (W) features a Summit White leather upper with Summit White and Sail overlays and Swooshes. Atop the Swoosh overlay, a mini Swoosh is embroidered, overlapping the panel. At the base, a doubled midsole and Sail outsole completes the design. \n<br>\n<br>\nThe women's Nike Dunk High Up Summit White (W) released in October of 2021 and retailed for $120.", "media": {"smallImageUrl": "https://images.stockx.com/images/Nike-Dunk-High-Rebel-White-Sail-Product.jpg?fit=fill&bg=FFFFFF&w=300&h=214&fm=webp&auto=compress&trim=color&q=90&dpr=2&updated_at=1639422141", "thumbUrl": "https://images.stockx.com/images/Nike-Dunk-High-Rebel-White-Sail-Product.jpg?fit=fill&bg=FFFFFF&w=140&h=100&fm=webp&auto=compress&trim=color&q=90&dpr=2&updated_at=1639422141"}, "productCategory": "sneakers", "releaseDate": "2021-08-12", "retailPrice": 120, "shoe": "Nike Dunk High Up", "title": "Nike Dunk High Up Summit White Sail (W)", "urlKey": "nike-dunk-high-rebel-summit-white-sail-w", "market": {"lowestAsk": 71, "salesThisPeriod": 2, "salesLastPeriod": 0, "highestBid": 72, "volatility": 0.16578, "deadstockSold": 898, "pricePremium": -0.299, "averageDeadstockPrice": 106, "lastSale": 84, "changeValue": -8, "changePercentage": -0.088164, "lastLowestAskTime": 1663587944, "lastHighestBidTime": 1663093350, "lastSaleDate": "2022-09-19T09:00:51+00:00"}, "objectID": "17e00439-8a40-4b7f-bde3-2d9baf33769a"}, {"id": "87bbe6a5-5236-45dc-bcdc-9849b6380370", "uuid": "87bbe6a5-5236-45dc-bcdc-9849b6380370", "brand": "Nike", "colorway": "Sail/Multi-Color-Birch-Rustic", "condition": "New", "description": "", "media": {"smallImageUrl": "https://images.stockx.com/images/Nike-Dunk-High-Bodega-Sail-Multi-Product.jpg?fit=fill&bg=FFFFFF&w=300&h=214&fm=webp&auto=compress&trim=color&q=90&dpr=2&updated_at=1611084376", "thumbUrl": "https://images.stockx.com/images/Nike-Dunk-High-Bodega-Sail-Multi-Product.jpg?fit=fill&bg=FFFFFF&w=140&h=100&fm=webp&auto=compress&trim=color&q=90&dpr=2&updated_at=1611084376"}, "productCategory": "sneakers", "releaseDate": "2020-12-30", "retailPrice": 120, "shoe": "Nike Dunk High", "title": "Nike Dunk High Bodega Sail Multi (Friends and Family)", "urlKey": "nike-dunk-high-bodega-sail-multi", "market": {"lowestAsk": 235, "salesThisPeriod": 1, "salesLastPeriod": 0, "highestBid": 271, "volatility": 0.162796, "deadstockSold": 921, "pricePremium": 1.167, "averageDeadstockPrice": 314, "lastSale": 260, "changeValue": -103, "changePercentage": -0.283747, "lastLowestAskTime": 1663361013, "lastHighestBidTime": 1663350881, "lastSaleDate": "2022-09-15T12:34:46+00:00"}, "objectID": "87bbe6a5-5236-45dc-bcdc-9849b6380370"}, {"id": "14b34dfe-9734-4953-af79-5039002faf3a", "uuid": "14b34dfe-9734-4953-af79-5039002faf3a", "brand": "Nike", "colorway": "Colorway: Metallic Silver/Sail-White-Metallic Silver", "condition": "New", "description": "", "media": {"smallImageUrl": "https://images.stockx.com/images/Nike-Dunk-Low-Metallic-Silver.jpg?fit=fill&bg=FFFFFF&w=300&h=214&fm=webp&auto=compress&trim=color&q=90&dpr=2&updated_at=1661758889", "thumbUrl": "https://images.stockx.com/images/Nike-Dunk-Low-Metallic-Silver.jpg?fit=fill&bg=FFFFFF&w=140&h=100&fm=webp&auto=compress&trim=color&q=90&dpr=2&updated_at=1661758889"}, "productCategory": "sneakers", "releaseDate": "", "retailPrice": 110, "shoe": "Nike Dunk Low", "title": "Nike Dunk Low Metallic Silver", "urlKey": "nike-dunk-low-metallic-silver", "market": {"lowestAsk": 108, "salesThisPeriod": 4, "salesLastPeriod": 0, "highestBid": 125, "volatility": 0.114169, "deadstockSold": 24, "pricePremium": -0.182, "averageDeadstockPrice": 97, "lastSale": 90, "changeValue": 5, "changePercentage": 0.058824, "lastLowestAskTime": 1663595411, "lastHighestBidTime": 1663271343, "lastSaleDate": "2022-09-20T14:35:23+00:00"}, "objectID": "14b34dfe-9734-4953-af79-5039002faf3a"}, {"id": "58b622d1-bfed-4dc7-9f89-1ee2d7623b06", "uuid": "58b622d1-bfed-4dc7-9f89-1ee2d7623b06", "brand": "Nike", "colorway": "White/Midnight Navy-Green-Volt", "condition": "New", "description": "", "media": {"smallImageUrl": "https://images.stockx.com/images/Nike-Dunk-High-Sports-Specialties-White-Navy-Product.jpg?fit=fill&bg=FFFFFF&w=300&h=214&fm=webp&auto=compress&trim=color&q=90&dpr=2&updated_at=1633530524", "thumbUrl": "https://images.stockx.com/images/Nike-Dunk-High-Sports-Specialties-White-Navy-Product.jpg?fit=fill&bg=FFFFFF&w=140&h=100&fm=webp&auto=compress&trim=color&q=90&dpr=2&updated_at=1633530524"}, "productCategory": "sneakers", "releaseDate": "2021-09-10", "retailPrice": 110, "shoe": "Nike Dunk High", "title": "Nike Dunk High Sports Specialties White Navy", "urlKey": "nike-dunk-high-sports-specialties-white-navy", "market": {"lowestAsk": 100, "salesThisPeriod": 1, "salesLastPeriod": 0, "highestBid": 122, "volatility": 0.206004, "deadstockSold": 1263, "pricePremium": 0.116, "averageDeadstockPrice": 138, "lastSale": 123, "changeValue": 7, "changePercentage": 0.057816, "lastLowestAskTime": 1663666814, "lastHighestBidTime": 1663563530, "lastSaleDate": "2022-09-19T15:48:23+00:00"}, "objectID": "58b622d1-bfed-4dc7-9f89-1ee2d7623b06"}, {"id": "abf9f3b6-928c-4cfc-9adc-4c9a28e55c2d", "uuid": "abf9f3b6-928c-4cfc-9adc-4c9a28e55c2d", "brand": "Nike", "colorway": "White/Grey/Black", "condition": "New", "description": "", "media": {"smallImageUrl": "https://images.stockx.com/images/Nike-Dunk-Low-Glitch-Swoosh-White-Grey-GS.jpg?fit=fill&bg=FFFFFF&w=300&h=214&fm=webp&auto=compress&trim=color&q=90&dpr=2&updated_at=1652142757", "thumbUrl": "https://images.stockx.com/images/Nike-Dunk-Low-Glitch-Swoosh-White-Grey-GS.jpg?fit=fill&bg=FFFFFF&w=140&h=100&fm=webp&auto=compress&trim=color&q=90&dpr=2&updated_at=1652142757"}, "productCategory": "sneakers", "releaseDate": "2022-05-01", "retailPrice": 85, "shoe": "Nike Dunk Low Glitch Swoosh", "title": "Nike Dunk Low Glitch Swoosh White Grey (GS)", "urlKey": "nike-dunk-low-glitch-swoosh-white-grey-gs", "market": {"lowestAsk": 114, "salesThisPeriod": 1, "salesLastPeriod": 0, "highestBid": 102, "volatility": 0.078357, "deadstockSold": 70, "pricePremium": 0.341, "averageDeadstockPrice": 123, "lastSale": 114, "changeValue": -4, "changePercentage": -0.033898, "lastLowestAskTime": 1663642702, "lastHighestBidTime": 1663374427, "lastSaleDate": "2022-09-18T00:14:36+00:00"}, "objectID": "abf9f3b6-928c-4cfc-9adc-4c9a28e55c2d"}, {"id": "9ec5f6ee-1fc0-43fa-82f3-affbbeb639e1", "uuid": "9ec5f6ee-1fc0-43fa-82f3-affbbeb639e1", "brand": "Nike", "colorway": "Black/Multi-Olive", "condition": "New", "description": "", "media": {"smallImageUrl": "https://images.stockx.com/images/Nike-Dunk-Low-Crazy-Camo-GS-Product.jpg?fit=fill&bg=FFFFFF&w=300&h=214&fm=webp&auto=compress&trim=color&q=90&dpr=2&updated_at=1629741815", "thumbUrl": "https://images.stockx.com/images/Nike-Dunk-Low-Crazy-Camo-GS-Product.jpg?fit=fill&bg=FFFFFF&w=140&h=100&fm=webp&auto=compress&trim=color&q=90&dpr=2&updated_at=1629741815"}, "productCategory": "sneakers", "releaseDate": "", "retailPrice": 95, "shoe": "Nike Dunk Low", "title": "Nike Dunk Low Crazy Camo (GS)", "urlKey": "nike-dunk-low-crazy-camo-gs", "market": {"lowestAsk": 154, "salesThisPeriod": 2, "salesLastPeriod": 0, "highestBid": 149, "volatility": 0.118327, "deadstockSold": 1928, "pricePremium": 0.621, "averageDeadstockPrice": 147, "lastSale": 154, "changeValue": -19, "changePercentage": -0.109827, "lastLowestAskTime": 1663069240, "lastHighestBidTime": 1662266667, "lastSaleDate": "2022-09-17T22:11:32+00:00"}, "objectID": "9ec5f6ee-1fc0-43fa-82f3-affbbeb639e1"}, {"id": "1553f698-e290-4962-a17c-6a3097baa5a7", "uuid": "1553f698-e290-4962-a17c-6a3097baa5a7", "brand": "Nike", "colorway": "Medium Grey/Varsity Red-White", "condition": "New", "description": "", "media": {"smallImageUrl": "https://images.stockx.com/images/Nike-Dunk-Low-UNLV-PS-Product.jpg?fit=fill&bg=FFFFFF&w=300&h=214&fm=webp&auto=compress&trim=color&q=90&dpr=2&updated_at=1650481003", "thumbUrl": "https://images.stockx.com/images/Nike-Dunk-Low-UNLV-PS-Product.jpg?fit=fill&bg=FFFFFF&w=140&h=100&fm=webp&auto=compress&trim=color&q=90&dpr=2&updated_at=1650481003"}, "productCategory": "sneakers", "releaseDate": "2021-02-18", "retailPrice": 65, "shoe": "Nike Dunk Low", "title": "Nike Dunk Low UNLV (PS)", "urlKey": "nike-dunk-low-unlv-ps", "market": {"lowestAsk": 111, "salesThisPeriod": 0, "salesLastPeriod": 0, "highestBid": 81, "volatility": 0.231025, "deadstockSold": 226, "pricePremium": 0.062, "averageDeadstockPrice": 116, "lastSale": 69, "changeValue": -58, "changePercentage": -0.456693, "lastLowestAskTime": 1661181735, "lastHighestBidTime": 1663590194, "lastSaleDate": "2022-09-15T11:01:04+00:00"}, "objectID": "1553f698-e290-4962-a17c-6a3097baa5a7"}, {"id": "1b29199c-5dc2-4889-90da-e4ed3b6bf101", "uuid": "1b29199c-5dc2-4889-90da-e4ed3b6bf101", "brand": "Nike", "childId": null, "colorway": "White/Black-White-Gum Light Brown-Safety Orange", "condition": "New", "description": "", "media": {"smallImageUrl": "https://images.stockx.com/images/Nike-SB-Dunk-Low-Orange-Label-White-Product.jpg?fit=fill&bg=FFFFFF&w=300&h=214&fm=webp&auto=compress&trim=color&q=90&dpr=2&updated_at=1607045829", "thumbUrl": "https://images.stockx.com/images/Nike-SB-Dunk-Low-Orange-Label-White-Product.jpg?fit=fill&bg=FFFFFF&w=140&h=100&fm=webp&auto=compress&trim=color&q=90&dpr=2&updated_at=1607045829"}, "productCategory": "sneakers", "releaseDate": "2019-04-25", "retailPrice": 90, "shoe": "Nike SB Dunk Low", "title": "Nike SB Dunk Low Orange Label White Black", "urlKey": "nike-sb-dunk-low-orange-label-white", "market": {"lowestAsk": 500, "salesThisPeriod": 0, "salesLastPeriod": 0, "highestBid": 570, "volatility": 0.215795, "deadstockSold": 32, "pricePremium": 4.222, "averageDeadstockPrice": 553, "lastSale": 470, "changeValue": 45, "changePercentage": 0.105882, "lastLowestAskTime": 1661959877, "lastHighestBidTime": 1663801272, "lastSaleDate": "2022-09-01T04:07:42+00:00"}, "objectID": "1b29199c-5dc2-4889-90da-e4ed3b6bf101"}]}