{"Pagination": {"query": "nike dunk", "queryID": "0a56a1803ed882013aaa62e83cb82e45", "index": "PRODUCTION_PG_FEATURED_DESC", "limit": 40, "page": 14, "total": 1994, "lastPage": "/api/v3/browse?_search=nike%20dunk&dataType=product&facetsToRetrieve=%7B%7D&filterVersion=4&page=25&propsToRetrieve=brand%2CchildId%2Ccolorway%2Ccondition%2Cdescription%2Cid%2Cmarket.averageDeadstockPrice%2Cmarket.bidAskData%2Cmarket.changePercentage%2Cmarket.changeValue%2Cmarket.deadstockSold%2Cmarket.highestBid%2Cmarket.lastHighestBidTime%2Cmarket.lastLowestAskTime%2Cmarket.lastSale%2Cmarket.lastSaleDate%2Cmarket.lastSaleValue%2Cmarket.lowestAsk%2Cmarket.pricePremium%2Cmarket.salesInformation%2Cmarket.salesLastPeriod%2Cmarket.salesThisPeriod%2Cmarket.volatility%2Cmedia.smallImageUrl%2Cmedia.thumbUrl%2CproductCategory%2CreleaseDate%2CretailPrice%2Cshoe%2Ctitle%2CurlKey%2Cuuid", "sort": ["featured"], "order": ["DESC"], "currentPage": "/api/v3/browse?_search=nike%20dunk&dataType=product&facetsToRetrieve=%7B%7D&filterVersion=4&page=14&propsToRetrieve=brand%2CchildId%2Ccolorway%2Ccondition%2Cdescription%2Cid%2Cmarket.averageDeadstockPrice%2Cmarket.bidAskData%2Cmarket.changePercentage%2Cmarket.changeValue%2Cmarket.deadstockSold%2Cmarket.highestBid%2Cmarket.lastHighestBidTime%2Cmarket.lastLowestAskTime%2Cmarket.lastSale%2Cmarket.lastSaleDate%2Cmarket.lastSaleValue%2Cmarket.lowestAsk%2Cmarket.pricePremium%2Cmarket.salesInformation%2Cmarket.salesLastPeriod%2Cmarket.salesThisPeriod%2Cmarket.volatility%2Cmedia.smallImageUrl%2Cmedia.thumbUrl%2CproductCategory%2CreleaseDate%2CretailPrice%2Cshoe%2Ctitle%2CurlKey%2Cuuid", "nextPage": "/api/v3/browse?_search=nike%20dunk&dataType=product&facetsToRetrieve=%7B%7D&filterVersion=4&page=15&propsToRetrieve=brand%2CchildId%2Ccolorway%2Ccondition%2Cdescription%2Cid%2Cmarket.averageDeadstockPrice%2Cmarket.bidAskData%2Cmarket.changePercentage%2Cmarket.changeValue%2Cmarket.deadstockSold%2Cmarket.highestBid%2Cmarket.lastHighestBidTime%2Cmarket.lastLowestAskTime%2Cmarket.lastSale%2Cmarket.lastSaleDate%2Cmarket.lastSaleValue%2Cmarket.lowestAsk%2Cmarket.pricePremium%2Cmarket.salesInformation%2Cmarket.salesLastPeriod%2Cmarket.salesThisPeriod%2Cmarket.volatility%2Cmedia.smallImageUrl%2Cmedia.thumbUrl%2CproductCategory%2CreleaseDate%2CretailPrice%2Cshoe%2Ctitle%2CurlKey%2Cuuid", "previousPage": "/api/v3/browse?_search=nike%20dunk&dataType=product&facetsToRetrieve=%7B%7D&filterVersion=4&page=13&propsToRetrieve=brand%2CchildId%2Ccolorway%2Ccondition%2Cdescription%2Cid%2Cmarket.averageDeadstockPrice%2Cmarket.bidAskData%2Cmarket.changePercentage%2Cmarket.changeValue%2Cmarket.deadstockSold%2Cmarket.highestBid%2Cmarket.lastHighestBidTime%2Cmarket.lastLowestAskTime%2Cmarket.lastSale%2Cmarket.lastSaleDate%2Cmarket.lastSaleValue%2Cmarket.lowestAsk%2Cmarket.pricePremium%2Cmarket.salesInformation%2Cmarket.salesLastPeriod%2Cmarket.salesThisPeriod%2Cmarket.volatility%2Cmedia.smallImageUrl%2Cmedia.thumbUrl%2CproductCategory%2CreleaseDate%2CretailPrice%2Cshoe%2Ctitle%2CurlKey%2Cuuid"}, "Facets": {}, "Products": [{"id": "f1e72ea4-1a9c-4edb-be29-5cfa896f188c", "uuid": "f1e72ea4-1a9c-4edb-be29-5cfa896f188c", "brand": "Nike", "colorway": "White/Gypsy Rose", "condition": "New", "description": "", "media": {"smallImageUrl": "https://images.stockx.com/images/Nike-Dunk-Low-White-Gypsy-Rose-TD-Product.jpg?fit=fill&bg=FFFFFF&w=300&h=214&fm=webp&auto=compress&trim=color&q=90&dpr=2&updated_at=1646935687", "thumbUrl": "https://images.stockx.com/images/Nike-Dunk-Low-White-Gypsy-Rose-TD-Product.jpg?fit=fill&bg=FFFFFF&w=140&h=100&fm=webp&auto=compress&trim=color&q=90&dpr=2&updated_at=1646935687"}, "productCategory": "sneakers", "releaseDate": "2021-12-13", "retailPrice": 50, "shoe": "Nike Dunk Low", "title": "Nike Dunk Low White Gypsy Rose (TD)", "urlKey": "nike-dunk-low-white-gypsy-rose-td", "market": {"lowestAsk": 63, "salesThisPeriod": 3, "salesLastPeriod": 0, "highestBid": 55, "volatility": 0.175048, "deadstockSold": 1108, "pricePremium": 0.1, "averageDeadstockPrice": 71, "lastSale": 55, "changeValue": -16, "changePercentage": -0.225352, "lastLowestAskTime": 1663614389, "lastHighestBidTime": 1662150779, "lastSaleDate": "2022-09-19T19:05:07+00:00"}, "objectID": "f1e72ea4-1a9c-4edb-be29-5cfa896f188c"}, {"id": "10fc1da2-1063-4dfd-bb3f-491cb348cc03", "uuid": "10fc1da2-1063-4dfd-bb3f-491cb348cc03", "brand": "Nike", "colorway": "Grey Fog/Photon Dust-Stealth", "condition": "New", "description": "", "media": {"smallImageUrl": "https://images.stockx.com/images/Nike-Dunk-Low-Ice-W.jpg?fit=fill&bg=FFFFFF&w=300&h=214&fm=webp&auto=compress&trim=color&q=90&dpr=2&updated_at=1639206793", "thumbUrl": "https://images.stockx.com/images/Nike-Dunk-Low-Ice-W.jpg?fit=fill&bg=FFFFFF&w=140&h=100&fm=webp&auto=compress&trim=color&q=90&dpr=2&updated_at=1639206793"}, "productCategory": "sneakers", "releaseDate": "", "retailPrice": 110, "shoe": "Nike Dunk Low", "title": "Nike Dunk Low Ice (W)", "urlKey": "nike-dunk-low-ice-w", "market": {"lowestAsk": 217, "salesThisPeriod": 1, "salesLastPeriod": 0, "highestBid": 401, "volatility": 0.204521, "deadstockSold": 224, "pricePremium": 1.382, "averageDeadstockPrice": 402, "lastSale": 262, "changeValue": -93, "changePercentage": -0.262733, "lastLowestAskTime": 1663549821, "lastHighestBidTime": 1660889999, "lastSaleDate": "2022-09-18T20:39:31+00:00"}, "objectID": "10fc1da2-1063-4dfd-bb3f-491cb348cc03"}, {"id": "f4d1da4b-b1d4-40c7-b130-a3eecedcda83", "uuid": "f4d1da4b-b1d4-40c7-b130-a3eecedcda83", "brand": "Nike", "colorway": "Multi-Color/Multi-Color", "condition": "New", "description": "", "media": {"smallImageUrl": "https://images.stockx.com/images/Nike-Dunk-SB-Low-Concepts-Grail-Product.jpg?fit=fill&bg=FFFFFF&w=300&h=214&fm=webp&auto=compress&trim=color&q=90&dpr=2&updated_at=1607647784", "thumbUrl": "https://images.stockx.com/images/Nike-Dunk-SB-Low-Concepts-Grail-Product.jpg?fit=fill&bg=FFFFFF&w=140&h=100&fm=webp&auto=compress&trim=color&q=90&dpr=2&updated_at=1607647784"}, "productCategory": "sneakers", "releaseDate": "2015-07-25", "retailPrice": 180, "shoe": "Nike SB Dunk Low", "title": "Nike SB Dunk Low Concepts Grail", "urlKey": "nike-dunk-sb-low-cncpts-grail", "market": {"lowestAsk": 625, "salesThisPeriod": 0, "salesLastPeriod": 0, "highestBid": 901, "volatility": 0.467261, "deadstockSold": 51, "pricePremium": 2.722, "averageDeadstockPrice": 733, "lastSale": 670, "changeValue": -130, "changePercentage": -0.1625, "lastLowestAskTime": 1663775788, "lastHighestBidTime": 1662171000, "lastSaleDate": "2022-09-16T19:04:55+00:00"}, "objectID": "f4d1da4b-b1d4-40c7-b130-a3eecedcda83"}, {"id": "1cd9958a-a90f-4652-8592-b9677e2119cd", "uuid": "1cd9958a-a90f-4652-8592-b9677e2119cd", "brand": "Nike", "colorway": "Black/Multi-Color-Black", "condition": "New", "description": "", "media": {"smallImageUrl": "https://images.stockx.com/images/Nike-Dunk-Low-Animal-Instinct-Black-W-Product.jpg?fit=fill&bg=FFFFFF&w=300&h=214&fm=webp&auto=compress&trim=color&q=90&dpr=2&updated_at=1643118752", "thumbUrl": "https://images.stockx.com/images/Nike-Dunk-Low-Animal-Instinct-Black-W-Product.jpg?fit=fill&bg=FFFFFF&w=140&h=100&fm=webp&auto=compress&trim=color&q=90&dpr=2&updated_at=1643118752"}, "productCategory": "sneakers", "releaseDate": "", "retailPrice": 110, "shoe": "Nike Dunk Low SE", "title": "Nike Dunk Low SE Primal Black (W)", "urlKey": "nike-dunk-low-animal-instinct-black-w", "market": {"lowestAsk": 48, "salesThisPeriod": 7, "salesLastPeriod": 0, "highestBid": 65, "volatility": 0.168748, "deadstockSold": 891, "pricePremium": -0.168, "averageDeadstockPrice": 79, "lastSale": 91, "changeValue": 40, "changePercentage": 0.759246, "lastLowestAskTime": 1663701997, "lastHighestBidTime": 1663675115, "lastSaleDate": "2022-09-20T18:02:32+00:00"}, "objectID": "1cd9958a-a90f-4652-8592-b9677e2119cd"}, {"id": "48d8a4b5-32d1-4238-94fb-8c7b06bfdcc2", "uuid": "48d8a4b5-32d1-4238-94fb-8c7b06bfdcc2", "brand": "Nike", "childId": null, "colorway": "Summit White/White-Wolf Grey", "condition": "New", "description": "", "media": {"smallImageUrl": "https://images.stockx.com/images/Nike-SB-Dunk-Low-Summit-White-Wolf-Grey.png?fit=fill&bg=FFFFFF&w=300&h=214&fm=webp&auto=compress&trim=color&q=90&dpr=2&updated_at=1607054162", "thumbUrl": "https://images.stockx.com/images/Nike-SB-Dunk-Low-Summit-White-Wolf-Grey.png?fit=fill&bg=FFFFFF&w=140&h=100&fm=webp&auto=compress&trim=color&q=90&dpr=2&updated_at=1607054162"}, "productCategory": "sneakers", "releaseDate": "2018-06-25", "retailPrice": 90, "shoe": "Nike SB Dunk Low", "title": "Nike SB Dunk Low Summit White Wolf Grey", "urlKey": "nike-sb-dunk-low-summit-white-wolf-grey", "market": {"lowestAsk": 1271, "salesThisPeriod": 0, "salesLastPeriod": 0, "highestBid": 752, "volatility": 0.434355, "deadstockSold": 11, "pricePremium": 7.333, "averageDeadstockPrice": 989, "lastSale": 750, "changeValue": -569, "changePercentage": -0.431525, "lastLowestAskTime": 1662159019, "lastHighestBidTime": 1657759719, "lastSaleDate": "2022-04-28T14:21:40+00:00"}, "objectID": "48d8a4b5-32d1-4238-94fb-8c7b06bfdcc2"}, {"id": "b97c7b3b-4575-475a-9ef1-67786da5d923", "uuid": "b97c7b3b-4575-475a-9ef1-67786da5d923", "brand": "Nike", "colorway": "Smoke Grey/Smoke Grey-Gum", "condition": "New", "description": "", "media": {"smallImageUrl": "https://images.stockx.com/images/Nike-SB-Dunk-High-Pro-Orange-Label-Smoke-Grey-Product.jpg?fit=fill&bg=FFFFFF&w=300&h=214&fm=webp&auto=compress&trim=color&q=90&dpr=2&updated_at=1617910295", "thumbUrl": "https://images.stockx.com/images/Nike-SB-Dunk-High-Pro-Orange-Label-Smoke-Grey-Product.jpg?fit=fill&bg=FFFFFF&w=140&h=100&fm=webp&auto=compress&trim=color&q=90&dpr=2&updated_at=1617910295"}, "productCategory": "sneakers", "releaseDate": "", "retailPrice": 110, "shoe": "Nike SB Dunk High Pro", "title": "Nike SB Dunk High Pro Orange Label Smoke Grey", "urlKey": "nike-sb-dunk-high-pro-orange-label-smoke-grey", "market": {"lowestAsk": 151, "salesThisPeriod": 1, "salesLastPeriod": 0, "highestBid": 400, "volatility": 0.350073, "deadstockSold": 446, "pricePremium": 1.673, "averageDeadstockPrice": 266, "lastSale": 294, "changeValue": -155, "changePercentage": -0.345212, "lastLowestAskTime": 1663692762, "lastHighestBidTime": 1663799422, "lastSaleDate": "2022-09-19T11:28:48+00:00"}, "objectID": "b97c7b3b-4575-475a-9ef1-67786da5d923"}, {"id": "62654bb8-fea4-4e1f-9d6b-09dc886106dd", "uuid": "62654bb8-fea4-4e1f-9d6b-09dc886106dd", "brand": "Nike", "colorway": "Sail/Neutral Grey", "condition": "New", "description": "", "media": {"smallImageUrl": "https://images.stockx.com/images/Nike-Dunk-Low-Off-White-Lot-18.jpg?fit=fill&bg=FFFFFF&w=300&h=214&fm=webp&auto=compress&trim=color&q=90&dpr=2&updated_at=1628509259", "thumbUrl": "https://images.stockx.com/images/Nike-Dunk-Low-Off-White-Lot-18.jpg?fit=fill&bg=FFFFFF&w=140&h=100&fm=webp&auto=compress&trim=color&q=90&dpr=2&updated_at=1628509259"}, "productCategory": "sneakers", "releaseDate": "2021-08-09", "retailPrice": 180, "shoe": "Nike Dunk Low", "title": "Nike Dunk Low Off-White Lot 18", "urlKey": "nike-dunk-low-off-white-lot-18", "market": {"lowestAsk": 534, "salesThisPeriod": 2, "salesLastPeriod": 0, "highestBid": 575, "volatility": 0.168394, "deadstockSold": 172, "pricePremium": 2.056, "averageDeadstockPrice": 630, "lastSale": 550, "changeValue": -27, "changePercentage": -0.046794, "lastLowestAskTime": 1663666483, "lastHighestBidTime": 1663181316, "lastSaleDate": "2022-09-20T09:33:09+00:00"}, "objectID": "62654bb8-fea4-4e1f-9d6b-09dc886106dd"}, {"id": "423ee7ce-a674-4737-bfdd-5ec618449f41", "uuid": "423ee7ce-a674-4737-bfdd-5ec618449f41", "brand": "Nike", "colorway": "Blue Hero/Pale Ivory/Black", "condition": "New", "description": "The Nike SB Dunk Low Instant Skateboards features blue, ivory, and black leather uppers with neutral tones of Pale Ivory and gray starting at the toebox and continuing halfway up the shoe. From there, a small dog icon with a crossbones background and a tiny blue Swoosh at the toe complete the design.\n<br>\n<br>\nThe Nike SB Dunk Low Instant Skateboards released in September of 2020 and retailed for $100.", "media": {"smallImageUrl": "https://images.stockx.com/images/Nike-SB-Dunk-Low-Instant-Skateboards-Product.jpg?fit=fill&bg=FFFFFF&w=300&h=214&fm=webp&auto=compress&trim=color&q=90&dpr=2&updated_at=1607059515", "thumbUrl": "https://images.stockx.com/images/Nike-SB-Dunk-Low-Instant-Skateboards-Product.jpg?fit=fill&bg=FFFFFF&w=140&h=100&fm=webp&auto=compress&trim=color&q=90&dpr=2&updated_at=1607059515"}, "productCategory": "sneakers", "releaseDate": "2020-09-19", "retailPrice": 100, "shoe": "Nike SB Dunk Low", "title": "Nike SB Dunk Low Instant Skateboards", "urlKey": "nike-sb-dunk-low-instant-skateboards", "market": {"lowestAsk": 230, "salesThisPeriod": 1, "salesLastPeriod": 0, "highestBid": 283, "volatility": 0.082508, "deadstockSold": 296, "pricePremium": 2.305, "averageDeadstockPrice": 320, "lastSale": 331, "changeValue": 29, "changePercentage": 0.094496, "lastLowestAskTime": 1663692162, "lastHighestBidTime": 1660614825, "lastSaleDate": "2022-09-18T17:48:58+00:00"}, "objectID": "423ee7ce-a674-4737-bfdd-5ec618449f41"}, {"id": "bc36ccd9-de6c-494b-adf9-56e2f5e872e5", "uuid": "bc36ccd9-de6c-494b-adf9-56e2f5e872e5", "brand": "Nike", "colorway": "College Navy/Grey", "condition": "New", "description": "In the spirit of March Madness, Nike paid tribute to the University of Georgetown Hoyas with the women\u2019s exclusive Nike Dunk Low College Navy (W). The Hoyas are one of the most storied basketball programs in NCAA history and one of the first to be sponsored by the Swoosh.\n\nCollege Navy and Wolf Grey leather comprise the upper of the women's Nike Dunk Low College Navy (W). College Navy makes up the toe, medial side, and ankle while Wolf Grey makes up the overlays, vamp, and Swoosh. Hits of red are prominent on the woven tongue label and heel logo. A white midsole and light grey translucent outsole finalize the colorway.\n\nThe women's Nike Dunk Low College Navy (W) released in March of 2021 and retailed for $100.", "media": {"smallImageUrl": "https://images.stockx.com/images/Nike-Dunk-Low-College-Navy-Grey-W-Product.jpg?fit=fill&bg=FFFFFF&w=300&h=214&fm=webp&auto=compress&trim=color&q=90&dpr=2&updated_at=1638391090", "thumbUrl": "https://images.stockx.com/images/Nike-Dunk-Low-College-Navy-Grey-W-Product.jpg?fit=fill&bg=FFFFFF&w=140&h=100&fm=webp&auto=compress&trim=color&q=90&dpr=2&updated_at=1638391090"}, "productCategory": "sneakers", "releaseDate": "2021-03-29", "retailPrice": 100, "shoe": "Nike Dunk Low", "title": "Nike Dunk Low College Navy Grey (W)", "urlKey": "nike-dunk-low-college-navy-grey-w", "market": {"lowestAsk": 166, "salesThisPeriod": 0, "salesLastPeriod": 0, "highestBid": 169, "volatility": 0.138531, "deadstockSold": 851, "pricePremium": 1.082, "averageDeadstockPrice": 196, "lastSale": 208, "changeValue": 34, "changePercentage": 0.189446, "lastLowestAskTime": 1663190247, "lastHighestBidTime": 1662026479, "lastSaleDate": "2022-09-14T18:11:03+00:00"}, "objectID": "bc36ccd9-de6c-494b-adf9-56e2f5e872e5"}, {"id": "f8e174d8-6949-4dd9-80d9-f2242f31c204", "uuid": "f8e174d8-6949-4dd9-80d9-f2242f31c204", "brand": "Nike", "childId": null, "colorway": "White/University Blue-White", "condition": "New", "description": "", "media": {"smallImageUrl": "https://images.stockx.com/images/Nike-Dunk-High-University-Blue-2021.jpg?fit=fill&bg=FFFFFF&w=300&h=214&fm=webp&auto=compress&trim=color&q=90&dpr=2&updated_at=1623219751", "thumbUrl": "https://images.stockx.com/images/Nike-Dunk-High-University-Blue-2021.jpg?fit=fill&bg=FFFFFF&w=140&h=100&fm=webp&auto=compress&trim=color&q=90&dpr=2&updated_at=1623219751"}, "productCategory": "sneakers", "releaseDate": "", "retailPrice": 110, "shoe": "Nike Dunk High", "title": "Nike Dunk High University Blue (2021)", "urlKey": "nike-dunk-high-university-blue-2021", "market": {"lowestAsk": 0, "salesThisPeriod": 0, "salesLastPeriod": 0, "highestBid": 530, "volatility": 0, "deadstockSold": 1, "pricePremium": 3.091, "averageDeadstockPrice": 450, "lastSale": 450, "changeValue": 0, "changePercentage": 0, "lastLowestAskTime": 0, "lastHighestBidTime": 1663376635, "lastSaleDate": "2021-11-27T04:50:01+00:00"}, "objectID": "f8e174d8-6949-4dd9-80d9-f2242f31c204"}, {"id": "e67dbeb8-94ea-40eb-ab68-b15cc40dc020", "uuid": "e67dbeb8-94ea-40eb-ab68-b15cc40dc020", "brand": "Nike", "childId": null, "colorway": "Black/White-Red-Sail", "condition": "New", "description": "The Nike SB Dunk High Oski Shark features a black, white, red, and Sail tumbled leather upper with the black paneled overlays of the silhouette looking somewhat similar to the smoothness of suede. From there, Nike \"SB Dunk\" branding is present on the tongue in red and white and the characteristic Nike \"Swoosh,\" turned into a sweeping shark, complete the design.\n<br>\n<br>\nThe Nike SB Dunk High Oski Shark released in December of 2019 and retailed for $115.", "media": {"smallImageUrl": "https://images.stockx.com/images/Nike-SB-Dunk-High-Oski-Shark-1.jpg?fit=fill&bg=FFFFFF&w=300&h=214&fm=webp&auto=compress&trim=color&q=90&dpr=2&updated_at=1608516167", "thumbUrl": "https://images.stockx.com/images/Nike-SB-Dunk-High-Oski-Shark-1.jpg?fit=fill&bg=FFFFFF&w=140&h=100&fm=webp&auto=compress&trim=color&q=90&dpr=2&updated_at=1608516167"}, "productCategory": "sneakers", "releaseDate": "2019-12-21", "retailPrice": 115, "shoe": "Nike SB Dunk High", "title": "Nike SB Dunk High Oski Shark", "urlKey": "nike-sb-dunk-high-oski-shark", "market": {"lowestAsk": 121, "salesThisPeriod": 4, "salesLastPeriod": 0, "highestBid": 365, "volatility": 0.331529, "deadstockSold": 219, "pricePremium": 0.922, "averageDeadstockPrice": 275, "lastSale": 221, "changeValue": -33, "changePercentage": -0.129921, "lastLowestAskTime": 1663790350, "lastHighestBidTime": 1663799913, "lastSaleDate": "2022-09-20T19:42:45+00:00"}, "objectID": "e67dbeb8-94ea-40eb-ab68-b15cc40dc020"}, {"id": "2a7b79db-cfde-4a6a-8857-f2e9d14992ab", "uuid": "2a7b79db-cfde-4a6a-8857-f2e9d14992ab", "brand": "Nike", "colorway": "White/Light Graphite-Light Carnation", "condition": "New", "description": "", "media": {"smallImageUrl": "https://images.stockx.com/images/Nike-Dunk-Low-Daktari-W.jpg?fit=fill&bg=FFFFFF&w=300&h=214&fm=webp&auto=compress&trim=color&q=90&dpr=2&updated_at=1622617567", "thumbUrl": "https://images.stockx.com/images/Nike-Dunk-Low-Daktari-W.jpg?fit=fill&bg=FFFFFF&w=140&h=100&fm=webp&auto=compress&trim=color&q=90&dpr=2&updated_at=1622617567"}, "productCategory": "sneakers", "releaseDate": "2003-01-01", "retailPrice": 60, "shoe": "Nike Dunk Low", "title": "Nike Dunk Low Daktari (W)", "urlKey": "nike-dunk-low-daktari-w", "market": {"lowestAsk": 3999, "salesThisPeriod": 0, "salesLastPeriod": 0, "highestBid": 300, "volatility": 0, "deadstockSold": 0, "pricePremium": 0, "averageDeadstockPrice": 0, "lastSale": 0, "changeValue": 0, "changePercentage": 0, "lastLowestAskTime": 1661896358, "lastHighestBidTime": 1662654794, "lastSaleDate": ""}, "objectID": "2a7b79db-cfde-4a6a-8857-f2e9d14992ab"}, {"id": "62606a50-6d17-48c2-9649-1cd6bfc4618b", "uuid": "62606a50-6d17-48c2-9649-1cd6bfc4618b", "brand": "Nike", "colorway": "Black/Black/Black", "condition": "New", "description": "", "media": {"smallImageUrl": "https://images.stockx.com/images/Nike-Dunk-Low-Dover-Street-Market-Triple-Black-Velvet-Product.jpg?fit=fill&bg=FFFFFF&w=300&h=214&fm=webp&auto=compress&trim=color&q=90&dpr=2&updated_at=1646168341", "thumbUrl": "https://images.stockx.com/images/Nike-Dunk-Low-Dover-Street-Market-Triple-Black-Velvet-Product.jpg?fit=fill&bg=FFFFFF&w=140&h=100&fm=webp&auto=compress&trim=color&q=90&dpr=2&updated_at=1646168341"}, "productCategory": "sneakers", "releaseDate": "2022-02-05", "retailPrice": 150, "shoe": "Nike Dunk Low", "title": "Nike Dunk Low Dover Street Market Triple Black Velvet", "urlKey": "nike-dunk-low-dover-street-market-triple-black-velvet", "market": {"lowestAsk": 231, "salesThisPeriod": 1, "salesLastPeriod": 0, "highestBid": 375, "volatility": 0.282617, "deadstockSold": 402, "pricePremium": 0.473, "averageDeadstockPrice": 292, "lastSale": 221, "changeValue": -18, "changePercentage": -0.075314, "lastLowestAskTime": 1663711081, "lastHighestBidTime": 1662971632, "lastSaleDate": "2022-09-20T22:48:47+00:00"}, "objectID": "62606a50-6d17-48c2-9649-1cd6bfc4618b"}, {"id": "971a1f88-ed5f-4f60-9202-a454b4bc7772", "uuid": "971a1f88-ed5f-4f60-9202-a454b4bc7772", "brand": "Nike", "colorway": "White/Orange", "condition": "New", "description": "", "media": {"smallImageUrl": "https://images.stockx.com/images/Nike-Dunk-High-SP-Syracuse-GS-2021-Product.jpg?fit=fill&bg=FFFFFF&w=300&h=214&fm=webp&auto=compress&trim=color&q=90&dpr=2&updated_at=1646687881", "thumbUrl": "https://images.stockx.com/images/Nike-Dunk-High-SP-Syracuse-GS-2021-Product.jpg?fit=fill&bg=FFFFFF&w=140&h=100&fm=webp&auto=compress&trim=color&q=90&dpr=2&updated_at=1646687881"}, "productCategory": "sneakers", "releaseDate": "2021-03-10", "retailPrice": 90, "shoe": "Nike Dunk High SP", "title": "Nike Dunk High SP Syracuse (2021) (GS)", "urlKey": "nike-dunk-high-sp-syracuse-gs-2021", "market": {"lowestAsk": 115, "salesThisPeriod": 1, "salesLastPeriod": 0, "highestBid": 180, "volatility": 0.225808, "deadstockSold": 1286, "pricePremium": 0.714, "averageDeadstockPrice": 194, "lastSale": 154, "changeValue": -45, "changePercentage": -0.226395, "lastLowestAskTime": 1663179914, "lastHighestBidTime": 1663163352, "lastSaleDate": "2022-09-17T17:07:39+00:00"}, "objectID": "971a1f88-ed5f-4f60-9202-a454b4bc7772"}, {"id": "54197c5f-7fba-4ffc-a7e9-e3511c6cd08d", "uuid": "54197c5f-7fba-4ffc-a7e9-e3511c6cd08d", "brand": "Nike", "colorway": "Sail/Neutral Grey-Amarillo", "condition": "New", "description": "", "media": {"smallImageUrl": "https://images.stockx.com/images/Nike-Dunk-Low-Off-White-Lot-39.jpg?fit=fill&bg=FFFFFF&w=300&h=214&fm=webp&auto=compress&trim=color&q=90&dpr=2&updated_at=1628509265", "thumbUrl": "https://images.stockx.com/images/Nike-Dunk-Low-Off-White-Lot-39.jpg?fit=fill&bg=FFFFFF&w=140&h=100&fm=webp&auto=compress&trim=color&q=90&dpr=2&updated_at=1628509265"}, "productCategory": "sneakers", "releaseDate": "2021-08-09", "retailPrice": 180, "shoe": "Nike Dunk Low", "title": "Nike Dunk Low Off-White Lot 39", "urlKey": "nike-dunk-low-off-white-lot-39", "market": {"lowestAsk": 490, "salesThisPeriod": 2, "salesLastPeriod": 0, "highestBid": 527, "volatility": 0.144594, "deadstockSold": 365, "pricePremium": 2.233, "averageDeadstockPrice": 557, "lastSale": 582, "changeValue": -27, "changePercentage": -0.044335, "lastLowestAskTime": 1663717820, "lastHighestBidTime": 1663557706, "lastSaleDate": "2022-09-20T13:20:51+00:00"}, "objectID": "54197c5f-7fba-4ffc-a7e9-e3511c6cd08d"}, {"id": "f54b8afa-1872-4f93-8a1d-6d8e31fc8ab4", "uuid": "f54b8afa-1872-4f93-8a1d-6d8e31fc8ab4", "brand": "Nike", "colorway": "White/Grey-White", "condition": "New", "description": "", "media": {"smallImageUrl": "https://images.stockx.com/images/Nike-Dunk-High-SP-White-Grey-Product.jpg?fit=fill&bg=FFFFFF&w=300&h=214&fm=webp&auto=compress&trim=color&q=90&dpr=2&updated_at=1654799831", "thumbUrl": "https://images.stockx.com/images/Nike-Dunk-High-SP-White-Grey-Product.jpg?fit=fill&bg=FFFFFF&w=140&h=100&fm=webp&auto=compress&trim=color&q=90&dpr=2&updated_at=1654799831"}, "productCategory": "sneakers", "releaseDate": "2020-11-13", "retailPrice": 120, "shoe": "Nike Dunk High SP", "title": "Nike Dunk High SP Pure Platinum", "urlKey": "nike-dunk-high-sp-white-grey", "market": {"lowestAsk": 113, "salesThisPeriod": 1, "salesLastPeriod": 0, "highestBid": 130, "volatility": 0.147035, "deadstockSold": 915, "pricePremium": 0.379, "averageDeadstockPrice": 162, "lastSale": 165, "changeValue": 41, "changePercentage": 0.323837, "lastLowestAskTime": 1663633270, "lastHighestBidTime": 1662065129, "lastSaleDate": "2022-09-17T07:12:40+00:00"}, "objectID": "f54b8afa-1872-4f93-8a1d-6d8e31fc8ab4"}, {"id": "80ccd485-524a-4d8e-941a-bb304ec712c1", "uuid": "80ccd485-524a-4d8e-941a-bb304ec712c1", "brand": "Nike", "childId": null, "colorway": "Sail/Neutral Grey-Magenta", "condition": "New", "description": "", "media": {"smallImageUrl": "https://images.stockx.com/images/Nike-Dunk-Low-Off-White-Lot-45-Product.jpg?fit=fill&bg=FFFFFF&w=300&h=214&fm=webp&auto=compress&trim=color&q=90&dpr=2&updated_at=1638552348", "thumbUrl": "https://images.stockx.com/images/Nike-Dunk-Low-Off-White-Lot-45-Product.jpg?fit=fill&bg=FFFFFF&w=140&h=100&fm=webp&auto=compress&trim=color&q=90&dpr=2&updated_at=1638552348"}, "productCategory": "sneakers", "releaseDate": "2021-08-09", "retailPrice": 180, "shoe": "Nike Dunk Low", "title": "Nike Dunk Low Off-White Lot 45", "urlKey": "nike-dunk-low-off-white-lot-45", "market": {"lowestAsk": 438, "salesThisPeriod": 1, "salesLastPeriod": 0, "highestBid": 500, "volatility": 0.286607, "deadstockSold": 691, "pricePremium": 1.167, "averageDeadstockPrice": 439, "lastSale": 390, "changeValue": -209, "changePercentage": -0.349974, "lastLowestAskTime": 1663772882, "lastHighestBidTime": 1663236149, "lastSaleDate": "2022-09-21T08:50:29+00:00"}, "objectID": "80ccd485-524a-4d8e-941a-bb304ec712c1"}, {"id": "69237395-9b73-4049-9465-4fce9fc2e3db", "uuid": "69237395-9b73-4049-9465-4fce9fc2e3db", "brand": "Nike", "colorway": "Sail/Pine Green-Natural", "condition": "New", "description": "", "media": {"smallImageUrl": "https://images.stockx.com/images/Nike-Dunk-High-Vintage-Pine-Green.png?fit=fill&bg=FFFFFF&w=300&h=214&fm=webp&auto=compress&trim=color&q=90&dpr=2&updated_at=1609945533", "thumbUrl": "https://images.stockx.com/images/Nike-Dunk-High-Vintage-Pine-Green.png?fit=fill&bg=FFFFFF&w=140&h=100&fm=webp&auto=compress&trim=color&q=90&dpr=2&updated_at=1609945533"}, "productCategory": "sneakers", "releaseDate": "2008-01-01", "retailPrice": 100, "shoe": "Nike Dunk High", "title": "Nike Dunk High Vintage Pine Green", "urlKey": "nike-dunk-high-vintage-pine-green", "market": {"lowestAsk": 799, "salesThisPeriod": 0, "salesLastPeriod": 0, "highestBid": 570, "volatility": 0.318307, "deadstockSold": 6, "pricePremium": 12.29, "averageDeadstockPrice": 1016, "lastSale": 1329, "changeValue": 329, "changePercentage": 0.329, "lastLowestAskTime": 1662508645, "lastHighestBidTime": 1660893383, "lastSaleDate": "2022-05-15T22:03:25+00:00"}, "objectID": "69237395-9b73-4049-9465-4fce9fc2e3db"}, {"id": "d49d0314-8414-47a5-8c90-2c6cfddc43ce", "uuid": "d49d0314-8414-47a5-8c90-2c6cfddc43ce", "brand": "Nike", "colorway": "White/Sail-Gum Medium Brown", "condition": "New", "description": "The Nike Dunk High Sail Gum (W) arrives with a white leather upper with slightly darker tone Sail overlays and Swooshes. Beneath its white midsole, a contrasting gum outsole adds a natural touch.\n<br>\n<br>\nThe women's Nike Dunk High Sail Gum (W) released in November of 2021 and retailed for $110.", "media": {"smallImageUrl": "https://images.stockx.com/images/Nike-Dunk-High-Sail-Gum-W-Product.jpg?fit=fill&bg=FFFFFF&w=300&h=214&fm=webp&auto=compress&trim=color&q=90&dpr=2&updated_at=1636047166", "thumbUrl": "https://images.stockx.com/images/Nike-Dunk-High-Sail-Gum-W-Product.jpg?fit=fill&bg=FFFFFF&w=140&h=100&fm=webp&auto=compress&trim=color&q=90&dpr=2&updated_at=1636047166"}, "productCategory": "sneakers", "releaseDate": "2021-11-19", "retailPrice": 110, "shoe": "Nike Dunk High", "title": "Nike Dunk High Sail Gum (W)", "urlKey": "nike-dunk-high-sail-gum-w", "market": {"lowestAsk": 82, "salesThisPeriod": 6, "salesLastPeriod": 0, "highestBid": 111, "volatility": 0.133758, "deadstockSold": 3557, "pricePremium": 0.209, "averageDeadstockPrice": 124, "lastSale": 133, "changeValue": 33, "changePercentage": 0.33, "lastLowestAskTime": 1663553175, "lastHighestBidTime": 1663688542, "lastSaleDate": "2022-09-20T22:09:14+00:00"}, "objectID": "d49d0314-8414-47a5-8c90-2c6cfddc43ce"}, {"id": "92f9f200-89ea-42c8-8816-68ff2c2e3113", "uuid": "92f9f200-89ea-42c8-8816-68ff2c2e3113", "brand": "Nike", "colorway": "White/University Red", "condition": "New", "description": "", "media": {"smallImageUrl": "https://images.stockx.com/images/Nike-Dunk-High-University-Red-PS-Product.jpg?fit=fill&bg=FFFFFF&w=300&h=214&fm=webp&auto=compress&trim=color&q=90&dpr=2&updated_at=1653402446", "thumbUrl": "https://images.stockx.com/images/Nike-Dunk-High-University-Red-PS-Product.jpg?fit=fill&bg=FFFFFF&w=140&h=100&fm=webp&auto=compress&trim=color&q=90&dpr=2&updated_at=1653402446"}, "productCategory": "sneakers", "releaseDate": "2022-05-17", "retailPrice": 75, "shoe": "Nike Dunk High", "title": "Nike Dunk High Championship White Red (PS)", "urlKey": "nike-dunk-high-university-red-ps", "market": {"lowestAsk": 84, "salesThisPeriod": 6, "salesLastPeriod": 0, "highestBid": 67, "volatility": 0.147702, "deadstockSold": 384, "pricePremium": -0.067, "averageDeadstockPrice": 85, "lastSale": 70, "changeValue": -11, "changePercentage": -0.135802, "lastLowestAskTime": 1663704997, "lastHighestBidTime": 1663176140, "lastSaleDate": "2022-09-21T17:38:31+00:00"}, "objectID": "92f9f200-89ea-42c8-8816-68ff2c2e3113"}, {"id": "b39280a6-f1b2-49e7-8b99-3a44f64e9e08", "uuid": "b39280a6-f1b2-49e7-8b99-3a44f64e9e08", "brand": "Nike", "colorway": "University Gold/White-Crimson", "condition": "New", "description": "The women's Nike Dunk High University Gold (W) features a white leather upper with University gold overlays and Swooshes. From there, matching woven tongue labels and Crimson outsoles complete the design.\n<br>\n<br>\nThe women's Nike Dunk High University Gold (W) released in November of 2021 and retailed for $120.", "media": {"smallImageUrl": "https://images.stockx.com/images/Nike-Dunk-High-University-Gold-W-Product.jpg?fit=fill&bg=FFFFFF&w=300&h=214&fm=webp&auto=compress&trim=color&q=90&dpr=2&updated_at=1638807175", "thumbUrl": "https://images.stockx.com/images/Nike-Dunk-High-University-Gold-W-Product.jpg?fit=fill&bg=FFFFFF&w=140&h=100&fm=webp&auto=compress&trim=color&q=90&dpr=2&updated_at=1638807175"}, "productCategory": "sneakers", "releaseDate": "2021-11-27", "retailPrice": 120, "shoe": "Nike Dunk High", "title": "Nike Dunk High University Gold (W)", "urlKey": "nike-dunk-high-university-gold-w", "market": {"lowestAsk": 90, "salesThisPeriod": 1, "salesLastPeriod": 0, "highestBid": 130, "volatility": 0.173672, "deadstockSold": 1794, "pricePremium": 0.458, "averageDeadstockPrice": 135, "lastSale": 175, "changeValue": 15, "changePercentage": 0.09375, "lastLowestAskTime": 1663140102, "lastHighestBidTime": 1663558605, "lastSaleDate": "2022-09-16T15:28:11+00:00"}, "objectID": "b39280a6-f1b2-49e7-8b99-3a44f64e9e08"}, {"id": "49f8db5e-edec-4c8f-a40a-de782f9135b6", "uuid": "49f8db5e-edec-4c8f-a40a-de782f9135b6", "brand": "Nike", "colorway": "Action Red/Metallic Silver-Tour Yellow", "condition": "New", "description": "", "media": {"smallImageUrl": "https://images.stockx.com/images/Nike-Dunk-SB-Low-Rukus-Crawfish-Product.jpg?fit=fill&bg=FFFFFF&w=300&h=214&fm=webp&auto=compress&trim=color&q=90&dpr=2&updated_at=1607047952", "thumbUrl": "https://images.stockx.com/images/Nike-Dunk-SB-Low-Rukus-Crawfish-Product.jpg?fit=fill&bg=FFFFFF&w=140&h=100&fm=webp&auto=compress&trim=color&q=90&dpr=2&updated_at=1607047952"}, "productCategory": "sneakers", "releaseDate": "2014-08-23", "retailPrice": 105, "shoe": "Nike SB Dunk Low", "title": "Nike SB Dunk Low Rukus Crawfish", "urlKey": "nike-dunk-sb-low-rukus-crawfish", "market": {"lowestAsk": 519, "salesThisPeriod": 0, "salesLastPeriod": 0, "highestBid": 500, "volatility": 0.106433, "deadstockSold": 63, "pricePremium": 4.524, "averageDeadstockPrice": 601, "lastSale": 580, "changeValue": -45, "changePercentage": -0.072, "lastLowestAskTime": 1663778227, "lastHighestBidTime": 1663766214, "lastSaleDate": "2022-08-28T01:49:16+00:00"}, "objectID": "49f8db5e-edec-4c8f-a40a-de782f9135b6"}, {"id": "8b293d12-9c04-4578-82a9-5252e24cb17e", "uuid": "8b293d12-9c04-4578-82a9-5252e24cb17e", "brand": "Nike", "childId": null, "colorway": "Sail/Neutral Grey-Barely Volt", "condition": "New", "description": "", "media": {"smallImageUrl": "https://images.stockx.com/images/Nike-Dunk-Low-Off-White-Lot-43.jpg?fit=fill&bg=FFFFFF&w=300&h=214&fm=webp&auto=compress&trim=color&q=90&dpr=2&updated_at=1628509293", "thumbUrl": "https://images.stockx.com/images/Nike-Dunk-Low-Off-White-Lot-43.jpg?fit=fill&bg=FFFFFF&w=140&h=100&fm=webp&auto=compress&trim=color&q=90&dpr=2&updated_at=1628509293"}, "productCategory": "sneakers", "releaseDate": "2021-08-09", "retailPrice": 180, "shoe": "Nike Dunk Low", "title": "Nike Dunk Low Off-White Lot 43", "urlKey": "nike-dunk-low-off-white-lot-43", "market": {"lowestAsk": 491, "salesThisPeriod": 0, "salesLastPeriod": 0, "highestBid": 585, "volatility": 0.187051, "deadstockSold": 231, "pricePremium": 2.717, "averageDeadstockPrice": 479, "lastSale": 669, "changeValue": 188, "changePercentage": 0.390852, "lastLowestAskTime": 1663674498, "lastHighestBidTime": 1663716811, "lastSaleDate": "2022-09-16T16:45:13+00:00"}, "objectID": "8b293d12-9c04-4578-82a9-5252e24cb17e"}, {"id": "fc92ef61-c9b0-49c6-907f-268aa9f7f425", "uuid": "fc92ef61-c9b0-49c6-907f-268aa9f7f425", "brand": "Nike", "colorway": "Mesa Orange/White-Brown", "condition": "New", "description": "The women's Nike Dunk Low Bronze Eclipse (W) features a white leather upper with Mesa Orange overlays and Bronze Eclipse Swooshes. From there, matching soles and woven tongue labels complete the design.\n<br>\n<br>\nThe women's Nike Dunk Low Bronze Eclipse (W) released in November of 2021 and retailed for $110.", "media": {"smallImageUrl": "https://images.stockx.com/images/Nike-Dunk-Low-Bronze-Eclipse-W-Product.jpg?fit=fill&bg=FFFFFF&w=300&h=214&fm=webp&auto=compress&trim=color&q=90&dpr=2&updated_at=1638391051", "thumbUrl": "https://images.stockx.com/images/Nike-Dunk-Low-Bronze-Eclipse-W-Product.jpg?fit=fill&bg=FFFFFF&w=140&h=100&fm=webp&auto=compress&trim=color&q=90&dpr=2&updated_at=1638391051"}, "productCategory": "sneakers", "releaseDate": "2021-11-24", "retailPrice": 100, "shoe": "Nike Dunk Low", "title": "Nike Dunk Low Bronze Eclipse (W)", "urlKey": "nike-dunk-low-bronze-eclipse-w", "market": {"lowestAsk": 178, "salesThisPeriod": 1, "salesLastPeriod": 0, "highestBid": 176, "volatility": 0.111602, "deadstockSold": 4245, "pricePremium": 1.19, "averageDeadstockPrice": 177, "lastSale": 219, "changeValue": 36, "changePercentage": 0.196721, "lastLowestAskTime": 1663307352, "lastHighestBidTime": 1662460570, "lastSaleDate": "2022-09-16T17:01:39+00:00"}, "objectID": "fc92ef61-c9b0-49c6-907f-268aa9f7f425"}, {"id": "f0791a62-6b27-4179-b295-632150e1dfcf", "uuid": "f0791a62-6b27-4179-b295-632150e1dfcf", "brand": "Nike", "colorway": "Dark Magnet/University Red-Heritage", "condition": "New", "description": "", "media": {"smallImageUrl": "https://images.stockx.com/images/Nike-Dunk-SB-Low-Dorothy-Product.jpg?fit=fill&bg=FFFFFF&w=300&h=214&fm=webp&auto=compress&trim=color&q=90&dpr=2&updated_at=1607052730", "thumbUrl": "https://images.stockx.com/images/Nike-Dunk-SB-Low-Dorothy-Product.jpg?fit=fill&bg=FFFFFF&w=140&h=100&fm=webp&auto=compress&trim=color&q=90&dpr=2&updated_at=1607052730"}, "productCategory": "sneakers", "releaseDate": "2015-03-04", "retailPrice": 100, "shoe": "Nike SB Dunk Low", "title": "Nike SB Dunk Low Dorothy", "urlKey": "nike-dunk-sb-low-dorothy", "market": {"lowestAsk": 600, "salesThisPeriod": 0, "salesLastPeriod": 0, "highestBid": 601, "volatility": 0.159157, "deadstockSold": 28, "pricePremium": 6.002, "averageDeadstockPrice": 596, "lastSale": 700, "changeValue": 116, "changePercentage": 0.196838, "lastLowestAskTime": 1663294940, "lastHighestBidTime": 1662959464, "lastSaleDate": "2022-08-30T09:46:53+00:00"}, "objectID": "f0791a62-6b27-4179-b295-632150e1dfcf"}, {"id": "00dd5892-54fc-4505-86cf-56503cd06f0a", "uuid": "00dd5892-54fc-4505-86cf-56503cd06f0a", "brand": "Nike", "colorway": "Pure Platinum/White-Wolf Grey", "condition": "New", "description": "", "media": {"smallImageUrl": "https://images.stockx.com/images/Nike-Dunk-Low-Two-Toned-Grey-TD-Product.jpg?fit=fill&bg=FFFFFF&w=300&h=214&fm=webp&auto=compress&trim=color&q=90&dpr=2&updated_at=1657212567", "thumbUrl": "https://images.stockx.com/images/Nike-Dunk-Low-Two-Toned-Grey-TD-Product.jpg?fit=fill&bg=FFFFFF&w=140&h=100&fm=webp&auto=compress&trim=color&q=90&dpr=2&updated_at=1657212567"}, "productCategory": "sneakers", "releaseDate": "2022-03-01", "retailPrice": 60, "shoe": "Nike Dunk Low", "title": "Nike Dunk Low Two-Toned Grey (TD)", "urlKey": "nike-dunk-low-two-toned-grey-td", "market": {"lowestAsk": 98, "salesThisPeriod": 4, "salesLastPeriod": 0, "highestBid": 79, "volatility": 0.175608, "deadstockSold": 770, "pricePremium": 0.633, "averageDeadstockPrice": 98, "lastSale": 98, "changeValue": -3, "changePercentage": -0.029703, "lastLowestAskTime": 1663737929, "lastHighestBidTime": 1662036802, "lastSaleDate": "2022-09-20T16:38:21+00:00"}, "objectID": "00dd5892-54fc-4505-86cf-56503cd06f0a"}, {"id": "b7b161d9-d7df-4420-9231-a38bd26d66ed", "uuid": "b7b161d9-d7df-4420-9231-a38bd26d66ed", "brand": "Nike", "colorway": "Black/Pink Rise-Lucky Green", "condition": "New", "description": "The Nike SB Dunk High Invert Celtics shoe features a black, Pink Rise, and Lucky Green suede and premium leather upper, with the rough suede taking on both black and pink hues on one side of the shoe and smooth leather with green and white tones adorning the opposite side. From there, pink laces, the \"Swoosh\" logo in the same pink shades, and printed insoles complete the design.\n<br>\n<br>\nThe Nike SB Dunk High Invert Celtics released in October of 2020 and retailed for $120.", "media": {"smallImageUrl": "https://images.stockx.com/images/Nike-SB-Dunk-High-Invert-Celtics-Product.jpg?fit=fill&bg=FFFFFF&w=300&h=214&fm=webp&auto=compress&trim=color&q=90&dpr=2&updated_at=1607008149", "thumbUrl": "https://images.stockx.com/images/Nike-SB-Dunk-High-Invert-Celtics-Product.jpg?fit=fill&bg=FFFFFF&w=140&h=100&fm=webp&auto=compress&trim=color&q=90&dpr=2&updated_at=1607008149"}, "productCategory": "sneakers", "releaseDate": "2020-10-01", "retailPrice": 120, "shoe": "Nike SB Dunk High", "title": "Nike SB Dunk High Invert Celtics", "urlKey": "nike-sb-dunk-high-invert-celtics", "market": {"lowestAsk": 199, "salesThisPeriod": 2, "salesLastPeriod": 0, "highestBid": 263, "volatility": 0.120563, "deadstockSold": 416, "pricePremium": 1.142, "averageDeadstockPrice": 247, "lastSale": 257, "changeValue": 56, "changePercentage": 0.275319, "lastLowestAskTime": 1663748777, "lastHighestBidTime": 1663787665, "lastSaleDate": "2022-09-19T18:51:42+00:00"}, "objectID": "b7b161d9-d7df-4420-9231-a38bd26d66ed"}, {"id": "1aed16a9-5635-4594-9561-55e0bed16a1f", "uuid": "1aed16a9-5635-4594-9561-55e0bed16a1f", "brand": "Nike", "colorway": "Light Soft Pink/Coconut Milk-Pink Glaze", "condition": "New", "description": "", "media": {"smallImageUrl": "https://images.stockx.com/images/Nike-Dunk-Low-Social-Status-Free-Lunch-Strawberry-Milk-PS.jpg?fit=fill&bg=FFFFFF&w=300&h=214&fm=webp&auto=compress&trim=color&q=90&dpr=2&updated_at=1630530809", "thumbUrl": "https://images.stockx.com/images/Nike-Dunk-Low-Social-Status-Free-Lunch-Strawberry-Milk-PS.jpg?fit=fill&bg=FFFFFF&w=140&h=100&fm=webp&auto=compress&trim=color&q=90&dpr=2&updated_at=1630530809"}, "productCategory": "sneakers", "releaseDate": "2021-10-15", "retailPrice": 80, "shoe": "Nike Dunk Low", "title": "Nike Dunk Low Social Status Free Lunch Strawberry Milk (PS)", "urlKey": "nike-dunk-low-social-status-free-lunch-strawberry-milk-ps", "market": {"lowestAsk": 143, "salesThisPeriod": 0, "salesLastPeriod": 0, "highestBid": 131, "volatility": 0.128417, "deadstockSold": 1132, "pricePremium": 1.5, "averageDeadstockPrice": 139, "lastSale": 200, "changeValue": 11, "changePercentage": 0.058201, "lastLowestAskTime": 1662131896, "lastHighestBidTime": 1662847391, "lastSaleDate": "2022-09-18T08:40:25+00:00"}, "objectID": "1aed16a9-5635-4594-9561-55e0bed16a1f"}, {"id": "d767a911-7c9a-4c66-8c07-1d0f52011c97", "uuid": "d767a911-7c9a-4c66-8c07-1d0f52011c97", "brand": "Nike", "colorway": "Mystic Navy/Mystic Navy-Gum Light Brown-Sail", "condition": "New", "description": "The Nike SB Dunk Low Sashiko is part of a collection that highlights the intricacies of the Japanese style of embroidery for which the shoe is named. Sashiko is a Japanese word translated as \"little stabs.\" Nike enthusiasts can see this stitching clearly all along the upper portion of the silhouette.\n<br>\n<br>\nThe bright white laces of the Nike SB Dunk Low Sashiko stand out against the Mystic Navy/Mystic Navy-Gum Light Brown-Sail colorway of the shoe, and the midsole matches this look to create a nice contrast between the brown outsole and the double tones of the suede upper. The tongue features a lighter denim around the outer edge and a darker version across the body, and the back part of the upper going to the ankle guard also sports the more subdued tone. The front portion of the Nike SB Dunk Low Sashiko features the lighter suede, and the special stitching starts here at the bottom of the toe box and continues to wrap the entire upper in wavy lines. Both Nike and Nike SB branding round out the design with a unique, intentionally incomplete \"Swoosh\" present on the sides of the shoes. \n<br>\n<br>\nThe Nike SB Dunk Low Sashiko released in August 2020 and retailed for $110.", "media": {"smallImageUrl": "https://images.stockx.com/images/Nike-SB-Dunk-Low-Sashiko.png?fit=fill&bg=FFFFFF&w=300&h=214&fm=webp&auto=compress&trim=color&q=90&dpr=2&updated_at=1607057331", "thumbUrl": "https://images.stockx.com/images/Nike-SB-Dunk-Low-Sashiko.png?fit=fill&bg=FFFFFF&w=140&h=100&fm=webp&auto=compress&trim=color&q=90&dpr=2&updated_at=1607057331"}, "productCategory": "sneakers", "releaseDate": "2020-08-01", "retailPrice": 110, "shoe": "Nike SB Dunk Low", "title": "Nike SB Dunk Low Denim Sashiko", "urlKey": "nike-sb-dunk-low-sashiko", "market": {"lowestAsk": 210, "salesThisPeriod": 2, "salesLastPeriod": 0, "highestBid": 340, "volatility": 0.165668, "deadstockSold": 436, "pricePremium": 1.855, "averageDeadstockPrice": 270, "lastSale": 314, "changeValue": 102, "changePercentage": 0.481132, "lastLowestAskTime": 1662052084, "lastHighestBidTime": 1663455290, "lastSaleDate": "2022-09-18T20:36:38+00:00"}, "objectID": "d767a911-7c9a-4c66-8c07-1d0f52011c97"}, {"id": "8d5d82f7-ec89-4197-b59c-694659f263f1", "uuid": "8d5d82f7-ec89-4197-b59c-694659f263f1", "brand": "Nike", "colorway": "Black/Hyper Cobalt/White", "condition": "New", "description": "", "media": {"smallImageUrl": "https://images.stockx.com/images/Nike-Dunk-Low-Hyper-Cobalt-PS-Product.jpg?fit=fill&bg=FFFFFF&w=300&h=214&fm=webp&auto=compress&trim=color&q=90&dpr=2&updated_at=1617134810", "thumbUrl": "https://images.stockx.com/images/Nike-Dunk-Low-Hyper-Cobalt-PS-Product.jpg?fit=fill&bg=FFFFFF&w=140&h=100&fm=webp&auto=compress&trim=color&q=90&dpr=2&updated_at=1617134810"}, "productCategory": "sneakers", "releaseDate": "", "retailPrice": 65, "shoe": "Nike Dunk Low", "title": "Nike Dunk Low Hyper Cobalt (PS)", "urlKey": "nike-dunk-low-hyper-cobalt-ps", "market": {"lowestAsk": 83, "salesThisPeriod": 3, "salesLastPeriod": 0, "highestBid": 105, "volatility": 0.151268, "deadstockSold": 1144, "pricePremium": 0.631, "averageDeadstockPrice": 86, "lastSale": 106, "changeValue": -9, "changePercentage": -0.078261, "lastLowestAskTime": 1662528199, "lastHighestBidTime": 1661217808, "lastSaleDate": "2022-09-20T02:15:42+00:00"}, "objectID": "8d5d82f7-ec89-4197-b59c-694659f263f1"}, {"id": "be36343c-1285-42f5-b44f-6aa233570e53", "uuid": "be36343c-1285-42f5-b44f-6aa233570e53", "brand": "Nike", "colorway": "Sail/Neutral Grey-Alpha Orange", "condition": "New", "description": "", "media": {"smallImageUrl": "https://images.stockx.com/images/Nike-Dunk-Low-Off-White-Lot-44.jpg?fit=fill&bg=FFFFFF&w=300&h=214&fm=webp&auto=compress&trim=color&q=90&dpr=2&updated_at=1628509314", "thumbUrl": "https://images.stockx.com/images/Nike-Dunk-Low-Off-White-Lot-44.jpg?fit=fill&bg=FFFFFF&w=140&h=100&fm=webp&auto=compress&trim=color&q=90&dpr=2&updated_at=1628509314"}, "productCategory": "sneakers", "releaseDate": "2021-08-09", "retailPrice": 180, "shoe": "Nike Dunk Low", "title": "Nike Dunk Low Off-White Lot 44", "urlKey": "nike-dunk-low-off-white-lot-44", "market": {"lowestAsk": 450, "salesThisPeriod": 2, "salesLastPeriod": 0, "highestBid": 449, "volatility": 0.108241, "deadstockSold": 360, "pricePremium": 2.211, "averageDeadstockPrice": 466, "lastSale": 578, "changeValue": 106, "changePercentage": 0.22321, "lastLowestAskTime": 1663078544, "lastHighestBidTime": 1663163958, "lastSaleDate": "2022-09-14T17:02:03+00:00"}, "objectID": "be36343c-1285-42f5-b44f-6aa233570e53"}, {"id": "e40aef2b-fa85-4e15-a19d-502ed6f663f7", "uuid": "e40aef2b-fa85-4e15-a19d-502ed6f663f7", "brand": "Nike", "childId": null, "colorway": "Sail/Neutral Grey-Opti Yellow", "condition": "New", "description": "", "media": {"smallImageUrl": "https://images.stockx.com/images/Nike-Dunk-Low-Off-White-Lot-29-Product.jpg?fit=fill&bg=FFFFFF&w=300&h=214&fm=webp&auto=compress&trim=color&q=90&dpr=2&updated_at=1638457659", "thumbUrl": "https://images.stockx.com/images/Nike-Dunk-Low-Off-White-Lot-29-Product.jpg?fit=fill&bg=FFFFFF&w=140&h=100&fm=webp&auto=compress&trim=color&q=90&dpr=2&updated_at=1638457659"}, "productCategory": "sneakers", "releaseDate": "2021-08-09", "retailPrice": 180, "shoe": "Nike Dunk Low", "title": "Nike Dunk Low Off-White Lot 29", "urlKey": "nike-dunk-low-off-white-lot-29", "market": {"lowestAsk": 482, "salesThisPeriod": 0, "salesLastPeriod": 0, "highestBid": 700, "volatility": 0.111374, "deadstockSold": 550, "pricePremium": 2.328, "averageDeadstockPrice": 468, "lastSale": 599, "changeValue": 89, "changePercentage": 0.17451, "lastLowestAskTime": 1663768690, "lastHighestBidTime": 1663173001, "lastSaleDate": "2022-09-16T00:07:47+00:00"}, "objectID": "e40aef2b-fa85-4e15-a19d-502ed6f663f7"}, {"id": "dd48a779-6bd2-4dea-a944-b1086c2d2fb7", "uuid": "dd48a779-6bd2-4dea-a944-b1086c2d2fb7", "brand": "Nike", "childId": null, "colorway": "University Red/Sail", "condition": "New", "description": "", "media": {"smallImageUrl": "https://images.stockx.com/images/Nike-Dunk-High-First-Use-Red-Product.jpg?fit=fill&bg=FFFFFF&w=300&h=214&fm=webp&auto=compress&trim=color&q=90&dpr=2&updated_at=1642764640", "thumbUrl": "https://images.stockx.com/images/Nike-Dunk-High-First-Use-Red-Product.jpg?fit=fill&bg=FFFFFF&w=140&h=100&fm=webp&auto=compress&trim=color&q=90&dpr=2&updated_at=1642764640"}, "productCategory": "sneakers", "releaseDate": "2021-07-31", "retailPrice": 120, "shoe": "Nike Dunk High", "title": "Nike Dunk High First Use Red", "urlKey": "nike-dunk-high-first-use-red", "market": {"lowestAsk": 106, "salesThisPeriod": 2, "salesLastPeriod": 0, "highestBid": 130, "volatility": 0.105684, "deadstockSold": 1180, "pricePremium": 0.017, "averageDeadstockPrice": 122, "lastSale": 122, "changeValue": 17, "changePercentage": 0.161905, "lastLowestAskTime": 1663802588, "lastHighestBidTime": 1662971535, "lastSaleDate": "2022-09-20T14:47:05+00:00"}, "objectID": "dd48a779-6bd2-4dea-a944-b1086c2d2fb7"}, {"id": "a4416a75-2332-41d6-861e-61a925a5ec07", "uuid": "a4416a75-2332-41d6-861e-61a925a5ec07", "brand": "Nike", "colorway": "Orange/White-University Gold", "condition": "New", "description": "The women's Nike Dunk Low University Gold (W) features a white leather upper with orange overlays and University Gold Swooshes. From there, matching soles and woven tongue labels complete the design.\n<br>\n<br>\nThe women's Nike Dunk Low University Gold (W) released in November of 2021 and retailed for $110.", "media": {"smallImageUrl": "https://images.stockx.com/images/Nike-Dunk-Low-University-Gold-W-Product.jpg?fit=fill&bg=FFFFFF&w=300&h=214&fm=webp&auto=compress&trim=color&q=90&dpr=2&updated_at=1638391145", "thumbUrl": "https://images.stockx.com/images/Nike-Dunk-Low-University-Gold-W-Product.jpg?fit=fill&bg=FFFFFF&w=140&h=100&fm=webp&auto=compress&trim=color&q=90&dpr=2&updated_at=1638391145"}, "productCategory": "sneakers", "releaseDate": "2021-11-27", "retailPrice": 110, "shoe": "Nike Dunk Low", "title": "Nike Dunk Low University Gold (W)", "urlKey": "nike-dunk-low-university-gold-w", "market": {"lowestAsk": 140, "salesThisPeriod": 4, "salesLastPeriod": 0, "highestBid": 192, "volatility": 0.165125, "deadstockSold": 2741, "pricePremium": 0.5, "averageDeadstockPrice": 160, "lastSale": 165, "changeValue": 0, "changePercentage": 0, "lastLowestAskTime": 1663092747, "lastHighestBidTime": 1661642420, "lastSaleDate": "2022-09-20T23:25:45+00:00"}, "objectID": "a4416a75-2332-41d6-861e-61a925a5ec07"}, {"id": "cf383ce4-c087-4531-9e74-fe54a6253f0f", "uuid": "cf383ce4-c087-4531-9e74-fe54a6253f0f", "brand": "Nike", "colorway": "White/Tan-Orange", "condition": "New", "description": "", "media": {"smallImageUrl": "https://images.stockx.com/images/Nike-Dunk-Low-Disrupt-2-Easter-Pastel-W-Product.jpg?fit=fill&bg=FFFFFF&w=300&h=214&fm=webp&auto=compress&trim=color&q=90&dpr=2&updated_at=1652464062", "thumbUrl": "https://images.stockx.com/images/Nike-Dunk-Low-Disrupt-2-Easter-Pastel-W-Product.jpg?fit=fill&bg=FFFFFF&w=140&h=100&fm=webp&auto=compress&trim=color&q=90&dpr=2&updated_at=1652464062"}, "productCategory": "sneakers", "releaseDate": "2022-05-01", "retailPrice": 110, "shoe": "Nike Dunk Low Disrupt 2", "title": "Nike Dunk Low Disrupt 2 Easter Pastel (W)", "urlKey": "nike-dunk-low-disrupt-2-easter-pastel-w", "market": {"lowestAsk": 118, "salesThisPeriod": 3, "salesLastPeriod": 0, "highestBid": 120, "volatility": 0.14243, "deadstockSold": 294, "pricePremium": -0.136, "averageDeadstockPrice": 136, "lastSale": 95, "changeValue": -36, "changePercentage": -0.278582, "lastLowestAskTime": 1663755357, "lastHighestBidTime": 1663130887, "lastSaleDate": "2022-09-21T13:31:34+00:00"}, "objectID": "cf383ce4-c087-4531-9e74-fe54a6253f0f"}, {"id": "165790ea-34d1-4ca2-8760-9792f8002278", "uuid": "165790ea-34d1-4ca2-8760-9792f8002278", "brand": "Nike", "childId": null, "colorway": "White/Chrome-White-Tropical Twist", "condition": "New", "description": "If diamonds are a girl\u2019s best friend, then the Nike SB Dunk Low Diamond Supply Co White Diamond must be a sneaker head\u2019s best friend right? These Nike SB Dunk\u2019s come with a white leather upper, silver Nike \"Swoosh\", white midsole, and a translucent sole. This sneaker released in November 2018 and retailed for $100. Shine bright like a diamond and buy these on StockX now.", "media": {"smallImageUrl": "https://images.stockx.com/images/Nike-SB-Dunk-Low-Diamond-Supply-Co-White-Diamond-Product.jpg?fit=fill&bg=FFFFFF&w=300&h=214&fm=webp&auto=compress&trim=color&q=90&dpr=2&updated_at=1607049249", "thumbUrl": "https://images.stockx.com/images/Nike-SB-Dunk-Low-Diamond-Supply-Co-White-Diamond-Product.jpg?fit=fill&bg=FFFFFF&w=140&h=100&fm=webp&auto=compress&trim=color&q=90&dpr=2&updated_at=1607049249"}, "productCategory": "sneakers", "releaseDate": "2018-11-10", "retailPrice": 100, "shoe": "Nike SB Dunk Low", "title": "Nike SB Dunk Low Diamond Supply Co White Diamond", "urlKey": "nike-sb-dunk-low-diamond-supply-co-white-diamond", "market": {"lowestAsk": 500, "salesThisPeriod": 0, "salesLastPeriod": 0, "highestBid": 502, "volatility": 0.219539, "deadstockSold": 107, "pricePremium": 4.835, "averageDeadstockPrice": 554, "lastSale": 583, "changeValue": -226, "changePercentage": -0.279654, "lastLowestAskTime": 1662926921, "lastHighestBidTime": 1663555082, "lastSaleDate": "2022-09-16T13:48:52+00:00"}, "objectID": "165790ea-34d1-4ca2-8760-9792f8002278"}, {"id": "ed25d1fd-6685-4eff-b5af-f85295d7cd76", "uuid": "ed25d1fd-6685-4eff-b5af-f85295d7cd76", "brand": "Nike", "colorway": "Multi-Color/Multi-Color", "condition": "New", "description": "Walk your dog with some fresh kicks and cop the Nike SB Dunk High Dog Walker. This SB Dunk High comes with a green upper plus brown and black accents, red Nike \"Swoosh\", white midsole, and a white sole plus brown accents. These sneakers released in April 2019 and retailed for $110. Add a spark to your sneaker rotation and buy these on StockX.", "media": {"smallImageUrl": "https://images.stockx.com/images/Nike-SB-Dunk-High-Dog-Walker-Product.jpg?fit=fill&bg=FFFFFF&w=300&h=214&fm=webp&auto=compress&trim=color&q=90&dpr=2&updated_at=1652121091", "thumbUrl": "https://images.stockx.com/images/Nike-SB-Dunk-High-Dog-Walker-Product.jpg?fit=fill&bg=FFFFFF&w=140&h=100&fm=webp&auto=compress&trim=color&q=90&dpr=2&updated_at=1652121091"}, "productCategory": "sneakers", "releaseDate": "2019-04-20", "retailPrice": 110, "shoe": "Nike SB Dunk High", "title": "Nike SB Dunk High Dog Walker", "urlKey": "nike-sb-dunk-high-dog-walker", "market": {"lowestAsk": 353, "salesThisPeriod": 1, "salesLastPeriod": 0, "highestBid": 600, "volatility": 0.391352, "deadstockSold": 201, "pricePremium": 2.536, "averageDeadstockPrice": 497, "lastSale": 389, "changeValue": -31, "changePercentage": -0.073812, "lastLowestAskTime": 1663797159, "lastHighestBidTime": 1663177190, "lastSaleDate": "2022-09-19T06:37:13+00:00"}, "objectID": "ed25d1fd-6685-4eff-b5af-f85295d7cd76"}, {"id": "febc5d56-9c2c-41c9-b82b-e2d12a681c99", "uuid": "febc5d56-9c2c-41c9-b82b-e2d12a681c99", "brand": "Nike", "colorway": "University Red/Black", "condition": "New", "description": "In a University Red and black color scheme, the Nike Dunk High 1985 Undercover UBA nods to classic color blocking found in the original 1985 Dunk colorways. On the heel, an Undercover Basketball Association logo appears in a similar style as vintage Team USA logos. A speckled sole and branded woven tongue label add the finishing touches to this retro design.\n<br>\n<br>\nThe Nike Dunk High 1985 Undercover UBA released in July of 2021 and retailed for $150.", "media": {"smallImageUrl": "https://images.stockx.com/images/Nike-Dunk-High-1985-Undercover-UBA-Product.jpg?fit=fill&bg=FFFFFF&w=300&h=214&fm=webp&auto=compress&trim=color&q=90&dpr=2&updated_at=1628006335", "thumbUrl": "https://images.stockx.com/images/Nike-Dunk-High-1985-Undercover-UBA-Product.jpg?fit=fill&bg=FFFFFF&w=140&h=100&fm=webp&auto=compress&trim=color&q=90&dpr=2&updated_at=1628006335"}, "productCategory": "sneakers", "releaseDate": "2021-07-28", "retailPrice": 150, "shoe": "Nike Dunk High 1985", "title": "Nike Dunk High 1985 Undercover UBA", "urlKey": "nike-dunk-high-1985-undercover-uba", "market": {"lowestAsk": 75, "salesThisPeriod": 3, "salesLastPeriod": 0, "highestBid": 118, "volatility": 0.174604, "deadstockSold": 1132, "pricePremium": 0.297, "averageDeadstockPrice": 132, "lastSale": 195, "changeValue": 101, "changePercentage": 1.06952, "lastLowestAskTime": 1663691719, "lastHighestBidTime": 1663695043, "lastSaleDate": "2022-09-19T14:44:01+00:00"}, "objectID": "febc5d56-9c2c-41c9-b82b-e2d12a681c99"}, {"id": "86210f15-d607-43e3-9aa5-69c8c01d095d", "uuid": "86210f15-d607-43e3-9aa5-69c8c01d095d", "brand": "Nike", "colorway": "White/Black-Orange Flash", "condition": "New", "description": "The Nike SB Dunk Low Raygun Tie-Dye White features a White/Black-Orange Flash premium leather upper with a shell that leads into yellow and red paneling on the rest of the uppers as the design continues. From there, a patch with \"58\" and a colorful alien graphic complete the design.\n<br>\n<br>\nThe Nike SB Dunk Low Raygun Tie-Dye White released in December of 2019 and retailed for $100.", "media": {"smallImageUrl": "https://images.stockx.com/images/Nike-SB-Dunk-Low-Raygun-Tie-Dye-White-Product.jpg?fit=fill&bg=FFFFFF&w=300&h=214&fm=webp&auto=compress&trim=color&q=90&dpr=2&updated_at=1607050340", "thumbUrl": "https://images.stockx.com/images/Nike-SB-Dunk-Low-Raygun-Tie-Dye-White-Product.jpg?fit=fill&bg=FFFFFF&w=140&h=100&fm=webp&auto=compress&trim=color&q=90&dpr=2&updated_at=1607050340"}, "productCategory": "sneakers", "releaseDate": "2019-12-27", "retailPrice": 100, "shoe": "Nike SB Dunk Low", "title": "Nike SB Dunk Low Raygun Tie-Dye White", "urlKey": "nike-sb-dunk-low-raygun-tie-dye-white", "market": {"lowestAsk": 356, "salesThisPeriod": 0, "salesLastPeriod": 0, "highestBid": 475, "volatility": 0.154286, "deadstockSold": 270, "pricePremium": 2.61, "averageDeadstockPrice": 430, "lastSale": 361, "changeValue": 42, "changePercentage": 0.131661, "lastLowestAskTime": 1663266155, "lastHighestBidTime": 1662681092, "lastSaleDate": "2022-09-11T16:28:45+00:00"}, "objectID": "86210f15-d607-43e3-9aa5-69c8c01d095d"}, {"id": "189679c1-66a9-4e7c-ba30-bfd1b2df56af", "uuid": "189679c1-66a9-4e7c-ba30-bfd1b2df56af", "brand": "Nike", "childId": null, "colorway": "Light Crimson/Light Crimson", "condition": "New", "description": "", "media": {"smallImageUrl": "https://images.stockx.com/images/Nike-Dunk-High-Red-October-Product.jpg?fit=fill&bg=FFFFFF&w=300&h=214&fm=webp&auto=compress&trim=color&q=90&dpr=2&updated_at=1608511563", "thumbUrl": "https://images.stockx.com/images/Nike-Dunk-High-Red-October-Product.jpg?fit=fill&bg=FFFFFF&w=140&h=100&fm=webp&auto=compress&trim=color&q=90&dpr=2&updated_at=1608511563"}, "productCategory": "sneakers", "releaseDate": "", "retailPrice": 125, "shoe": "Nike Dunk High", "title": "Nike Dunk High Red October", "urlKey": "nike-dunk-high-red-october", "market": {"lowestAsk": 446, "salesThisPeriod": 1, "salesLastPeriod": 0, "highestBid": 450, "volatility": 0.146582, "deadstockSold": 23, "pricePremium": 0, "averageDeadstockPrice": 420, "lastSale": 550, "changeValue": 209, "changePercentage": 0.612903, "lastLowestAskTime": 1663660327, "lastHighestBidTime": 1663453470, "lastSaleDate": "2022-09-18T17:21:25+00:00"}, "objectID": "189679c1-66a9-4e7c-ba30-bfd1b2df56af"}]}