{"Pagination": {"query": "nike dunk", "queryID": "73611e99d0991fe075469f8b6d973aec", "index": "PRODUCTION_PG_FEATURED_DESC", "limit": 40, "page": 15, "total": 4010, "lastPage": "/api/v3/browse?_search=nike%20dunk&dataType=product&facetsToRetrieve=%7B%7D&filterVersion=4&page=25&propsToRetrieve=brand%2CchildId%2Ccolorway%2Ccondition%2Cdescription%2Cid%2Cmarket.averageDeadstockPrice%2Cmarket.bidAskData%2Cmarket.changePercentage%2Cmarket.changeValue%2Cmarket.deadstockSold%2Cmarket.highestBid%2Cmarket.lastHighestBidTime%2Cmarket.lastLowestAskTime%2Cmarket.lastSale%2Cmarket.lastSaleDate%2Cmarket.lastSaleValue%2Cmarket.lowestAsk%2Cmarket.pricePremium%2Cmarket.salesInformation%2Cmarket.salesLastPeriod%2Cmarket.salesThisPeriod%2Cmarket.volatility%2Cmedia.smallImageUrl%2Cmedia.thumbUrl%2CproductCategory%2CreleaseDate%2CretailPrice%2Cshoe%2Ctitle%2CurlKey%2Cuuid", "sort": ["featured"], "order": ["DESC"], "currentPage": "/api/v3/browse?_search=nike%20dunk&dataType=product&facetsToRetrieve=%7B%7D&filterVersion=4&page=15&propsToRetrieve=brand%2CchildId%2Ccolorway%2Ccondition%2Cdescription%2Cid%2Cmarket.averageDeadstockPrice%2Cmarket.bidAskData%2Cmarket.changePercentage%2Cmarket.changeValue%2Cmarket.deadstockSold%2Cmarket.highestBid%2Cmarket.lastHighestBidTime%2Cmarket.lastLowestAskTime%2Cmarket.lastSale%2Cmarket.lastSaleDate%2Cmarket.lastSaleValue%2Cmarket.lowestAsk%2Cmarket.pricePremium%2Cmarket.salesInformation%2Cmarket.salesLastPeriod%2Cmarket.salesThisPeriod%2Cmarket.volatility%2Cmedia.smallImageUrl%2Cmedia.thumbUrl%2CproductCategory%2CreleaseDate%2CretailPrice%2Cshoe%2Ctitle%2CurlKey%2Cuuid", "nextPage": "/api/v3/browse?_search=nike%20dunk&dataType=product&facetsToRetrieve=%7B%7D&filterVersion=4&page=16&propsToRetrieve=brand%2CchildId%2Ccolorway%2Ccondition%2Cdescription%2Cid%2Cmarket.averageDeadstockPrice%2Cmarket.bidAskData%2Cmarket.changePercentage%2Cmarket.changeValue%2Cmarket.deadstockSold%2Cmarket.highestBid%2Cmarket.lastHighestBidTime%2Cmarket.lastLowestAskTime%2Cmarket.lastSale%2Cmarket.lastSaleDate%2Cmarket.lastSaleValue%2Cmarket.lowestAsk%2Cmarket.pricePremium%2Cmarket.salesInformation%2Cmarket.salesLastPeriod%2Cmarket.salesThisPeriod%2Cmarket.volatility%2Cmedia.smallImageUrl%2Cmedia.thumbUrl%2CproductCategory%2CreleaseDate%2CretailPrice%2Cshoe%2Ctitle%2CurlKey%2Cuuid", "previousPage": "/api/v3/browse?_search=nike%20dunk&dataType=product&facetsToRetrieve=%7B%7D&filterVersion=4&page=14&propsToRetrieve=brand%2CchildId%2Ccolorway%2Ccondition%2Cdescription%2Cid%2Cmarket.averageDeadstockPrice%2Cmarket.bidAskData%2Cmarket.changePercentage%2Cmarket.changeValue%2Cmarket.deadstockSold%2Cmarket.highestBid%2Cmarket.lastHighestBidTime%2Cmarket.lastLowestAskTime%2Cmarket.lastSale%2Cmarket.lastSaleDate%2Cmarket.lastSaleValue%2Cmarket.lowestAsk%2Cmarket.pricePremium%2Cmarket.salesInformation%2Cmarket.salesLastPeriod%2Cmarket.salesThisPeriod%2Cmarket.volatility%2Cmedia.smallImageUrl%2Cmedia.thumbUrl%2CproductCategory%2CreleaseDate%2CretailPrice%2Cshoe%2Ctitle%2CurlKey%2Cuuid"}, "Facets": {}, "Products": [{"id": "ed6fd28d-c910-41bd-b649-9833dbbb45b0", "uuid": "ed6fd28d-c910-41bd-b649-9833dbbb45b0", "brand": "Nike", "colorway": "Sail/Neutral Grey-Pale Ivory", "condition": "New", "description": "", "media": {"smallImageUrl": "https://images.stockx.com/images/Nike-Dunk-Low-Off-White-Lot-25-Product.jpg?fit=fill&bg=FFFFFF&w=300&h=214&fm=webp&auto=compress&trim=color&q=90&dpr=2&updated_at=1638288346", "thumbUrl": "https://images.stockx.com/images/Nike-Dunk-Low-Off-White-Lot-25-Product.jpg?fit=fill&bg=FFFFFF&w=140&h=100&fm=webp&auto=compress&trim=color&q=90&dpr=2&updated_at=1638288346"}, "productCategory": "sneakers", "releaseDate": "2021-08-09", "retailPrice": 180, "shoe": "Nike Dunk Low", "title": "Nike Dunk Low Off-White Lot 25", "urlKey": "nike-dunk-low-off-white-lot-25", "market": {"lowestAsk": 460, "salesThisPeriod": 1, "salesLastPeriod": 0, "highestBid": 600, "volatility": 0.158996, "deadstockSold": 942, "pricePremium": 2.445, "averageDeadstockPrice": 485, "lastSale": 620, "changeValue": 40, "changePercentage": 0.068428, "lastLowestAskTime": 1663020564, "lastHighestBidTime": 1663114472, "lastSaleDate": "2022-09-13T08:34:45+00:00"}, "objectID": "ed6fd28d-c910-41bd-b649-9833dbbb45b0"}, {"id": "e9094883-6dcc-4601-954d-4db0f0c2cf02", "uuid": "e9094883-6dcc-4601-954d-4db0f0c2cf02", "brand": "Nike", "childId": null, "colorway": "University Gold/University Gold-Black", "condition": "New", "description": "The Nike Air Rubber Dunk from Off-White founder, Virgil Abloh, is the first signature sneaker from the designer while with the Swoosh. He released three colorways of his new model, with this colorway being dubbed University Gold. \n<br>\n<br>\nThe Air Rubber Dunk\u2019s upper is made up of rubber, synthetic leathers, and mesh throughout. The tongue\u2019s raw edges bring Virgil\u2019s signature deconstructed look that he is known for incorporating on all of his Nike collaborations. Finally, the midsole adds to its theme with rubber enclosures around the Air Bubble unit.\n<br>\n<br>\nThe Nike Air Rubber Dunk Off-White University Gold released in October of 2020.", "media": {"smallImageUrl": "https://images.stockx.com/images/Nike-Air-Rubber-Dunk-Off-White-University-Gold-Product.jpg?fit=fill&bg=FFFFFF&w=300&h=214&fm=webp&auto=compress&trim=color&q=90&dpr=2&updated_at=1606771819", "thumbUrl": "https://images.stockx.com/images/Nike-Air-Rubber-Dunk-Off-White-University-Gold-Product.jpg?fit=fill&bg=FFFFFF&w=140&h=100&fm=webp&auto=compress&trim=color&q=90&dpr=2&updated_at=1606771819"}, "productCategory": "sneakers", "releaseDate": "2020-10-01", "retailPrice": 180, "shoe": "Nike Air Rubber Dunk", "title": "Nike Air Rubber Dunk Off-White University Gold", "urlKey": "nike-air-rubber-dunk-off-white-university-gold", "market": {"lowestAsk": 250, "salesThisPeriod": 1, "salesLastPeriod": 0, "highestBid": 400, "volatility": 0.13869, "deadstockSold": 937, "pricePremium": 0.694, "averageDeadstockPrice": 318, "lastSale": 305, "changeValue": 20, "changePercentage": 0.070175, "lastLowestAskTime": 1663088301, "lastHighestBidTime": 1663301531, "lastSaleDate": "2022-09-19T17:20:22+00:00"}, "objectID": "e9094883-6dcc-4601-954d-4db0f0c2cf02"}, {"id": "934b8531-3ec9-4237-af1b-ebcaa37db60a", "uuid": "934b8531-3ec9-4237-af1b-ebcaa37db60a", "brand": "Nike", "childId": null, "colorway": "Ice Blue/White-Metallic Gold-Metallic Silver", "condition": "New", "description": "Nike SB and Sean Cliver came together for a holiday special to close out 2020. Sean Cliver has a knack for designing Christmas-themed sneakers, like the 2012 Nike SB Dunk Krampus and this 2020's Nike SB kept the holiday spirit alive with a brighter hued Dunk Low.\n<br>\n<br>\nThe Nike SB Dunk Low Sean Cliver is filled with holiday cheer. The upper holds a mix of sky blue suede and white tumbled leather, adding luxe looks to the skateboarding sneaker. Next, a metallic gold Swoosh shines on the upper as well, matching a gold speckled, blue outsole and gold embroidered Nike logo on the heel. The sneaker's toe displays air holes patterned after snowflakes, while the insoles continue the festive design by showcasing Christmas elves painting holiday toys.\n<br>\n<br>\nThe Nike SB Dunk Low Sean Cliver released in December 2020 for $110.", "media": {"smallImageUrl": "https://images.stockx.com/images/Nike-SB-Dunk-Low-Sean-Cliver-Product.jpg?fit=fill&bg=FFFFFF&w=300&h=214&fm=webp&auto=compress&trim=color&q=90&dpr=2&updated_at=1609770968", "thumbUrl": "https://images.stockx.com/images/Nike-SB-Dunk-Low-Sean-Cliver-Product.jpg?fit=fill&bg=FFFFFF&w=140&h=100&fm=webp&auto=compress&trim=color&q=90&dpr=2&updated_at=1609770968"}, "productCategory": "sneakers", "releaseDate": "2020-12-19", "retailPrice": 110, "shoe": "Nike SB Dunk Low", "title": "Nike SB Dunk Low Sean Cliver", "urlKey": "nike-sb-dunk-low-sean-cliver", "market": {"lowestAsk": 561, "salesThisPeriod": 1, "salesLastPeriod": 0, "highestBid": 650, "volatility": 0.093902, "deadstockSold": 934, "pricePremium": 3.64, "averageDeadstockPrice": 612, "lastSale": 510, "changeValue": -139, "changePercentage": -0.214686, "lastLowestAskTime": 1662633171, "lastHighestBidTime": 1662187337, "lastSaleDate": "2022-09-18T19:42:38+00:00"}, "objectID": "934b8531-3ec9-4237-af1b-ebcaa37db60a"}, {"id": "87bbe6a5-5236-45dc-bcdc-9849b6380370", "uuid": "87bbe6a5-5236-45dc-bcdc-9849b6380370", "brand": "Nike", "colorway": "Sail/Multi-Color-Birch-Rustic", "condition": "New", "description": "", "media": {"smallImageUrl": "https://images.stockx.com/images/Nike-Dunk-High-Bodega-Sail-Multi-Product.jpg?fit=fill&bg=FFFFFF&w=300&h=214&fm=webp&auto=compress&trim=color&q=90&dpr=2&updated_at=1611084376", "thumbUrl": "https://images.stockx.com/images/Nike-Dunk-High-Bodega-Sail-Multi-Product.jpg?fit=fill&bg=FFFFFF&w=140&h=100&fm=webp&auto=compress&trim=color&q=90&dpr=2&updated_at=1611084376"}, "productCategory": "sneakers", "releaseDate": "2020-12-30", "retailPrice": 120, "shoe": "Nike Dunk High", "title": "Nike Dunk High Bodega Sail Multi (Friends and Family)", "urlKey": "nike-dunk-high-bodega-sail-multi", "market": {"lowestAsk": 235, "salesThisPeriod": 1, "salesLastPeriod": 0, "highestBid": 271, "volatility": 0.162796, "deadstockSold": 921, "pricePremium": 1.167, "averageDeadstockPrice": 314, "lastSale": 260, "changeValue": -103, "changePercentage": -0.283747, "lastLowestAskTime": 1663361013, "lastHighestBidTime": 1663350881, "lastSaleDate": "2022-09-15T12:34:46+00:00"}, "objectID": "87bbe6a5-5236-45dc-bcdc-9849b6380370"}, {"id": "f54b8afa-1872-4f93-8a1d-6d8e31fc8ab4", "uuid": "f54b8afa-1872-4f93-8a1d-6d8e31fc8ab4", "brand": "Nike", "colorway": "White/Grey-White", "condition": "New", "description": "", "media": {"smallImageUrl": "https://images.stockx.com/images/Nike-Dunk-High-SP-White-Grey-Product.jpg?fit=fill&bg=FFFFFF&w=300&h=214&fm=webp&auto=compress&trim=color&q=90&dpr=2&updated_at=1654799831", "thumbUrl": "https://images.stockx.com/images/Nike-Dunk-High-SP-White-Grey-Product.jpg?fit=fill&bg=FFFFFF&w=140&h=100&fm=webp&auto=compress&trim=color&q=90&dpr=2&updated_at=1654799831"}, "productCategory": "sneakers", "releaseDate": "2020-11-13", "retailPrice": 120, "shoe": "Nike Dunk High SP", "title": "Nike Dunk High SP Pure Platinum", "urlKey": "nike-dunk-high-sp-white-grey", "market": {"lowestAsk": 113, "salesThisPeriod": 1, "salesLastPeriod": 0, "highestBid": 130, "volatility": 0.147035, "deadstockSold": 915, "pricePremium": 0.379, "averageDeadstockPrice": 162, "lastSale": 165, "changeValue": 41, "changePercentage": 0.323837, "lastLowestAskTime": 1663633270, "lastHighestBidTime": 1662065129, "lastSaleDate": "2022-09-17T07:12:40+00:00"}, "objectID": "f54b8afa-1872-4f93-8a1d-6d8e31fc8ab4"}, {"id": "5cfcf086-e251-4e9e-8b9e-ff139cd399e5", "uuid": "5cfcf086-e251-4e9e-8b9e-ff139cd399e5", "brand": "Nike", "colorway": "Sail/Neutral Grey-Battle Blue", "condition": "New", "description": "This Nike Dunk Low Off White Lot 10 is a product of the Dear Summer collection, a follow-up to the first Nike Dunk and Off White collaboration.\n<br>\n<br>\nThe Nike Dunk Low Off White Lot 10 is a stylish sneaker that features a white leather upper with grey canvas overlays. The low-top includes superb Off White touches, such as the plastic zip tie and Helvetica text. The sneakers feature a blue secondary lacing system, an exposed foam tongue, and a \"10 of 50\" badge attached on the side midsole.\n<br>\n<br>\nThe Nike Dunk Low Off White Lot 10 debuted in August 2021 and retailed for $180.", "media": {"smallImageUrl": "https://images.stockx.com/images/Nike-Dunk-Low-Off-White-Lot-10-Product.jpg?fit=fill&bg=FFFFFF&w=300&h=214&fm=webp&auto=compress&trim=color&q=90&dpr=2&updated_at=1630008957", "thumbUrl": "https://images.stockx.com/images/Nike-Dunk-Low-Off-White-Lot-10-Product.jpg?fit=fill&bg=FFFFFF&w=140&h=100&fm=webp&auto=compress&trim=color&q=90&dpr=2&updated_at=1630008957"}, "productCategory": "sneakers", "releaseDate": "2021-08-09", "retailPrice": 180, "shoe": "Nike Dunk Low", "title": "Nike Dunk Low Off-White Lot 10", "urlKey": "nike-dunk-low-off-white-lot-10", "market": {"lowestAsk": 483, "salesThisPeriod": 1, "salesLastPeriod": 0, "highestBid": 515, "volatility": 0.142625, "deadstockSold": 886, "pricePremium": 2.056, "averageDeadstockPrice": 480, "lastSale": 550, "changeValue": 75, "changePercentage": 0.157895, "lastLowestAskTime": 1663563837, "lastHighestBidTime": 1663302530, "lastSaleDate": "2022-09-18T16:07:36+00:00"}, "objectID": "5cfcf086-e251-4e9e-8b9e-ff139cd399e5"}, {"id": "0714baf7-ccc3-4c93-8e1b-97b681fbf1de", "uuid": "0714baf7-ccc3-4c93-8e1b-97b681fbf1de", "brand": "Nike", "colorway": "Sail/Neutral Grey-Medium Olive", "condition": "New", "description": "", "media": {"smallImageUrl": "https://images.stockx.com/images/Nike-Dunk-Low-Off-White-Lot-22-Product.jpg?fit=fill&bg=FFFFFF&w=300&h=214&fm=webp&auto=compress&trim=color&q=90&dpr=2&updated_at=1644827872", "thumbUrl": "https://images.stockx.com/images/Nike-Dunk-Low-Off-White-Lot-22-Product.jpg?fit=fill&bg=FFFFFF&w=140&h=100&fm=webp&auto=compress&trim=color&q=90&dpr=2&updated_at=1644827872"}, "productCategory": "sneakers", "releaseDate": "2021-08-09", "retailPrice": 180, "shoe": "Nike Dunk Low", "title": "Nike Dunk Low Off-White Lot 22", "urlKey": "nike-dunk-low-off-white-lot-22", "market": {"lowestAsk": 453, "salesThisPeriod": 1, "salesLastPeriod": 0, "highestBid": 460, "volatility": 0.12668, "deadstockSold": 869, "pricePremium": 2.728, "averageDeadstockPrice": 440, "lastSale": 671, "changeValue": 176, "changePercentage": 0.355047, "lastLowestAskTime": 1663579809, "lastHighestBidTime": 1663174771, "lastSaleDate": "2022-09-18T04:14:21+00:00"}, "objectID": "0714baf7-ccc3-4c93-8e1b-97b681fbf1de"}, {"id": "b8461a6a-f266-4d93-88a9-32be74163ae8", "uuid": "b8461a6a-f266-4d93-88a9-32be74163ae8", "brand": "Nike", "childId": null, "colorway": "Sail/Neutral Grey-Hyper Pink", "condition": "New", "description": "", "media": {"smallImageUrl": "https://images.stockx.com/images/Nike-Dunk-Low-Off-White-Lot-17-Product.jpg?fit=fill&bg=FFFFFF&w=300&h=214&fm=webp&auto=compress&trim=color&q=90&dpr=2&updated_at=1629920381", "thumbUrl": "https://images.stockx.com/images/Nike-Dunk-Low-Off-White-Lot-17-Product.jpg?fit=fill&bg=FFFFFF&w=140&h=100&fm=webp&auto=compress&trim=color&q=90&dpr=2&updated_at=1629920381"}, "productCategory": "sneakers", "releaseDate": "2021-08-09", "retailPrice": 180, "shoe": "Nike Dunk Low", "title": "Nike Dunk Low Off-White Lot 17", "urlKey": "nike-dunk-low-off-white-lot-17", "market": {"lowestAsk": 429, "salesThisPeriod": 1, "salesLastPeriod": 0, "highestBid": 720, "volatility": 0.10652, "deadstockSold": 854, "pricePremium": 1.765, "averageDeadstockPrice": 457, "lastSale": 498, "changeValue": 31, "changePercentage": 0.065572, "lastLowestAskTime": 1663772976, "lastHighestBidTime": 1662892810, "lastSaleDate": "2022-09-20T02:20:37+00:00"}, "objectID": "b8461a6a-f266-4d93-88a9-32be74163ae8"}, {"id": "b498879c-8fac-415e-8af9-03bff91f0e2f", "uuid": "b498879c-8fac-415e-8af9-03bff91f0e2f", "brand": "Nike", "colorway": "Light Bone/Light Bone/Sail/Green Noise", "condition": "New", "description": "", "media": {"smallImageUrl": "https://images.stockx.com/images/nike-dunk-high-first-use-sail-gs.jpg?fit=fill&bg=FFFFFF&w=300&h=214&fm=webp&auto=compress&trim=color&q=90&dpr=2&updated_at=1625271377", "thumbUrl": "https://images.stockx.com/images/nike-dunk-high-first-use-sail-gs.jpg?fit=fill&bg=FFFFFF&w=140&h=100&fm=webp&auto=compress&trim=color&q=90&dpr=2&updated_at=1625271377"}, "productCategory": "sneakers", "releaseDate": "2021-08-11", "retailPrice": 90, "shoe": "Nike Dunk High SE", "title": "Nike Dunk High SE First Use Sail (GS)", "urlKey": "nike-dunk-high-first-use-sail-gs", "market": {"lowestAsk": 105, "salesThisPeriod": 1, "salesLastPeriod": 0, "highestBid": 130, "volatility": 0.145323, "deadstockSold": 815, "pricePremium": 0.702, "averageDeadstockPrice": 136, "lastSale": 153, "changeValue": -11, "changePercentage": -0.071438, "lastLowestAskTime": 1661873808, "lastHighestBidTime": 1663504171, "lastSaleDate": "2022-09-20T10:32:12+00:00"}, "objectID": "b498879c-8fac-415e-8af9-03bff91f0e2f"}, {"id": "56090d04-2bdf-4061-9932-3d3def1b63b7", "uuid": "56090d04-2bdf-4061-9932-3d3def1b63b7", "brand": "Nike", "colorway": "Sail/Neutral Grey-Hyper Violet", "condition": "New", "description": "", "media": {"smallImageUrl": "https://images.stockx.com/images/Nike-Dunk-Low-Off-White-Lot-21-Product.jpg?fit=fill&bg=FFFFFF&w=300&h=214&fm=webp&auto=compress&trim=color&q=90&dpr=2&updated_at=1633366246", "thumbUrl": "https://images.stockx.com/images/Nike-Dunk-Low-Off-White-Lot-21-Product.jpg?fit=fill&bg=FFFFFF&w=140&h=100&fm=webp&auto=compress&trim=color&q=90&dpr=2&updated_at=1633366246"}, "productCategory": "sneakers", "releaseDate": "2021-08-09", "retailPrice": 180, "shoe": "Nike Dunk Low", "title": "Nike Dunk Low Off-White Lot 21", "urlKey": "nike-dunk-low-off-white-lot-21", "market": {"lowestAsk": 443, "salesThisPeriod": 1, "salesLastPeriod": 0, "highestBid": 614, "volatility": 0.119944, "deadstockSold": 791, "pricePremium": 2.583, "averageDeadstockPrice": 455, "lastSale": 645, "changeValue": 265, "changePercentage": 0.697368, "lastLowestAskTime": 1663801132, "lastHighestBidTime": 1663424909, "lastSaleDate": "2022-09-20T22:44:32+00:00"}, "objectID": "56090d04-2bdf-4061-9932-3d3def1b63b7"}, {"id": "1fd841c1-95ed-4366-ad9b-5edb1f205bc9", "uuid": "1fd841c1-95ed-4366-ad9b-5edb1f205bc9", "brand": "Nike", "childId": null, "colorway": "Sail/Neutral Grey-Blue Fury", "condition": "New", "description": "", "media": {"smallImageUrl": "https://images.stockx.com/images/Nike-Dunk-Low-Off-White-Lot-2-Product.jpg?fit=fill&bg=FFFFFF&w=300&h=214&fm=webp&auto=compress&trim=color&q=90&dpr=2&updated_at=1629741853", "thumbUrl": "https://images.stockx.com/images/Nike-Dunk-Low-Off-White-Lot-2-Product.jpg?fit=fill&bg=FFFFFF&w=140&h=100&fm=webp&auto=compress&trim=color&q=90&dpr=2&updated_at=1629741853"}, "productCategory": "sneakers", "releaseDate": "2021-08-09", "retailPrice": 180, "shoe": "Nike Dunk Low", "title": "Nike Dunk Low Off-White Lot 2", "urlKey": "nike-dunk-low-off-white-lot-2", "market": {"lowestAsk": 475, "salesThisPeriod": 1, "salesLastPeriod": 0, "highestBid": 745, "volatility": 0.141653, "deadstockSold": 734, "pricePremium": 1.778, "averageDeadstockPrice": 512, "lastSale": 500, "changeValue": -100, "changePercentage": -0.166667, "lastLowestAskTime": 1663347421, "lastHighestBidTime": 1661439786, "lastSaleDate": "2022-09-16T20:27:46+00:00"}, "objectID": "1fd841c1-95ed-4366-ad9b-5edb1f205bc9"}, {"id": "7a2ce04c-79b0-4c47-b048-b88c902c09c9", "uuid": "7a2ce04c-79b0-4c47-b048-b88c902c09c9", "brand": "Nike", "colorway": "Sail/Neutral Grey", "condition": "New", "description": "The Nike Dunk Low Off White Lot 15 is a part of the Dear Summer collection, a follow-up to the first Nike Dunk and Off White collaboration.\n<br>\n<br>\nThe Nike Dunk Low Off White Lot 15 features a white leather upper with grey suede overlays and Swooshes. The low-top includes Off White touches, such as the plastic zip tie and Helvetica text. The sneakers also feature a purple secondary lacing system, an exposed foam tongue, and a \"15 of 50\" badge attached on the side midsole.\n<br>\n<br>\nThe Nike Dunk Low Off White Lot 15 debuted in August 2021 and retailed for $180.", "media": {"smallImageUrl": "https://images.stockx.com/images/Nike-Dunk-Low-Off-White-Lot-15-Product.jpg?fit=fill&bg=FFFFFF&w=300&h=214&fm=webp&auto=compress&trim=color&q=90&dpr=2&updated_at=1629818594", "thumbUrl": "https://images.stockx.com/images/Nike-Dunk-Low-Off-White-Lot-15-Product.jpg?fit=fill&bg=FFFFFF&w=140&h=100&fm=webp&auto=compress&trim=color&q=90&dpr=2&updated_at=1629818594"}, "productCategory": "sneakers", "releaseDate": "2021-08-09", "retailPrice": 180, "shoe": "Nike Dunk Low", "title": "Nike Dunk Low Off-White Lot 15", "urlKey": "nike-dunk-low-off-white-lot-15", "market": {"lowestAsk": 519, "salesThisPeriod": 1, "salesLastPeriod": 0, "highestBid": 580, "volatility": 0.151024, "deadstockSold": 714, "pricePremium": 1.267, "averageDeadstockPrice": 493, "lastSale": 408, "changeValue": -43, "changePercentage": -0.095344, "lastLowestAskTime": 1663803722, "lastHighestBidTime": 1663080227, "lastSaleDate": "2022-09-21T15:45:38+00:00"}, "objectID": "7a2ce04c-79b0-4c47-b048-b88c902c09c9"}, {"id": "e743b0c2-cd0b-4e1e-945c-919d525556e9", "uuid": "e743b0c2-cd0b-4e1e-945c-919d525556e9", "brand": "Nike", "colorway": "Photon Dust/Summit White-Summit White", "condition": "New", "description": "The women\u2019s Nike Dunk Low Disrupt Photon Dust (W) features a white leather upper with woven underlays and white Swooshes that cross under inserts close to the heel. From there, a modular outsole and a gray pull tab on the back complete the design.\n<br>\n<br>\nThe women\u2019s Nike Dunk Low Disrupt Photon Dust (W) released in September of 2020 and retailed for $110.", "media": {"smallImageUrl": "https://images.stockx.com/images/Nike-Dunk-Low-Disrupt-Photon-Dust-W-Product.jpg?fit=fill&bg=FFFFFF&w=300&h=214&fm=webp&auto=compress&trim=color&q=90&dpr=2&updated_at=1649865724", "thumbUrl": "https://images.stockx.com/images/Nike-Dunk-Low-Disrupt-Photon-Dust-W-Product.jpg?fit=fill&bg=FFFFFF&w=140&h=100&fm=webp&auto=compress&trim=color&q=90&dpr=2&updated_at=1649865724"}, "productCategory": "sneakers", "releaseDate": "2020-09-04", "retailPrice": 110, "shoe": "Nike Dunk Low", "title": "Nike Dunk Low Disrupt Photon Dust (W)", "urlKey": "nike-dunk-low-disrupt-photon-dust-w", "market": {"lowestAsk": 107, "salesThisPeriod": 1, "salesLastPeriod": 0, "highestBid": 145, "volatility": 0.113252, "deadstockSold": 709, "pricePremium": 0.713, "averageDeadstockPrice": 130, "lastSale": 188, "changeValue": 73, "changePercentage": 0.624333, "lastLowestAskTime": 1663716098, "lastHighestBidTime": 1663424523, "lastSaleDate": "2022-09-18T22:05:06+00:00"}, "objectID": "e743b0c2-cd0b-4e1e-945c-919d525556e9"}, {"id": "80ccd485-524a-4d8e-941a-bb304ec712c1", "uuid": "80ccd485-524a-4d8e-941a-bb304ec712c1", "brand": "Nike", "childId": null, "colorway": "Sail/Neutral Grey-Magenta", "condition": "New", "description": "", "media": {"smallImageUrl": "https://images.stockx.com/images/Nike-Dunk-Low-Off-White-Lot-45-Product.jpg?fit=fill&bg=FFFFFF&w=300&h=214&fm=webp&auto=compress&trim=color&q=90&dpr=2&updated_at=1638552348", "thumbUrl": "https://images.stockx.com/images/Nike-Dunk-Low-Off-White-Lot-45-Product.jpg?fit=fill&bg=FFFFFF&w=140&h=100&fm=webp&auto=compress&trim=color&q=90&dpr=2&updated_at=1638552348"}, "productCategory": "sneakers", "releaseDate": "2021-08-09", "retailPrice": 180, "shoe": "Nike Dunk Low", "title": "Nike Dunk Low Off-White Lot 45", "urlKey": "nike-dunk-low-off-white-lot-45", "market": {"lowestAsk": 438, "salesThisPeriod": 1, "salesLastPeriod": 0, "highestBid": 500, "volatility": 0.286607, "deadstockSold": 691, "pricePremium": 1.167, "averageDeadstockPrice": 439, "lastSale": 390, "changeValue": -209, "changePercentage": -0.349974, "lastLowestAskTime": 1663772882, "lastHighestBidTime": 1663236149, "lastSaleDate": "2022-09-21T08:50:29+00:00"}, "objectID": "80ccd485-524a-4d8e-941a-bb304ec712c1"}, {"id": "90c24892-c114-45fc-9dea-d1ef6fc3677e", "uuid": "90c24892-c114-45fc-9dea-d1ef6fc3677e", "brand": "Nike", "colorway": "Black/Electric Green-Black", "condition": "New", "description": "", "media": {"smallImageUrl": "https://images.stockx.com/images/Nike-Lebron-18-Dunkman-Product.jpg?fit=fill&bg=FFFFFF&w=300&h=214&fm=webp&auto=compress&trim=color&q=90&dpr=2&updated_at=1613497755", "thumbUrl": "https://images.stockx.com/images/Nike-Lebron-18-Dunkman-Product.jpg?fit=fill&bg=FFFFFF&w=140&h=100&fm=webp&auto=compress&trim=color&q=90&dpr=2&updated_at=1613497755"}, "productCategory": "sneakers", "releaseDate": "2021-01-30", "retailPrice": 200, "shoe": "Nike LeBron 18", "title": "Nike LeBron 18 Dunkman", "urlKey": "nike-lebron-18-dunkman", "market": {"lowestAsk": 75, "salesThisPeriod": 1, "salesLastPeriod": 0, "highestBid": 114, "volatility": 0.236221, "deadstockSold": 678, "pricePremium": -0.499, "averageDeadstockPrice": 101, "lastSale": 100, "changeValue": -1, "changePercentage": -0.01801, "lastLowestAskTime": 1663505740, "lastHighestBidTime": 1663710255, "lastSaleDate": "2022-09-20T10:18:59+00:00"}, "objectID": "90c24892-c114-45fc-9dea-d1ef6fc3677e"}, {"id": "22d4161c-1de7-40fc-8d51-76f321c21399", "uuid": "22d4161c-1de7-40fc-8d51-76f321c21399", "brand": "Nike", "colorway": "Summit White/Cargo Khaki-Black", "condition": "New", "description": "", "media": {"smallImageUrl": "https://images.stockx.com/images/Nike-Dunk-High-Up-Cargo-Khaki-Product.jpg?fit=fill&bg=FFFFFF&w=300&h=214&fm=webp&auto=compress&trim=color&q=90&dpr=2&updated_at=1649428452", "thumbUrl": "https://images.stockx.com/images/Nike-Dunk-High-Up-Cargo-Khaki-Product.jpg?fit=fill&bg=FFFFFF&w=140&h=100&fm=webp&auto=compress&trim=color&q=90&dpr=2&updated_at=1649428452"}, "productCategory": "sneakers", "releaseDate": "", "retailPrice": 120, "shoe": "Nike Dunk High Up", "title": "Nike Dunk High Up Cargo Khaki", "urlKey": "nike-dunk-high-up-cargo-khaki", "market": {"lowestAsk": 111, "salesThisPeriod": 1, "salesLastPeriod": 0, "highestBid": 111, "volatility": 0.152669, "deadstockSold": 668, "pricePremium": -0.075, "averageDeadstockPrice": 133, "lastSale": 111, "changeValue": -9, "changePercentage": -0.075, "lastLowestAskTime": 1662950941, "lastHighestBidTime": 1663787241, "lastSaleDate": "2022-09-21T19:07:18+00:00"}, "objectID": "22d4161c-1de7-40fc-8d51-76f321c21399"}, {"id": "0b5c87be-6893-4e19-bd56-f8c3940a5186", "uuid": "0b5c87be-6893-4e19-bd56-f8c3940a5186", "brand": "Nike", "childId": null, "colorway": "Sail/Neutral Grey", "condition": "New", "description": "", "media": {"smallImageUrl": "https://images.stockx.com/images/Nike-Dunk-Low-Off-White-Lot-6-Product.jpg?fit=fill&bg=FFFFFF&w=300&h=214&fm=webp&auto=compress&trim=color&q=90&dpr=2&updated_at=1630349994", "thumbUrl": "https://images.stockx.com/images/Nike-Dunk-Low-Off-White-Lot-6-Product.jpg?fit=fill&bg=FFFFFF&w=140&h=100&fm=webp&auto=compress&trim=color&q=90&dpr=2&updated_at=1630349994"}, "productCategory": "sneakers", "releaseDate": "2021-08-09", "retailPrice": 180, "shoe": "Nike Dunk Low", "title": "Nike Dunk Low Off-White Lot 6", "urlKey": "nike-dunk-low-off-white-lot-6", "market": {"lowestAsk": 460, "salesThisPeriod": 1, "salesLastPeriod": 0, "highestBid": 520, "volatility": 0.230481, "deadstockSold": 648, "pricePremium": 1.5, "averageDeadstockPrice": 447, "lastSale": 450, "changeValue": -80, "changePercentage": -0.150943, "lastLowestAskTime": 1663699732, "lastHighestBidTime": 1661166338, "lastSaleDate": "2022-09-21T04:25:24+00:00"}, "objectID": "0b5c87be-6893-4e19-bd56-f8c3940a5186"}, {"id": "324506e4-4936-46e1-b789-4ce800554d8c", "uuid": "324506e4-4936-46e1-b789-4ce800554d8c", "brand": "Nike", "childId": null, "colorway": "Light Green/Tan/Brown-Red", "condition": "New", "description": "The Nike SB Dunk High Color Skates Kebab and Destroy is designed by Athens\u2019 very own Color Skate shop. The sneaker is inspired by a national favorite in Greece, the gyro. \n<br>\n<br>\nThe upper of the sneaker is composed of a mix of suede and various forms of leather. Brown elephant print leather is featured on the heel to resemble the textured lamb meat in gyros. Tan suede overlays represent the pita, while hits of red tumbled leather on the Swoosh and laces are the tomatoes of the wrapped food. Gyro and Color Skates logo graphics are on the heels of each shoe, further showing off the sneaker's inspiration.\n<br>\n<br>\nThe Nike SB Dunk High Color Skates Kebab and Destroy released in June of 2021.", "media": {"smallImageUrl": "https://images.stockx.com/images/Nike-SB-Dunk-High-Color-Skates-Kebab-and-Destroy-Product.jpg?fit=fill&bg=FFFFFF&w=300&h=214&fm=webp&auto=compress&trim=color&q=90&dpr=2&updated_at=1626289803", "thumbUrl": "https://images.stockx.com/images/Nike-SB-Dunk-High-Color-Skates-Kebab-and-Destroy-Product.jpg?fit=fill&bg=FFFFFF&w=140&h=100&fm=webp&auto=compress&trim=color&q=90&dpr=2&updated_at=1626289803"}, "productCategory": "sneakers", "releaseDate": "2021-06-26", "retailPrice": 120, "shoe": "Nike SB Dunk High", "title": "Nike SB Dunk High Color Skates Kebab and Destroy", "urlKey": "nike-sb-dunk-high-color-skates-kebab-and-destroy", "market": {"lowestAsk": 153, "salesThisPeriod": 1, "salesLastPeriod": 0, "highestBid": 185, "volatility": 0.139639, "deadstockSold": 640, "pricePremium": 0.389, "averageDeadstockPrice": 184, "lastSale": 167, "changeValue": 22, "changePercentage": 0.149831, "lastLowestAskTime": 1662944586, "lastHighestBidTime": 1662083040, "lastSaleDate": "2022-09-18T17:10:51+00:00"}, "objectID": "324506e4-4936-46e1-b789-4ce800554d8c"}, {"id": "282014f5-45f7-4f93-a154-3d744d212a5b", "uuid": "282014f5-45f7-4f93-a154-3d744d212a5b", "brand": "Nike", "childId": null, "colorway": "Sail/Neutral Grey-Green Glow", "condition": "New", "description": "", "media": {"smallImageUrl": "https://images.stockx.com/images/Nike-Dunk-Low-Off-White-Lot-4-Product.jpg?fit=fill&bg=FFFFFF&w=300&h=214&fm=webp&auto=compress&trim=color&q=90&dpr=2&updated_at=1629920285", "thumbUrl": "https://images.stockx.com/images/Nike-Dunk-Low-Off-White-Lot-4-Product.jpg?fit=fill&bg=FFFFFF&w=140&h=100&fm=webp&auto=compress&trim=color&q=90&dpr=2&updated_at=1629920285"}, "productCategory": "sneakers", "releaseDate": "2021-08-09", "retailPrice": 180, "shoe": "Nike Dunk Low", "title": "Nike Dunk Low Off-White Lot 4", "urlKey": "nike-dunk-low-off-white-lot-4", "market": {"lowestAsk": 450, "salesThisPeriod": 1, "salesLastPeriod": 0, "highestBid": 470, "volatility": 0.070668, "deadstockSold": 615, "pricePremium": 1.778, "averageDeadstockPrice": 457, "lastSale": 500, "changeValue": 50, "changePercentage": 0.111111, "lastLowestAskTime": 1663614406, "lastHighestBidTime": 1663432071, "lastSaleDate": "2022-09-19T11:29:57+00:00"}, "objectID": "282014f5-45f7-4f93-a154-3d744d212a5b"}, {"id": "21af4a58-fc96-4f85-9b44-1565ec44e649", "uuid": "21af4a58-fc96-4f85-9b44-1565ec44e649", "brand": "Nike", "colorway": "Sail/Neutral Grey", "condition": "New", "description": "", "media": {"smallImageUrl": "https://images.stockx.com/images/Nike-Dunk-Low-Off-White-Lot-30-Product.jpg?fit=fill&bg=FFFFFF&w=300&h=214&fm=webp&auto=compress&trim=color&q=90&dpr=2&updated_at=1642067104", "thumbUrl": "https://images.stockx.com/images/Nike-Dunk-Low-Off-White-Lot-30-Product.jpg?fit=fill&bg=FFFFFF&w=140&h=100&fm=webp&auto=compress&trim=color&q=90&dpr=2&updated_at=1642067104"}, "productCategory": "sneakers", "releaseDate": "2021-08-09", "retailPrice": 180, "shoe": "Nike Dunk Low", "title": "Nike Dunk Low Off-White Lot 30", "urlKey": "nike-dunk-low-off-white-lot-30", "market": {"lowestAsk": 449, "salesThisPeriod": 1, "salesLastPeriod": 0, "highestBid": 540, "volatility": 0.178475, "deadstockSold": 588, "pricePremium": 1.76, "averageDeadstockPrice": 465, "lastSale": 497, "changeValue": -40, "changePercentage": -0.075006, "lastLowestAskTime": 1663727291, "lastHighestBidTime": 1663500888, "lastSaleDate": "2022-09-20T10:36:43+00:00"}, "objectID": "21af4a58-fc96-4f85-9b44-1565ec44e649"}, {"id": "9bc73788-5fe6-415d-9e3b-8f7abd0f7f16", "uuid": "9bc73788-5fe6-415d-9e3b-8f7abd0f7f16", "brand": "Nike", "colorway": "Black/Hyper Cobalt/White", "condition": "New", "description": "", "media": {"smallImageUrl": "https://images.stockx.com/images/Nike-Dunk-Low-Hyper-Cobalt-TD.jpg?fit=fill&bg=FFFFFF&w=300&h=214&fm=webp&auto=compress&trim=color&q=90&dpr=2&updated_at=1614228291", "thumbUrl": "https://images.stockx.com/images/Nike-Dunk-Low-Hyper-Cobalt-TD.jpg?fit=fill&bg=FFFFFF&w=140&h=100&fm=webp&auto=compress&trim=color&q=90&dpr=2&updated_at=1614228291"}, "productCategory": "sneakers", "releaseDate": "", "retailPrice": 65, "shoe": "Nike Dunk Low", "title": "Nike Dunk Low Hyper Cobalt (TD)", "urlKey": "nike-dunk-low-hyper-cobalt-td", "market": {"lowestAsk": 69, "salesThisPeriod": 1, "salesLastPeriod": 0, "highestBid": 72, "volatility": 0.239616, "deadstockSold": 579, "pricePremium": 0.215, "averageDeadstockPrice": 78, "lastSale": 79, "changeValue": 10, "changePercentage": 0.144928, "lastLowestAskTime": 1663261694, "lastHighestBidTime": 1661639040, "lastSaleDate": "2022-09-18T23:13:05+00:00"}, "objectID": "9bc73788-5fe6-415d-9e3b-8f7abd0f7f16"}, {"id": "f42e4680-992a-4382-a256-a01279764571", "uuid": "f42e4680-992a-4382-a256-a01279764571", "brand": "Nike", "colorway": "Light Bone/Black-White-Tropical Twist", "condition": "New", "description": "", "media": {"smallImageUrl": "https://images.stockx.com/images/Nike-Dunk-Low-Grey-Tiffany-PS-Product.jpg?fit=fill&bg=FFFFFF&w=300&h=214&fm=webp&auto=compress&trim=color&q=90&dpr=2&updated_at=1651519857", "thumbUrl": "https://images.stockx.com/images/Nike-Dunk-Low-Grey-Tiffany-PS-Product.jpg?fit=fill&bg=FFFFFF&w=140&h=100&fm=webp&auto=compress&trim=color&q=90&dpr=2&updated_at=1651519857"}, "productCategory": "sneakers", "releaseDate": "2021-06-10", "retailPrice": 65, "shoe": "Nike Dunk Low", "title": "Nike Dunk Low Light Bone Tropical Twist (PS)", "urlKey": "nike-dunk-low-light-bone-tropical-twist-ps", "market": {"lowestAsk": 68, "salesThisPeriod": 1, "salesLastPeriod": 0, "highestBid": 83, "volatility": 0.121712, "deadstockSold": 557, "pricePremium": 0.092, "averageDeadstockPrice": 83, "lastSale": 71, "changeValue": -20, "changePercentage": -0.225834, "lastLowestAskTime": 1663735831, "lastHighestBidTime": 1662376217, "lastSaleDate": "2022-09-19T15:06:17+00:00"}, "objectID": "f42e4680-992a-4382-a256-a01279764571"}, {"id": "c77b9916-5719-42ed-be74-83b0135fd823", "uuid": "c77b9916-5719-42ed-be74-83b0135fd823", "brand": "Nike", "colorway": "Grey/Sail/Cream", "condition": "New", "description": "", "media": {"smallImageUrl": "https://images.stockx.com/images/Nike-Dunk-High-Grey-Sail-W-Product.jpg?fit=fill&bg=FFFFFF&w=300&h=214&fm=webp&auto=compress&trim=color&q=90&dpr=2&updated_at=1634918111", "thumbUrl": "https://images.stockx.com/images/Nike-Dunk-High-Grey-Sail-W-Product.jpg?fit=fill&bg=FFFFFF&w=140&h=100&fm=webp&auto=compress&trim=color&q=90&dpr=2&updated_at=1634918111"}, "productCategory": "sneakers", "releaseDate": "", "retailPrice": 110, "shoe": "Nike Dunk High", "title": "Nike Dunk High Grey Sail (W)", "urlKey": "nike-dunk-high-grey-sail-w", "market": {"lowestAsk": 95, "salesThisPeriod": 1, "salesLastPeriod": 0, "highestBid": 106, "volatility": 0.103426, "deadstockSold": 556, "pricePremium": 0.636, "averageDeadstockPrice": 137, "lastSale": 180, "changeValue": 53, "changePercentage": 0.417323, "lastLowestAskTime": 1663047882, "lastHighestBidTime": 1662679774, "lastSaleDate": "2022-09-20T17:08:34+00:00"}, "objectID": "c77b9916-5719-42ed-be74-83b0135fd823"}, {"id": "582d10dd-0d73-4b84-8578-4268dbf4d654", "uuid": "582d10dd-0d73-4b84-8578-4268dbf4d654", "brand": "Nike", "colorway": "Pale Ivory/Black", "condition": "New", "description": "", "media": {"smallImageUrl": "https://images.stockx.com/images/Nike-Dunk-Low-Disrupt-Pale-Ivory-Black-W-Product.jpg?fit=fill&bg=FFFFFF&w=300&h=214&fm=webp&auto=compress&trim=color&q=90&dpr=2&updated_at=1620398191", "thumbUrl": "https://images.stockx.com/images/Nike-Dunk-Low-Disrupt-Pale-Ivory-Black-W-Product.jpg?fit=fill&bg=FFFFFF&w=140&h=100&fm=webp&auto=compress&trim=color&q=90&dpr=2&updated_at=1620398191"}, "productCategory": "sneakers", "releaseDate": "", "retailPrice": 110, "shoe": "Nike Dunk Low Disrupt", "title": "Nike Dunk Low Disrupt Pale Ivory Black (W)", "urlKey": "nike-dunk-low-disrupt-pale-ivory-black-w", "market": {"lowestAsk": 278, "salesThisPeriod": 1, "salesLastPeriod": 0, "highestBid": 228, "volatility": 0.167937, "deadstockSold": 537, "pricePremium": 2.141, "averageDeadstockPrice": 269, "lastSale": 345, "changeValue": 79, "changePercentage": 0.293921, "lastLowestAskTime": 1663489177, "lastHighestBidTime": 1663165767, "lastSaleDate": "2022-09-16T09:09:21+00:00"}, "objectID": "582d10dd-0d73-4b84-8578-4268dbf4d654"}, {"id": "98246f9a-5f8b-441d-9ce0-b0818fe9a128", "uuid": "98246f9a-5f8b-441d-9ce0-b0818fe9a128", "brand": "Nike", "colorway": "Black/Multi-Color-White", "condition": "New", "description": "", "media": {"smallImageUrl": "https://images.stockx.com/images/Nike-Dunk-Low-Disrupt-Multi-Color-W-Product.jpg?fit=fill&bg=FFFFFF&w=300&h=214&fm=webp&auto=compress&trim=color&q=90&dpr=2&updated_at=1629131481", "thumbUrl": "https://images.stockx.com/images/Nike-Dunk-Low-Disrupt-Multi-Color-W-Product.jpg?fit=fill&bg=FFFFFF&w=140&h=100&fm=webp&auto=compress&trim=color&q=90&dpr=2&updated_at=1629131481"}, "productCategory": "sneakers", "releaseDate": "", "retailPrice": 110, "shoe": "Nike Dunk Low Disrupt", "title": "Nike Dunk Low Disrupt Multi-Color (W)", "urlKey": "nike-dunk-low-disrupt-multi-color-w", "market": {"lowestAsk": 62, "salesThisPeriod": 1, "salesLastPeriod": 0, "highestBid": 85, "volatility": 0.354162, "deadstockSold": 537, "pricePremium": -0.182, "averageDeadstockPrice": 105, "lastSale": 90, "changeValue": -42, "changePercentage": -0.318182, "lastLowestAskTime": 1663794955, "lastHighestBidTime": 1663688642, "lastSaleDate": "2022-09-20T00:56:50+00:00"}, "objectID": "98246f9a-5f8b-441d-9ce0-b0818fe9a128"}, {"id": "55e2919c-769e-40d9-98ad-275e33fbdf8d", "uuid": "55e2919c-769e-40d9-98ad-275e33fbdf8d", "brand": "Nike", "colorway": "White/Vast Grey", "condition": "New", "description": "", "media": {"smallImageUrl": "https://images.stockx.com/images/Nike-Dunk-High-Retro-White-Vast-Grey-PS.png?fit=fill&bg=FFFFFF&w=300&h=214&fm=webp&auto=compress&trim=color&q=90&dpr=2&updated_at=1610446026", "thumbUrl": "https://images.stockx.com/images/Nike-Dunk-High-Retro-White-Vast-Grey-PS.png?fit=fill&bg=FFFFFF&w=140&h=100&fm=webp&auto=compress&trim=color&q=90&dpr=2&updated_at=1610446026"}, "productCategory": "sneakers", "releaseDate": "2021-02-25", "retailPrice": 75, "shoe": "Nike Dunk High Retro", "title": "Nike Dunk High Retro White Vast Grey (PS)", "urlKey": "nike-dunk-high-retro-white-vast-grey-ps", "market": {"lowestAsk": 68, "salesThisPeriod": 1, "salesLastPeriod": 0, "highestBid": 90, "volatility": 0.205459, "deadstockSold": 532, "pricePremium": 0.827, "averageDeadstockPrice": 86, "lastSale": 137, "changeValue": 54, "changePercentage": 0.650602, "lastLowestAskTime": 1663262674, "lastHighestBidTime": 1662415178, "lastSaleDate": "2022-09-20T04:10:59+00:00"}, "objectID": "55e2919c-769e-40d9-98ad-275e33fbdf8d"}, {"id": "bbc2558b-931c-4bf3-a526-44827b947bbe", "uuid": "bbc2558b-931c-4bf3-a526-44827b947bbe", "brand": "Nike", "childId": null, "colorway": "Green Spark/Soar", "condition": "New", "description": "Nike Skateboarding teamed up with legendary psychedelic rock band Grateful Dead to release the Nike SB Dunk Low Grateful Dead Bears Green, now available on StockX. The design theme of this collaboration pays homage to the Grateful Dead Bears, a series of stylized dancing bears illustrated by Bob Thomas on the back cover of the album History of the Grateful Dead, Volume One (Bear\u2019s Choice) in 1973.\n<br>\n<br>\nThe SB Dunk Low Grateful Dead Bears Green features a fuzzy green faux-fur upper with suede overlays and a jagged Swoosh to represent the stylization of the bear\u2019s chest fur. A hidden stash pocket is featured inside the tongue that is perfect for extra storage. A green midsole, blue outsole, and signature Grateful Dead branding on the tongue complete this euphoric design. These sneakers released in July of 2020 and retailed for $110 USD.", "media": {"smallImageUrl": "https://images.stockx.com/images/Nike-SB-Dunk-Low-Grateful-Dead-Bears-Green-Product.jpg?fit=fill&bg=FFFFFF&w=300&h=214&fm=webp&auto=compress&trim=color&q=90&dpr=2&updated_at=1607048128", "thumbUrl": "https://images.stockx.com/images/Nike-SB-Dunk-Low-Grateful-Dead-Bears-Green-Product.jpg?fit=fill&bg=FFFFFF&w=140&h=100&fm=webp&auto=compress&trim=color&q=90&dpr=2&updated_at=1607048128"}, "productCategory": "sneakers", "releaseDate": "2020-07-24", "retailPrice": 110, "shoe": "Nike SB Dunk Low", "title": "Nike SB Dunk Low Grateful Dead Bears Green", "urlKey": "nike-sb-dunk-low-grateful-dead-bears", "market": {"lowestAsk": 745, "salesThisPeriod": 1, "salesLastPeriod": 0, "highestBid": 1320, "volatility": 0.1484, "deadstockSold": 527, "pricePremium": 6.945, "averageDeadstockPrice": 1042, "lastSale": 874, "changeValue": -51, "changePercentage": -0.055135, "lastLowestAskTime": 1663712807, "lastHighestBidTime": 1663674724, "lastSaleDate": "2022-09-21T05:28:00+00:00"}, "objectID": "bbc2558b-931c-4bf3-a526-44827b947bbe"}, {"id": "ce2719d6-2bc2-45e4-a4e1-b2848b2ed4cb", "uuid": "ce2719d6-2bc2-45e4-a4e1-b2848b2ed4cb", "brand": "Nike", "colorway": "Black/Neutral Grey-University Red-White", "condition": "New", "description": "", "media": {"smallImageUrl": "https://images.stockx.com/images/Nike-Dunk-Scrap-Black-Grey-University-Red-Product.jpg?fit=fill&bg=FFFFFF&w=300&h=214&fm=webp&auto=compress&trim=color&q=90&dpr=2&updated_at=1637089283", "thumbUrl": "https://images.stockx.com/images/Nike-Dunk-Scrap-Black-Grey-University-Red-Product.jpg?fit=fill&bg=FFFFFF&w=140&h=100&fm=webp&auto=compress&trim=color&q=90&dpr=2&updated_at=1637089283"}, "productCategory": "sneakers", "releaseDate": "2021-09-28", "retailPrice": 110, "shoe": "Nike Dunk Low Scrap", "title": "Nike Dunk Low Scrap Black Grey University Red", "urlKey": "nike-dunk-scrap-black-grey-university-red", "market": {"lowestAsk": 193, "salesThisPeriod": 1, "salesLastPeriod": 0, "highestBid": 260, "volatility": 0.32065, "deadstockSold": 522, "pricePremium": 0.18, "averageDeadstockPrice": 196, "lastSale": 130, "changeValue": -19, "changePercentage": -0.133334, "lastLowestAskTime": 1661167899, "lastHighestBidTime": 1663733550, "lastSaleDate": "2022-09-19T22:20:59+00:00"}, "objectID": "ce2719d6-2bc2-45e4-a4e1-b2848b2ed4cb"}, {"id": "204517d6-f5cd-4e21-8b88-22fc0d9bbef9", "uuid": "204517d6-f5cd-4e21-8b88-22fc0d9bbef9", "brand": "Nike", "colorway": "White/Dark Sulfur-White", "condition": "New", "description": "", "media": {"smallImageUrl": "https://images.stockx.com/images/Nike-Dunk-High-Dark-Sulfur.jpg?fit=fill&bg=FFFFFF&w=300&h=214&fm=webp&auto=compress&trim=color&q=90&dpr=2&updated_at=1660912421", "thumbUrl": "https://images.stockx.com/images/Nike-Dunk-High-Dark-Sulfur.jpg?fit=fill&bg=FFFFFF&w=140&h=100&fm=webp&auto=compress&trim=color&q=90&dpr=2&updated_at=1660912421"}, "productCategory": "sneakers", "releaseDate": "", "retailPrice": 110, "shoe": "Nike Dunk High", "title": "Nike Dunk High Dark Sulfur (W)", "urlKey": "nike-dunk-high-dark-sulfur-w", "market": {"lowestAsk": 131, "salesThisPeriod": 1, "salesLastPeriod": 0, "highestBid": 180, "volatility": 0.19668, "deadstockSold": 495, "pricePremium": 3.273, "averageDeadstockPrice": 201, "lastSale": 470, "changeValue": 320, "changePercentage": 2.13333, "lastLowestAskTime": 1662522552, "lastHighestBidTime": 1663174190, "lastSaleDate": "2022-09-18T02:40:45+00:00"}, "objectID": "204517d6-f5cd-4e21-8b88-22fc0d9bbef9"}, {"id": "a31f8dc4-dca2-42fc-b46d-b4fb74a62b27", "uuid": "a31f8dc4-dca2-42fc-b46d-b4fb74a62b27", "brand": "Nike", "colorway": "White/University Blue-White", "condition": "New", "description": "", "media": {"smallImageUrl": "https://images.stockx.com/images/Nike-Air-Rubber-Dunk-Off-White-University-Blue-PS-Product.jpg?fit=fill&bg=FFFFFF&w=300&h=214&fm=webp&auto=compress&trim=color&q=90&dpr=2&updated_at=1606771736", "thumbUrl": "https://images.stockx.com/images/Nike-Air-Rubber-Dunk-Off-White-University-Blue-PS-Product.jpg?fit=fill&bg=FFFFFF&w=140&h=100&fm=webp&auto=compress&trim=color&q=90&dpr=2&updated_at=1606771736"}, "productCategory": "sneakers", "releaseDate": "2020-10-01", "retailPrice": 90, "shoe": "Nike Air Rubber Dunk", "title": "Nike Air Rubber Dunk Off-White University Blue (PS)", "urlKey": "nike-air-rubber-dunk-off-white-university-blue-ps", "market": {"lowestAsk": 154, "salesThisPeriod": 1, "salesLastPeriod": 0, "highestBid": 210, "volatility": 0.262736, "deadstockSold": 455, "pricePremium": 1.6, "averageDeadstockPrice": 167, "lastSale": 234, "changeValue": 5, "changePercentage": 0.017864, "lastLowestAskTime": 1661923088, "lastHighestBidTime": 1663438345, "lastSaleDate": "2022-09-20T18:24:43+00:00"}, "objectID": "a31f8dc4-dca2-42fc-b46d-b4fb74a62b27"}, {"id": "b97c7b3b-4575-475a-9ef1-67786da5d923", "uuid": "b97c7b3b-4575-475a-9ef1-67786da5d923", "brand": "Nike", "colorway": "Smoke Grey/Smoke Grey-Gum", "condition": "New", "description": "", "media": {"smallImageUrl": "https://images.stockx.com/images/Nike-SB-Dunk-High-Pro-Orange-Label-Smoke-Grey-Product.jpg?fit=fill&bg=FFFFFF&w=300&h=214&fm=webp&auto=compress&trim=color&q=90&dpr=2&updated_at=1617910295", "thumbUrl": "https://images.stockx.com/images/Nike-SB-Dunk-High-Pro-Orange-Label-Smoke-Grey-Product.jpg?fit=fill&bg=FFFFFF&w=140&h=100&fm=webp&auto=compress&trim=color&q=90&dpr=2&updated_at=1617910295"}, "productCategory": "sneakers", "releaseDate": "", "retailPrice": 110, "shoe": "Nike SB Dunk High Pro", "title": "Nike SB Dunk High Pro Orange Label Smoke Grey", "urlKey": "nike-sb-dunk-high-pro-orange-label-smoke-grey", "market": {"lowestAsk": 151, "salesThisPeriod": 1, "salesLastPeriod": 0, "highestBid": 400, "volatility": 0.350073, "deadstockSold": 446, "pricePremium": 1.673, "averageDeadstockPrice": 266, "lastSale": 294, "changeValue": -155, "changePercentage": -0.345212, "lastLowestAskTime": 1663692762, "lastHighestBidTime": 1663799422, "lastSaleDate": "2022-09-19T11:28:48+00:00"}, "objectID": "b97c7b3b-4575-475a-9ef1-67786da5d923"}, {"id": "62606a50-6d17-48c2-9649-1cd6bfc4618b", "uuid": "62606a50-6d17-48c2-9649-1cd6bfc4618b", "brand": "Nike", "colorway": "Black/Black/Black", "condition": "New", "description": "", "media": {"smallImageUrl": "https://images.stockx.com/images/Nike-Dunk-Low-Dover-Street-Market-Triple-Black-Velvet-Product.jpg?fit=fill&bg=FFFFFF&w=300&h=214&fm=webp&auto=compress&trim=color&q=90&dpr=2&updated_at=1646168341", "thumbUrl": "https://images.stockx.com/images/Nike-Dunk-Low-Dover-Street-Market-Triple-Black-Velvet-Product.jpg?fit=fill&bg=FFFFFF&w=140&h=100&fm=webp&auto=compress&trim=color&q=90&dpr=2&updated_at=1646168341"}, "productCategory": "sneakers", "releaseDate": "2022-02-05", "retailPrice": 150, "shoe": "Nike Dunk Low", "title": "Nike Dunk Low Dover Street Market Triple Black Velvet", "urlKey": "nike-dunk-low-dover-street-market-triple-black-velvet", "market": {"lowestAsk": 231, "salesThisPeriod": 1, "salesLastPeriod": 0, "highestBid": 375, "volatility": 0.282617, "deadstockSold": 402, "pricePremium": 0.473, "averageDeadstockPrice": 292, "lastSale": 221, "changeValue": -18, "changePercentage": -0.075314, "lastLowestAskTime": 1663711081, "lastHighestBidTime": 1662971632, "lastSaleDate": "2022-09-20T22:48:47+00:00"}, "objectID": "62606a50-6d17-48c2-9649-1cd6bfc4618b"}, {"id": "b6f64e42-085a-4bb2-ac83-2eeb8b2d87e2", "uuid": "b6f64e42-085a-4bb2-ac83-2eeb8b2d87e2", "brand": "Nike", "childId": null, "colorway": "Black/Shadow Grey-White", "condition": "New", "description": "The Nike SB Dunk Low J-Pack Shadow features a black, white, and Shadow Grey leather and suede upper, with black being the predominant shade for most of this model. From there, a swooping Shadow Grey \"Swoosh\" design looping back toward Nike lettering on the heel and a white \"Zoom Air\" unit in the heel complete the design.\n<br>\n<Br>\nThe Nike SB Dunk Low J-Pack Shadow released in February of 2020 and retailed for $90.", "media": {"smallImageUrl": "https://images.stockx.com/images/Nike-SB-Dunk-Low-J-Pack-Shadow-Product.jpg?fit=fill&bg=FFFFFF&w=300&h=214&fm=webp&auto=compress&trim=color&q=90&dpr=2&updated_at=1607043258", "thumbUrl": "https://images.stockx.com/images/Nike-SB-Dunk-Low-J-Pack-Shadow-Product.jpg?fit=fill&bg=FFFFFF&w=140&h=100&fm=webp&auto=compress&trim=color&q=90&dpr=2&updated_at=1607043258"}, "productCategory": "sneakers", "releaseDate": "2020-02-04", "retailPrice": 90, "shoe": "Nike SB Dunk Low", "title": "Nike SB Dunk Low J-Pack Shadow", "urlKey": "nike-sb-dunk-low-j-pack-shadow", "market": {"lowestAsk": 360, "salesThisPeriod": 1, "salesLastPeriod": 0, "highestBid": 686, "volatility": 0.12143, "deadstockSold": 392, "pricePremium": 4.378, "averageDeadstockPrice": 537, "lastSale": 484, "changeValue": 23, "changePercentage": 0.049892, "lastLowestAskTime": 1662474126, "lastHighestBidTime": 1648838727, "lastSaleDate": "2022-09-06T05:45:03+00:00"}, "objectID": "b6f64e42-085a-4bb2-ac83-2eeb8b2d87e2"}, {"id": "ca34c601-093a-4ed5-8f7d-9b3dc49f3bcf", "uuid": "ca34c601-093a-4ed5-8f7d-9b3dc49f3bcf", "brand": "Nike", "colorway": "Pure Platinum/Pure Platium", "condition": "New", "description": "This Nike Dunk Low Cactus Plant Flea Market has to be one of the shiniest dunks to ever release, and we mean that literally. The sneaker was first seen in the hands of high profile individuals, such as Yoon Anh and Kylie Jenner, making peoples\u2019 hopes of a wider release a potential fantasy. But with official release details coming from Nike, the possibility of owning them has become a reality.\n<br>\n<br>\nThe Nike Dunk Low CPFM is covered in Swarovski crystals. From the toe, to the tongue, to the heel, the sneaker shines as bright as a diamond. Another notable feature is the oversized Swoosh, which is an usual addition to the basketball silhouette. Despite the sneaker being categorized as a Dunk, the sneaker also holds a puffier tongue, similar to your average SB. \n<br>\n<br>\nThe Nike Dunk Low Cactus Plant Flea Market released in November of 2020.\n", "media": {"smallImageUrl": "https://images.stockx.com/images/Nike-Dunk-Low-CPFM-Pure-Platinum-Product.jpg?fit=fill&bg=FFFFFF&w=300&h=214&fm=webp&auto=compress&trim=color&q=90&dpr=2&updated_at=1609445367", "thumbUrl": "https://images.stockx.com/images/Nike-Dunk-Low-CPFM-Pure-Platinum-Product.jpg?fit=fill&bg=FFFFFF&w=140&h=100&fm=webp&auto=compress&trim=color&q=90&dpr=2&updated_at=1609445367"}, "productCategory": "sneakers", "releaseDate": "2020-11-18", "retailPrice": 500, "shoe": "Nike Dunk Low", "title": "Nike Dunk Low Cactus Plant Flea Market Pure Platinum", "urlKey": "nike-dunk-low-cpfm-pure-platinum", "market": {"lowestAsk": 2500, "salesThisPeriod": 1, "salesLastPeriod": 0, "highestBid": 4500, "volatility": 0.136296, "deadstockSold": 384, "pricePremium": 3.979, "averageDeadstockPrice": 2545, "lastSale": 2490, "changeValue": 90, "changePercentage": 0.037295, "lastLowestAskTime": 1663300379, "lastHighestBidTime": 1659363913, "lastSaleDate": "2022-09-16T10:31:35+00:00"}, "objectID": "ca34c601-093a-4ed5-8f7d-9b3dc49f3bcf"}, {"id": "e30e7c56-1b41-4229-82e9-2d1acedea10e", "uuid": "e30e7c56-1b41-4229-82e9-2d1acedea10e", "brand": "Nike", "colorway": "Sail/Orange Pearl", "condition": "New", "description": "", "media": {"smallImageUrl": "https://images.stockx.com/images/Nike-Dunk-Low-SP-Orange-Pearl-PS.jpg?fit=fill&bg=FFFFFF&w=300&h=214&fm=webp&auto=compress&trim=color&q=90&dpr=2&updated_at=1616028676", "thumbUrl": "https://images.stockx.com/images/Nike-Dunk-Low-SP-Orange-Pearl-PS.jpg?fit=fill&bg=FFFFFF&w=140&h=100&fm=webp&auto=compress&trim=color&q=90&dpr=2&updated_at=1616028676"}, "productCategory": "sneakers", "releaseDate": "2021-03-15", "retailPrice": 60, "shoe": "Nike Dunk Low SP", "title": "Nike Dunk Low SP Orange Pearl (PS)", "urlKey": "nike-dunk-low-sp-orange-pearl-ps", "market": {"lowestAsk": 100, "salesThisPeriod": 1, "salesLastPeriod": 0, "highestBid": 105, "volatility": 0.17978, "deadstockSold": 381, "pricePremium": 1.267, "averageDeadstockPrice": 122, "lastSale": 136, "changeValue": -2, "changePercentage": -0.014493, "lastLowestAskTime": 1663095258, "lastHighestBidTime": 1663715789, "lastSaleDate": "2022-09-19T01:16:43+00:00"}, "objectID": "e30e7c56-1b41-4229-82e9-2d1acedea10e"}, {"id": "8934a926-6e6f-417f-8f4f-64cca34730de", "uuid": "8934a926-6e6f-417f-8f4f-64cca34730de", "brand": "Nike", "colorway": "Black/Game Royal-Bright Crimson-White", "condition": "New", "description": "", "media": {"smallImageUrl": "https://images.stockx.com/images/Nike-Dunk-High-Knicks-GS-Product.jpg?fit=fill&bg=FFFFFF&w=300&h=214&fm=webp&auto=compress&trim=color&q=90&dpr=2&updated_at=1629131517", "thumbUrl": "https://images.stockx.com/images/Nike-Dunk-High-Knicks-GS-Product.jpg?fit=fill&bg=FFFFFF&w=140&h=100&fm=webp&auto=compress&trim=color&q=90&dpr=2&updated_at=1629131517"}, "productCategory": "sneakers", "releaseDate": "2021-07-15", "retailPrice": 90, "shoe": "Nike Dunk High", "title": "Nike Dunk High Knicks (GS)", "urlKey": "nike-dunk-high-knicks-gs", "market": {"lowestAsk": 69, "salesThisPeriod": 1, "salesLastPeriod": 0, "highestBid": 68, "volatility": 0.148047, "deadstockSold": 375, "pricePremium": 0.142, "averageDeadstockPrice": 84, "lastSale": 103, "changeValue": 7, "changePercentage": 0.070357, "lastLowestAskTime": 1662037906, "lastHighestBidTime": 1663670120, "lastSaleDate": "2022-09-19T14:46:42+00:00"}, "objectID": "8934a926-6e6f-417f-8f4f-64cca34730de"}, {"id": "00e213a0-72fa-4711-b28c-3ab83f66d3d2", "uuid": "00e213a0-72fa-4711-b28c-3ab83f66d3d2", "brand": "Nike", "childId": null, "colorway": "Barkroot Brown/Metallic Gold-White", "condition": "New", "description": "Supreme and Nike SB continued their collaborative partnership into 2021 with the Nike SB Dunk Low Supreme Barkroot Brown. The design is inspired by the 2003 Nike SB Dunk High Supreme, one of the most coveted SB Dunk Highs of all time. The 2021 SB Dunk Low inherits design themes from the original but takes on its own identity with a new color palette and shape.\n<br>\n<br>\nWhite leather with Barkroot Brown faux croc skin comprises the upper of the Nike SB Dunk Low Supreme Barkroot Brown. Gold stars are printed on the center side panel as a tribute to the 2003 SB Dunk High Supreme. Nike branding is prominent on the signature Nike SB overstuffed tongue and heel patch. A gold metallic Supreme deubr\u00e9, white midsole, and Barkroot Brown outsole complete the design.\n<br>\n<br>\nThe Nike SB Dunk Low Supreme Barkroot Brown released in March of 2021 and retailed for $110.", "media": {"smallImageUrl": "https://images.stockx.com/images/Nike-SB-Dunk-Low-Supreme-Barkroot-Brown-Product.jpg?fit=fill&bg=FFFFFF&w=300&h=214&fm=webp&auto=compress&trim=color&q=90&dpr=2&updated_at=1615495613", "thumbUrl": "https://images.stockx.com/images/Nike-SB-Dunk-Low-Supreme-Barkroot-Brown-Product.jpg?fit=fill&bg=FFFFFF&w=140&h=100&fm=webp&auto=compress&trim=color&q=90&dpr=2&updated_at=1615495613"}, "productCategory": "sneakers", "releaseDate": "2021-03-04", "retailPrice": 110, "shoe": "Nike SB Dunk Low", "title": "Nike SB Dunk Low Supreme Stars Barkroot Brown (2021)", "urlKey": "nike-sb-dunk-low-supreme-barkroot-brown", "market": {"lowestAsk": 599, "salesThisPeriod": 1, "salesLastPeriod": 0, "highestBid": 666, "volatility": 0.094692, "deadstockSold": 352, "pricePremium": 4.682, "averageDeadstockPrice": 741, "lastSale": 625, "changeValue": -19, "changePercentage": -0.029503, "lastLowestAskTime": 1661796482, "lastHighestBidTime": 1663180233, "lastSaleDate": "2022-09-16T19:07:18+00:00"}, "objectID": "00e213a0-72fa-4711-b28c-3ab83f66d3d2"}, {"id": "6fd3b99e-6fa6-49b9-bdaf-65e7b1b6ad59", "uuid": "6fd3b99e-6fa6-49b9-bdaf-65e7b1b6ad59", "brand": "Nike", "colorway": "WHITE/ORANGE BLAZE", "condition": "New", "description": "", "media": {"smallImageUrl": "https://images.stockx.com/images/Nike-Dunk-High-Syracuse-2021-PS-Product.jpg?fit=fill&bg=FFFFFF&w=300&h=214&fm=webp&auto=compress&trim=color&q=90&dpr=2&updated_at=1617909892", "thumbUrl": "https://images.stockx.com/images/Nike-Dunk-High-Syracuse-2021-PS-Product.jpg?fit=fill&bg=FFFFFF&w=140&h=100&fm=webp&auto=compress&trim=color&q=90&dpr=2&updated_at=1617909892"}, "productCategory": "sneakers", "releaseDate": "2021-03-10", "retailPrice": 75, "shoe": "Nike Dunk High", "title": "Nike Dunk High Syracuse (2021) (PS)", "urlKey": "nike-dunk-high-syracuse-2021-ps", "market": {"lowestAsk": 92, "salesThisPeriod": 1, "salesLastPeriod": 0, "highestBid": 80, "volatility": 0.175821, "deadstockSold": 352, "pricePremium": 0.8, "averageDeadstockPrice": 119, "lastSale": 135, "changeValue": 19, "changePercentage": 0.163793, "lastLowestAskTime": 1661856418, "lastHighestBidTime": 1660505029, "lastSaleDate": "2022-09-21T03:01:36+00:00"}, "objectID": "6fd3b99e-6fa6-49b9-bdaf-65e7b1b6ad59"}, {"id": "0647e9af-92b5-4086-934e-6d410af059c0", "uuid": "0647e9af-92b5-4086-934e-6d410af059c0", "brand": "Nike", "childId": null, "colorway": "Sail/Neutral Grey-White", "condition": "New", "description": "", "media": {"smallImageUrl": "https://images.stockx.com/images/Nike-Dunk-Low-Off-White-Lot-3-Product.jpg?fit=fill&bg=FFFFFF&w=300&h=214&fm=webp&auto=compress&trim=color&q=90&dpr=2&updated_at=1630616112", "thumbUrl": "https://images.stockx.com/images/Nike-Dunk-Low-Off-White-Lot-3-Product.jpg?fit=fill&bg=FFFFFF&w=140&h=100&fm=webp&auto=compress&trim=color&q=90&dpr=2&updated_at=1630616112"}, "productCategory": "sneakers", "releaseDate": "2021-08-09", "retailPrice": 180, "shoe": "Nike Dunk Low", "title": "Nike Dunk Low Off-White Lot 3", "urlKey": "nike-dunk-low-off-white-lot-3", "market": {"lowestAsk": 550, "salesThisPeriod": 1, "salesLastPeriod": 0, "highestBid": 520, "volatility": 0.192162, "deadstockSold": 347, "pricePremium": 1.444, "averageDeadstockPrice": 478, "lastSale": 440, "changeValue": -225, "changePercentage": -0.339034, "lastLowestAskTime": 1663744214, "lastHighestBidTime": 1663744247, "lastSaleDate": "2022-09-18T21:27:36+00:00"}, "objectID": "0647e9af-92b5-4086-934e-6d410af059c0"}, {"id": "3dadb723-d62b-428a-baf3-63c0a4a3af24", "uuid": "3dadb723-d62b-428a-baf3-63c0a4a3af24", "brand": "Nike", "colorway": "White/Cactus Flower-White", "condition": "New", "description": "", "media": {"smallImageUrl": "https://images.stockx.com/images/Nike-Dunk-Low-Disrupt-Cactus-Flower-W-Product.jpg?fit=fill&bg=FFFFFF&w=300&h=214&fm=webp&auto=compress&trim=color&q=90&dpr=2&updated_at=1629920263", "thumbUrl": "https://images.stockx.com/images/Nike-Dunk-Low-Disrupt-Cactus-Flower-W-Product.jpg?fit=fill&bg=FFFFFF&w=140&h=100&fm=webp&auto=compress&trim=color&q=90&dpr=2&updated_at=1629920263"}, "productCategory": "sneakers", "releaseDate": "", "retailPrice": 110, "shoe": "Nike Dunk Low Disrupt", "title": "Nike Dunk Low Disrupt Cactus Flower (W)", "urlKey": "nike-dunk-low-disrupt-cactus-flower-w", "market": {"lowestAsk": 150, "salesThisPeriod": 1, "salesLastPeriod": 0, "highestBid": 110, "volatility": 0.159638, "deadstockSold": 342, "pricePremium": 0.891, "averageDeadstockPrice": 157, "lastSale": 208, "changeValue": 69, "changePercentage": 0.496403, "lastLowestAskTime": 1663360407, "lastHighestBidTime": 1663099561, "lastSaleDate": "2022-09-19T12:55:16+00:00"}, "objectID": "3dadb723-d62b-428a-baf3-63c0a4a3af24"}]}