{"Pagination": {"query": "nike dunk", "queryID": "8ca6238ed265d638416e746e6b726a87", "index": "PRODUCTION_PG_FEATURED_DESC", "limit": 40, "page": 13, "total": 1994, "lastPage": "/api/v3/browse?_search=nike%20dunk&dataType=product&facetsToRetrieve=%7B%7D&filterVersion=4&page=25&propsToRetrieve=brand%2CchildId%2Ccolorway%2Ccondition%2Cdescription%2Cid%2Cmarket.averageDeadstockPrice%2Cmarket.bidAskData%2Cmarket.changePercentage%2Cmarket.changeValue%2Cmarket.deadstockSold%2Cmarket.highestBid%2Cmarket.lastHighestBidTime%2Cmarket.lastLowestAskTime%2Cmarket.lastSale%2Cmarket.lastSaleDate%2Cmarket.lastSaleValue%2Cmarket.lowestAsk%2Cmarket.pricePremium%2Cmarket.salesInformation%2Cmarket.salesLastPeriod%2Cmarket.salesThisPeriod%2Cmarket.volatility%2Cmedia.smallImageUrl%2Cmedia.thumbUrl%2CproductCategory%2CreleaseDate%2CretailPrice%2Cshoe%2Ctitle%2CurlKey%2Cuuid", "sort": ["featured"], "order": ["DESC"], "currentPage": "/api/v3/browse?_search=nike%20dunk&dataType=product&facetsToRetrieve=%7B%7D&filterVersion=4&page=13&propsToRetrieve=brand%2CchildId%2Ccolorway%2Ccondition%2Cdescription%2Cid%2Cmarket.averageDeadstockPrice%2Cmarket.bidAskData%2Cmarket.changePercentage%2Cmarket.changeValue%2Cmarket.deadstockSold%2Cmarket.highestBid%2Cmarket.lastHighestBidTime%2Cmarket.lastLowestAskTime%2Cmarket.lastSale%2Cmarket.lastSaleDate%2Cmarket.lastSaleValue%2Cmarket.lowestAsk%2Cmarket.pricePremium%2Cmarket.salesInformation%2Cmarket.salesLastPeriod%2Cmarket.salesThisPeriod%2Cmarket.volatility%2Cmedia.smallImageUrl%2Cmedia.thumbUrl%2CproductCategory%2CreleaseDate%2CretailPrice%2Cshoe%2Ctitle%2CurlKey%2Cuuid", "nextPage": "/api/v3/browse?_search=nike%20dunk&dataType=product&facetsToRetrieve=%7B%7D&filterVersion=4&page=14&propsToRetrieve=brand%2CchildId%2Ccolorway%2Ccondition%2Cdescription%2Cid%2Cmarket.averageDeadstockPrice%2Cmarket.bidAskData%2Cmarket.changePercentage%2Cmarket.changeValue%2Cmarket.deadstockSold%2Cmarket.highestBid%2Cmarket.lastHighestBidTime%2Cmarket.lastLowestAskTime%2Cmarket.lastSale%2Cmarket.lastSaleDate%2Cmarket.lastSaleValue%2Cmarket.lowestAsk%2Cmarket.pricePremium%2Cmarket.salesInformation%2Cmarket.salesLastPeriod%2Cmarket.salesThisPeriod%2Cmarket.volatility%2Cmedia.smallImageUrl%2Cmedia.thumbUrl%2CproductCategory%2CreleaseDate%2CretailPrice%2Cshoe%2Ctitle%2CurlKey%2Cuuid", "previousPage": "/api/v3/browse?_search=nike%20dunk&dataType=product&facetsToRetrieve=%7B%7D&filterVersion=4&page=12&propsToRetrieve=brand%2CchildId%2Ccolorway%2Ccondition%2Cdescription%2Cid%2Cmarket.averageDeadstockPrice%2Cmarket.bidAskData%2Cmarket.changePercentage%2Cmarket.changeValue%2Cmarket.deadstockSold%2Cmarket.highestBid%2Cmarket.lastHighestBidTime%2Cmarket.lastLowestAskTime%2Cmarket.lastSale%2Cmarket.lastSaleDate%2Cmarket.lastSaleValue%2Cmarket.lowestAsk%2Cmarket.pricePremium%2Cmarket.salesInformation%2Cmarket.salesLastPeriod%2Cmarket.salesThisPeriod%2Cmarket.volatility%2Cmedia.smallImageUrl%2Cmedia.thumbUrl%2CproductCategory%2CreleaseDate%2CretailPrice%2Cshoe%2Ctitle%2CurlKey%2Cuuid"}, "Facets": {}, "Products": [{"id": "6125cc60-ce40-4d1e-b000-c612dbcc81d2", "uuid": "6125cc60-ce40-4d1e-b000-c612dbcc81d2", "brand": "Nike", "colorway": "Sequoia/Orange/Medium Olive", "condition": "New", "description": "The Nike Dunk Low Retro NN Toasty Sequoia (Gradeschool) has been a celebrated colorway in the Nike series since its debut.\n<br>\n<br>\nThe Nike Dunk Low Retro NN Toasty Sequoia (Gradeschool) is made of leather with a suede Swoosh and trim. The design of Nike Dunk Low Retro NN Toasty Sequoia (Gradeschool) features the colors sequoia, orange, and medium olive. The sneaker is branded with a Nike logo at the heel and tongue. The midsole is dressed in white, while the outsole is a brown rubber material.\n<br>\n<br>\nThe Nike Dunk Low Retro NN Toasty Sequoia (Gradeschool) was made available at the retail price of $120 on January 11, 2022.", "media": {"smallImageUrl": "https://images.stockx.com/images/Nike-Dunk-Low-Retro-NN-Toasty-Sequoia-GS-Product.jpg?fit=fill&bg=FFFFFF&w=300&h=214&fm=webp&auto=compress&trim=color&q=90&dpr=2&updated_at=1646935644", "thumbUrl": "https://images.stockx.com/images/Nike-Dunk-Low-Retro-NN-Toasty-Sequoia-GS-Product.jpg?fit=fill&bg=FFFFFF&w=140&h=100&fm=webp&auto=compress&trim=color&q=90&dpr=2&updated_at=1646935644"}, "productCategory": "sneakers", "releaseDate": "2021-11-01", "retailPrice": 120, "shoe": "Nike Dunk Low Retro NN", "title": "Nike Dunk Low Retro NN Toasty Sequoia (GS)", "urlKey": "nike-dunk-low-retro-nn-toasty-sequoia-gs", "market": {"lowestAsk": 54, "salesThisPeriod": 10, "salesLastPeriod": 0, "highestBid": 66, "volatility": 0.181424, "deadstockSold": 803, "pricePremium": -0.475, "averageDeadstockPrice": 92, "lastSale": 63, "changeValue": -32, "changePercentage": -0.336842, "lastLowestAskTime": 1663687355, "lastHighestBidTime": 1663301533, "lastSaleDate": "2022-09-21T00:22:39+00:00"}, "objectID": "6125cc60-ce40-4d1e-b000-c612dbcc81d2"}, {"id": "82d4c6fa-aa06-4540-8e07-99b7d2534ab4", "uuid": "82d4c6fa-aa06-4540-8e07-99b7d2534ab4", "brand": "Nike", "childId": null, "colorway": "Black/Court Purple/Varsity Yellow", "condition": "New", "description": "Nike nodded to 1990s Los Angeles Lakers uniforms with the Nike Dunk High EMB Lakers.\n<br>\n<br>\nThe Nike Dunk High EMB Lakers features a black canvas upper with purple leather overlays and a yellow Swoosh. In a style similar to throwback Lakers jerseys, an embossed \"NIKE\" embroidery is placed prominently on the heel, completing the design. \n<br>\n<br>\nThe Nike Dunk High EMB Lakers released in May of 2021 and retailed for $110.", "media": {"smallImageUrl": "https://images.stockx.com/images/Nike-Air-Force-1-High-EMB-Lakers-Product.jpg?fit=fill&bg=FFFFFF&w=300&h=214&fm=webp&auto=compress&trim=color&q=90&dpr=2&updated_at=1620405732", "thumbUrl": "https://images.stockx.com/images/Nike-Air-Force-1-High-EMB-Lakers-Product.jpg?fit=fill&bg=FFFFFF&w=140&h=100&fm=webp&auto=compress&trim=color&q=90&dpr=2&updated_at=1620405732"}, "productCategory": "sneakers", "releaseDate": "2021-05-28", "retailPrice": 110, "shoe": "Nike Dunk High EMB", "title": "Nike Dunk High EMB Lakers", "urlKey": "nike-dunk-high-emb-lakers", "market": {"lowestAsk": 113, "salesThisPeriod": 1, "salesLastPeriod": 0, "highestBid": 120, "volatility": 0.262495, "deadstockSold": 1112, "pricePremium": -0.182, "averageDeadstockPrice": 140, "lastSale": 90, "changeValue": -26, "changePercentage": -0.224138, "lastLowestAskTime": 1663265220, "lastHighestBidTime": 1663777705, "lastSaleDate": "2022-09-20T18:47:22+00:00"}, "objectID": "82d4c6fa-aa06-4540-8e07-99b7d2534ab4"}, {"id": "358598c2-ad46-4d95-be41-f4cb54de0498", "uuid": "358598c2-ad46-4d95-be41-f4cb54de0498", "brand": "Nike", "colorway": "Khaki/Baroque Brown-Safari", "condition": "New", "description": "", "media": {"smallImageUrl": "https://images.stockx.com/images/Nike-Dunk-SB-Low-Jedi-Product.jpg?fit=fill&bg=FFFFFF&w=300&h=214&fm=webp&auto=compress&trim=color&q=90&dpr=2&updated_at=1609445652", "thumbUrl": "https://images.stockx.com/images/Nike-Dunk-SB-Low-Jedi-Product.jpg?fit=fill&bg=FFFFFF&w=140&h=100&fm=webp&auto=compress&trim=color&q=90&dpr=2&updated_at=1609445652"}, "productCategory": "sneakers", "releaseDate": "2004-05-01", "retailPrice": 100, "shoe": "Nike SB Dunk Low", "title": "Nike SB Dunk Low Jedi", "urlKey": "nike-dunk-sb-low-jedi", "market": {"lowestAsk": 1492, "salesThisPeriod": 0, "salesLastPeriod": 0, "highestBid": 2000, "volatility": 0.636634, "deadstockSold": 14, "pricePremium": 0, "averageDeadstockPrice": 2102, "lastSale": 1500, "changeValue": 5, "changePercentage": 0.003344, "lastLowestAskTime": 1663759703, "lastHighestBidTime": 1662939085, "lastSaleDate": "2022-06-30T14:57:26+00:00"}, "objectID": "358598c2-ad46-4d95-be41-f4cb54de0498"}, {"id": "a611f32d-5722-4dd6-9f99-400ec1077b7f", "uuid": "a611f32d-5722-4dd6-9f99-400ec1077b7f", "brand": "Nike", "childId": null, "colorway": "University Red/Spinach Green-Magic Ember", "condition": "New", "description": "", "media": {"smallImageUrl": "https://images.stockx.com/images/Nike-SB-Dunk-High-Strawberry-Cough-Special-Box.jpg?fit=fill&bg=FFFFFF&w=300&h=214&fm=webp&auto=compress&trim=color&q=90&dpr=2&updated_at=1636049822", "thumbUrl": "https://images.stockx.com/images/Nike-SB-Dunk-High-Strawberry-Cough-Special-Box.jpg?fit=fill&bg=FFFFFF&w=140&h=100&fm=webp&auto=compress&trim=color&q=90&dpr=2&updated_at=1636049822"}, "productCategory": "sneakers", "releaseDate": "2021-10-22", "retailPrice": 150, "shoe": "Nike SB Dunk High", "title": "Nike SB Dunk High Strawberry Cough (Special Box)", "urlKey": "nike-sb-dunk-high-strawberry-cough-special-box", "market": {"lowestAsk": 555, "salesThisPeriod": 5, "salesLastPeriod": 0, "highestBid": 900, "volatility": 0.474068, "deadstockSold": 70, "pricePremium": 1.8, "averageDeadstockPrice": 875, "lastSale": 420, "changeValue": -76, "changePercentage": -0.153226, "lastLowestAskTime": 1663781568, "lastHighestBidTime": 1662248168, "lastSaleDate": "2022-09-20T22:51:46+00:00"}, "objectID": "a611f32d-5722-4dd6-9f99-400ec1077b7f"}, {"id": "aea49d1d-d0ff-4d45-855b-5cc3d283d571", "uuid": "aea49d1d-d0ff-4d45-855b-5cc3d283d571", "brand": "Nike", "colorway": "Medium Grey/Light Grey-Pink", "condition": "New", "description": "", "media": {"smallImageUrl": "https://images.stockx.com/images/Nike-SB-Dunk-High-Medium-Grey-Pink-Product.jpg?fit=fill&bg=FFFFFF&w=300&h=214&fm=webp&auto=compress&trim=color&q=90&dpr=2&updated_at=1642071348", "thumbUrl": "https://images.stockx.com/images/Nike-SB-Dunk-High-Medium-Grey-Pink-Product.jpg?fit=fill&bg=FFFFFF&w=140&h=100&fm=webp&auto=compress&trim=color&q=90&dpr=2&updated_at=1642071348"}, "productCategory": "sneakers", "releaseDate": "2021-12-25", "retailPrice": 110, "shoe": "Nike SB Dunk High Pro", "title": "Nike SB Dunk High Pro Medium Grey Pink", "urlKey": "nike-sb-dunk-high-medium-grey-pink", "market": {"lowestAsk": 134, "salesThisPeriod": 5, "salesLastPeriod": 0, "highestBid": 176, "volatility": 0.118425, "deadstockSold": 1593, "pricePremium": 0.5, "averageDeadstockPrice": 189, "lastSale": 165, "changeValue": -44, "changePercentage": -0.210526, "lastLowestAskTime": 1662306394, "lastHighestBidTime": 1663731803, "lastSaleDate": "2022-09-20T17:59:36+00:00"}, "objectID": "aea49d1d-d0ff-4d45-855b-5cc3d283d571"}, {"id": "21279170-2acb-49bc-9487-9c5fbca5df9c", "uuid": "21279170-2acb-49bc-9487-9c5fbca5df9c", "brand": "Nike", "colorway": "White/Grey-Black", "condition": "New", "description": "", "media": {"smallImageUrl": "https://images.stockx.com/images/Nike-Dunk-Low-Scrap-Mighty-Swooshers.jpg?fit=fill&bg=FFFFFF&w=300&h=214&fm=webp&auto=compress&trim=color&q=90&dpr=2&updated_at=1657096351", "thumbUrl": "https://images.stockx.com/images/Nike-Dunk-Low-Scrap-Mighty-Swooshers.jpg?fit=fill&bg=FFFFFF&w=140&h=100&fm=webp&auto=compress&trim=color&q=90&dpr=2&updated_at=1657096351"}, "productCategory": "sneakers", "releaseDate": "", "retailPrice": 110, "shoe": "Nike Dunk Low Scrap", "title": "Nike Dunk Low Scrap Mighty Swooshers", "urlKey": "nike-dunk-low-scrap-mighty-swooshers", "market": {"lowestAsk": 120, "salesThisPeriod": 11, "salesLastPeriod": 0, "highestBid": 177, "volatility": 0.091653, "deadstockSold": 114, "pricePremium": 0.464, "averageDeadstockPrice": 148, "lastSale": 161, "changeValue": 36, "changePercentage": 0.288, "lastLowestAskTime": 1663411889, "lastHighestBidTime": 1663446850, "lastSaleDate": "2022-09-20T15:23:59+00:00"}, "objectID": "21279170-2acb-49bc-9487-9c5fbca5df9c"}, {"id": "23ec1bce-ef27-4883-9fad-1aee053d2f82", "uuid": "23ec1bce-ef27-4883-9fad-1aee053d2f82", "brand": "Nike", "colorway": "White/Tan-Mint", "condition": "New", "description": "", "media": {"smallImageUrl": "https://images.stockx.com/images/Nike-Dunk-Low-Split-Seam-White-Tan-Mint-GS.jpg?fit=fill&bg=FFFFFF&w=300&h=214&fm=webp&auto=compress&trim=color&q=90&dpr=2&updated_at=1656091844", "thumbUrl": "https://images.stockx.com/images/Nike-Dunk-Low-Split-Seam-White-Tan-Mint-GS.jpg?fit=fill&bg=FFFFFF&w=140&h=100&fm=webp&auto=compress&trim=color&q=90&dpr=2&updated_at=1656091844"}, "productCategory": "sneakers", "releaseDate": "2022-07-01", "retailPrice": 85, "shoe": "Nike Dunk Low", "title": "Nike Dunk Low Split Seam White Tan Mint (GS)", "urlKey": "nike-dunk-low-split-seam-white-tan-mint-gs", "market": {"lowestAsk": 96, "salesThisPeriod": 0, "salesLastPeriod": 0, "highestBid": 125, "volatility": 0.287998, "deadstockSold": 163, "pricePremium": -0.012, "averageDeadstockPrice": 121, "lastSale": 84, "changeValue": -37, "changePercentage": -0.305785, "lastLowestAskTime": 1663219058, "lastHighestBidTime": 1663490092, "lastSaleDate": "2022-09-16T10:30:39+00:00"}, "objectID": "23ec1bce-ef27-4883-9fad-1aee053d2f82"}, {"id": "76e2ed20-ca3c-4c59-bd4e-7552f2c4ef2a", "uuid": "76e2ed20-ca3c-4c59-bd4e-7552f2c4ef2a", "brand": "Nike", "colorway": "Fossil Stone/Fossil Stone/Multi-Color", "condition": "New", "description": "The women's Nike Dunk Low SE Primal Pink (W) arrives with monochromatic smooth pink leather upper and mixed material Swooshes that consist of cheetah print suede, black snakeskin-textured leather, and cracked metallic leather. A triple white sole and Nike branded woven tongue labels add the finishing touches.<br><br>The women's Nike Dunk Low SE Primal Pink (W) released in December of 2021 and retailed for $110. ", "media": {"smallImageUrl": "https://images.stockx.com/images/Nike-Dunk-Low-SE-Animal-Insrinct-Fossil-Stone-W-Product.jpg?fit=fill&bg=FFFFFF&w=300&h=214&fm=webp&auto=compress&trim=color&q=90&dpr=2&updated_at=1641585154", "thumbUrl": "https://images.stockx.com/images/Nike-Dunk-Low-SE-Animal-Insrinct-Fossil-Stone-W-Product.jpg?fit=fill&bg=FFFFFF&w=140&h=100&fm=webp&auto=compress&trim=color&q=90&dpr=2&updated_at=1641585154"}, "productCategory": "sneakers", "releaseDate": "2021-12-22", "retailPrice": 110, "shoe": "Nike Dunk Low SE", "title": "Nike Dunk Low SE Primal Pink (W)", "urlKey": "nike-dunk-low-se-animal-instinct-fossil-stone-w", "market": {"lowestAsk": 70, "salesThisPeriod": 7, "salesLastPeriod": 0, "highestBid": 65, "volatility": 0.133129, "deadstockSold": 1858, "pricePremium": -0.2, "averageDeadstockPrice": 105, "lastSale": 88, "changeValue": 4, "changePercentage": 0.047619, "lastLowestAskTime": 1663509037, "lastHighestBidTime": 1663605905, "lastSaleDate": "2022-09-20T17:14:48+00:00"}, "objectID": "76e2ed20-ca3c-4c59-bd4e-7552f2c4ef2a"}, {"id": "c662e507-c083-4dc8-82cc-ef718aac3141", "uuid": "c662e507-c083-4dc8-82cc-ef718aac3141", "brand": "Nike", "colorway": "White/Psychic Purple", "condition": "New", "description": "", "media": {"smallImageUrl": "https://images.stockx.com/images/Nike-Dunk-High-Championship-Court-Purple-W-Product.jpg?fit=fill&bg=FFFFFF&w=300&h=214&fm=webp&auto=compress&trim=color&q=90&dpr=2&updated_at=1651610514", "thumbUrl": "https://images.stockx.com/images/Nike-Dunk-High-Championship-Court-Purple-W-Product.jpg?fit=fill&bg=FFFFFF&w=140&h=100&fm=webp&auto=compress&trim=color&q=90&dpr=2&updated_at=1651610514"}, "productCategory": "sneakers", "releaseDate": "", "retailPrice": 110, "shoe": "Nike Dunk High", "title": "Nike Dunk High Psychic Purple (W)", "urlKey": "nike-dunk-high-championship-court-purple-w", "market": {"lowestAsk": 151, "salesThisPeriod": 4, "salesLastPeriod": 0, "highestBid": 150, "volatility": 0.145968, "deadstockSold": 382, "pricePremium": 1.135, "averageDeadstockPrice": 176, "lastSale": 235, "changeValue": 70, "changePercentage": 0.42242, "lastLowestAskTime": 1663661363, "lastHighestBidTime": 1663608354, "lastSaleDate": "2022-09-21T09:13:42+00:00"}, "objectID": "c662e507-c083-4dc8-82cc-ef718aac3141"}, {"id": "eba54ab6-d5fd-4e96-9c7c-545170fd07b5", "uuid": "eba54ab6-d5fd-4e96-9c7c-545170fd07b5", "brand": "Nike", "colorway": "Black/Black- Multi-Color-White", "condition": "New", "description": "", "media": {"smallImageUrl": "https://images.stockx.com/images/Nike-SB-Dunk-Low-Neckface.jpg?fit=fill&bg=FFFFFF&w=300&h=214&fm=webp&auto=compress&trim=color&q=90&dpr=2&updated_at=1660248388", "thumbUrl": "https://images.stockx.com/images/Nike-SB-Dunk-Low-Neckface.jpg?fit=fill&bg=FFFFFF&w=140&h=100&fm=webp&auto=compress&trim=color&q=90&dpr=2&updated_at=1660248388"}, "productCategory": "sneakers", "releaseDate": "2022-10-15", "retailPrice": 0, "shoe": "Nike SB Dunk Low", "title": "Nike SB Dunk Low Neckface", "urlKey": "nike-sb-dunk-low-neckface", "market": {"lowestAsk": 0, "salesThisPeriod": 0, "salesLastPeriod": 0, "highestBid": 300, "volatility": 0, "deadstockSold": 0, "pricePremium": 0, "averageDeadstockPrice": 0, "lastSale": 0, "changeValue": 0, "changePercentage": 0, "lastLowestAskTime": 0, "lastHighestBidTime": 1660720593, "lastSaleDate": ""}, "objectID": "eba54ab6-d5fd-4e96-9c7c-545170fd07b5"}, {"id": "84138791-8158-476e-b543-99c41e822ec2", "uuid": "84138791-8158-476e-b543-99c41e822ec2", "brand": "Nike", "colorway": "Sail/Crimson Tint-Sail", "condition": "New", "description": "The women's Nike Dunk High Sail Crimson Tint (W) features a Sail leather upper with Crimson Tint overlays atop a Sail and Crimson Tint sole. A woven tongue label adds the finishing touches to the retro design.\n\nThe women's Nike Dunk High Sail Crimson Tint (W) released in June of 2021 and retailed for $110.", "media": {"smallImageUrl": "https://images.stockx.com/images/Nike-Dunk-High-Sail-Crimson-Tint-W-Product.jpg?fit=fill&bg=FFFFFF&w=300&h=214&fm=webp&auto=compress&trim=color&q=90&dpr=2&updated_at=1649959304", "thumbUrl": "https://images.stockx.com/images/Nike-Dunk-High-Sail-Crimson-Tint-W-Product.jpg?fit=fill&bg=FFFFFF&w=140&h=100&fm=webp&auto=compress&trim=color&q=90&dpr=2&updated_at=1649959304"}, "productCategory": "sneakers", "releaseDate": "2021-06-26", "retailPrice": 110, "shoe": "Nike Dunk High", "title": "Nike Dunk High Sail Crimson Tint (W)", "urlKey": "nike-dunk-high-sail-crimson-tint-w", "market": {"lowestAsk": 100, "salesThisPeriod": 7, "salesLastPeriod": 0, "highestBid": 100, "volatility": 0.224241, "deadstockSold": 2405, "pricePremium": -0.155, "averageDeadstockPrice": 130, "lastSale": 93, "changeValue": 3, "changePercentage": 0.033333, "lastLowestAskTime": 1663610469, "lastHighestBidTime": 1663049055, "lastSaleDate": "2022-09-19T21:29:18+00:00"}, "objectID": "84138791-8158-476e-b543-99c41e822ec2"}, {"id": "4ea1fa20-65b2-4d2d-86f2-d761dbc5aced", "uuid": "4ea1fa20-65b2-4d2d-86f2-d761dbc5aced", "brand": "Nike", "colorway": "Sail/Neutral Grey-Global Red", "condition": "New", "description": "", "media": {"smallImageUrl": "https://images.stockx.com/images/Nike-Dunk-Low-Off-White-Lot-40.jpg?fit=fill&bg=FFFFFF&w=300&h=214&fm=webp&auto=compress&trim=color&q=90&dpr=2&updated_at=1628509292", "thumbUrl": "https://images.stockx.com/images/Nike-Dunk-Low-Off-White-Lot-40.jpg?fit=fill&bg=FFFFFF&w=140&h=100&fm=webp&auto=compress&trim=color&q=90&dpr=2&updated_at=1628509292"}, "productCategory": "sneakers", "releaseDate": "2021-08-09", "retailPrice": 180, "shoe": "Nike Dunk Low", "title": "Nike Dunk Low Off-White Lot 40", "urlKey": "nike-dunk-low-off-white-lot-40", "market": {"lowestAsk": 524, "salesThisPeriod": 0, "salesLastPeriod": 0, "highestBid": 585, "volatility": 0.115023, "deadstockSold": 181, "pricePremium": 2.491, "averageDeadstockPrice": 591, "lastSale": 628, "changeValue": -113, "changePercentage": -0.152794, "lastLowestAskTime": 1663549056, "lastHighestBidTime": 1661531411, "lastSaleDate": "2022-09-16T10:17:51+00:00"}, "objectID": "4ea1fa20-65b2-4d2d-86f2-d761dbc5aced"}, {"id": "10581e45-b27f-485d-85e6-52fb63f34739", "uuid": "10581e45-b27f-485d-85e6-52fb63f34739", "brand": "Nike", "colorway": "White/Vast Grey-White", "condition": "New", "description": "", "media": {"smallImageUrl": "https://images.stockx.com/images/Nike-Dunk-High-Vast-Grey-GS.png?fit=fill&bg=FFFFFF&w=300&h=214&fm=webp&auto=compress&trim=color&q=90&dpr=2&updated_at=1611134350", "thumbUrl": "https://images.stockx.com/images/Nike-Dunk-High-Vast-Grey-GS.png?fit=fill&bg=FFFFFF&w=140&h=100&fm=webp&auto=compress&trim=color&q=90&dpr=2&updated_at=1611134350"}, "productCategory": "sneakers", "releaseDate": "2021-01-14", "retailPrice": 90, "shoe": "Nike Dunk High", "title": "Nike Dunk High Vast Grey (GS)", "urlKey": "nike-dunk-high-vast-grey-gs", "market": {"lowestAsk": 149, "salesThisPeriod": 4, "salesLastPeriod": 0, "highestBid": 179, "volatility": 0.190233, "deadstockSold": 962, "pricePremium": 0.922, "averageDeadstockPrice": 197, "lastSale": 173, "changeValue": 33, "changePercentage": 0.235714, "lastLowestAskTime": 1663029691, "lastHighestBidTime": 1663589335, "lastSaleDate": "2022-09-20T00:31:49+00:00"}, "objectID": "10581e45-b27f-485d-85e6-52fb63f34739"}, {"id": "a9e24a54-8535-49a8-81cd-d8d1fe240cc5", "uuid": "a9e24a54-8535-49a8-81cd-d8d1fe240cc5", "brand": "Nike", "colorway": "Fauna Brown/Rustic-Velvet Brown-Multi-Color", "condition": "New", "description": "2020 is the year full of surprises, as Nike collaborates with Boston-based boutique, Bodega, on the Nike Dunk High. Unlike any other Dunk to drop in 2020, this special partnership delivers a heavily detailed sneaker, which, described by the shop, is based on \"Classic Americana\". The unexpected release merges two sports, basketball and baseball, into one while hitting on cultural moments in American style and history. \n<br><br>Constructed to look like a traditional baseball mitt, the Nike Dunk High Bodega Legend Fauna Brown\u2019s upper features a mix of textures and hues, as both suede and pebbled leather make up the majority of the sneaker. In addition to materials, specific details such as iron-branded Bodega on the medial side, jeweled tortoiseshell Nike Swoosh on the lateral side, and rawhide lacing throughout the sneaker\u2019s entirety elevate the sneaker\u2019s status. A stash pocket is added inside the tongue, a head nod to a baseball mitt\u2019s inner webbed pocket.\n<br><br>The Nike Dunk High Bodega Legend Fauna Brown released in December 2020 for $120.", "media": {"smallImageUrl": "https://images.stockx.com/images/Nike-Dunk-High-Bodega-AB-Pearl-Product.jpg?fit=fill&bg=FFFFFF&w=300&h=214&fm=webp&auto=compress&trim=color&q=90&dpr=2&updated_at=1611071402", "thumbUrl": "https://images.stockx.com/images/Nike-Dunk-High-Bodega-AB-Pearl-Product.jpg?fit=fill&bg=FFFFFF&w=140&h=100&fm=webp&auto=compress&trim=color&q=90&dpr=2&updated_at=1611071402"}, "productCategory": "sneakers", "releaseDate": "2020-12-30", "retailPrice": 120, "shoe": "Nike Dunk High", "title": "Nike Dunk High Bodega Legend Fauna Brown", "urlKey": "nike-dunk-high-bodega-fauna-brown", "market": {"lowestAsk": 160, "salesThisPeriod": 2, "salesLastPeriod": 0, "highestBid": 266, "volatility": 0.264727, "deadstockSold": 1063, "pricePremium": 0.283, "averageDeadstockPrice": 228, "lastSale": 154, "changeValue": -81, "changePercentage": -0.344681, "lastLowestAskTime": 1663210130, "lastHighestBidTime": 1663350854, "lastSaleDate": "2022-09-17T16:06:48+00:00"}, "objectID": "a9e24a54-8535-49a8-81cd-d8d1fe240cc5"}, {"id": "dda40d40-addb-4df3-a788-f72480b03757", "uuid": "dda40d40-addb-4df3-a788-f72480b03757", "brand": "Nike", "colorway": "Black/White-Bright Crimson", "condition": "New", "description": "", "media": {"smallImageUrl": "https://images.stockx.com/images/Nike-Dunk-Low-LPL-League-of-Legends.jpg?fit=fill&bg=FFFFFF&w=300&h=214&fm=webp&auto=compress&trim=color&q=90&dpr=2&updated_at=1636483127", "thumbUrl": "https://images.stockx.com/images/Nike-Dunk-Low-LPL-League-of-Legends.jpg?fit=fill&bg=FFFFFF&w=140&h=100&fm=webp&auto=compress&trim=color&q=90&dpr=2&updated_at=1636483127"}, "productCategory": "sneakers", "releaseDate": "2021-12-04", "retailPrice": 130, "shoe": "Nike Dunk Low", "title": "Nike Dunk Low LPL League of Legends", "urlKey": "nike-dunk-low-lpl-league-of-legends", "market": {"lowestAsk": 126, "salesThisPeriod": 5, "salesLastPeriod": 0, "highestBid": 300, "volatility": 0.0787, "deadstockSold": 1131, "pricePremium": 0.546, "averageDeadstockPrice": 214, "lastSale": 201, "changeValue": 38, "changePercentage": 0.233129, "lastLowestAskTime": 1662982114, "lastHighestBidTime": 1663529219, "lastSaleDate": "2022-09-21T03:53:02+00:00"}, "objectID": "dda40d40-addb-4df3-a788-f72480b03757"}, {"id": "3a2a7d1d-7c22-419e-a367-5fe434c8b112", "uuid": "3a2a7d1d-7c22-419e-a367-5fe434c8b112", "brand": "Nike", "colorway": "White/Regency Purple-Laser Orange", "condition": "New", "description": "The Nike SB Dunk Low Laser Orange features a purple, orange, and white premium leather and brushed suede upper with white working as the base and the Laser Orange suede panels acting as overlays. From there, Nike \"Swooshes\" on the side of the silhouette and Zoom Air midsoles complete the design.\n<br>\n<br>\nThe Nike SB Dunk Low Laser Orange released in April of 2020 and retailed for $100.", "media": {"smallImageUrl": "https://images.stockx.com/images/Nike-SB-Dunk-Low-Laser-Orange-Product.jpg?fit=fill&bg=FFFFFF&w=300&h=214&fm=webp&auto=compress&trim=color&q=90&dpr=2&updated_at=1607048895", "thumbUrl": "https://images.stockx.com/images/Nike-SB-Dunk-Low-Laser-Orange-Product.jpg?fit=fill&bg=FFFFFF&w=140&h=100&fm=webp&auto=compress&trim=color&q=90&dpr=2&updated_at=1607048895"}, "productCategory": "sneakers", "releaseDate": "2020-04-10", "retailPrice": 100, "shoe": "Nike SB Dunk Low", "title": "Nike SB Dunk Low Laser Orange", "urlKey": "nike-sb-dunk-low-laser-orange", "market": {"lowestAsk": 320, "salesThisPeriod": 2, "salesLastPeriod": 0, "highestBid": 349, "volatility": 0.114378, "deadstockSold": 603, "pricePremium": 2.36, "averageDeadstockPrice": 330, "lastSale": 336, "changeValue": 42, "changePercentage": 0.142857, "lastLowestAskTime": 1663037270, "lastHighestBidTime": 1663334791, "lastSaleDate": "2022-09-20T21:46:50+00:00"}, "objectID": "3a2a7d1d-7c22-419e-a367-5fe434c8b112"}, {"id": "be7aada1-206a-42ac-ac13-2ef1d9e63fb8", "uuid": "be7aada1-206a-42ac-ac13-2ef1d9e63fb8", "brand": "Nike", "colorway": "Sail/University Red/Hot Curry/Game Royal", "condition": "New", "description": "", "media": {"smallImageUrl": "https://images.stockx.com/images/Nike-Dunk-Low-Hot-Curry-Game-Royal-PS.jpg?fit=fill&bg=FFFFFF&w=300&h=214&fm=webp&auto=compress&trim=color&q=90&dpr=2&updated_at=1658931125", "thumbUrl": "https://images.stockx.com/images/Nike-Dunk-Low-Hot-Curry-Game-Royal-PS.jpg?fit=fill&bg=FFFFFF&w=140&h=100&fm=webp&auto=compress&trim=color&q=90&dpr=2&updated_at=1658931125"}, "productCategory": "sneakers", "releaseDate": "", "retailPrice": 65, "shoe": "Nike Dunk Low", "title": "Nike Dunk Low Hot Curry Game Royal (PS)", "urlKey": "nike-dunk-low-hot-curry-game-royal-ps", "market": {"lowestAsk": 75, "salesThisPeriod": 3, "salesLastPeriod": 0, "highestBid": 76, "volatility": 0.068412, "deadstockSold": 142, "pricePremium": 0.354, "averageDeadstockPrice": 88, "lastSale": 88, "changeValue": 11, "changePercentage": 0.142857, "lastLowestAskTime": 1663712449, "lastHighestBidTime": 1663675456, "lastSaleDate": "2022-09-20T12:04:17+00:00"}, "objectID": "be7aada1-206a-42ac-ac13-2ef1d9e63fb8"}, {"id": "0a3110dd-9d21-4019-8d12-7f8eb0d5a599", "uuid": "0a3110dd-9d21-4019-8d12-7f8eb0d5a599", "brand": "Nike", "colorway": "Black/Pure Platinum-Canvas-Sail", "condition": "New", "description": "The Nike Dunk Low Zebra features a black leather upper with black suede overlays adorn with a subtle Zebra pattern. Pure Platinum Swooshes and heel tabs add the finishing touch to this retro design.\n<br>\n<br>\nThe Nike Dunk Low Zebra released in June of 2021 and retailed for $110.", "media": {"smallImageUrl": "https://images.stockx.com/images/Nike-Dunk-Low-Retro-Animal-Pack-Black-Product.jpg?fit=fill&bg=FFFFFF&w=300&h=214&fm=webp&auto=compress&trim=color&q=90&dpr=2&updated_at=1655475823", "thumbUrl": "https://images.stockx.com/images/Nike-Dunk-Low-Retro-Animal-Pack-Black-Product.jpg?fit=fill&bg=FFFFFF&w=140&h=100&fm=webp&auto=compress&trim=color&q=90&dpr=2&updated_at=1655475823"}, "productCategory": "sneakers", "releaseDate": "2021-06-22", "retailPrice": 110, "shoe": "Nike Dunk Low", "title": "Nike Dunk Low Retro Animal Pack Zebra", "urlKey": "nike-dunk-low-retro-animal-pack-zebra", "market": {"lowestAsk": 149, "salesThisPeriod": 4, "salesLastPeriod": 0, "highestBid": 183, "volatility": 0.189615, "deadstockSold": 1403, "pricePremium": 0.455, "averageDeadstockPrice": 181, "lastSale": 160, "changeValue": 32, "changePercentage": 0.248265, "lastLowestAskTime": 1663745006, "lastHighestBidTime": 1663137387, "lastSaleDate": "2022-09-21T04:45:07+00:00"}, "objectID": "0a3110dd-9d21-4019-8d12-7f8eb0d5a599"}, {"id": "7df4f902-691f-4101-99e7-579e464cc277", "uuid": "7df4f902-691f-4101-99e7-579e464cc277", "brand": "Nike", "colorway": "Brown/Blue-Orange", "condition": "New", "description": "PLEASE NOTE: This does not include the brown shipping box which were labeled to the individual recipients of the package.", "media": {"smallImageUrl": "https://images.stockx.com/images/Nike-SB-Dunk-High-Concepts-Turdunken-Special-Box-Product-5.jpg?fit=fill&bg=FFFFFF&w=300&h=214&fm=webp&auto=compress&trim=color&q=90&dpr=2&updated_at=1657607342", "thumbUrl": "https://images.stockx.com/images/Nike-SB-Dunk-High-Concepts-Turdunken-Special-Box-Product-5.jpg?fit=fill&bg=FFFFFF&w=140&h=100&fm=webp&auto=compress&trim=color&q=90&dpr=2&updated_at=1657607342"}, "productCategory": "sneakers", "releaseDate": "2020-11-21", "retailPrice": 250, "shoe": "Nike SB Dunk High", "title": "Nike SB Dunk High Concepts Turdunken (Special Box)", "urlKey": "nike-sb-dunk-high-concepts-turdunken-special-box", "market": {"lowestAsk": 190, "salesThisPeriod": 2, "salesLastPeriod": 0, "highestBid": 303, "volatility": 0.166438, "deadstockSold": 530, "pricePremium": 0.5, "averageDeadstockPrice": 282, "lastSale": 375, "changeValue": 105, "changePercentage": 0.388889, "lastLowestAskTime": 1662464035, "lastHighestBidTime": 1662153420, "lastSaleDate": "2022-09-05T20:33:02+00:00"}, "objectID": "7df4f902-691f-4101-99e7-579e464cc277"}, {"id": "d6b1b5a8-7f1b-4ed6-b8d7-4304291704d5", "uuid": "d6b1b5a8-7f1b-4ed6-b8d7-4304291704d5", "brand": "Nike", "childId": null, "colorway": "Sail/White-Neptune Green-Industrial Blue", "condition": "New", "description": "", "media": {"smallImageUrl": "https://images.stockx.com/images/Nike-Dunk-Low-Kasina-Neptune-Green.png?fit=fill&bg=FFFFFF&w=300&h=214&fm=webp&auto=compress&trim=color&q=90&dpr=2&updated_at=1607669190", "thumbUrl": "https://images.stockx.com/images/Nike-Dunk-Low-Kasina-Neptune-Green.png?fit=fill&bg=FFFFFF&w=140&h=100&fm=webp&auto=compress&trim=color&q=90&dpr=2&updated_at=1607669190"}, "productCategory": "sneakers", "releaseDate": "2020-09-18", "retailPrice": 120, "shoe": "Nike Dunk Low", "title": "Nike Dunk Low Kasina Neptune Green", "urlKey": "nike-dunk-low-kasina-neptune-green", "market": {"lowestAsk": 969, "salesThisPeriod": 1, "salesLastPeriod": 0, "highestBid": 1028, "volatility": 0.182138, "deadstockSold": 48, "pricePremium": 7.583, "averageDeadstockPrice": 1095, "lastSale": 1030, "changeValue": -109, "changePercentage": -0.095698, "lastLowestAskTime": 1662557771, "lastHighestBidTime": 1662048787, "lastSaleDate": "2022-09-07T22:30:28+00:00"}, "objectID": "d6b1b5a8-7f1b-4ed6-b8d7-4304291704d5"}, {"id": "5351491b-ca46-42f4-b9f0-c498a278ac6f", "uuid": "5351491b-ca46-42f4-b9f0-c498a278ac6f", "brand": "Nike", "colorway": "Black/Midnight Navy/White", "condition": "New", "description": "", "media": {"smallImageUrl": "https://images.stockx.com/images/Nike-Dunk-High-Fragment-Japan-Exclusive-Product.jpg?fit=fill&bg=FFFFFF&w=300&h=214&fm=webp&auto=compress&trim=color&q=90&dpr=2&updated_at=1654799449", "thumbUrl": "https://images.stockx.com/images/Nike-Dunk-High-Fragment-Japan-Exclusive-Product.jpg?fit=fill&bg=FFFFFF&w=140&h=100&fm=webp&auto=compress&trim=color&q=90&dpr=2&updated_at=1654799449"}, "productCategory": "sneakers", "releaseDate": "2021-09-05", "retailPrice": 170, "shoe": "Nike Dunk High", "title": "Nike Dunk High Fragment Tokyo", "urlKey": "nike-dunk-high-fragment-tokyo", "market": {"lowestAsk": 117, "salesThisPeriod": 0, "salesLastPeriod": 0, "highestBid": 204, "volatility": 0.397322, "deadstockSold": 1671, "pricePremium": -0.247, "averageDeadstockPrice": 228, "lastSale": 128, "changeValue": -15, "changePercentage": -0.106866, "lastLowestAskTime": 1663773137, "lastHighestBidTime": 1663569519, "lastSaleDate": "2022-09-18T05:38:20+00:00"}, "objectID": "5351491b-ca46-42f4-b9f0-c498a278ac6f"}, {"id": "e3cd014c-14d4-49c5-80c8-319021769143", "uuid": "e3cd014c-14d4-49c5-80c8-319021769143", "brand": "Nike", "colorway": "Team Gold/Summit White/Phantom/Photon Dust", "condition": "New", "description": "", "media": {"smallImageUrl": "https://images.stockx.com/images/Nike-Dunk-High-LX-Certified-Fresh-Team-Gold-W-Product.jpg?fit=fill&bg=FFFFFF&w=300&h=214&fm=webp&auto=compress&trim=color&q=90&dpr=2&updated_at=1662733522", "thumbUrl": "https://images.stockx.com/images/Nike-Dunk-High-LX-Certified-Fresh-Team-Gold-W-Product.jpg?fit=fill&bg=FFFFFF&w=140&h=100&fm=webp&auto=compress&trim=color&q=90&dpr=2&updated_at=1662733522"}, "productCategory": "sneakers", "releaseDate": "", "retailPrice": 120, "shoe": "Nike Dunk High LX", "title": "Nike Dunk High LX Certified Fresh Team Gold (W)", "urlKey": "nike-dunk-high-lx-certified-fresh-team-gold-w", "market": {"lowestAsk": 126, "salesThisPeriod": 5, "salesLastPeriod": 0, "highestBid": 115, "volatility": 0.136646, "deadstockSold": 68, "pricePremium": 0.3, "averageDeadstockPrice": 151, "lastSale": 156, "changeValue": 39, "changePercentage": 0.3309, "lastLowestAskTime": 1663707977, "lastHighestBidTime": 1663621133, "lastSaleDate": "2022-09-20T14:36:07+00:00"}, "objectID": "e3cd014c-14d4-49c5-80c8-319021769143"}, {"id": "d0fe2932-36a0-4943-88a8-192b6e3f2974", "uuid": "d0fe2932-36a0-4943-88a8-192b6e3f2974", "brand": "Nike", "colorway": "Lemon Drop/Opti Yellow/Sail/Zitron", "condition": "New", "description": "", "media": {"smallImageUrl": "https://images.stockx.com/images/Nike-Dunk-Low-Lemon-Drop-W-Product.jpg?fit=fill&bg=FFFFFF&w=300&h=214&fm=webp&auto=compress&trim=color&q=90&dpr=2&updated_at=1650654916", "thumbUrl": "https://images.stockx.com/images/Nike-Dunk-Low-Lemon-Drop-W-Product.jpg?fit=fill&bg=FFFFFF&w=140&h=100&fm=webp&auto=compress&trim=color&q=90&dpr=2&updated_at=1650654916"}, "productCategory": "sneakers", "releaseDate": "2021-05-20", "retailPrice": 100, "shoe": "Nike Dunk Low", "title": "Nike Dunk Low Lemon Drop (W)", "urlKey": "nike-dunk-low-lemon-drop-w", "market": {"lowestAsk": 316, "salesThisPeriod": 2, "salesLastPeriod": 0, "highestBid": 326, "volatility": 0.133827, "deadstockSold": 680, "pricePremium": 2.635, "averageDeadstockPrice": 375, "lastSale": 364, "changeValue": 45, "changePercentage": 0.13953, "lastLowestAskTime": 1663765106, "lastHighestBidTime": 1663762882, "lastSaleDate": "2022-09-21T13:00:33+00:00"}, "objectID": "d0fe2932-36a0-4943-88a8-192b6e3f2974"}, {"id": "e747a5db-a3a6-49ee-b8f8-2a6b5a645885", "uuid": "e747a5db-a3a6-49ee-b8f8-2a6b5a645885", "brand": "Nike", "colorway": "light graphite/prism violet", "condition": "New", "description": "", "media": {"smallImageUrl": "https://images.stockx.com/images/Nike-Dunk-SB-Low-Purple-Pigeon.jpg?fit=fill&bg=FFFFFF&w=300&h=214&fm=webp&auto=compress&trim=color&q=90&dpr=2&updated_at=1607045750", "thumbUrl": "https://images.stockx.com/images/Nike-Dunk-SB-Low-Purple-Pigeon.jpg?fit=fill&bg=FFFFFF&w=140&h=100&fm=webp&auto=compress&trim=color&q=90&dpr=2&updated_at=1607045750"}, "productCategory": "sneakers", "releaseDate": "2006-11-01", "retailPrice": 65, "shoe": "Nike SB Dunk Low", "title": "Nike SB Dunk Low Purple Pigeon", "urlKey": "nike-dunk-sb-low-purple-pigeon", "market": {"lowestAsk": 1480, "salesThisPeriod": 0, "salesLastPeriod": 0, "highestBid": 1462, "volatility": 0.315887, "deadstockSold": 8, "pricePremium": 21.615, "averageDeadstockPrice": 1926, "lastSale": 1470, "changeValue": -330, "changePercentage": -0.183333, "lastLowestAskTime": 1662791731, "lastHighestBidTime": 1662089302, "lastSaleDate": "2022-09-16T03:32:51+00:00"}, "objectID": "e747a5db-a3a6-49ee-b8f8-2a6b5a645885"}, {"id": "dfb85e45-59b7-45ff-a8cd-a8ae81b3d537", "uuid": "dfb85e45-59b7-45ff-a8cd-a8ae81b3d537", "brand": "Nike", "colorway": "Barely Green/Black", "condition": "New", "description": "To commemorate All-Star weekend of 2021, Nike is dropped a new Dunk High colorway to celebrate the event. With the All-Star game looking a lot different in 2021 because of COVID-19 restrictions, it was fitting for this Dunk High to have an out-of-the-ordinary take towards materials that updates a traditional design. The Nike Dunk High dropped alongside a pack of other silhouettes set to represent the big event, with each sneaker holding similar color schemes.\n<br>\n<br>\nThe Nike Dunk High All-Star features a unique wavy design. The upper is composed of rippled-patterned black patent leather with hits of Barely Green tumbled leather. A black nylon tongue appears on the upper with Barely Green laces. To wrap up this new colorway, an \"NBA All-Star Indianapolis\" badge is stitched towards the lower ankle of the shoe, cementing it as a special edition for the All-Star game that was originally set to occur in Indianapolis.\n<br>\n<br>\nThe Nike Dunk High All-Star released in March of 2021 for $110.", "media": {"smallImageUrl": "https://images.stockx.com/images/Nike-Dunk-High-SE-All-Star-Product.jpg?fit=fill&bg=FFFFFF&w=300&h=214&fm=webp&auto=compress&trim=color&q=90&dpr=2&updated_at=1615579078", "thumbUrl": "https://images.stockx.com/images/Nike-Dunk-High-SE-All-Star-Product.jpg?fit=fill&bg=FFFFFF&w=140&h=100&fm=webp&auto=compress&trim=color&q=90&dpr=2&updated_at=1615579078"}, "productCategory": "sneakers", "releaseDate": "2021-03-09", "retailPrice": 110, "shoe": "Nike Dunk High", "title": "Nike Dunk High SE All-Star (2021)", "urlKey": "nike-dunk-high-se-all-star-2021", "market": {"lowestAsk": 120, "salesThisPeriod": 2, "salesLastPeriod": 0, "highestBid": 135, "volatility": 0.207129, "deadstockSold": 1439, "pricePremium": 0.17, "averageDeadstockPrice": 176, "lastSale": 129, "changeValue": 14, "changePercentage": 0.115558, "lastLowestAskTime": 1663690685, "lastHighestBidTime": 1663695359, "lastSaleDate": "2022-09-21T02:11:53+00:00"}, "objectID": "dfb85e45-59b7-45ff-a8cd-a8ae81b3d537"}, {"id": "807d9cd0-04d7-41c3-9a17-2688839110f8", "uuid": "807d9cd0-04d7-41c3-9a17-2688839110f8", "brand": "Nike", "colorway": "Black/Forest/Vintage Purple-Pilgrim", "condition": "New", "description": "", "media": {"smallImageUrl": "https://images.stockx.com/images/Nike-Dunk-SB-High-420-Skunk-Product.jpg?fit=fill&bg=FFFFFF&w=300&h=214&fm=webp&auto=compress&trim=color&q=90&dpr=2&updated_at=1607050503", "thumbUrl": "https://images.stockx.com/images/Nike-Dunk-SB-High-420-Skunk-Product.jpg?fit=fill&bg=FFFFFF&w=140&h=100&fm=webp&auto=compress&trim=color&q=90&dpr=2&updated_at=1607050503"}, "productCategory": "sneakers", "releaseDate": "2010-04-20", "retailPrice": 140, "shoe": "Nike SB Dunk High", "title": "Nike SB Dunk High Skunk 420", "urlKey": "nike-dunk-sb-high-skunk-420", "market": {"lowestAsk": 2299, "salesThisPeriod": 4, "salesLastPeriod": 0, "highestBid": 2160, "volatility": 0.223881, "deadstockSold": 26, "pricePremium": 14.429, "averageDeadstockPrice": 2195, "lastSale": 2160, "changeValue": 160, "changePercentage": 0.08, "lastLowestAskTime": 1663650074, "lastHighestBidTime": 1663725842, "lastSaleDate": "2022-09-21T02:03:24+00:00"}, "objectID": "807d9cd0-04d7-41c3-9a17-2688839110f8"}, {"id": "e3121fb3-3fb5-4678-b6d3-1b2db9494700", "uuid": "e3121fb3-3fb5-4678-b6d3-1b2db9494700", "brand": "Nike", "colorway": "Orange/Sail-Black", "condition": "New", "description": "", "media": {"smallImageUrl": "https://images.stockx.com/images/Nike-Dunk-High-PRM-NBA-x-WNBA-One-Game.jpg?fit=fill&bg=FFFFFF&w=300&h=214&fm=webp&auto=compress&trim=color&q=90&dpr=2&updated_at=1649663817", "thumbUrl": "https://images.stockx.com/images/Nike-Dunk-High-PRM-NBA-x-WNBA-One-Game.jpg?fit=fill&bg=FFFFFF&w=140&h=100&fm=webp&auto=compress&trim=color&q=90&dpr=2&updated_at=1649663817"}, "productCategory": "sneakers", "releaseDate": "", "retailPrice": 110, "shoe": "Nike Dunk High PRM", "title": "Nike Dunk High PRM NBA x WNBA One Game", "urlKey": "nike-dunk-high-prm-nba-x-wnba-one-game", "market": {"lowestAsk": 83, "salesThisPeriod": 3, "salesLastPeriod": 0, "highestBid": 95, "volatility": 0.109617, "deadstockSold": 285, "pricePremium": 0.045, "averageDeadstockPrice": 103, "lastSale": 115, "changeValue": 15, "changePercentage": 0.15, "lastLowestAskTime": 1663375408, "lastHighestBidTime": 1663586350, "lastSaleDate": "2022-09-18T17:19:00+00:00"}, "objectID": "e3121fb3-3fb5-4678-b6d3-1b2db9494700"}, {"id": "9324e7be-d749-49ba-a431-16761ae32fa3", "uuid": "9324e7be-d749-49ba-a431-16761ae32fa3", "brand": "Nike", "colorway": "Black/White/Black", "condition": "New", "description": "", "media": {"smallImageUrl": "https://images.stockx.com/images/Nike-Dunk-High-Rebel-Panda-W-Product.jpg?fit=fill&bg=FFFFFF&w=300&h=214&fm=webp&auto=compress&trim=color&q=90&dpr=2&updated_at=1648740959", "thumbUrl": "https://images.stockx.com/images/Nike-Dunk-High-Rebel-Panda-W-Product.jpg?fit=fill&bg=FFFFFF&w=140&h=100&fm=webp&auto=compress&trim=color&q=90&dpr=2&updated_at=1648740959"}, "productCategory": "sneakers", "releaseDate": "", "retailPrice": 120, "shoe": "Nike Dunk High Up", "title": "Nike Dunk High Up Panda (W)", "urlKey": "nike-dunk-high-rebel-panda-w", "market": {"lowestAsk": 107, "salesThisPeriod": 2, "salesLastPeriod": 0, "highestBid": 118, "volatility": 0.134688, "deadstockSold": 798, "pricePremium": -0.083, "averageDeadstockPrice": 155, "lastSale": 110, "changeValue": -28, "changePercentage": -0.208202, "lastLowestAskTime": 1662861633, "lastHighestBidTime": 1663743809, "lastSaleDate": "2022-09-21T17:31:31+00:00"}, "objectID": "9324e7be-d749-49ba-a431-16761ae32fa3"}, {"id": "14452fdb-2ff1-4b1a-b857-e0628b7fb5fa", "uuid": "14452fdb-2ff1-4b1a-b857-e0628b7fb5fa", "brand": "Nike", "colorway": "White/Light Chocolate-Roma Green", "condition": "New", "description": "", "media": {"smallImageUrl": "https://images.stockx.com/images/Nike-Dunk-Low-Free-99-White-GS-Product.jpg?fit=fill&bg=FFFFFF&w=300&h=214&fm=webp&auto=compress&trim=color&q=90&dpr=2&updated_at=1645801867", "thumbUrl": "https://images.stockx.com/images/Nike-Dunk-Low-Free-99-White-GS-Product.jpg?fit=fill&bg=FFFFFF&w=140&h=100&fm=webp&auto=compress&trim=color&q=90&dpr=2&updated_at=1645801867"}, "productCategory": "sneakers", "releaseDate": "2021-06-25", "retailPrice": 110, "shoe": "Nike Dunk Low", "title": "Nike Dunk Low Free 99 White (GS)", "urlKey": "nike-dunk-low-free-99-white-gs", "market": {"lowestAsk": 117, "salesThisPeriod": 2, "salesLastPeriod": 0, "highestBid": 140, "volatility": 0.211542, "deadstockSold": 1696, "pricePremium": 0.209, "averageDeadstockPrice": 156, "lastSale": 133, "changeValue": 9, "changePercentage": 0.072581, "lastLowestAskTime": 1663676455, "lastHighestBidTime": 1661720364, "lastSaleDate": "2022-09-20T01:49:17+00:00"}, "objectID": "14452fdb-2ff1-4b1a-b857-e0628b7fb5fa"}, {"id": "7e370af9-ff4e-4518-b422-7d1183afb616", "uuid": "7e370af9-ff4e-4518-b422-7d1183afb616", "brand": "Nike", "colorway": "Natural/White-Natural", "condition": "New", "description": "", "media": {"smallImageUrl": "https://images.stockx.com/images/Nike-SB-Dunk-High-Pro-ISO-Orange-Label-Natural-Product.jpg?fit=fill&bg=FFFFFF&w=300&h=214&fm=webp&auto=compress&trim=color&q=90&dpr=2&updated_at=1634319007", "thumbUrl": "https://images.stockx.com/images/Nike-SB-Dunk-High-Pro-ISO-Orange-Label-Natural-Product.jpg?fit=fill&bg=FFFFFF&w=140&h=100&fm=webp&auto=compress&trim=color&q=90&dpr=2&updated_at=1634319007"}, "productCategory": "sneakers", "releaseDate": "", "retailPrice": 110, "shoe": "Nike SB Dunk High Pro ISO", "title": "Nike SB Dunk High Pro ISO Orange Label Unbleached Natural", "urlKey": "nike-sb-dunk-high-pro-iso-orange-label-natural", "market": {"lowestAsk": 138, "salesThisPeriod": 6, "salesLastPeriod": 0, "highestBid": 160, "volatility": 0.276196, "deadstockSold": 1684, "pricePremium": 0.155, "averageDeadstockPrice": 172, "lastSale": 127, "changeValue": -48, "changePercentage": -0.274286, "lastLowestAskTime": 1662750942, "lastHighestBidTime": 1661516068, "lastSaleDate": "2022-09-20T20:52:05+00:00"}, "objectID": "7e370af9-ff4e-4518-b422-7d1183afb616"}, {"id": "a89f9183-9f6d-4ff7-bffc-e31f4f0fe388", "uuid": "a89f9183-9f6d-4ff7-bffc-e31f4f0fe388", "brand": "Nike", "colorway": "Wolf Grey/Neutral Grey-Sail", "condition": "New", "description": "The Nike Dunk High Premium Culture Day was designed and manufactured by Nike and inspired by the extinct Naumann's elephant species.\n<br>\n<br>\nNike Dunk High Premium Culture Day features a gray suede overlay. The underlay is made of crumbled leather. Additionally, the shoe\u2019s Swoosh is made of smooth white leather and its tongue from traditional nylon. The shoes also include the Nike logo on the side, in light gray, with a black collar. The overall design is light blue and gray shoe with a touch of white.\n<br>\n<br>\nNike Dunk High Premium Culture Day was released on April 27, 2022, and retailed at $110.", "media": {"smallImageUrl": "https://images.stockx.com/images/Nike-Dunk-High-Premium-Culture-Day.jpg?fit=fill&bg=FFFFFF&w=300&h=214&fm=webp&auto=compress&trim=color&q=90&dpr=2&updated_at=1650530433", "thumbUrl": "https://images.stockx.com/images/Nike-Dunk-High-Premium-Culture-Day.jpg?fit=fill&bg=FFFFFF&w=140&h=100&fm=webp&auto=compress&trim=color&q=90&dpr=2&updated_at=1650530433"}, "productCategory": "sneakers", "releaseDate": "2022-04-27", "retailPrice": 110, "shoe": "Nike Dunk High Premium", "title": "Nike Dunk High Premium Culture Day", "urlKey": "nike-dunk-high-premium-culture-day", "market": {"lowestAsk": 83, "salesThisPeriod": 7, "salesLastPeriod": 0, "highestBid": 85, "volatility": 0.13788, "deadstockSold": 427, "pricePremium": -0.145, "averageDeadstockPrice": 104, "lastSale": 94, "changeValue": 9, "changePercentage": 0.105882, "lastLowestAskTime": 1663394040, "lastHighestBidTime": 1663342165, "lastSaleDate": "2022-09-19T21:13:05+00:00"}, "objectID": "a89f9183-9f6d-4ff7-bffc-e31f4f0fe388"}, {"id": "66d5798f-bd58-4598-9abd-01910e239939", "uuid": "66d5798f-bd58-4598-9abd-01910e239939", "brand": "Nike", "colorway": "Deep Royal Blue/White-Black", "condition": "New", "description": "", "media": {"smallImageUrl": "https://images.stockx.com/images/Nike-Dunk-High-Deep-Royal-Blue-W.jpg?fit=fill&bg=FFFFFF&w=300&h=214&fm=webp&auto=compress&trim=color&q=90&dpr=2&updated_at=1660248393", "thumbUrl": "https://images.stockx.com/images/Nike-Dunk-High-Deep-Royal-Blue-W.jpg?fit=fill&bg=FFFFFF&w=140&h=100&fm=webp&auto=compress&trim=color&q=90&dpr=2&updated_at=1660248393"}, "productCategory": "sneakers", "releaseDate": "", "retailPrice": 120, "shoe": "Nike Dunk High", "title": "Nike Dunk High Deep Royal Blue (W)", "urlKey": "nike-dunk-high-deep-royal-blue-w", "market": {"lowestAsk": 115, "salesThisPeriod": 0, "salesLastPeriod": 0, "highestBid": 105, "volatility": 0.114815, "deadstockSold": 34, "pricePremium": 0, "averageDeadstockPrice": 131, "lastSale": 120, "changeValue": -8, "changePercentage": -0.0625, "lastLowestAskTime": 1662717846, "lastHighestBidTime": 1663119001, "lastSaleDate": "2022-09-17T17:11:22+00:00"}, "objectID": "66d5798f-bd58-4598-9abd-01910e239939"}, {"id": "b9cc8876-3a7f-46c9-bf5e-0ae43e216f21", "uuid": "b9cc8876-3a7f-46c9-bf5e-0ae43e216f21", "brand": "Nike", "colorway": "White/Light Grey/Teal Metallic", "condition": "New", "description": "Constructed of white tumbled leather and grey \"matte leather\", the women's Nike Dunk High FLS (W) has a neutral-toned base that accentuates its striking, color-shifting enamel Swooshes. Next, metallic silver Swoosh lace jewels bring a decorative flair. From there, a white and grey Air sole complements the upper.\n<br>\n<br>\nThe women's Nike Dunk High FLS (W) released in April of 2022 and retailed for $120.", "media": {"smallImageUrl": "https://images.stockx.com/images/Nike-Dunk-High-Ring-Bling-W-Product.jpg?fit=fill&bg=FFFFFF&w=300&h=214&fm=webp&auto=compress&trim=color&q=90&dpr=2&updated_at=1648050177", "thumbUrl": "https://images.stockx.com/images/Nike-Dunk-High-Ring-Bling-W-Product.jpg?fit=fill&bg=FFFFFF&w=140&h=100&fm=webp&auto=compress&trim=color&q=90&dpr=2&updated_at=1648050177"}, "productCategory": "sneakers", "releaseDate": "2022-04-06", "retailPrice": 120, "shoe": "Nike Dunk High", "title": "Nike Dunk High FLS (W)", "urlKey": "nike-dunk-high-ring-bling-w", "market": {"lowestAsk": 85, "salesThisPeriod": 4, "salesLastPeriod": 0, "highestBid": 100, "volatility": 0.231129, "deadstockSold": 881, "pricePremium": -0.309, "averageDeadstockPrice": 130, "lastSale": 83, "changeValue": -17, "changePercentage": -0.171237, "lastLowestAskTime": 1663247001, "lastHighestBidTime": 1663566838, "lastSaleDate": "2022-09-19T02:14:04+00:00"}, "objectID": "b9cc8876-3a7f-46c9-bf5e-0ae43e216f21"}, {"id": "ff566d9f-6f08-4d4a-9485-ce90f3568f9d", "uuid": "ff566d9f-6f08-4d4a-9485-ce90f3568f9d", "brand": "Nike", "colorway": "Sail/Starfish/Black", "condition": "New", "description": "This Nike Dunk Low PRM Halloween 2021 (PS) in pre-school sizing captures the essence of Halloween in its colorways and adds a touch of whimsy with glow-in-the-dark features.\n<br>\n<br>\nThe Nike Dunk Low PRM Halloween 2021 (PS) starts with a white leather base overlaid with black and orange panels that give it the Halloween design. Atop the black leather panels are a series of eyes that glow when illuminated. It doesn\u2019t end there, as underfoot, the low stop sits on top of a glow-in-the-dark rubber outsole.\n<br>\n<br>\nThe Nike Dunk Low PRM Halloween 2021 (PS) was released in April 2022 and retailed for $65.", "media": {"smallImageUrl": "https://images.stockx.com/images/Nike-Dunk-Low-PRM-Halloween-2021-PS-Product.jpg?fit=fill&bg=FFFFFF&w=300&h=214&fm=webp&auto=compress&trim=color&q=90&dpr=2&updated_at=1638807176", "thumbUrl": "https://images.stockx.com/images/Nike-Dunk-Low-PRM-Halloween-2021-PS-Product.jpg?fit=fill&bg=FFFFFF&w=140&h=100&fm=webp&auto=compress&trim=color&q=90&dpr=2&updated_at=1638807176"}, "productCategory": "sneakers", "releaseDate": "2022-04-01", "retailPrice": 65, "shoe": "Nike Dunk Low PRM", "title": "Nike Dunk Low PRM Halloween (2021) (PS)", "urlKey": "nike-dunk-low-prm-halloween-2021-ps", "market": {"lowestAsk": 78, "salesThisPeriod": 12, "salesLastPeriod": 0, "highestBid": 80, "volatility": 0.08553, "deadstockSold": 1804, "pricePremium": 0.462, "averageDeadstockPrice": 88, "lastSale": 95, "changeValue": -4, "changePercentage": -0.040404, "lastLowestAskTime": 1662269238, "lastHighestBidTime": 1663575803, "lastSaleDate": "2022-09-20T12:50:35+00:00"}, "objectID": "ff566d9f-6f08-4d4a-9485-ce90f3568f9d"}, {"id": "305889a0-bb18-4f03-a864-c8cc47af60c7", "uuid": "305889a0-bb18-4f03-a864-c8cc47af60c7", "brand": "Nike", "colorway": "Spiral Sage/Spiral Sage", "condition": "New", "description": "", "media": {"smallImageUrl": "https://images.stockx.com/images/Nike-Dunk-Low-CPFM-Spiral-Sage-Product.jpg?fit=fill&bg=FFFFFF&w=300&h=214&fm=webp&auto=compress&trim=color&q=90&dpr=2&updated_at=1609445449", "thumbUrl": "https://images.stockx.com/images/Nike-Dunk-Low-CPFM-Spiral-Sage-Product.jpg?fit=fill&bg=FFFFFF&w=140&h=100&fm=webp&auto=compress&trim=color&q=90&dpr=2&updated_at=1609445449"}, "productCategory": "sneakers", "releaseDate": "2020-11-18", "retailPrice": 120, "shoe": "Nike Dunk Low", "title": "Nike Dunk Low Cactus Plant Flea Market Spiral Sage", "urlKey": "nike-dunk-low-cpfm-spiral-sage", "market": {"lowestAsk": 6499, "salesThisPeriod": 0, "salesLastPeriod": 0, "highestBid": 8000, "volatility": 0.380091, "deadstockSold": 19, "pricePremium": 49, "averageDeadstockPrice": 9175, "lastSale": 6000, "changeValue": -5175, "changePercentage": -0.463087, "lastLowestAskTime": 1662927829, "lastHighestBidTime": 1659715862, "lastSaleDate": "2022-07-28T23:25:04+00:00"}, "objectID": "305889a0-bb18-4f03-a864-c8cc47af60c7"}, {"id": "be6a56c9-84d5-4384-9522-07fd756c60b0", "uuid": "be6a56c9-84d5-4384-9522-07fd756c60b0", "brand": "Nike", "colorway": "White/Multi-Color-White", "condition": "New", "description": "The women's Nike Dunk Low SE Primal White (W) arrives with monochromatic smooth white leather upper and mixed material Swooshes that consist of cheetah print suede, black snakeskin-textured leather, and cracked metallic leather. A triple white sole and Nike branded woven tongue labels add the finishing touches.\n<br>\n<br>\nThe women's Nike Dunk Low SE Primal White (W) released in December of 2021 and retailed for $110.", "media": {"smallImageUrl": "https://images.stockx.com/images/Nike-Dunk-Low-Animal-Instinct-White-W-Product.jpg?fit=fill&bg=FFFFFF&w=300&h=214&fm=webp&auto=compress&trim=color&q=90&dpr=2&updated_at=1641394378", "thumbUrl": "https://images.stockx.com/images/Nike-Dunk-Low-Animal-Instinct-White-W-Product.jpg?fit=fill&bg=FFFFFF&w=140&h=100&fm=webp&auto=compress&trim=color&q=90&dpr=2&updated_at=1641394378"}, "productCategory": "sneakers", "releaseDate": "2021-12-22", "retailPrice": 110, "shoe": "Nike Dunk Low SE", "title": "Nike Dunk Low SE Primal White (W)", "urlKey": "nike-dunk-low-animal-instinct-white-w", "market": {"lowestAsk": 78, "salesThisPeriod": 3, "salesLastPeriod": 0, "highestBid": 92, "volatility": 0.088001, "deadstockSold": 1901, "pricePremium": -0.135, "averageDeadstockPrice": 103, "lastSale": 95, "changeValue": 8, "changePercentage": 0.081045, "lastLowestAskTime": 1663635656, "lastHighestBidTime": 1663541720, "lastSaleDate": "2022-09-20T12:14:13+00:00"}, "objectID": "be6a56c9-84d5-4384-9522-07fd756c60b0"}, {"id": "4be1fd28-8ed7-40f6-ab7d-9df757695438", "uuid": "4be1fd28-8ed7-40f6-ab7d-9df757695438", "brand": "Nike", "colorway": "White/Game Royal-Total Orange", "condition": "New", "description": "", "media": {"smallImageUrl": "https://images.stockx.com/images/Nike-Dunk-High-Game-Royal-GS-Product.jpg?fit=fill&bg=FFFFFF&w=300&h=214&fm=webp&auto=compress&trim=color&q=90&dpr=2&updated_at=1624633301", "thumbUrl": "https://images.stockx.com/images/Nike-Dunk-High-Game-Royal-GS-Product.jpg?fit=fill&bg=FFFFFF&w=140&h=100&fm=webp&auto=compress&trim=color&q=90&dpr=2&updated_at=1624633301"}, "productCategory": "sneakers", "releaseDate": "2021-06-11", "retailPrice": 90, "shoe": "Nike Dunk High", "title": "Nike Dunk High Game Royal (GS)", "urlKey": "nike-dunk-high-game-royal-gs", "market": {"lowestAsk": 98, "salesThisPeriod": 4, "salesLastPeriod": 0, "highestBid": 140, "volatility": 0.160084, "deadstockSold": 1509, "pricePremium": 1.154, "averageDeadstockPrice": 152, "lastSale": 194, "changeValue": 0, "changePercentage": 0, "lastLowestAskTime": 1663761665, "lastHighestBidTime": 1663747630, "lastSaleDate": "2022-09-21T08:03:47+00:00"}, "objectID": "4be1fd28-8ed7-40f6-ab7d-9df757695438"}, {"id": "abfb71f3-5377-43b6-804f-eeaca5ee66e0", "uuid": "abfb71f3-5377-43b6-804f-eeaca5ee66e0", "brand": "Nike", "colorway": "Black/White/Wolf Grey/Light Lemon Twist", "condition": "New", "description": "The Nike Dunk Low Scrap Light Lemon Twist is back reconstructed in a mix of mesh and leather materials and dressed in a black, white, wolf-grey, and lemon twist color scheme.\n<br>\n<br>\nThe Nike Dunk Low Scrap Light Lemon Twist features a white ripstop textile upper with floating lacewin(GS) for grade schoolers, neon yellow decorative stitching, and angular leather overlays in white, black, and grey. Embroidered Nike branding appears on the black heel tab and the lightly padded nylon tongue. Underfoot, the low top is mounted on a rubber cup sole with white sidewalls and a grey rubber outsole. \n<br>\n<br>\nThe Nike Dunk Low Scrap Light Lemon Twist was released in November 2021 and retailed for $110.", "media": {"smallImageUrl": "https://images.stockx.com/images/Nike-Dunk-Low-Scrap-Light-Lemon-Twist-Product.jpg?fit=fill&bg=FFFFFF&w=300&h=214&fm=webp&auto=compress&trim=color&q=90&dpr=2&updated_at=1639500352", "thumbUrl": "https://images.stockx.com/images/Nike-Dunk-Low-Scrap-Light-Lemon-Twist-Product.jpg?fit=fill&bg=FFFFFF&w=140&h=100&fm=webp&auto=compress&trim=color&q=90&dpr=2&updated_at=1639500352"}, "productCategory": "sneakers", "releaseDate": "2021-11-01", "retailPrice": 110, "shoe": "Nike Dunk Low Scrap", "title": "Nike Dunk Low Scrap Wolf Grey Light Lemon Twist", "urlKey": "nike-dunk-low-scrap-light-lemon-twist", "market": {"lowestAsk": 164, "salesThisPeriod": 11, "salesLastPeriod": 0, "highestBid": 140, "volatility": 0.155588, "deadstockSold": 2450, "pricePremium": 0.7, "averageDeadstockPrice": 167, "lastSale": 187, "changeValue": 18, "changePercentage": 0.106509, "lastLowestAskTime": 1663483660, "lastHighestBidTime": 1663648943, "lastSaleDate": "2022-09-20T00:32:52+00:00"}, "objectID": "abfb71f3-5377-43b6-804f-eeaca5ee66e0"}, {"id": "153e3faf-db8d-4ba4-86ba-1df17c69dcf2", "uuid": "153e3faf-db8d-4ba4-86ba-1df17c69dcf2", "brand": "Nike", "colorway": "Metallic Gold/Metallic Gold-Midnight Navy-White", "condition": "New", "description": "<b>Please note: Due to limited availability and multiple releases, the hangtag is not guaranteed.<b>", "media": {"smallImageUrl": "https://images.stockx.com/images/Nike-SB-Dunk-Low-Supreme-Jewel-Swoosh-Gold-Product.jpg?fit=fill&bg=FFFFFF&w=300&h=214&fm=webp&auto=compress&trim=color&q=90&dpr=2&updated_at=1607052797", "thumbUrl": "https://images.stockx.com/images/Nike-SB-Dunk-Low-Supreme-Jewel-Swoosh-Gold-Product.jpg?fit=fill&bg=FFFFFF&w=140&h=100&fm=webp&auto=compress&trim=color&q=90&dpr=2&updated_at=1607052797"}, "productCategory": "sneakers", "releaseDate": "2019-09-14", "retailPrice": 110, "shoe": "Nike SB Dunk Low", "title": "Nike SB Dunk Low Supreme Jewel Swoosh Gold", "urlKey": "nike-sb-dunk-low-supreme-jewel-swoosh-gold", "market": {"lowestAsk": 198, "salesThisPeriod": 2, "salesLastPeriod": 0, "highestBid": 200, "volatility": 0.1249, "deadstockSold": 226, "pricePremium": 1.264, "averageDeadstockPrice": 237, "lastSale": 249, "changeValue": 64, "changePercentage": 0.345946, "lastLowestAskTime": 1662431284, "lastHighestBidTime": 1662602473, "lastSaleDate": "2022-09-14T18:03:28+00:00"}, "objectID": "153e3faf-db8d-4ba4-86ba-1df17c69dcf2"}, {"id": "a5970c5c-87d6-4181-9462-a698dff43b01", "uuid": "a5970c5c-87d6-4181-9462-a698dff43b01", "brand": "Nike", "colorway": "Black/White", "condition": "New", "description": "", "media": {"smallImageUrl": "https://images.stockx.com/images/Nike-Dunk-High-Pro-SB-Unkle-Product.jpg?fit=fill&bg=FFFFFF&w=300&h=214&fm=webp&auto=compress&trim=color&q=90&dpr=2&updated_at=1607051410", "thumbUrl": "https://images.stockx.com/images/Nike-Dunk-High-Pro-SB-Unkle-Product.jpg?fit=fill&bg=FFFFFF&w=140&h=100&fm=webp&auto=compress&trim=color&q=90&dpr=2&updated_at=1607051410"}, "productCategory": "sneakers", "releaseDate": "2004-09-01", "retailPrice": 70, "shoe": "Nike Dunk High Pro SB", "title": "Nike Dunk High Pro SB Unkle", "urlKey": "nike-dunk-high-pro-sb-unkle", "market": {"lowestAsk": 2595, "salesThisPeriod": 1, "salesLastPeriod": 0, "highestBid": 2631, "volatility": 0.266893, "deadstockSold": 13, "pricePremium": 34.029, "averageDeadstockPrice": 2853, "lastSale": 2452, "changeValue": 347, "changePercentage": 0.164846, "lastLowestAskTime": 1663055158, "lastHighestBidTime": 1661215310, "lastSaleDate": "2022-09-16T12:33:53+00:00"}, "objectID": "a5970c5c-87d6-4181-9462-a698dff43b01"}]}