{"Pagination": {"query": "nike dunk", "queryID": "8f416a23074152b29c29ea07f2825f86", "index": "PRODUCTION_PG_FEATURED_DESC", "limit": 40, "page": 12, "total": 4270, "lastPage": "/api/v3/browse?_search=nike%20dunk&dataType=product&facetsToRetrieve=%7B%7D&filterVersion=4&page=25&propsToRetrieve=brand%2CchildId%2Ccolorway%2Ccondition%2Cdescription%2Cid%2Cmarket.averageDeadstockPrice%2Cmarket.bidAskData%2Cmarket.changePercentage%2Cmarket.changeValue%2Cmarket.deadstockSold%2Cmarket.highestBid%2Cmarket.lastHighestBidTime%2Cmarket.lastLowestAskTime%2Cmarket.lastSale%2Cmarket.lastSaleDate%2Cmarket.lastSaleValue%2Cmarket.lowestAsk%2Cmarket.pricePremium%2Cmarket.salesInformation%2Cmarket.salesLastPeriod%2Cmarket.salesThisPeriod%2Cmarket.volatility%2Cmedia.smallImageUrl%2Cmedia.thumbUrl%2CproductCategory%2CreleaseDate%2CretailPrice%2Cshoe%2Ctitle%2CurlKey%2Cuuid", "sort": ["featured"], "order": ["DESC"], "currentPage": "/api/v3/browse?_search=nike%20dunk&dataType=product&facetsToRetrieve=%7B%7D&filterVersion=4&page=12&propsToRetrieve=brand%2CchildId%2Ccolorway%2Ccondition%2Cdescription%2Cid%2Cmarket.averageDeadstockPrice%2Cmarket.bidAskData%2Cmarket.changePercentage%2Cmarket.changeValue%2Cmarket.deadstockSold%2Cmarket.highestBid%2Cmarket.lastHighestBidTime%2Cmarket.lastLowestAskTime%2Cmarket.lastSale%2Cmarket.lastSaleDate%2Cmarket.lastSaleValue%2Cmarket.lowestAsk%2Cmarket.pricePremium%2Cmarket.salesInformation%2Cmarket.salesLastPeriod%2Cmarket.salesThisPeriod%2Cmarket.volatility%2Cmedia.smallImageUrl%2Cmedia.thumbUrl%2CproductCategory%2CreleaseDate%2CretailPrice%2Cshoe%2Ctitle%2CurlKey%2Cuuid", "nextPage": "/api/v3/browse?_search=nike%20dunk&dataType=product&facetsToRetrieve=%7B%7D&filterVersion=4&page=13&propsToRetrieve=brand%2CchildId%2Ccolorway%2Ccondition%2Cdescription%2Cid%2Cmarket.averageDeadstockPrice%2Cmarket.bidAskData%2Cmarket.changePercentage%2Cmarket.changeValue%2Cmarket.deadstockSold%2Cmarket.highestBid%2Cmarket.lastHighestBidTime%2Cmarket.lastLowestAskTime%2Cmarket.lastSale%2Cmarket.lastSaleDate%2Cmarket.lastSaleValue%2Cmarket.lowestAsk%2Cmarket.pricePremium%2Cmarket.salesInformation%2Cmarket.salesLastPeriod%2Cmarket.salesThisPeriod%2Cmarket.volatility%2Cmedia.smallImageUrl%2Cmedia.thumbUrl%2CproductCategory%2CreleaseDate%2CretailPrice%2Cshoe%2Ctitle%2CurlKey%2Cuuid", "previousPage": "/api/v3/browse?_search=nike%20dunk&dataType=product&facetsToRetrieve=%7B%7D&filterVersion=4&page=11&propsToRetrieve=brand%2CchildId%2Ccolorway%2Ccondition%2Cdescription%2Cid%2Cmarket.averageDeadstockPrice%2Cmarket.bidAskData%2Cmarket.changePercentage%2Cmarket.changeValue%2Cmarket.deadstockSold%2Cmarket.highestBid%2Cmarket.lastHighestBidTime%2Cmarket.lastLowestAskTime%2Cmarket.lastSale%2Cmarket.lastSaleDate%2Cmarket.lastSaleValue%2Cmarket.lowestAsk%2Cmarket.pricePremium%2Cmarket.salesInformation%2Cmarket.salesLastPeriod%2Cmarket.salesThisPeriod%2Cmarket.volatility%2Cmedia.smallImageUrl%2Cmedia.thumbUrl%2CproductCategory%2CreleaseDate%2CretailPrice%2Cshoe%2Ctitle%2CurlKey%2Cuuid"}, "Facets": {}, "Products": [{"id": "ee3209ef-eb90-4a76-a63e-083b80f8d051", "uuid": "ee3209ef-eb90-4a76-a63e-083b80f8d051", "brand": "Nike", "colorway": "White/Green/Black", "condition": "New", "description": "", "media": {"smallImageUrl": "https://images.stockx.com/images/Nike-Dunk-High-Celtics-GS-Product.jpg?fit=fill&bg=FFFFFF&w=300&h=214&fm=webp&auto=compress&trim=color&q=90&dpr=2&updated_at=1656594120", "thumbUrl": "https://images.stockx.com/images/Nike-Dunk-High-Celtics-GS-Product.jpg?fit=fill&bg=FFFFFF&w=140&h=100&fm=webp&auto=compress&trim=color&q=90&dpr=2&updated_at=1656594120"}, "productCategory": "sneakers", "releaseDate": "2022-04-01", "retailPrice": 90, "shoe": "Nike Dunk High", "title": "Nike Dunk High Celtics (GS)", "urlKey": "nike-dunk-high-celtics-gs", "market": {"lowestAsk": 111, "salesThisPeriod": 3, "salesLastPeriod": 0, "highestBid": 112, "volatility": 0.138653, "deadstockSold": 244, "pricePremium": 0.111, "averageDeadstockPrice": 118, "lastSale": 100, "changeValue": -18, "changePercentage": -0.153165, "lastLowestAskTime": 1663328192, "lastHighestBidTime": 1663152573, "lastSaleDate": "2022-09-14T21:42:43+00:00"}, "objectID": "ee3209ef-eb90-4a76-a63e-083b80f8d051"}, {"id": "8aaaee3c-8ee7-4a85-a93b-c541ed206d08", "uuid": "8aaaee3c-8ee7-4a85-a93b-c541ed206d08", "brand": "Nike", "colorway": "Obsidian/Hyper Royal-White", "condition": "New", "description": "", "media": {"smallImageUrl": "https://images.stockx.com/images/Nike-Dunk-High-Obsidian-GS.jpg?fit=fill&bg=FFFFFF&w=300&h=214&fm=webp&auto=compress&trim=color&q=90&dpr=2&updated_at=1649793485", "thumbUrl": "https://images.stockx.com/images/Nike-Dunk-High-Obsidian-GS.jpg?fit=fill&bg=FFFFFF&w=140&h=100&fm=webp&auto=compress&trim=color&q=90&dpr=2&updated_at=1649793485"}, "productCategory": "sneakers", "releaseDate": "2022-05-01", "retailPrice": 90, "shoe": "Nike Dunk High", "title": "Nike Dunk High Obsidian (GS)", "urlKey": "nike-dunk-high-obsidian-gs", "market": {"lowestAsk": 71, "salesThisPeriod": 3, "salesLastPeriod": 0, "highestBid": 75, "volatility": 0.126202, "deadstockSold": 234, "pricePremium": 0.005, "averageDeadstockPrice": 96, "lastSale": 90, "changeValue": 21, "changePercentage": 0.292334, "lastLowestAskTime": 1663782689, "lastHighestBidTime": 1663690222, "lastSaleDate": "2022-09-20T11:41:46+00:00"}, "objectID": "8aaaee3c-8ee7-4a85-a93b-c541ed206d08"}, {"id": "be7aada1-206a-42ac-ac13-2ef1d9e63fb8", "uuid": "be7aada1-206a-42ac-ac13-2ef1d9e63fb8", "brand": "Nike", "colorway": "Sail/University Red/Hot Curry/Game Royal", "condition": "New", "description": "", "media": {"smallImageUrl": "https://images.stockx.com/images/Nike-Dunk-Low-Hot-Curry-Game-Royal-PS.jpg?fit=fill&bg=FFFFFF&w=300&h=214&fm=webp&auto=compress&trim=color&q=90&dpr=2&updated_at=1658931125", "thumbUrl": "https://images.stockx.com/images/Nike-Dunk-Low-Hot-Curry-Game-Royal-PS.jpg?fit=fill&bg=FFFFFF&w=140&h=100&fm=webp&auto=compress&trim=color&q=90&dpr=2&updated_at=1658931125"}, "productCategory": "sneakers", "releaseDate": "", "retailPrice": 65, "shoe": "Nike Dunk Low", "title": "Nike Dunk Low Hot Curry Game Royal (PS)", "urlKey": "nike-dunk-low-hot-curry-game-royal-ps", "market": {"lowestAsk": 75, "salesThisPeriod": 3, "salesLastPeriod": 0, "highestBid": 76, "volatility": 0.068412, "deadstockSold": 142, "pricePremium": 0.354, "averageDeadstockPrice": 88, "lastSale": 88, "changeValue": 11, "changePercentage": 0.142857, "lastLowestAskTime": 1663712449, "lastHighestBidTime": 1663675456, "lastSaleDate": "2022-09-20T12:04:17+00:00"}, "objectID": "be7aada1-206a-42ac-ac13-2ef1d9e63fb8"}, {"id": "bd85964e-c881-4152-b462-603a91514b20", "uuid": "bd85964e-c881-4152-b462-603a91514b20", "brand": "Nike", "colorway": "Navy/Multicolor", "condition": "New", "description": "", "media": {"smallImageUrl": "https://images.stockx.com/images/Nike-Dunk-Low-Graffiti-Navy-PS.jpg?fit=fill&bg=FFFFFF&w=300&h=214&fm=webp&auto=compress&trim=color&q=90&dpr=2&updated_at=1655521830", "thumbUrl": "https://images.stockx.com/images/Nike-Dunk-Low-Graffiti-Navy-PS.jpg?fit=fill&bg=FFFFFF&w=140&h=100&fm=webp&auto=compress&trim=color&q=90&dpr=2&updated_at=1655521830"}, "productCategory": "sneakers", "releaseDate": "", "retailPrice": 70, "shoe": "Nike Dunk Low", "title": "Nike Dunk Low Graffiti Navy (PS)", "urlKey": "nike-dunk-low-graffiti-navy-ps", "market": {"lowestAsk": 59, "salesThisPeriod": 3, "salesLastPeriod": 0, "highestBid": 70, "volatility": 0.225834, "deadstockSold": 133, "pricePremium": -0.286, "averageDeadstockPrice": 76, "lastSale": 50, "changeValue": 0, "changePercentage": 0, "lastLowestAskTime": 1663771172, "lastHighestBidTime": 1662083152, "lastSaleDate": "2022-09-20T23:47:00+00:00"}, "objectID": "bd85964e-c881-4152-b462-603a91514b20"}, {"id": "cd05e49b-3090-4ac4-98f1-5e4e193be200", "uuid": "cd05e49b-3090-4ac4-98f1-5e4e193be200", "brand": "Nike", "colorway": "Off Noir/Metallic Pewter/Summit White", "condition": "New", "description": "", "media": {"smallImageUrl": "https://images.stockx.com/images/Nike-Dunk-Low-SE-Off-Noir-PS-Product.jpg?fit=fill&bg=FFFFFF&w=300&h=214&fm=webp&auto=compress&trim=color&q=90&dpr=2&updated_at=1655884440", "thumbUrl": "https://images.stockx.com/images/Nike-Dunk-Low-SE-Off-Noir-PS-Product.jpg?fit=fill&bg=FFFFFF&w=140&h=100&fm=webp&auto=compress&trim=color&q=90&dpr=2&updated_at=1655884440"}, "productCategory": "sneakers", "releaseDate": "", "retailPrice": 70, "shoe": "Nike Dunk Low SE", "title": "Nike Dunk Low SE Off Noir (PS)", "urlKey": "nike-dunk-low-se-off-noir-ps", "market": {"lowestAsk": 63, "salesThisPeriod": 3, "salesLastPeriod": 0, "highestBid": 65, "volatility": 0.095693, "deadstockSold": 99, "pricePremium": -0.057, "averageDeadstockPrice": 70, "lastSale": 66, "changeValue": 1, "changePercentage": 0.015385, "lastLowestAskTime": 1663135952, "lastHighestBidTime": 1663290182, "lastSaleDate": "2022-09-16T01:02:42+00:00"}, "objectID": "cd05e49b-3090-4ac4-98f1-5e4e193be200"}, {"id": "afd793bc-18a2-4a63-875e-745625894cee", "uuid": "afd793bc-18a2-4a63-875e-745625894cee", "brand": "Nike", "colorway": "Light Bone/Coconut Milk/Alpha Orange/Tumbled Grey", "condition": "New", "description": "", "media": {"smallImageUrl": "https://images.stockx.com/images/Nike-Dunk-High-Two-Tone-Grey-GS.jpg?fit=fill&bg=FFFFFF&w=300&h=214&fm=webp&auto=compress&trim=color&q=90&dpr=2&updated_at=1649445196", "thumbUrl": "https://images.stockx.com/images/Nike-Dunk-High-Two-Tone-Grey-GS.jpg?fit=fill&bg=FFFFFF&w=140&h=100&fm=webp&auto=compress&trim=color&q=90&dpr=2&updated_at=1649445196"}, "productCategory": "sneakers", "releaseDate": "2022-07-07", "retailPrice": 110, "shoe": "Nike Dunk High", "title": "Nike Dunk High Two Tone Grey (GS)", "urlKey": "nike-dunk-high-two-tone-grey-gs", "market": {"lowestAsk": 95, "salesThisPeriod": 3, "salesLastPeriod": 0, "highestBid": 100, "volatility": 0.09238, "deadstockSold": 96, "pricePremium": 0.163, "averageDeadstockPrice": 113, "lastSale": 128, "changeValue": 27, "changePercentage": 0.266637, "lastLowestAskTime": 1663706670, "lastHighestBidTime": 1663640207, "lastSaleDate": "2022-09-21T07:24:26+00:00"}, "objectID": "afd793bc-18a2-4a63-875e-745625894cee"}, {"id": "ab42e4ca-8ba7-4f49-9c90-6a9dd90c598f", "uuid": "ab42e4ca-8ba7-4f49-9c90-6a9dd90c598f", "brand": "Nike", "childId": null, "colorway": "Black/Black-Black", "condition": "New", "description": "<b> PLEASE NOTE: Special Packaging comes with everything pictured in the photo plus a 4-pack of exclusive Nike SB stickers. <b>", "media": {"smallImageUrl": "https://images.stockx.com/images/Nike-SB-Dunk-High-Black-Sheep-Hornet-Special-Packaging-Product.jpg?fit=fill&bg=FFFFFF&w=300&h=214&fm=webp&auto=compress&trim=color&q=90&dpr=2&updated_at=1607057304", "thumbUrl": "https://images.stockx.com/images/Nike-SB-Dunk-High-Black-Sheep-Hornet-Special-Packaging-Product.jpg?fit=fill&bg=FFFFFF&w=140&h=100&fm=webp&auto=compress&trim=color&q=90&dpr=2&updated_at=1607057304"}, "productCategory": "sneakers", "releaseDate": "2019-02-15", "retailPrice": 120, "shoe": "Nike SB Dunk High", "title": "Nike SB Dunk High Black Sheep Hornet (Special Packaging)", "urlKey": "nike-sb-dunk-high-black-sheep-hornet-special-packaging", "market": {"lowestAsk": 266, "salesThisPeriod": 3, "salesLastPeriod": 0, "highestBid": 375, "volatility": 0.344602, "deadstockSold": 19, "pricePremium": 0, "averageDeadstockPrice": 423, "lastSale": 321, "changeValue": 39, "changePercentage": 0.138445, "lastLowestAskTime": 1663676689, "lastHighestBidTime": 1661687920, "lastSaleDate": "2022-09-20T11:15:10+00:00"}, "objectID": "ab42e4ca-8ba7-4f49-9c90-6a9dd90c598f"}, {"id": "d5390802-f8d9-4a4f-a916-11603f296f47", "uuid": "d5390802-f8d9-4a4f-a916-11603f296f47", "brand": "Nike", "colorway": "Pure Platinum/Bicoastal/White", "condition": "New", "description": "", "media": {"smallImageUrl": "https://images.stockx.com/images/Nike-Dunk-High-Bicoastal-W.jpg?fit=fill&bg=FFFFFF&w=300&h=214&fm=webp&auto=compress&trim=color&q=90&dpr=2&updated_at=1662063897", "thumbUrl": "https://images.stockx.com/images/Nike-Dunk-High-Bicoastal-W.jpg?fit=fill&bg=FFFFFF&w=140&h=100&fm=webp&auto=compress&trim=color&q=90&dpr=2&updated_at=1662063897"}, "productCategory": "sneakers", "releaseDate": "2022-09-01", "retailPrice": 105, "shoe": "Nike Dunk High", "title": "Nike Dunk High Bicoastal (W)", "urlKey": "nike-dunk-high-bicoastal-w", "market": {"lowestAsk": 136, "salesThisPeriod": 3, "salesLastPeriod": 0, "highestBid": 120, "volatility": 0.098999, "deadstockSold": 15, "pricePremium": 0.705, "averageDeadstockPrice": 179, "lastSale": 179, "changeValue": 31, "changePercentage": 0.209459, "lastLowestAskTime": 1663771235, "lastHighestBidTime": 1663714060, "lastSaleDate": "2022-09-21T17:06:37+00:00"}, "objectID": "d5390802-f8d9-4a4f-a916-11603f296f47"}, {"id": "16c3b87d-c569-408a-ba11-04c2c0601d7e", "uuid": "16c3b87d-c569-408a-ba11-04c2c0601d7e", "brand": "Nike", "colorway": "White/Safety Orange/Green Glow/Black", "condition": "New", "description": "", "media": {"smallImageUrl": "https://images.stockx.com/images/Nike-Dunk-Low-Nike-101-PS.jpg?fit=fill&bg=FFFFFF&w=300&h=214&fm=webp&auto=compress&trim=color&q=90&dpr=2&updated_at=1662725094", "thumbUrl": "https://images.stockx.com/images/Nike-Dunk-Low-Nike-101-PS.jpg?fit=fill&bg=FFFFFF&w=140&h=100&fm=webp&auto=compress&trim=color&q=90&dpr=2&updated_at=1662725094"}, "productCategory": "sneakers", "releaseDate": "", "retailPrice": 80, "shoe": "Nike Dunk Low", "title": "Nike Dunk Low Nike 101 (PS)", "urlKey": "nike-dunk-low-nike-101-ps", "market": {"lowestAsk": 83, "salesThisPeriod": 3, "salesLastPeriod": 0, "highestBid": 80, "volatility": 0.089938, "deadstockSold": 6, "pricePremium": 0.05, "averageDeadstockPrice": 88, "lastSale": 84, "changeValue": -1, "changePercentage": -0.011765, "lastLowestAskTime": 1663693218, "lastHighestBidTime": 1662815279, "lastSaleDate": "2022-09-20T15:36:16+00:00"}, "objectID": "16c3b87d-c569-408a-ba11-04c2c0601d7e"}, {"id": "30b8f3a1-531d-4a5a-8ddc-aeb072840389", "uuid": "30b8f3a1-531d-4a5a-8ddc-aeb072840389", "brand": "Nike", "colorway": "Dark Driftwood/Black-Sesame-Sail", "condition": "New", "description": "", "media": {"smallImageUrl": "https://images.stockx.com/images/Nike-Dunk-Low-Dark-Driftwood-W.jpg?fit=fill&bg=FFFFFF&w=300&h=214&fm=webp&auto=compress&trim=color&q=90&dpr=2&updated_at=1659956788", "thumbUrl": "https://images.stockx.com/images/Nike-Dunk-Low-Dark-Driftwood-W.jpg?fit=fill&bg=FFFFFF&w=140&h=100&fm=webp&auto=compress&trim=color&q=90&dpr=2&updated_at=1659956788"}, "productCategory": "sneakers", "releaseDate": "", "retailPrice": 100, "shoe": "Nike Dunk Low", "title": "Nike Dunk Low Dark Driftwood (W)", "urlKey": "nike-dunk-low-dark-driftwood-w", "market": {"lowestAsk": 180, "salesThisPeriod": 3, "salesLastPeriod": 0, "highestBid": 156, "volatility": 0.065372, "deadstockSold": 3, "pricePremium": 0.3, "averageDeadstockPrice": 138, "lastSale": 130, "changeValue": -5, "changePercentage": -0.037037, "lastLowestAskTime": 1663657113, "lastHighestBidTime": 1663775626, "lastSaleDate": "2022-09-20T10:51:21+00:00"}, "objectID": "30b8f3a1-531d-4a5a-8ddc-aeb072840389"}, {"id": "b0f6331f-3f90-4ca5-9ca7-9f55c8103d0c", "uuid": "b0f6331f-3f90-4ca5-9ca7-9f55c8103d0c", "brand": "Nike", "colorway": "Iron Grey/Phantom/Ghost Green", "condition": "New", "description": "", "media": {"smallImageUrl": "https://images.stockx.com/images/Nike-Dunk-Low-Swoosh-Shadow-Iron-Grey.jpg?fit=fill&bg=FFFFFF&w=300&h=214&fm=webp&auto=compress&trim=color&q=90&dpr=2&updated_at=1656705064", "thumbUrl": "https://images.stockx.com/images/Nike-Dunk-Low-Swoosh-Shadow-Iron-Grey.jpg?fit=fill&bg=FFFFFF&w=140&h=100&fm=webp&auto=compress&trim=color&q=90&dpr=2&updated_at=1656705064"}, "productCategory": "sneakers", "releaseDate": "", "retailPrice": 0, "shoe": "Nike Dunk Low", "title": "Nike Dunk Low Swoosh Shadow Iron Grey", "urlKey": "nike-dunk-low-swoosh-shadow-iron-grey", "market": {"lowestAsk": 174, "salesThisPeriod": 3, "salesLastPeriod": 0, "highestBid": 135, "volatility": 0.110337, "deadstockSold": 3, "pricePremium": 0, "averageDeadstockPrice": 160, "lastSale": 185, "changeValue": 25, "changePercentage": 0.15625, "lastLowestAskTime": 1663770079, "lastHighestBidTime": 1663779919, "lastSaleDate": "2022-09-21T20:17:22+00:00"}, "objectID": "b0f6331f-3f90-4ca5-9ca7-9f55c8103d0c"}, {"id": "3e525de9-5d78-4b01-bfcb-f1634b454b3d", "uuid": "3e525de9-5d78-4b01-bfcb-f1634b454b3d", "brand": "Nike", "colorway": "Light Smoke Grey/Summit White/Phonton Dust", "condition": "New", "description": "", "media": {"smallImageUrl": "https://images.stockx.com/images/Nike-Dunk-High-University-Chenille-Swoosh-Light-Smoke-Grey.jpg?fit=fill&bg=FFFFFF&w=300&h=214&fm=webp&auto=compress&trim=color&q=90&dpr=2&updated_at=1663058294", "thumbUrl": "https://images.stockx.com/images/Nike-Dunk-High-University-Chenille-Swoosh-Light-Smoke-Grey.jpg?fit=fill&bg=FFFFFF&w=140&h=100&fm=webp&auto=compress&trim=color&q=90&dpr=2&updated_at=1663058294"}, "productCategory": "sneakers", "releaseDate": "2022-09-22", "retailPrice": 110, "shoe": "Nike Dunk High University", "title": "Nike Dunk High University Chenille Swoosh Light Smoke Grey", "urlKey": "nike-dunk-high-university-chenille-swoosh-light-smoke-grey", "market": {"lowestAsk": 155, "salesThisPeriod": 2, "salesLastPeriod": 0, "highestBid": 120, "volatility": 0.106434, "deadstockSold": 3, "pricePremium": 0.445, "averageDeadstockPrice": 170, "lastSale": 159, "changeValue": -35, "changePercentage": -0.182051, "lastLowestAskTime": 1663769777, "lastHighestBidTime": 1663365315, "lastSaleDate": "2022-09-21T01:09:45+00:00"}, "objectID": "3e525de9-5d78-4b01-bfcb-f1634b454b3d"}, {"id": "cead3768-273a-43a3-b357-04e116f5626d", "uuid": "cead3768-273a-43a3-b357-04e116f5626d", "brand": "Nike", "colorway": "Pink Foam/White-Dark Beetroot", "condition": "New", "description": "The Nike Dunk Low Pink Red White GS features a white leather upper complemented by pink overlays and a deep red, purple-like shade marking the Swoosh. The pink continues to the mudguard, lacing system, and heel, while underneath, the Nike Dunk keeps its classic color blocking with a white midsole and a pink outsole and treading.\u00a0\n<br>\n<br>\nThe grade school-sized Nike Dunk Low Pink Red White GS was released in August 2021 and retailed for $85.", "media": {"smallImageUrl": "https://images.stockx.com/images/Nike-Dunk-Low-Pink-Red-White-GS-Product.jpg?fit=fill&bg=FFFFFF&w=300&h=214&fm=webp&auto=compress&trim=color&q=90&dpr=2&updated_at=1624633345", "thumbUrl": "https://images.stockx.com/images/Nike-Dunk-Low-Pink-Red-White-GS-Product.jpg?fit=fill&bg=FFFFFF&w=140&h=100&fm=webp&auto=compress&trim=color&q=90&dpr=2&updated_at=1624633345"}, "productCategory": "sneakers", "releaseDate": "2021-08-31", "retailPrice": 85, "shoe": "Nike Dunk Low", "title": "Nike Dunk Low Pink Foam Red White (GS)", "urlKey": "nike-dunk-low-pink-red-white-gs", "market": {"lowestAsk": 189, "salesThisPeriod": 2, "salesLastPeriod": 0, "highestBid": 210, "volatility": 0.141214, "deadstockSold": 6031, "pricePremium": 1.224, "averageDeadstockPrice": 174, "lastSale": 189, "changeValue": 0, "changePercentage": 0, "lastLowestAskTime": 1663677828, "lastHighestBidTime": 1663356533, "lastSaleDate": "2022-09-21T21:01:47+00:00"}, "objectID": "cead3768-273a-43a3-b357-04e116f5626d"}, {"id": "4fa46196-a605-437e-a8e9-1f250b1be1f4", "uuid": "4fa46196-a605-437e-a8e9-1f250b1be1f4", "brand": "Nike", "colorway": "Wolf Grey/Dark Obsidian-Total Orange", "condition": "New", "description": "The Nike Dunk Low Georgetown GS is a Georgetown Hoyas-themed Nike Dunk Low. Boasting a dark obsidian, wolf gray, and total orange color scheme, this shoe features a gray leather base upper. It also features navy-colored overlays, tongue tag, inner lining, embroidered heel, and rubber outsole. The total orange color of this shoe appears on its branded insole. For breathability, this grade school-sized shoe has several perforations on its toe box, and for comfort, it has a cushioned midsole.\n<br>\n<br>\nThe Nike Dunk Low Georgetown GS was released in November 2021. At the time of its release, its retail price was $100.", "media": {"smallImageUrl": "https://images.stockx.com/images/Nike-Dunk-Low-Georgetown-GS-Product.jpg?fit=fill&bg=FFFFFF&w=300&h=214&fm=webp&auto=compress&trim=color&q=90&dpr=2&updated_at=1637177782", "thumbUrl": "https://images.stockx.com/images/Nike-Dunk-Low-Georgetown-GS-Product.jpg?fit=fill&bg=FFFFFF&w=140&h=100&fm=webp&auto=compress&trim=color&q=90&dpr=2&updated_at=1637177782"}, "productCategory": "sneakers", "releaseDate": "2021-11-05", "retailPrice": 100, "shoe": "Nike Dunk Low", "title": "Nike Dunk Low Georgetown (GS)", "urlKey": "nike-dunk-low-georgetown-gs", "market": {"lowestAsk": 204, "salesThisPeriod": 2, "salesLastPeriod": 0, "highestBid": 210, "volatility": 0.135599, "deadstockSold": 5699, "pricePremium": 1.03, "averageDeadstockPrice": 177, "lastSale": 203, "changeValue": 8, "changePercentage": 0.041026, "lastLowestAskTime": 1663705162, "lastHighestBidTime": 1663751286, "lastSaleDate": "2022-09-21T03:07:53+00:00"}, "objectID": "4fa46196-a605-437e-a8e9-1f250b1be1f4"}, {"id": "f6e9c313-8765-42d5-83b0-1eadf77f0f65", "uuid": "f6e9c313-8765-42d5-83b0-1eadf77f0f65", "brand": "Nike", "colorway": "Yellow Strike/Yellow Strike-White", "condition": "New", "description": "The women's Nike Dunk Low Yellow Strike (W) features a white leather upper with pale yellow blotted overlays and plush Yellow Strike suede Swooshes. Matching two-tone soles and woven tongue labels carry this pastel palette across the finish line.\n\nThe women's Nike Dunk Low Yellow Strike (W) released in August of 2021 and retailed for $110.", "media": {"smallImageUrl": "https://images.stockx.com/images/Nike-Dunk-Low-Strike-Yellow-W-Product.jpg?fit=fill&bg=FFFFFF&w=300&h=214&fm=webp&auto=compress&trim=color&q=90&dpr=2&updated_at=1629741955", "thumbUrl": "https://images.stockx.com/images/Nike-Dunk-Low-Strike-Yellow-W-Product.jpg?fit=fill&bg=FFFFFF&w=140&h=100&fm=webp&auto=compress&trim=color&q=90&dpr=2&updated_at=1629741955"}, "productCategory": "sneakers", "releaseDate": "2021-08-18", "retailPrice": 110, "shoe": "Nike Dunk Low", "title": "Nike Dunk Low Yellow Strike (W)", "urlKey": "nike-dunk-low-yellow-strike-w", "market": {"lowestAsk": 140, "salesThisPeriod": 2, "salesLastPeriod": 0, "highestBid": 160, "volatility": 0.112168, "deadstockSold": 4741, "pricePremium": 0.218, "averageDeadstockPrice": 152, "lastSale": 134, "changeValue": -5, "changePercentage": -0.040569, "lastLowestAskTime": 1663601050, "lastHighestBidTime": 1662686896, "lastSaleDate": "2022-09-19T16:16:45+00:00"}, "objectID": "f6e9c313-8765-42d5-83b0-1eadf77f0f65"}, {"id": "d7ffced3-31ec-4ce8-b4c6-258cab76922c", "uuid": "d7ffced3-31ec-4ce8-b4c6-258cab76922c", "brand": "Nike", "colorway": "Grey Fog/White/Blue Void/Blue Void", "condition": "New", "description": "", "media": {"smallImageUrl": "https://images.stockx.com/images/Nike-Dunk-Low-EMB-NBA-75th-Anniversary-Brooklyn-Nets-GS-Product.jpg?fit=fill&bg=FFFFFF&w=300&h=214&fm=webp&auto=compress&trim=color&q=90&dpr=2&updated_at=1636391719", "thumbUrl": "https://images.stockx.com/images/Nike-Dunk-Low-EMB-NBA-75th-Anniversary-Brooklyn-Nets-GS-Product.jpg?fit=fill&bg=FFFFFF&w=140&h=100&fm=webp&auto=compress&trim=color&q=90&dpr=2&updated_at=1636391719"}, "productCategory": "sneakers", "releaseDate": "2021-10-19", "retailPrice": 85, "shoe": "Nike Dunk Low EMB", "title": "Nike Dunk Low EMB NBA 75th Anniversary Brooklyn Nets (GS)", "urlKey": "nike-dunk-low-emb-nba-75th-anniversary-brooklyn-nets-gs", "market": {"lowestAsk": 146, "salesThisPeriod": 2, "salesLastPeriod": 0, "highestBid": 144, "volatility": 0.057366, "deadstockSold": 4655, "pricePremium": 0.824, "averageDeadstockPrice": 135, "lastSale": 155, "changeValue": 1, "changePercentage": 0.006494, "lastLowestAskTime": 1663683269, "lastHighestBidTime": 1663723007, "lastSaleDate": "2022-09-20T07:00:17+00:00"}, "objectID": "d7ffced3-31ec-4ce8-b4c6-258cab76922c"}, {"id": "6a1ccd69-c7c3-4a23-a19d-6246974abd70", "uuid": "6a1ccd69-c7c3-4a23-a19d-6246974abd70", "brand": "Nike", "colorway": "Light Soft Pink/Ghost-Lime Ice-White", "condition": "New", "description": "The women's Nike Dunk Low Lime Ice (W) radiates tropical energy with its Light Soft Pink, Lime Ice, and Ghost color scheme. Matching soles and woven tongue tabs add the finishing touches to this women's exclusive.\n\nThe women's Nike Dunk Low Lime Ice (W) released in July of 2021 and retailed for $100.", "media": {"smallImageUrl": "https://images.stockx.com/images/Nike-Dunk-Low-Lime-Ice-W-Product.jpg?fit=fill&bg=FFFFFF&w=300&h=214&fm=webp&auto=compress&trim=color&q=90&dpr=2&updated_at=1628170497", "thumbUrl": "https://images.stockx.com/images/Nike-Dunk-Low-Lime-Ice-W-Product.jpg?fit=fill&bg=FFFFFF&w=140&h=100&fm=webp&auto=compress&trim=color&q=90&dpr=2&updated_at=1628170497"}, "productCategory": "sneakers", "releaseDate": "2021-07-31", "retailPrice": 100, "shoe": "Nike Dunk Low", "title": "Nike Dunk Low Lime Ice (W)", "urlKey": "nike-dunk-low-lime-ice-w", "market": {"lowestAsk": 123, "salesThisPeriod": 2, "salesLastPeriod": 0, "highestBid": 121, "volatility": 0.097826, "deadstockSold": 4170, "pricePremium": 0.4, "averageDeadstockPrice": 132, "lastSale": 140, "changeValue": 10, "changePercentage": 0.076923, "lastLowestAskTime": 1663288746, "lastHighestBidTime": 1663667144, "lastSaleDate": "2022-09-20T19:27:39+00:00"}, "objectID": "6a1ccd69-c7c3-4a23-a19d-6246974abd70"}, {"id": "e3fd6ecd-7b13-4fe2-9d86-2476fcfe3a81", "uuid": "e3fd6ecd-7b13-4fe2-9d86-2476fcfe3a81", "brand": "Nike", "colorway": "Varsity Maize/Midnight Navy-White", "condition": "New", "description": "The Nike Dunk Low Michigan for grade school sizes (GS) brings back one of the original colorways from the 1985 \u2018Be True to Your School\u2019 series, reimagined as a low-top and offered in grade school sizing. The Nike Dunk Low Michigan (GS) low-profile silhouette carries an all-leather upper and is built on a Varsity Maize yellow base with Midnight Navy overlays. Perforations on the toe box provide breathability, while a lightly padded nylon tongue that bears the Nike woven brand tag supports the fit. Underfoot, a Midnight Navy rubber outsole atop a White midsole to complete the design.\n<br>\n<br>\nThe Nike Dunk Low Michigan (GS) was released in April 2021 and retailed for $85.", "media": {"smallImageUrl": "https://images.stockx.com/images/Nike-Dunk-Low-Michigan-GS-Product.jpg?fit=fill&bg=FFFFFF&w=300&h=214&fm=webp&auto=compress&trim=color&q=90&dpr=2&updated_at=1619807823", "thumbUrl": "https://images.stockx.com/images/Nike-Dunk-Low-Michigan-GS-Product.jpg?fit=fill&bg=FFFFFF&w=140&h=100&fm=webp&auto=compress&trim=color&q=90&dpr=2&updated_at=1619807823"}, "productCategory": "sneakers", "releaseDate": "2021-04-16", "retailPrice": 85, "shoe": "Nike Dunk Low", "title": "Nike Dunk Low Michigan (2021) (GS)", "urlKey": "nike-dunk-low-michigan-gs", "market": {"lowestAsk": 224, "salesThisPeriod": 2, "salesLastPeriod": 0, "highestBid": 225, "volatility": 0.136031, "deadstockSold": 2602, "pricePremium": 1.941, "averageDeadstockPrice": 201, "lastSale": 250, "changeValue": -7, "changePercentage": -0.027237, "lastLowestAskTime": 1663733412, "lastHighestBidTime": 1663182215, "lastSaleDate": "2022-09-20T18:16:08+00:00"}, "objectID": "e3fd6ecd-7b13-4fe2-9d86-2476fcfe3a81"}, {"id": "9ec5f6ee-1fc0-43fa-82f3-affbbeb639e1", "uuid": "9ec5f6ee-1fc0-43fa-82f3-affbbeb639e1", "brand": "Nike", "colorway": "Black/Multi-Olive", "condition": "New", "description": "", "media": {"smallImageUrl": "https://images.stockx.com/images/Nike-Dunk-Low-Crazy-Camo-GS-Product.jpg?fit=fill&bg=FFFFFF&w=300&h=214&fm=webp&auto=compress&trim=color&q=90&dpr=2&updated_at=1629741815", "thumbUrl": "https://images.stockx.com/images/Nike-Dunk-Low-Crazy-Camo-GS-Product.jpg?fit=fill&bg=FFFFFF&w=140&h=100&fm=webp&auto=compress&trim=color&q=90&dpr=2&updated_at=1629741815"}, "productCategory": "sneakers", "releaseDate": "", "retailPrice": 95, "shoe": "Nike Dunk Low", "title": "Nike Dunk Low Crazy Camo (GS)", "urlKey": "nike-dunk-low-crazy-camo-gs", "market": {"lowestAsk": 154, "salesThisPeriod": 2, "salesLastPeriod": 0, "highestBid": 149, "volatility": 0.118327, "deadstockSold": 1928, "pricePremium": 0.621, "averageDeadstockPrice": 147, "lastSale": 154, "changeValue": -19, "changePercentage": -0.109827, "lastLowestAskTime": 1663069240, "lastHighestBidTime": 1662266667, "lastSaleDate": "2022-09-17T22:11:32+00:00"}, "objectID": "9ec5f6ee-1fc0-43fa-82f3-affbbeb639e1"}, {"id": "3f80c57e-1dff-4b91-bf90-44c0394f81b8", "uuid": "3f80c57e-1dff-4b91-bf90-44c0394f81b8", "brand": "Nike", "colorway": "Black/Multicolor-Multicolor", "condition": "New", "description": "The Nike Dunk Low Free.99 arrives with a black leather upper featuring pastel multi colored overlays and Dark Chocolate Swooshes. Aligning with its name, the shoe\u2019s insoles feature price sticker graphics with \"Free.99\" text printed as the price.\n<br>\n<br>\nThe Nike Dunk Low Free.99 released in June of 2021 and retailed for $110.", "media": {"smallImageUrl": "https://images.stockx.com/images/Nike-Dunk-Low-Free-99-Black-Product.jpg?fit=fill&bg=FFFFFF&w=300&h=214&fm=webp&auto=compress&trim=color&q=90&dpr=2&updated_at=1619191503", "thumbUrl": "https://images.stockx.com/images/Nike-Dunk-Low-Free-99-Black-Product.jpg?fit=fill&bg=FFFFFF&w=140&h=100&fm=webp&auto=compress&trim=color&q=90&dpr=2&updated_at=1619191503"}, "productCategory": "sneakers", "releaseDate": "2021-06-08", "retailPrice": 110, "shoe": "Nike Dunk Low", "title": "Nike Dunk Low Free 99 Black", "urlKey": "nike-dunk-low-free-99-black", "market": {"lowestAsk": 130, "salesThisPeriod": 2, "salesLastPeriod": 0, "highestBid": 245, "volatility": 0.140177, "deadstockSold": 1803, "pricePremium": 0.618, "averageDeadstockPrice": 177, "lastSale": 178, "changeValue": 17, "changePercentage": 0.101392, "lastLowestAskTime": 1663772731, "lastHighestBidTime": 1663637089, "lastSaleDate": "2022-09-21T05:41:18+00:00"}, "objectID": "3f80c57e-1dff-4b91-bf90-44c0394f81b8"}, {"id": "14452fdb-2ff1-4b1a-b857-e0628b7fb5fa", "uuid": "14452fdb-2ff1-4b1a-b857-e0628b7fb5fa", "brand": "Nike", "colorway": "White/Light Chocolate-Roma Green", "condition": "New", "description": "", "media": {"smallImageUrl": "https://images.stockx.com/images/Nike-Dunk-Low-Free-99-White-GS-Product.jpg?fit=fill&bg=FFFFFF&w=300&h=214&fm=webp&auto=compress&trim=color&q=90&dpr=2&updated_at=1645801867", "thumbUrl": "https://images.stockx.com/images/Nike-Dunk-Low-Free-99-White-GS-Product.jpg?fit=fill&bg=FFFFFF&w=140&h=100&fm=webp&auto=compress&trim=color&q=90&dpr=2&updated_at=1645801867"}, "productCategory": "sneakers", "releaseDate": "2021-06-25", "retailPrice": 110, "shoe": "Nike Dunk Low", "title": "Nike Dunk Low Free 99 White (GS)", "urlKey": "nike-dunk-low-free-99-white-gs", "market": {"lowestAsk": 117, "salesThisPeriod": 2, "salesLastPeriod": 0, "highestBid": 140, "volatility": 0.211542, "deadstockSold": 1696, "pricePremium": 0.209, "averageDeadstockPrice": 156, "lastSale": 133, "changeValue": 9, "changePercentage": 0.072581, "lastLowestAskTime": 1663676455, "lastHighestBidTime": 1661720364, "lastSaleDate": "2022-09-20T01:49:17+00:00"}, "objectID": "14452fdb-2ff1-4b1a-b857-e0628b7fb5fa"}, {"id": "13c6fb85-83ad-4210-8e0e-893edd04c0e2", "uuid": "13c6fb85-83ad-4210-8e0e-893edd04c0e2", "brand": "Nike", "colorway": "White/University Blue-White", "condition": "New", "description": "", "media": {"smallImageUrl": "https://images.stockx.com/images/Nike-Dunk-Low-UNC-2021-PS-Product.jpg?fit=fill&bg=FFFFFF&w=300&h=214&fm=webp&auto=compress&trim=color&q=90&dpr=2&updated_at=1630350563", "thumbUrl": "https://images.stockx.com/images/Nike-Dunk-Low-UNC-2021-PS-Product.jpg?fit=fill&bg=FFFFFF&w=140&h=100&fm=webp&auto=compress&trim=color&q=90&dpr=2&updated_at=1630350563"}, "productCategory": "sneakers", "releaseDate": "2021-06-24", "retailPrice": 65, "shoe": "Nike Dunk Low", "title": "Nike Dunk Low UNC (2021) (PS)", "urlKey": "nike-dunk-low-unc-2021-ps", "market": {"lowestAsk": 166, "salesThisPeriod": 2, "salesLastPeriod": 0, "highestBid": 191, "volatility": 0.181059, "deadstockSold": 1627, "pricePremium": 2.386, "averageDeadstockPrice": 135, "lastSale": 220, "changeValue": 15, "changePercentage": 0.068495, "lastLowestAskTime": 1663776425, "lastHighestBidTime": 1663527522, "lastSaleDate": "2022-09-21T06:22:14+00:00"}, "objectID": "13c6fb85-83ad-4210-8e0e-893edd04c0e2"}, {"id": "f20b3fcb-4ac4-45ec-9dba-0fe2c589137d", "uuid": "f20b3fcb-4ac4-45ec-9dba-0fe2c589137d", "brand": "Nike", "colorway": "Blue/Tan-Light Blue", "condition": "New", "description": "", "media": {"smallImageUrl": "https://images.stockx.com/images/Nike-Dunk-Low-SB-Celadon-Product.jpg?fit=fill&bg=FFFFFF&w=300&h=214&fm=webp&auto=compress&trim=color&q=90&dpr=2&updated_at=1622048817", "thumbUrl": "https://images.stockx.com/images/Nike-Dunk-Low-SB-Celadon-Product.jpg?fit=fill&bg=FFFFFF&w=140&h=100&fm=webp&auto=compress&trim=color&q=90&dpr=2&updated_at=1622048817"}, "productCategory": "sneakers", "releaseDate": "2021-04-10", "retailPrice": 100, "shoe": "Nike SB Dunk Low", "title": "Nike SB Dunk Low ACG Celadon", "urlKey": "nike-dunk-low-sb-celadon", "market": {"lowestAsk": 192, "salesThisPeriod": 2, "salesLastPeriod": 0, "highestBid": 260, "volatility": 0.119562, "deadstockSold": 1471, "pricePremium": 1.58, "averageDeadstockPrice": 220, "lastSale": 258, "changeValue": -25, "changePercentage": -0.089823, "lastLowestAskTime": 1663563065, "lastHighestBidTime": 1661403994, "lastSaleDate": "2022-09-20T05:31:42+00:00"}, "objectID": "f20b3fcb-4ac4-45ec-9dba-0fe2c589137d"}, {"id": "dfb85e45-59b7-45ff-a8cd-a8ae81b3d537", "uuid": "dfb85e45-59b7-45ff-a8cd-a8ae81b3d537", "brand": "Nike", "colorway": "Barely Green/Black", "condition": "New", "description": "To commemorate All-Star weekend of 2021, Nike is dropped a new Dunk High colorway to celebrate the event. With the All-Star game looking a lot different in 2021 because of COVID-19 restrictions, it was fitting for this Dunk High to have an out-of-the-ordinary take towards materials that updates a traditional design. The Nike Dunk High dropped alongside a pack of other silhouettes set to represent the big event, with each sneaker holding similar color schemes.\n<br>\n<br>\nThe Nike Dunk High All-Star features a unique wavy design. The upper is composed of rippled-patterned black patent leather with hits of Barely Green tumbled leather. A black nylon tongue appears on the upper with Barely Green laces. To wrap up this new colorway, an \"NBA All-Star Indianapolis\" badge is stitched towards the lower ankle of the shoe, cementing it as a special edition for the All-Star game that was originally set to occur in Indianapolis.\n<br>\n<br>\nThe Nike Dunk High All-Star released in March of 2021 for $110.", "media": {"smallImageUrl": "https://images.stockx.com/images/Nike-Dunk-High-SE-All-Star-Product.jpg?fit=fill&bg=FFFFFF&w=300&h=214&fm=webp&auto=compress&trim=color&q=90&dpr=2&updated_at=1615579078", "thumbUrl": "https://images.stockx.com/images/Nike-Dunk-High-SE-All-Star-Product.jpg?fit=fill&bg=FFFFFF&w=140&h=100&fm=webp&auto=compress&trim=color&q=90&dpr=2&updated_at=1615579078"}, "productCategory": "sneakers", "releaseDate": "2021-03-09", "retailPrice": 110, "shoe": "Nike Dunk High", "title": "Nike Dunk High SE All-Star (2021)", "urlKey": "nike-dunk-high-se-all-star-2021", "market": {"lowestAsk": 120, "salesThisPeriod": 2, "salesLastPeriod": 0, "highestBid": 135, "volatility": 0.207129, "deadstockSold": 1439, "pricePremium": 0.17, "averageDeadstockPrice": 176, "lastSale": 129, "changeValue": 14, "changePercentage": 0.115558, "lastLowestAskTime": 1663690685, "lastHighestBidTime": 1663695359, "lastSaleDate": "2022-09-21T02:11:53+00:00"}, "objectID": "dfb85e45-59b7-45ff-a8cd-a8ae81b3d537"}, {"id": "d82c06c3-7c73-447b-910f-b0f7ebfafe82", "uuid": "d82c06c3-7c73-447b-910f-b0f7ebfafe82", "brand": "Nike", "colorway": "Black/White-Red-Blue", "condition": "New", "description": "", "media": {"smallImageUrl": "https://images.stockx.com/images/Nike-Dunk-Low-South-Korea-Product.jpg?fit=fill&bg=FFFFFF&w=300&h=214&fm=webp&auto=compress&trim=color&q=90&dpr=2&updated_at=1634921137", "thumbUrl": "https://images.stockx.com/images/Nike-Dunk-Low-South-Korea-Product.jpg?fit=fill&bg=FFFFFF&w=140&h=100&fm=webp&auto=compress&trim=color&q=90&dpr=2&updated_at=1634921137"}, "productCategory": "sneakers", "releaseDate": "2021-08-12", "retailPrice": 110, "shoe": "Nike Dunk Low", "title": "Nike Dunk Low Seoul", "urlKey": "nike-dunk-low-south-korea", "market": {"lowestAsk": 222, "salesThisPeriod": 2, "salesLastPeriod": 0, "highestBid": 366, "volatility": 0.256497, "deadstockSold": 1437, "pricePremium": 2.3, "averageDeadstockPrice": 275, "lastSale": 363, "changeValue": 117, "changePercentage": 0.473896, "lastLowestAskTime": 1663757350, "lastHighestBidTime": 1663732774, "lastSaleDate": "2022-09-20T16:51:50+00:00"}, "objectID": "d82c06c3-7c73-447b-910f-b0f7ebfafe82"}, {"id": "b3c3c777-bd24-474d-8e95-318a657893d5", "uuid": "b3c3c777-bd24-474d-8e95-318a657893d5", "brand": "Nike", "colorway": "Sail/Vintage Green-Total Orange-White", "condition": "New", "description": "", "media": {"smallImageUrl": "https://images.stockx.com/images/nike-dunk-low-sail-multi-camo-ps-ver2.jpg?fit=fill&bg=FFFFFF&w=300&h=214&fm=webp&auto=compress&trim=color&q=90&dpr=2&updated_at=1628627283", "thumbUrl": "https://images.stockx.com/images/nike-dunk-low-sail-multi-camo-ps-ver2.jpg?fit=fill&bg=FFFFFF&w=140&h=100&fm=webp&auto=compress&trim=color&q=90&dpr=2&updated_at=1628627283"}, "productCategory": "sneakers", "releaseDate": "2021-08-11", "retailPrice": 80, "shoe": "Nike Dunk Low", "title": "Nike Dunk Low Sail Multi-Camo (PS)", "urlKey": "nike-dunk-low-sail-multi-camo-ps", "market": {"lowestAsk": 98, "salesThisPeriod": 2, "salesLastPeriod": 0, "highestBid": 135, "volatility": 0.193892, "deadstockSold": 1202, "pricePremium": 0.213, "averageDeadstockPrice": 121, "lastSale": 97, "changeValue": -48, "changePercentage": -0.331034, "lastLowestAskTime": 1663497797, "lastHighestBidTime": 1663451828, "lastSaleDate": "2022-09-17T20:35:32+00:00"}, "objectID": "b3c3c777-bd24-474d-8e95-318a657893d5"}, {"id": "dbf57051-697b-4f67-86bb-cfac46420f2d", "uuid": "dbf57051-697b-4f67-86bb-cfac46420f2d", "brand": "Nike", "childId": null, "colorway": "Sail/Neutral Grey-Racer Blue", "condition": "New", "description": "", "media": {"smallImageUrl": "https://images.stockx.com/images/Nike-Dunk-Low-Off-White-Lot-32-Product.jpg?fit=fill&bg=FFFFFF&w=300&h=214&fm=webp&auto=compress&trim=color&q=90&dpr=2&updated_at=1629211257", "thumbUrl": "https://images.stockx.com/images/Nike-Dunk-Low-Off-White-Lot-32-Product.jpg?fit=fill&bg=FFFFFF&w=140&h=100&fm=webp&auto=compress&trim=color&q=90&dpr=2&updated_at=1629211257"}, "productCategory": "sneakers", "releaseDate": "2021-08-09", "retailPrice": 180, "shoe": "Nike Dunk Low", "title": "Nike Dunk Low Off-White Lot 32", "urlKey": "nike-dunk-low-off-white-lot-32", "market": {"lowestAsk": 582, "salesThisPeriod": 2, "salesLastPeriod": 0, "highestBid": 745, "volatility": 0.131434, "deadstockSold": 1181, "pricePremium": 3.144, "averageDeadstockPrice": 544, "lastSale": 746, "changeValue": 102, "changePercentage": 0.158385, "lastLowestAskTime": 1663053586, "lastHighestBidTime": 1663277266, "lastSaleDate": "2022-09-20T12:04:48+00:00"}, "objectID": "dbf57051-697b-4f67-86bb-cfac46420f2d"}, {"id": "dd48a779-6bd2-4dea-a944-b1086c2d2fb7", "uuid": "dd48a779-6bd2-4dea-a944-b1086c2d2fb7", "brand": "Nike", "childId": null, "colorway": "University Red/Sail", "condition": "New", "description": "", "media": {"smallImageUrl": "https://images.stockx.com/images/Nike-Dunk-High-First-Use-Red-Product.jpg?fit=fill&bg=FFFFFF&w=300&h=214&fm=webp&auto=compress&trim=color&q=90&dpr=2&updated_at=1642764640", "thumbUrl": "https://images.stockx.com/images/Nike-Dunk-High-First-Use-Red-Product.jpg?fit=fill&bg=FFFFFF&w=140&h=100&fm=webp&auto=compress&trim=color&q=90&dpr=2&updated_at=1642764640"}, "productCategory": "sneakers", "releaseDate": "2021-07-31", "retailPrice": 120, "shoe": "Nike Dunk High", "title": "Nike Dunk High First Use Red", "urlKey": "nike-dunk-high-first-use-red", "market": {"lowestAsk": 106, "salesThisPeriod": 2, "salesLastPeriod": 0, "highestBid": 130, "volatility": 0.105684, "deadstockSold": 1180, "pricePremium": 0.017, "averageDeadstockPrice": 122, "lastSale": 122, "changeValue": 17, "changePercentage": 0.161905, "lastLowestAskTime": 1663802588, "lastHighestBidTime": 1662971535, "lastSaleDate": "2022-09-20T14:47:05+00:00"}, "objectID": "dd48a779-6bd2-4dea-a944-b1086c2d2fb7"}, {"id": "37a53e75-9b08-4033-b8b8-7570da267612", "uuid": "37a53e75-9b08-4033-b8b8-7570da267612", "brand": "Nike", "colorway": "White/University Blue-White", "condition": "New", "description": "", "media": {"smallImageUrl": "https://images.stockx.com/images/Nike-Dunk-Low-UNC-2021-TD-Product.jpg?fit=fill&bg=FFFFFF&w=300&h=214&fm=webp&auto=compress&trim=color&q=90&dpr=2&updated_at=1623168722", "thumbUrl": "https://images.stockx.com/images/Nike-Dunk-Low-UNC-2021-TD-Product.jpg?fit=fill&bg=FFFFFF&w=140&h=100&fm=webp&auto=compress&trim=color&q=90&dpr=2&updated_at=1623168722"}, "productCategory": "sneakers", "releaseDate": "2021-06-24", "retailPrice": 50, "shoe": "Nike Dunk Low", "title": "Nike Dunk Low UNC (2021) (TD)", "urlKey": "nike-dunk-low-unc-2021-td", "market": {"lowestAsk": 125, "salesThisPeriod": 2, "salesLastPeriod": 0, "highestBid": 168, "volatility": 0.169017, "deadstockSold": 1164, "pricePremium": 2.36, "averageDeadstockPrice": 112, "lastSale": 168, "changeValue": 35, "changePercentage": 0.263158, "lastLowestAskTime": 1663772653, "lastHighestBidTime": 1663771647, "lastSaleDate": "2022-09-21T14:47:02+00:00"}, "objectID": "37a53e75-9b08-4033-b8b8-7570da267612"}, {"id": "8063bcf5-5805-436b-a293-ea49a893e157", "uuid": "8063bcf5-5805-436b-a293-ea49a893e157", "brand": "Nike", "colorway": "Black/Voltage Purple/White", "condition": "New", "description": "The Nike SB Dunk Low Familia First Avenue (2021) is the latest collaboration between Minneapolis-based skate shop Familia and footwear manufacturing giant Nike.\n<br>\n<br>\nInspired by iconic musician Prince, this collaboration features a deep black-based color scheme, an embroidered white star logo, purple shoelaces, and quarter overlay panels with black brickwork. It also features insoles branded with 701 First Avenue North\u2019s renowned checkerboard floor and tickets to the first show this venue hosted on April 3, 1970.\n<br>\n<br>\nThe Nike SB Dunk Low Familia First Avenue (2021) was released at the retail price of $100 in December of 2021 in exclusive US skate shops.", "media": {"smallImageUrl": "https://images.stockx.com/images/Nike-SB-Dunk-Low-Familia-First-Avenue-Product.jpg?fit=fill&bg=FFFFFF&w=300&h=214&fm=webp&auto=compress&trim=color&q=90&dpr=2&updated_at=1639682749", "thumbUrl": "https://images.stockx.com/images/Nike-SB-Dunk-Low-Familia-First-Avenue-Product.jpg?fit=fill&bg=FFFFFF&w=140&h=100&fm=webp&auto=compress&trim=color&q=90&dpr=2&updated_at=1639682749"}, "productCategory": "sneakers", "releaseDate": "2021-12-11", "retailPrice": 100, "shoe": "Nike SB Dunk Low", "title": "Nike SB Dunk Low Familia First Avenue", "urlKey": "nike-sb-dunk-low-familia-first-avenue", "market": {"lowestAsk": 324, "salesThisPeriod": 2, "salesLastPeriod": 0, "highestBid": 396, "volatility": 0.109712, "deadstockSold": 1095, "pricePremium": 2.96, "averageDeadstockPrice": 409, "lastSale": 396, "changeValue": 16, "changePercentage": 0.042105, "lastLowestAskTime": 1663277425, "lastHighestBidTime": 1663771599, "lastSaleDate": "2022-09-21T23:55:06+00:00"}, "objectID": "8063bcf5-5805-436b-a293-ea49a893e157"}, {"id": "a9e24a54-8535-49a8-81cd-d8d1fe240cc5", "uuid": "a9e24a54-8535-49a8-81cd-d8d1fe240cc5", "brand": "Nike", "colorway": "Fauna Brown/Rustic-Velvet Brown-Multi-Color", "condition": "New", "description": "2020 is the year full of surprises, as Nike collaborates with Boston-based boutique, Bodega, on the Nike Dunk High. Unlike any other Dunk to drop in 2020, this special partnership delivers a heavily detailed sneaker, which, described by the shop, is based on \"Classic Americana\". The unexpected release merges two sports, basketball and baseball, into one while hitting on cultural moments in American style and history. \n<br><br>Constructed to look like a traditional baseball mitt, the Nike Dunk High Bodega Legend Fauna Brown\u2019s upper features a mix of textures and hues, as both suede and pebbled leather make up the majority of the sneaker. In addition to materials, specific details such as iron-branded Bodega on the medial side, jeweled tortoiseshell Nike Swoosh on the lateral side, and rawhide lacing throughout the sneaker\u2019s entirety elevate the sneaker\u2019s status. A stash pocket is added inside the tongue, a head nod to a baseball mitt\u2019s inner webbed pocket.\n<br><br>The Nike Dunk High Bodega Legend Fauna Brown released in December 2020 for $120.", "media": {"smallImageUrl": "https://images.stockx.com/images/Nike-Dunk-High-Bodega-AB-Pearl-Product.jpg?fit=fill&bg=FFFFFF&w=300&h=214&fm=webp&auto=compress&trim=color&q=90&dpr=2&updated_at=1611071402", "thumbUrl": "https://images.stockx.com/images/Nike-Dunk-High-Bodega-AB-Pearl-Product.jpg?fit=fill&bg=FFFFFF&w=140&h=100&fm=webp&auto=compress&trim=color&q=90&dpr=2&updated_at=1611071402"}, "productCategory": "sneakers", "releaseDate": "2020-12-30", "retailPrice": 120, "shoe": "Nike Dunk High", "title": "Nike Dunk High Bodega Legend Fauna Brown", "urlKey": "nike-dunk-high-bodega-fauna-brown", "market": {"lowestAsk": 160, "salesThisPeriod": 2, "salesLastPeriod": 0, "highestBid": 266, "volatility": 0.264727, "deadstockSold": 1063, "pricePremium": 0.283, "averageDeadstockPrice": 228, "lastSale": 154, "changeValue": -81, "changePercentage": -0.344681, "lastLowestAskTime": 1663210130, "lastHighestBidTime": 1663350854, "lastSaleDate": "2022-09-17T16:06:48+00:00"}, "objectID": "a9e24a54-8535-49a8-81cd-d8d1fe240cc5"}, {"id": "355ea389-2d74-4b95-84b1-a8f7569171e0", "uuid": "355ea389-2d74-4b95-84b1-a8f7569171e0", "brand": "Nike", "colorway": "Sail/Neutral Grey", "condition": "New", "description": "", "media": {"smallImageUrl": "https://images.stockx.com/images/Nike-Dunk-Low-Off-White-Lot-26-Product.jpg?fit=fill&bg=FFFFFF&w=300&h=214&fm=webp&auto=compress&trim=color&q=90&dpr=2&updated_at=1630618521", "thumbUrl": "https://images.stockx.com/images/Nike-Dunk-Low-Off-White-Lot-26-Product.jpg?fit=fill&bg=FFFFFF&w=140&h=100&fm=webp&auto=compress&trim=color&q=90&dpr=2&updated_at=1630618521"}, "productCategory": "sneakers", "releaseDate": "2021-08-09", "retailPrice": 180, "shoe": "Nike Dunk Low", "title": "Nike Dunk Low Off-White Lot 26", "urlKey": "nike-dunk-low-off-white-lot-26", "market": {"lowestAsk": 479, "salesThisPeriod": 2, "salesLastPeriod": 0, "highestBid": 600, "volatility": 0.147105, "deadstockSold": 1046, "pricePremium": 2.222, "averageDeadstockPrice": 461, "lastSale": 580, "changeValue": -51, "changePercentage": -0.080824, "lastLowestAskTime": 1663399349, "lastHighestBidTime": 1661835255, "lastSaleDate": "2022-09-20T13:35:58+00:00"}, "objectID": "355ea389-2d74-4b95-84b1-a8f7569171e0"}, {"id": "03527871-a4f4-4c27-8d6a-83cb2a9b41e9", "uuid": "03527871-a4f4-4c27-8d6a-83cb2a9b41e9", "brand": "Nike", "colorway": "Multi-Color/Multi-Color", "condition": "New", "description": "The women's Nike Dunk Low Green Strike (W) takes a vibrant approach to the classic silhouette. It features a white leather upper with bright multi-colored overlays and black contrast stitching. A white midsole and black outsole completes the design.\n\nThe women's Nike Dunk Low Green Strike (W) released in March of 2021 and retailed for $100.", "media": {"smallImageUrl": "https://images.stockx.com/images/Nike-Dunk-Low-White-Multicolor-W-Product.jpg?fit=fill&bg=FFFFFF&w=300&h=214&fm=webp&auto=compress&trim=color&q=90&dpr=2&updated_at=1616520984", "thumbUrl": "https://images.stockx.com/images/Nike-Dunk-Low-White-Multicolor-W-Product.jpg?fit=fill&bg=FFFFFF&w=140&h=100&fm=webp&auto=compress&trim=color&q=90&dpr=2&updated_at=1616520984"}, "productCategory": "sneakers", "releaseDate": "2021-03-15", "retailPrice": 100, "shoe": "Nike Dunk Low", "title": "Nike Dunk Low Green Strike (W)", "urlKey": "nike-dunk-low-white-multicolor-w", "market": {"lowestAsk": 115, "salesThisPeriod": 2, "salesLastPeriod": 0, "highestBid": 125, "volatility": 0.264077, "deadstockSold": 1029, "pricePremium": -0.02, "averageDeadstockPrice": 136, "lastSale": 98, "changeValue": -24, "changePercentage": -0.196721, "lastLowestAskTime": 1662929727, "lastHighestBidTime": 1663635337, "lastSaleDate": "2022-09-17T19:48:07+00:00"}, "objectID": "03527871-a4f4-4c27-8d6a-83cb2a9b41e9"}, {"id": "bdaf4ec5-3754-4135-b298-257965a1a3fd", "uuid": "bdaf4ec5-3754-4135-b298-257965a1a3fd", "brand": "Nike", "colorway": "Sail/Neutral Grey-Habanero Red", "condition": "New", "description": "", "media": {"smallImageUrl": "https://images.stockx.com/images/Nike-Dunk-Low-Off-White-Lot-23-Product.jpg?fit=fill&bg=FFFFFF&w=300&h=214&fm=webp&auto=compress&trim=color&q=90&dpr=2&updated_at=1653402483", "thumbUrl": "https://images.stockx.com/images/Nike-Dunk-Low-Off-White-Lot-23-Product.jpg?fit=fill&bg=FFFFFF&w=140&h=100&fm=webp&auto=compress&trim=color&q=90&dpr=2&updated_at=1653402483"}, "productCategory": "sneakers", "releaseDate": "2021-08-09", "retailPrice": 180, "shoe": "Nike Dunk Low", "title": "Nike Dunk Low Off-White Lot 23", "urlKey": "nike-dunk-low-off-white-lot-23", "market": {"lowestAsk": 480, "salesThisPeriod": 2, "salesLastPeriod": 0, "highestBid": 771, "volatility": 0.165998, "deadstockSold": 966, "pricePremium": 1.672, "averageDeadstockPrice": 441, "lastSale": 481, "changeValue": 61, "changePercentage": 0.145238, "lastLowestAskTime": 1663623553, "lastHighestBidTime": 1663575224, "lastSaleDate": "2022-09-19T21:12:05+00:00"}, "objectID": "bdaf4ec5-3754-4135-b298-257965a1a3fd"}, {"id": "1d8ae61c-1b9c-4d5d-92c3-e5e989eda377", "uuid": "1d8ae61c-1b9c-4d5d-92c3-e5e989eda377", "brand": "Nike", "colorway": "Sail/Neutral Grey-Energy", "condition": "New", "description": "", "media": {"smallImageUrl": "https://images.stockx.com/images/Nike-Dunk-Low-Off-White-Lot-36-Product.jpg?fit=fill&bg=FFFFFF&w=300&h=214&fm=webp&auto=compress&trim=color&q=90&dpr=2&updated_at=1647445618", "thumbUrl": "https://images.stockx.com/images/Nike-Dunk-Low-Off-White-Lot-36-Product.jpg?fit=fill&bg=FFFFFF&w=140&h=100&fm=webp&auto=compress&trim=color&q=90&dpr=2&updated_at=1647445618"}, "productCategory": "sneakers", "releaseDate": "2021-08-09", "retailPrice": 180, "shoe": "Nike Dunk Low", "title": "Nike Dunk Low Off-White Lot 36", "urlKey": "nike-dunk-low-off-white-lot-36", "market": {"lowestAsk": 519, "salesThisPeriod": 2, "salesLastPeriod": 0, "highestBid": 501, "volatility": 0.157162, "deadstockSold": 952, "pricePremium": 2.306, "averageDeadstockPrice": 497, "lastSale": 595, "changeValue": 156, "changePercentage": 0.352902, "lastLowestAskTime": 1663152696, "lastHighestBidTime": 1663582052, "lastSaleDate": "2022-09-18T08:04:07+00:00"}, "objectID": "1d8ae61c-1b9c-4d5d-92c3-e5e989eda377"}, {"id": "17e00439-8a40-4b7f-bde3-2d9baf33769a", "uuid": "17e00439-8a40-4b7f-bde3-2d9baf33769a", "brand": "Nike", "colorway": "Summit White/White-Sail-Black", "condition": "New", "description": "The women's Nike Dunk High Up Summit White (W) features a Summit White leather upper with Summit White and Sail overlays and Swooshes. Atop the Swoosh overlay, a mini Swoosh is embroidered, overlapping the panel. At the base, a doubled midsole and Sail outsole completes the design. \n<br>\n<br>\nThe women's Nike Dunk High Up Summit White (W) released in October of 2021 and retailed for $120.", "media": {"smallImageUrl": "https://images.stockx.com/images/Nike-Dunk-High-Rebel-White-Sail-Product.jpg?fit=fill&bg=FFFFFF&w=300&h=214&fm=webp&auto=compress&trim=color&q=90&dpr=2&updated_at=1639422141", "thumbUrl": "https://images.stockx.com/images/Nike-Dunk-High-Rebel-White-Sail-Product.jpg?fit=fill&bg=FFFFFF&w=140&h=100&fm=webp&auto=compress&trim=color&q=90&dpr=2&updated_at=1639422141"}, "productCategory": "sneakers", "releaseDate": "2021-08-12", "retailPrice": 120, "shoe": "Nike Dunk High Up", "title": "Nike Dunk High Up Summit White Sail (W)", "urlKey": "nike-dunk-high-rebel-summit-white-sail-w", "market": {"lowestAsk": 71, "salesThisPeriod": 2, "salesLastPeriod": 0, "highestBid": 72, "volatility": 0.16578, "deadstockSold": 898, "pricePremium": -0.299, "averageDeadstockPrice": 106, "lastSale": 84, "changeValue": -8, "changePercentage": -0.088164, "lastLowestAskTime": 1663587944, "lastHighestBidTime": 1663093350, "lastSaleDate": "2022-09-19T09:00:51+00:00"}, "objectID": "17e00439-8a40-4b7f-bde3-2d9baf33769a"}, {"id": "f9285811-1983-4710-9b1c-0d59817843fd", "uuid": "f9285811-1983-4710-9b1c-0d59817843fd", "brand": "Nike", "colorway": "Sail/Neutral Grey-Crimson Tint", "condition": "New", "description": "This Nike Dunk Low Off White Lot 12 is a product of the Dear Summer collection, a follow-up to the first Nike Dunk and Off White collaboration.\n<br>\n<br>\nThe Nike Dunk Low Off White Lot 12 features a white leather upper with grey suede overlays. The low-top includes Off White touches, such as the plastic zip tie and Helvetica text. The sneakers feature a crimson tint secondary lacing system, an exposed foam tongue, and a \"12 of 50\" badge attached on the side midsole.\n<br>\n<br>\nThe Nike Dunk Low Off White Lot 12 debuted in August 2021 and retailed for $180.", "media": {"smallImageUrl": "https://images.stockx.com/images/Nike-Dunk-Low-Off-White-Lot-12-Product.jpg?fit=fill&bg=FFFFFF&w=300&h=214&fm=webp&auto=compress&trim=color&q=90&dpr=2&updated_at=1637676374", "thumbUrl": "https://images.stockx.com/images/Nike-Dunk-Low-Off-White-Lot-12-Product.jpg?fit=fill&bg=FFFFFF&w=140&h=100&fm=webp&auto=compress&trim=color&q=90&dpr=2&updated_at=1637676374"}, "productCategory": "sneakers", "releaseDate": "2021-08-09", "retailPrice": 180, "shoe": "Nike Dunk Low", "title": "Nike Dunk Low Off-White Lot 12", "urlKey": "nike-dunk-low-off-white-lot-12", "market": {"lowestAsk": 465, "salesThisPeriod": 2, "salesLastPeriod": 0, "highestBid": 789, "volatility": 0.192428, "deadstockSold": 880, "pricePremium": 1.361, "averageDeadstockPrice": 462, "lastSale": 425, "changeValue": -29, "changePercentage": -0.063877, "lastLowestAskTime": 1663688425, "lastHighestBidTime": 1663575171, "lastSaleDate": "2022-09-19T23:52:32+00:00"}, "objectID": "f9285811-1983-4710-9b1c-0d59817843fd"}, {"id": "603de8e0-3820-4a2a-8e7b-dfbf7abded86", "uuid": "603de8e0-3820-4a2a-8e7b-dfbf7abded86", "brand": "Nike", "childId": null, "colorway": "University Red/University Red-Wolf Grey", "condition": "New", "description": "Virgil Abloh pays homage to skate culture\u2019s adoption of 1980\u2019s Nike Basketball silhouettes with the Nike Dunk Low Off-White University Red, now available on StockX. When Nike unveiled the Dunk as the centerpiece of their Nike College Color\u2019s program in 1985, seven different colleges were represented in the first colorways offered. The university red colorway tributes UNLV\u2019s school colors.\n<br>\n<br>\nThis Dunk Low is comprised of a wolf grey leather upper with university red overlays. A unique secondary lacing system, zip-ties, and signature Off-White text on the sides completes the design. These sneakers released in December of 2019 for $170.", "media": {"smallImageUrl": "https://images.stockx.com/images/Nike-Dunk-Low-Off-White-University-Red-Product.jpg?fit=fill&bg=FFFFFF&w=300&h=214&fm=webp&auto=compress&trim=color&q=90&dpr=2&updated_at=1606321824", "thumbUrl": "https://images.stockx.com/images/Nike-Dunk-Low-Off-White-University-Red-Product.jpg?fit=fill&bg=FFFFFF&w=140&h=100&fm=webp&auto=compress&trim=color&q=90&dpr=2&updated_at=1606321824"}, "productCategory": "sneakers", "releaseDate": "2019-12-20", "retailPrice": 170, "shoe": "Nike Dunk Low", "title": "Nike Dunk Low Off-White University Red", "urlKey": "nike-dunk-low-off-white-university-red", "market": {"lowestAsk": 515, "salesThisPeriod": 2, "salesLastPeriod": 0, "highestBid": 655, "volatility": 0.115702, "deadstockSold": 871, "pricePremium": 2.882, "averageDeadstockPrice": 693, "lastSale": 660, "changeValue": -90, "changePercentage": -0.12, "lastLowestAskTime": 1663728536, "lastHighestBidTime": 1663633790, "lastSaleDate": "2022-09-20T19:34:47+00:00"}, "objectID": "603de8e0-3820-4a2a-8e7b-dfbf7abded86"}, {"id": "b9782b8a-9c84-4cb9-b3b5-16345866673a", "uuid": "b9782b8a-9c84-4cb9-b3b5-16345866673a", "brand": "Nike", "childId": null, "colorway": "Sail/Neutral Grey-White", "condition": "New", "description": "", "media": {"smallImageUrl": "https://images.stockx.com/images/Nike-Dunk-Low-Off-White-Lot-49-Product.jpg?fit=fill&bg=FFFFFF&w=300&h=214&fm=webp&auto=compress&trim=color&q=90&dpr=2&updated_at=1632232145", "thumbUrl": "https://images.stockx.com/images/Nike-Dunk-Low-Off-White-Lot-49-Product.jpg?fit=fill&bg=FFFFFF&w=140&h=100&fm=webp&auto=compress&trim=color&q=90&dpr=2&updated_at=1632232145"}, "productCategory": "sneakers", "releaseDate": "2021-08-09", "retailPrice": 180, "shoe": "Nike Dunk Low", "title": "Nike Dunk Low Off-White Lot 49", "urlKey": "nike-dunk-low-off-white-lot-49", "market": {"lowestAsk": 559, "salesThisPeriod": 2, "salesLastPeriod": 0, "highestBid": 750, "volatility": 0.250187, "deadstockSold": 850, "pricePremium": 3.467, "averageDeadstockPrice": 623, "lastSale": 804, "changeValue": 185, "changePercentage": 0.296961, "lastLowestAskTime": 1663741318, "lastHighestBidTime": 1662958971, "lastSaleDate": "2022-09-20T13:23:29+00:00"}, "objectID": "b9782b8a-9c84-4cb9-b3b5-16345866673a"}, {"id": "46e4eaa5-e438-4231-8532-470b39a9a028", "uuid": "46e4eaa5-e438-4231-8532-470b39a9a028", "brand": "Nike", "colorway": "Sail/Neutral Grey-Habanero Red", "condition": "New", "description": "This Nike Dunk Low Off White Lot 13 is a product of the Dear Summer collection, a follow-up to the first Nike Dunk and Off White collaboration.\n<br>\n<br>\nThe Nike Dunk Low Off White Lot 13  features a white leather upper with grey suede overlays. The low-top includes Off White touches, such as the plastic zip tie and Helvetica text. The sneakers feature a habanero red secondary lacing system, an exposed foam tongue, and a \"13 of 50\" badge attached on the side midsole.\n<br>\n<br>\nThe Nike Dunk Low Off White Lot 13 debuted in August 2021 and retailed for $180.", "media": {"smallImageUrl": "https://images.stockx.com/images/Nike-Dunk-Low-Off-White-Lot-13-Product.jpg?fit=fill&bg=FFFFFF&w=300&h=214&fm=webp&auto=compress&trim=color&q=90&dpr=2&updated_at=1629818568", "thumbUrl": "https://images.stockx.com/images/Nike-Dunk-Low-Off-White-Lot-13-Product.jpg?fit=fill&bg=FFFFFF&w=140&h=100&fm=webp&auto=compress&trim=color&q=90&dpr=2&updated_at=1629818568"}, "productCategory": "sneakers", "releaseDate": "2021-08-09", "retailPrice": 180, "shoe": "Nike Dunk Low", "title": "Nike Dunk Low Off-White Lot 13", "urlKey": "nike-dunk-low-off-white-lot-13", "market": {"lowestAsk": 450, "salesThisPeriod": 2, "salesLastPeriod": 0, "highestBid": 450, "volatility": 0.189457, "deadstockSold": 849, "pricePremium": 0.928, "averageDeadstockPrice": 456, "lastSale": 347, "changeValue": -153, "changePercentage": -0.306, "lastLowestAskTime": 1663335910, "lastHighestBidTime": 1662080602, "lastSaleDate": "2022-09-20T02:42:33+00:00"}, "objectID": "46e4eaa5-e438-4231-8532-470b39a9a028"}]}