{"Pagination": {"query": "nike dunk", "queryID": "dab3e135954b3957b02d5f1fb55add35", "index": "PRODUCTION_PG_FEATURED_DESC", "limit": 40, "page": 23, "total": 4510, "lastPage": "/api/v3/browse?_search=nike%20dunk&dataType=product&facetsToRetrieve=%7B%7D&filterVersion=4&page=25&propsToRetrieve=brand%2CchildId%2Ccolorway%2Ccondition%2Cdescription%2Cid%2Cmarket.averageDeadstockPrice%2Cmarket.bidAskData%2Cmarket.changePercentage%2Cmarket.changeValue%2Cmarket.deadstockSold%2Cmarket.highestBid%2Cmarket.lastHighestBidTime%2Cmarket.lastLowestAskTime%2Cmarket.lastSale%2Cmarket.lastSaleDate%2Cmarket.lastSaleValue%2Cmarket.lowestAsk%2Cmarket.pricePremium%2Cmarket.salesInformation%2Cmarket.salesLastPeriod%2Cmarket.salesThisPeriod%2Cmarket.volatility%2Cmedia.smallImageUrl%2Cmedia.thumbUrl%2CproductCategory%2CreleaseDate%2CretailPrice%2Cshoe%2Ctitle%2CurlKey%2Cuuid", "sort": ["featured"], "order": ["DESC"], "currentPage": "/api/v3/browse?_search=nike%20dunk&dataType=product&facetsToRetrieve=%7B%7D&filterVersion=4&page=23&propsToRetrieve=brand%2CchildId%2Ccolorway%2Ccondition%2Cdescription%2Cid%2Cmarket.averageDeadstockPrice%2Cmarket.bidAskData%2Cmarket.changePercentage%2Cmarket.changeValue%2Cmarket.deadstockSold%2Cmarket.highestBid%2Cmarket.lastHighestBidTime%2Cmarket.lastLowestAskTime%2Cmarket.lastSale%2Cmarket.lastSaleDate%2Cmarket.lastSaleValue%2Cmarket.lowestAsk%2Cmarket.pricePremium%2Cmarket.salesInformation%2Cmarket.salesLastPeriod%2Cmarket.salesThisPeriod%2Cmarket.volatility%2Cmedia.smallImageUrl%2Cmedia.thumbUrl%2CproductCategory%2CreleaseDate%2CretailPrice%2Cshoe%2Ctitle%2CurlKey%2Cuuid", "nextPage": "/api/v3/browse?_search=nike%20dunk&dataType=product&facetsToRetrieve=%7B%7D&filterVersion=4&page=24&propsToRetrieve=brand%2CchildId%2Ccolorway%2Ccondition%2Cdescription%2Cid%2Cmarket.averageDeadstockPrice%2Cmarket.bidAskData%2Cmarket.changePercentage%2Cmarket.changeValue%2Cmarket.deadstockSold%2Cmarket.highestBid%2Cmarket.lastHighestBidTime%2Cmarket.lastLowestAskTime%2Cmarket.lastSale%2Cmarket.lastSaleDate%2Cmarket.lastSaleValue%2Cmarket.lowestAsk%2Cmarket.pricePremium%2Cmarket.salesInformation%2Cmarket.salesLastPeriod%2Cmarket.salesThisPeriod%2Cmarket.volatility%2Cmedia.smallImageUrl%2Cmedia.thumbUrl%2CproductCategory%2CreleaseDate%2CretailPrice%2Cshoe%2Ctitle%2CurlKey%2Cuuid", "previousPage": "/api/v3/browse?_search=nike%20dunk&dataType=product&facetsToRetrieve=%7B%7D&filterVersion=4&page=22&propsToRetrieve=brand%2CchildId%2Ccolorway%2Ccondition%2Cdescription%2Cid%2Cmarket.averageDeadstockPrice%2Cmarket.bidAskData%2Cmarket.changePercentage%2Cmarket.changeValue%2Cmarket.deadstockSold%2Cmarket.highestBid%2Cmarket.lastHighestBidTime%2Cmarket.lastLowestAskTime%2Cmarket.lastSale%2Cmarket.lastSaleDate%2Cmarket.lastSaleValue%2Cmarket.lowestAsk%2Cmarket.pricePremium%2Cmarket.salesInformation%2Cmarket.salesLastPeriod%2Cmarket.salesThisPeriod%2Cmarket.volatility%2Cmedia.smallImageUrl%2Cmedia.thumbUrl%2CproductCategory%2CreleaseDate%2CretailPrice%2Cshoe%2Ctitle%2CurlKey%2Cuuid"}, "Facets": {}, "Products": [{"id": "797e79f4-272a-4849-a4fd-2c72857086af", "uuid": "797e79f4-272a-4849-a4fd-2c72857086af", "brand": "Nike", "colorway": "Varsity Red/Black-White-Wolf Grey", "condition": "New", "description": "", "media": {"smallImageUrl": "https://images.stockx.com/images/Nike-Dunk-SB-Low-Roller-Derby-Product.jpg?fit=fill&bg=FFFFFF&w=300&h=214&fm=webp&auto=compress&trim=color&q=90&dpr=2&updated_at=1608514479", "thumbUrl": "https://images.stockx.com/images/Nike-Dunk-SB-Low-Roller-Derby-Product.jpg?fit=fill&bg=FFFFFF&w=140&h=100&fm=webp&auto=compress&trim=color&q=90&dpr=2&updated_at=1608514479"}, "productCategory": "sneakers", "releaseDate": "", "retailPrice": 100, "shoe": "Nike SB Dunk Low", "title": "Nike SB Dunk Low Roller Derby", "urlKey": "nike-dunk-sb-low-roller-derby", "market": {"lowestAsk": 995, "salesThisPeriod": 0, "salesLastPeriod": 0, "highestBid": 925, "volatility": 0.25026, "deadstockSold": 20, "pricePremium": 0, "averageDeadstockPrice": 922, "lastSale": 850, "changeValue": -149, "changePercentage": -0.149149, "lastLowestAskTime": 1663717978, "lastHighestBidTime": 1662087210, "lastSaleDate": "2022-09-04T14:46:01+00:00"}, "objectID": "797e79f4-272a-4849-a4fd-2c72857086af"}, {"id": "8c39f3a4-19bf-46ec-a855-a7831471d486", "uuid": "8c39f3a4-19bf-46ec-a855-a7831471d486", "brand": "Nike", "colorway": "Whte/University Red-White-Green Strike-Blue Void", "condition": "New", "description": "", "media": {"smallImageUrl": "https://images.stockx.com/images/Nike-Dunk-Low-Disrupt-2-Just-Do-It-Snakeskin-W.jpg?fit=fill&bg=FFFFFF&w=300&h=214&fm=webp&auto=compress&trim=color&q=90&dpr=2&updated_at=1650308748", "thumbUrl": "https://images.stockx.com/images/Nike-Dunk-Low-Disrupt-2-Just-Do-It-Snakeskin-W.jpg?fit=fill&bg=FFFFFF&w=140&h=100&fm=webp&auto=compress&trim=color&q=90&dpr=2&updated_at=1650308748"}, "productCategory": "sneakers", "releaseDate": "", "retailPrice": 110, "shoe": "Nike Dunk Low Disrupt 2", "title": "Nike Dunk Low Disrupt 2 Just Do It Snakeskin (W)", "urlKey": "nike-dunk-low-disrupt-2-just-do-it-snakeskin-w", "market": {"lowestAsk": 148, "salesThisPeriod": 0, "salesLastPeriod": 0, "highestBid": 40, "volatility": 0.136139, "deadstockSold": 20, "pricePremium": 0.527, "averageDeadstockPrice": 179, "lastSale": 168, "changeValue": 2, "changePercentage": 0.012048, "lastLowestAskTime": 1663438914, "lastHighestBidTime": 1663506257, "lastSaleDate": "2022-09-02T19:47:20+00:00"}, "objectID": "8c39f3a4-19bf-46ec-a855-a7831471d486"}, {"id": "8c3b707c-773b-4d53-b112-cf853f1da974", "uuid": "8c3b707c-773b-4d53-b112-cf853f1da974", "brand": "Nike", "colorway": "Black/Black", "condition": "New", "description": "", "media": {"smallImageUrl": "https://images.stockx.com/images/Nike-Dunk-SB-Low-Space-Jam-Product.jpg?fit=fill&bg=FFFFFF&w=300&h=214&fm=webp&auto=compress&trim=color&q=90&dpr=2&updated_at=1607048802", "thumbUrl": "https://images.stockx.com/images/Nike-Dunk-SB-Low-Space-Jam-Product.jpg?fit=fill&bg=FFFFFF&w=140&h=100&fm=webp&auto=compress&trim=color&q=90&dpr=2&updated_at=1607048802"}, "productCategory": "sneakers", "releaseDate": "2011-07-23", "retailPrice": 150, "shoe": "Nike SB Dunk Low", "title": "Nike SB Dunk Low Space Jam", "urlKey": "nike-dunk-sb-low-space-jam", "market": {"lowestAsk": 360, "salesThisPeriod": 0, "salesLastPeriod": 0, "highestBid": 351, "volatility": 0.369641, "deadstockSold": 20, "pricePremium": 0.893, "averageDeadstockPrice": 419, "lastSale": 284, "changeValue": -315, "changePercentage": -0.525876, "lastLowestAskTime": 1662464711, "lastHighestBidTime": 1663431549, "lastSaleDate": "2022-08-28T04:21:01+00:00"}, "objectID": "8c3b707c-773b-4d53-b112-cf853f1da974"}, {"id": "ed72ecef-3a86-4c6e-8bfb-7e399789bf0c", "uuid": "ed72ecef-3a86-4c6e-8bfb-7e399789bf0c", "brand": "Nike", "colorway": "Multi-Color/Black-Gum Light Brown", "condition": "New", "description": "", "media": {"smallImageUrl": "https://images.stockx.com/images/Nike-Dunk-SB-High-Hackey-Sack-Product.jpg?fit=fill&bg=FFFFFF&w=300&h=214&fm=webp&auto=compress&trim=color&q=90&dpr=2&updated_at=1607045711", "thumbUrl": "https://images.stockx.com/images/Nike-Dunk-SB-High-Hackey-Sack-Product.jpg?fit=fill&bg=FFFFFF&w=140&h=100&fm=webp&auto=compress&trim=color&q=90&dpr=2&updated_at=1607045711"}, "productCategory": "sneakers", "releaseDate": "2014-05-10", "retailPrice": 110, "shoe": "Nike SB Dunk High", "title": "Nike SB Dunk High Hackey Sack", "urlKey": "nike-dunk-sb-high-hackey-sack", "market": {"lowestAsk": 302, "salesThisPeriod": 0, "salesLastPeriod": 0, "highestBid": 400, "volatility": 0.172898, "deadstockSold": 20, "pricePremium": 4.455, "averageDeadstockPrice": 328, "lastSale": 600, "changeValue": 300, "changePercentage": 1, "lastLowestAskTime": 1663294723, "lastHighestBidTime": 1660818513, "lastSaleDate": "2022-09-01T00:52:24+00:00"}, "objectID": "ed72ecef-3a86-4c6e-8bfb-7e399789bf0c"}, {"id": "102916e4-90dd-4b48-8ed0-5339ab6c6351", "uuid": "102916e4-90dd-4b48-8ed0-5339ab6c6351", "brand": "Nike", "colorway": "Neutral Grey/Green Spark-Black", "condition": "New", "description": "", "media": {"smallImageUrl": "https://images.stockx.com/images/Nike-Dunk-SB-Low-Loon-Product.jpg?fit=fill&bg=FFFFFF&w=300&h=214&fm=webp&auto=compress&trim=color&q=90&dpr=2&updated_at=1607048512", "thumbUrl": "https://images.stockx.com/images/Nike-Dunk-SB-Low-Loon-Product.jpg?fit=fill&bg=FFFFFF&w=140&h=100&fm=webp&auto=compress&trim=color&q=90&dpr=2&updated_at=1607048512"}, "productCategory": "sneakers", "releaseDate": "", "retailPrice": 98, "shoe": "Nike SB Dunk Low", "title": "Nike SB Dunk Low Loon", "urlKey": "nike-dunk-sb-low-loon", "market": {"lowestAsk": 740, "salesThisPeriod": 0, "salesLastPeriod": 0, "highestBid": 1047, "volatility": 0.151864, "deadstockSold": 19, "pricePremium": 6.153, "averageDeadstockPrice": 704, "lastSale": 701, "changeValue": -20, "changePercentage": -0.027892, "lastLowestAskTime": 1662347489, "lastHighestBidTime": 1663630004, "lastSaleDate": "2022-09-05T03:12:27+00:00"}, "objectID": "102916e4-90dd-4b48-8ed0-5339ab6c6351"}, {"id": "219a6f7b-ab78-4770-b42e-a456901c4d59", "uuid": "219a6f7b-ab78-4770-b42e-a456901c4d59", "brand": "Nike", "colorway": "Obsidian/Obsidian-White-University Red", "condition": "New", "description": "", "media": {"smallImageUrl": "https://images.stockx.com/images/Nike-SB-Dunk-High-Future-Court-Obsidian-Product.jpg?fit=fill&bg=FFFFFF&w=300&h=214&fm=webp&auto=compress&trim=color&q=90&dpr=2&updated_at=1607059367", "thumbUrl": "https://images.stockx.com/images/Nike-SB-Dunk-High-Future-Court-Obsidian-Product.jpg?fit=fill&bg=FFFFFF&w=140&h=100&fm=webp&auto=compress&trim=color&q=90&dpr=2&updated_at=1607059367"}, "productCategory": "sneakers", "releaseDate": "2017-11-02", "retailPrice": 100, "shoe": "Nike SB Dunk High", "title": "Nike SB Dunk High Future Court Obsidian", "urlKey": "nike-sb-dunk-high-future-court-obsidian", "market": {"lowestAsk": 195, "salesThisPeriod": 0, "salesLastPeriod": 0, "highestBid": 169, "volatility": 0.509174, "deadstockSold": 19, "pricePremium": 0.69, "averageDeadstockPrice": 251, "lastSale": 169, "changeValue": -16, "changePercentage": -0.086486, "lastLowestAskTime": 1662820441, "lastHighestBidTime": 1662750886, "lastSaleDate": "2022-09-05T13:46:58+00:00"}, "objectID": "219a6f7b-ab78-4770-b42e-a456901c4d59"}, {"id": "305889a0-bb18-4f03-a864-c8cc47af60c7", "uuid": "305889a0-bb18-4f03-a864-c8cc47af60c7", "brand": "Nike", "colorway": "Spiral Sage/Spiral Sage", "condition": "New", "description": "", "media": {"smallImageUrl": "https://images.stockx.com/images/Nike-Dunk-Low-CPFM-Spiral-Sage-Product.jpg?fit=fill&bg=FFFFFF&w=300&h=214&fm=webp&auto=compress&trim=color&q=90&dpr=2&updated_at=1609445449", "thumbUrl": "https://images.stockx.com/images/Nike-Dunk-Low-CPFM-Spiral-Sage-Product.jpg?fit=fill&bg=FFFFFF&w=140&h=100&fm=webp&auto=compress&trim=color&q=90&dpr=2&updated_at=1609445449"}, "productCategory": "sneakers", "releaseDate": "2020-11-18", "retailPrice": 120, "shoe": "Nike Dunk Low", "title": "Nike Dunk Low Cactus Plant Flea Market Spiral Sage", "urlKey": "nike-dunk-low-cpfm-spiral-sage", "market": {"lowestAsk": 6499, "salesThisPeriod": 0, "salesLastPeriod": 0, "highestBid": 8000, "volatility": 0.380091, "deadstockSold": 19, "pricePremium": 49, "averageDeadstockPrice": 9175, "lastSale": 6000, "changeValue": -5175, "changePercentage": -0.463087, "lastLowestAskTime": 1662927829, "lastHighestBidTime": 1659715862, "lastSaleDate": "2022-07-28T23:25:04+00:00"}, "objectID": "305889a0-bb18-4f03-a864-c8cc47af60c7"}, {"id": "1a5a2a00-d18d-4721-8e73-18798b6545c0", "uuid": "1a5a2a00-d18d-4721-8e73-18798b6545c0", "brand": "Nike", "colorway": "Pecan/White", "condition": "New", "description": "", "media": {"smallImageUrl": "https://images.stockx.com/images/Nike-Dunk-SB-Low-California-Product.jpg?fit=fill&bg=FFFFFF&w=300&h=214&fm=webp&auto=compress&trim=color&q=90&dpr=2&updated_at=1608513966", "thumbUrl": "https://images.stockx.com/images/Nike-Dunk-SB-Low-California-Product.jpg?fit=fill&bg=FFFFFF&w=140&h=100&fm=webp&auto=compress&trim=color&q=90&dpr=2&updated_at=1608513966"}, "productCategory": "sneakers", "releaseDate": "2004-07-01", "retailPrice": 100, "shoe": "Nike SB Dunk Low", "title": "Nike SB Dunk Low Cali (2004)", "urlKey": "nike-dunk-sb-low-cali-2004", "market": {"lowestAsk": 899, "salesThisPeriod": 0, "salesLastPeriod": 0, "highestBid": 822, "volatility": 0.141581, "deadstockSold": 18, "pricePremium": 0, "averageDeadstockPrice": 946, "lastSale": 979, "changeValue": 0, "changePercentage": 0, "lastLowestAskTime": 1663371574, "lastHighestBidTime": 1663014676, "lastSaleDate": "2022-08-30T20:05:30+00:00"}, "objectID": "1a5a2a00-d18d-4721-8e73-18798b6545c0"}, {"id": "2c418f78-6938-485f-b4a6-baf1860b1645", "uuid": "2c418f78-6938-485f-b4a6-baf1860b1645", "brand": "Nike", "colorway": "Baroque Brown/Mushroom/Tweed", "condition": "New", "description": "", "media": {"smallImageUrl": "https://images.stockx.com/images/Nike-Dunk-SB-Low-Tweed-Product.jpg?fit=fill&bg=FFFFFF&w=300&h=214&fm=webp&auto=compress&trim=color&q=90&dpr=2&updated_at=1607049246", "thumbUrl": "https://images.stockx.com/images/Nike-Dunk-SB-Low-Tweed-Product.jpg?fit=fill&bg=FFFFFF&w=140&h=100&fm=webp&auto=compress&trim=color&q=90&dpr=2&updated_at=1607049246"}, "productCategory": "sneakers", "releaseDate": "2004-09-01", "retailPrice": 65, "shoe": "Nike SB Dunk Low", "title": "Nike SB Dunk Low Tweed", "urlKey": "nike-dunk-sb-low-tweed", "market": {"lowestAsk": 1515, "salesThisPeriod": 0, "salesLastPeriod": 0, "highestBid": 1203, "volatility": 0.392924, "deadstockSold": 18, "pricePremium": 12.846, "averageDeadstockPrice": 911, "lastSale": 900, "changeValue": -893, "changePercentage": -0.498059, "lastLowestAskTime": 1659463272, "lastHighestBidTime": 1663705473, "lastSaleDate": "2022-08-27T00:11:47+00:00"}, "objectID": "2c418f78-6938-485f-b4a6-baf1860b1645"}, {"id": "37f0d497-c029-4109-9d2e-cf6491c10016", "uuid": "37f0d497-c029-4109-9d2e-cf6491c10016", "brand": "Nike", "colorway": "Sport Red/Pink Clay", "condition": "New", "description": "", "media": {"smallImageUrl": "https://images.stockx.com/images/Nike-Dunk-SB-Low-Red-Lobster-Product.jpg?fit=fill&bg=FFFFFF&w=300&h=214&fm=webp&auto=compress&trim=color&q=90&dpr=2&updated_at=1607046629", "thumbUrl": "https://images.stockx.com/images/Nike-Dunk-SB-Low-Red-Lobster-Product.jpg?fit=fill&bg=FFFFFF&w=140&h=100&fm=webp&auto=compress&trim=color&q=90&dpr=2&updated_at=1607046629"}, "productCategory": "sneakers", "releaseDate": "2008-05-31", "retailPrice": 125, "shoe": "Nike SB Dunk Low", "title": "Nike SB Dunk Low Concepts Red Lobster", "urlKey": "nike-dunk-sb-low-red-lobster", "market": {"lowestAsk": 2525, "salesThisPeriod": 0, "salesLastPeriod": 0, "highestBid": 2250, "volatility": 0.313869, "deadstockSold": 18, "pricePremium": 17, "averageDeadstockPrice": 2513, "lastSale": 2250, "changeValue": -155, "changePercentage": -0.064697, "lastLowestAskTime": 1662455023, "lastHighestBidTime": 1663570102, "lastSaleDate": "2022-09-16T11:02:38+00:00"}, "objectID": "37f0d497-c029-4109-9d2e-cf6491c10016"}, {"id": "5a81dd79-c176-4c8a-93a4-3fd7e8cdbb0e", "uuid": "5a81dd79-c176-4c8a-93a4-3fd7e8cdbb0e", "brand": "Nike", "colorway": "White/Varsity Red-Mdm Dnm-Blk", "condition": "New", "description": "", "media": {"smallImageUrl": "https://images.stockx.com/images/Nike-Dunk-SB-High-Cheech-Chong-Product.jpg?fit=fill&bg=FFFFFF&w=300&h=214&fm=webp&auto=compress&trim=color&q=90&dpr=2&updated_at=1607055451", "thumbUrl": "https://images.stockx.com/images/Nike-Dunk-SB-High-Cheech-Chong-Product.jpg?fit=fill&bg=FFFFFF&w=140&h=100&fm=webp&auto=compress&trim=color&q=90&dpr=2&updated_at=1607055451"}, "productCategory": "sneakers", "releaseDate": "2011-04-20", "retailPrice": 120, "shoe": "Nike SB Dunk High", "title": "Nike SB Dunk High Cheech & Chong", "urlKey": "nike-dunk-sb-high-cheech-chong", "market": {"lowestAsk": 1100, "salesThisPeriod": 0, "salesLastPeriod": 0, "highestBid": 1220, "volatility": 0.233293, "deadstockSold": 18, "pricePremium": 0, "averageDeadstockPrice": 1197, "lastSale": 1200, "changeValue": 21, "changePercentage": 0.017812, "lastLowestAskTime": 1663209702, "lastHighestBidTime": 1661146983, "lastSaleDate": "2022-09-15T23:01:19+00:00"}, "objectID": "5a81dd79-c176-4c8a-93a4-3fd7e8cdbb0e"}, {"id": "a5d2652b-1d2d-49cb-ad1f-1527ea19ec31", "uuid": "a5d2652b-1d2d-49cb-ad1f-1527ea19ec31", "brand": "Nike", "colorway": "Black/Black-White-Laser Orange", "condition": "New", "description": "", "media": {"smallImageUrl": "https://images.stockx.com/images/Nike-SB-Dunk-High-Skunk-Product.jpg?fit=fill&bg=FFFFFF&w=300&h=214&fm=webp&auto=compress&trim=color&q=90&dpr=2&updated_at=1657782130", "thumbUrl": "https://images.stockx.com/images/Nike-SB-Dunk-High-Skunk-Product.jpg?fit=fill&bg=FFFFFF&w=140&h=100&fm=webp&auto=compress&trim=color&q=90&dpr=2&updated_at=1657782130"}, "productCategory": "sneakers", "releaseDate": "2016-09-01", "retailPrice": 100, "shoe": "Nike SB Dunk High", "title": "Nike SB Dunk High Skunk", "urlKey": "nike-sb-dunk-high-skunk", "market": {"lowestAsk": 349, "salesThisPeriod": 0, "salesLastPeriod": 0, "highestBid": 303, "volatility": 0.388342, "deadstockSold": 18, "pricePremium": 1.3, "averageDeadstockPrice": 305, "lastSale": 230, "changeValue": -143, "changePercentage": -0.383378, "lastLowestAskTime": 1662848808, "lastHighestBidTime": 1663440075, "lastSaleDate": "2022-09-06T21:57:22+00:00"}, "objectID": "a5d2652b-1d2d-49cb-ad1f-1527ea19ec31"}, {"id": "a9e13682-e125-4190-8422-e179f016dc71", "uuid": "a9e13682-e125-4190-8422-e179f016dc71", "brand": "Nike", "colorway": "Black/Neon Yellow", "condition": "New", "description": "", "media": {"smallImageUrl": "https://images.stockx.com/images/Nike-Dunk-Sb-Low-Skate-or-Die-Product.jpg?fit=fill&bg=FFFFFF&w=300&h=214&fm=webp&auto=compress&trim=color&q=90&dpr=2&updated_at=1608514746", "thumbUrl": "https://images.stockx.com/images/Nike-Dunk-Sb-Low-Skate-or-Die-Product.jpg?fit=fill&bg=FFFFFF&w=140&h=100&fm=webp&auto=compress&trim=color&q=90&dpr=2&updated_at=1608514746"}, "productCategory": "sneakers", "releaseDate": "2008-02-02", "retailPrice": 75, "shoe": "Nike SB Dunk Low", "title": "Nike SB Dunk Low Skate or Die", "urlKey": "nike-dunk-sb-low-skate-or-die", "market": {"lowestAsk": 858, "salesThisPeriod": 0, "salesLastPeriod": 0, "highestBid": 761, "volatility": 0.224464, "deadstockSold": 18, "pricePremium": 9.667, "averageDeadstockPrice": 997, "lastSale": 800, "changeValue": -179, "changePercentage": -0.18284, "lastLowestAskTime": 1663716931, "lastHighestBidTime": 1663223643, "lastSaleDate": "2022-09-17T12:23:46+00:00"}, "objectID": "a9e13682-e125-4190-8422-e179f016dc71"}, {"id": "dd653b15-e574-43a3-a5c6-8c652e97dfb6", "uuid": "dd653b15-e574-43a3-a5c6-8c652e97dfb6", "brand": "Nike", "colorway": "Black/Black-Dark Royal Blue", "condition": "New", "description": "", "media": {"smallImageUrl": "https://images.stockx.com/images/Nike-Dunk-SB-High-Captain-America-Product.jpg?fit=fill&bg=FFFFFF&w=300&h=214&fm=webp&auto=compress&trim=color&q=90&dpr=2&updated_at=1608510885", "thumbUrl": "https://images.stockx.com/images/Nike-Dunk-SB-High-Captain-America-Product.jpg?fit=fill&bg=FFFFFF&w=140&h=100&fm=webp&auto=compress&trim=color&q=90&dpr=2&updated_at=1608510885"}, "productCategory": "sneakers", "releaseDate": "", "retailPrice": 120, "shoe": "Nike SB Dunk High", "title": "Nike SB Dunk High Captain America", "urlKey": "nike-dunk-sb-high-captain-america", "market": {"lowestAsk": 230, "salesThisPeriod": 0, "salesLastPeriod": 0, "highestBid": 300, "volatility": 0.231183, "deadstockSold": 18, "pricePremium": 0, "averageDeadstockPrice": 301, "lastSale": 552, "changeValue": 134, "changePercentage": 0.317482, "lastLowestAskTime": 1663624864, "lastHighestBidTime": 1662950651, "lastSaleDate": "2022-09-05T02:39:38+00:00"}, "objectID": "dd653b15-e574-43a3-a5c6-8c652e97dfb6"}, {"id": "e4f3bd3c-ec42-4d94-a8bc-3042d95dc22e", "uuid": "e4f3bd3c-ec42-4d94-a8bc-3042d95dc22e", "brand": "Nike", "colorway": "Green Glow-Summit White/Black", "condition": "New", "description": "", "media": {"smallImageUrl": "https://images.stockx.com/images/Nike-Dunk-SB-Low-Sea-Crystal.png?fit=fill&bg=FFFFFF&w=300&h=214&fm=webp&auto=compress&trim=color&q=90&dpr=2&updated_at=1607059549", "thumbUrl": "https://images.stockx.com/images/Nike-Dunk-SB-Low-Sea-Crystal.png?fit=fill&bg=FFFFFF&w=140&h=100&fm=webp&auto=compress&trim=color&q=90&dpr=2&updated_at=1607059549"}, "productCategory": "sneakers", "releaseDate": "2016-10-22", "retailPrice": 90, "shoe": "Nike SB Dunk Low", "title": "Nike SB Dunk Low Sea Crystal", "urlKey": "nike-dunk-sb-low-sea-crystal", "market": {"lowestAsk": 610, "salesThisPeriod": 0, "salesLastPeriod": 0, "highestBid": 700, "volatility": 0.271761, "deadstockSold": 18, "pricePremium": 6.222, "averageDeadstockPrice": 576, "lastSale": 650, "changeValue": 350, "changePercentage": 1.16667, "lastLowestAskTime": 1663302882, "lastHighestBidTime": 1662924918, "lastSaleDate": "2022-07-18T22:09:26+00:00"}, "objectID": "e4f3bd3c-ec42-4d94-a8bc-3042d95dc22e"}, {"id": "ec7064ad-2574-4249-bbf3-b670eb5d393a", "uuid": "ec7064ad-2574-4249-bbf3-b670eb5d393a", "brand": "Nike", "colorway": "Grain/Black-Sandtrap-Bright Mandarin", "condition": "New", "description": "", "media": {"smallImageUrl": "https://images.stockx.com/images/Nike-Dunk-SB-High-Acapulco-Gold-Product.jpg?fit=fill&bg=FFFFFF&w=300&h=214&fm=webp&auto=compress&trim=color&q=90&dpr=2&updated_at=1607058331", "thumbUrl": "https://images.stockx.com/images/Nike-Dunk-SB-High-Acapulco-Gold-Product.jpg?fit=fill&bg=FFFFFF&w=140&h=100&fm=webp&auto=compress&trim=color&q=90&dpr=2&updated_at=1607058331"}, "productCategory": "sneakers", "releaseDate": "", "retailPrice": 120, "shoe": "Nike SB Dunk High", "title": "Nike SB Dunk High Acapulco Gold", "urlKey": "nike-dunk-sb-high-acapulco-gold", "market": {"lowestAsk": 230, "salesThisPeriod": 0, "salesLastPeriod": 0, "highestBid": 275, "volatility": 0.3308, "deadstockSold": 18, "pricePremium": 0, "averageDeadstockPrice": 283, "lastSale": 263, "changeValue": 74, "changePercentage": 0.386763, "lastLowestAskTime": 1662520433, "lastHighestBidTime": 1663640550, "lastSaleDate": "2022-08-31T18:06:56+00:00"}, "objectID": "ec7064ad-2574-4249-bbf3-b670eb5d393a"}, {"id": "8459ac43-464e-44fc-b6e6-ffa1b90f389b", "uuid": "8459ac43-464e-44fc-b6e6-ffa1b90f389b", "brand": "Nike", "colorway": "Real Pink/Metallic", "condition": "New", "description": "", "media": {"smallImageUrl": "https://images.stockx.com/images/Nike-Dunk-SB-High-Concepts-When-Pigs-Fly-Product.jpg?fit=fill&bg=FFFFFF&w=300&h=214&fm=webp&auto=compress&trim=color&q=90&dpr=2&updated_at=1607051436", "thumbUrl": "https://images.stockx.com/images/Nike-Dunk-SB-High-Concepts-When-Pigs-Fly-Product.jpg?fit=fill&bg=FFFFFF&w=140&h=100&fm=webp&auto=compress&trim=color&q=90&dpr=2&updated_at=1607051436"}, "productCategory": "sneakers", "releaseDate": "2012-11-23", "retailPrice": 112, "shoe": "Nike SB Dunk High", "title": "Nike SB Dunk High Concepts When Pigs Fly", "urlKey": "nike-dunk-sb-high-concepts-when-pigs-fly", "market": {"lowestAsk": 497, "salesThisPeriod": 0, "salesLastPeriod": 0, "highestBid": 501, "volatility": 0.278698, "deadstockSold": 17, "pricePremium": 3.464, "averageDeadstockPrice": 629, "lastSale": 500, "changeValue": -124, "changePercentage": -0.198718, "lastLowestAskTime": 1663731222, "lastHighestBidTime": 1658685975, "lastSaleDate": "2022-08-23T18:27:39+00:00"}, "objectID": "8459ac43-464e-44fc-b6e6-ffa1b90f389b"}, {"id": "aad4a048-14da-4d8b-ad0c-5cab9cfc0238", "uuid": "aad4a048-14da-4d8b-ad0c-5cab9cfc0238", "brand": "Nike", "colorway": "Black/White-Challenge Red", "condition": "New", "description": "", "media": {"smallImageUrl": "https://images.stockx.com/images/Nike-Dunk-SB-Low-Firecracker-Product.jpg?fit=fill&bg=FFFFFF&w=300&h=214&fm=webp&auto=compress&trim=color&q=90&dpr=2&updated_at=1608511526", "thumbUrl": "https://images.stockx.com/images/Nike-Dunk-SB-Low-Firecracker-Product.jpg?fit=fill&bg=FFFFFF&w=140&h=100&fm=webp&auto=compress&trim=color&q=90&dpr=2&updated_at=1608511526"}, "productCategory": "sneakers", "releaseDate": "2013-06-26", "retailPrice": 100, "shoe": "Nike SB Dunk Low", "title": "Nike SB Dunk Low Firecracker", "urlKey": "nike-dunk-sb-low-firecracker", "market": {"lowestAsk": 400, "salesThisPeriod": 0, "salesLastPeriod": 0, "highestBid": 475, "volatility": 0.160913, "deadstockSold": 17, "pricePremium": 0, "averageDeadstockPrice": 413, "lastSale": 525, "changeValue": 80, "changePercentage": 0.179775, "lastLowestAskTime": 1662381656, "lastHighestBidTime": 1663390753, "lastSaleDate": "2022-09-17T16:33:16+00:00"}, "objectID": "aad4a048-14da-4d8b-ad0c-5cab9cfc0238"}, {"id": "b47112e6-38e2-46e8-9268-257cfbdbc38e", "uuid": "b47112e6-38e2-46e8-9268-257cfbdbc38e", "brand": "Nike", "colorway": "Thunder Grey/Barely Volt-Bright Crimson", "condition": "New", "description": "", "media": {"smallImageUrl": "https://images.stockx.com/images/nike-air-max-270-react-dunk-it-pack-gs-ver2.jpg?fit=fill&bg=FFFFFF&w=300&h=214&fm=webp&auto=compress&trim=color&q=90&dpr=2&updated_at=1622847415", "thumbUrl": "https://images.stockx.com/images/nike-air-max-270-react-dunk-it-pack-gs-ver2.jpg?fit=fill&bg=FFFFFF&w=140&h=100&fm=webp&auto=compress&trim=color&q=90&dpr=2&updated_at=1622847415"}, "productCategory": "sneakers", "releaseDate": "2019-11-27", "retailPrice": 130, "shoe": "Nike Air Max 270 React", "title": "Nike Air Max 270 React Dunk It Pack (GS)", "urlKey": "nike-air-max-270-react-dunk-it-pack-gs", "market": {"lowestAsk": 75, "salesThisPeriod": 0, "salesLastPeriod": 0, "highestBid": 60, "volatility": 0.389452, "deadstockSold": 17, "pricePremium": -0.615, "averageDeadstockPrice": 48, "lastSale": 50, "changeValue": -37, "changePercentage": -0.425287, "lastLowestAskTime": 1661179697, "lastHighestBidTime": 1662611810, "lastSaleDate": "2022-08-15T22:58:14+00:00"}, "objectID": "b47112e6-38e2-46e8-9268-257cfbdbc38e"}, {"id": "13f4bbf8-2816-4b25-8d36-4bcd35fe0b61", "uuid": "13f4bbf8-2816-4b25-8d36-4bcd35fe0b61", "brand": "Nike", "colorway": "White/Orange-Blaze", "condition": "New", "description": "", "media": {"smallImageUrl": "https://images.stockx.com/images/Nike-Dunk-High-Syracuse.jpg?fit=fill&bg=FFFFFF&w=300&h=214&fm=webp&auto=compress&trim=color&q=90&dpr=2&updated_at=1608513589", "thumbUrl": "https://images.stockx.com/images/Nike-Dunk-High-Syracuse.jpg?fit=fill&bg=FFFFFF&w=140&h=100&fm=webp&auto=compress&trim=color&q=90&dpr=2&updated_at=1608513589"}, "productCategory": "sneakers", "releaseDate": "2016-07-29", "retailPrice": 120, "shoe": "Nike Dunk High", "title": "Nike Dunk High Syracuse (2016)", "urlKey": "nike-dunk-high-syracuse", "market": {"lowestAsk": 357, "salesThisPeriod": 0, "salesLastPeriod": 0, "highestBid": 250, "volatility": 0.412848, "deadstockSold": 16, "pricePremium": 2.878, "averageDeadstockPrice": 438, "lastSale": 465, "changeValue": 241, "changePercentage": 1.06851, "lastLowestAskTime": 1663383074, "lastHighestBidTime": 1661920549, "lastSaleDate": "2022-06-26T00:32:32+00:00"}, "objectID": "13f4bbf8-2816-4b25-8d36-4bcd35fe0b61"}, {"id": "25570309-bc01-4c87-99a4-167d28834ed4", "uuid": "25570309-bc01-4c87-99a4-167d28834ed4", "brand": "Nike", "colorway": "Seagrass/Seagrass", "condition": "New", "description": "", "media": {"smallImageUrl": "https://images.stockx.com/images/Nike-Dunk-SB-High-Statue-of-Liberty-Product.jpg?fit=fill&bg=FFFFFF&w=300&h=214&fm=webp&auto=compress&trim=color&q=90&dpr=2&updated_at=1638288339", "thumbUrl": "https://images.stockx.com/images/Nike-Dunk-SB-High-Statue-of-Liberty-Product.jpg?fit=fill&bg=FFFFFF&w=140&h=100&fm=webp&auto=compress&trim=color&q=90&dpr=2&updated_at=1638288339"}, "productCategory": "sneakers", "releaseDate": "2011-03-05", "retailPrice": 130, "shoe": "Nike SB Dunk High", "title": "Nike SB Dunk High Statue of Liberty", "urlKey": "nike-dunk-sb-high-statue-of-liberty", "market": {"lowestAsk": 650, "salesThisPeriod": 0, "salesLastPeriod": 0, "highestBid": 650, "volatility": 0.878202, "deadstockSold": 16, "pricePremium": 2.246, "averageDeadstockPrice": 590, "lastSale": 422, "changeValue": -376, "changePercentage": -0.471817, "lastLowestAskTime": 1662626490, "lastHighestBidTime": 1663507961, "lastSaleDate": "2022-08-28T10:40:43+00:00"}, "objectID": "25570309-bc01-4c87-99a4-167d28834ed4"}, {"id": "37038b9d-d259-424a-86c0-893a6d79a0ed", "uuid": "37038b9d-d259-424a-86c0-893a6d79a0ed", "brand": "Nike", "colorway": "Black/Metallic Gold-Lght Rdwd", "condition": "New", "description": "", "media": {"smallImageUrl": "https://images.stockx.com/images/Nike-Dunk-SB-Low-Walk-of-Fame-Product.jpg?fit=fill&bg=FFFFFF&w=300&h=214&fm=webp&auto=compress&trim=color&q=90&dpr=2&updated_at=1607057271", "thumbUrl": "https://images.stockx.com/images/Nike-Dunk-SB-Low-Walk-of-Fame-Product.jpg?fit=fill&bg=FFFFFF&w=140&h=100&fm=webp&auto=compress&trim=color&q=90&dpr=2&updated_at=1607057271"}, "productCategory": "sneakers", "releaseDate": "", "retailPrice": 100, "shoe": "Nike SB Dunk Low", "title": "Nike SB Dunk Low Walk of Fame", "urlKey": "nike-dunk-sb-low-walk-of-fame", "market": {"lowestAsk": 325, "salesThisPeriod": 0, "salesLastPeriod": 0, "highestBid": 250, "volatility": 0.197077, "deadstockSold": 16, "pricePremium": 0, "averageDeadstockPrice": 313, "lastSale": 387, "changeValue": 124, "changePercentage": 0.466266, "lastLowestAskTime": 1662236947, "lastHighestBidTime": 1663710027, "lastSaleDate": "2022-09-10T01:46:11+00:00"}, "objectID": "37038b9d-d259-424a-86c0-893a6d79a0ed"}, {"id": "39479ce7-9352-453a-ad93-6f50e554119e", "uuid": "39479ce7-9352-453a-ad93-6f50e554119e", "brand": "Nike", "colorway": "Black/Varsity Red-Medium Grey-White", "condition": "New", "description": "", "media": {"smallImageUrl": "https://images.stockx.com/images/Nike-Dunk-SB-Low-Primative-Paul-Rodriguez.jpg?fit=fill&bg=FFFFFF&w=300&h=214&fm=webp&auto=compress&trim=color&q=90&dpr=2&updated_at=1607060970", "thumbUrl": "https://images.stockx.com/images/Nike-Dunk-SB-Low-Primative-Paul-Rodriguez.jpg?fit=fill&bg=FFFFFF&w=140&h=100&fm=webp&auto=compress&trim=color&q=90&dpr=2&updated_at=1607060970"}, "productCategory": "sneakers", "releaseDate": "2015-06-20", "retailPrice": 110, "shoe": "Nike SB Dunk Low", "title": "Nike SB Dunk Low Primative Paul Rodriguez", "urlKey": "nike-dunk-sb-low-primative-paul-rodriguez", "market": {"lowestAsk": 650, "salesThisPeriod": 0, "salesLastPeriod": 0, "highestBid": 289, "volatility": 0.305852, "deadstockSold": 16, "pricePremium": 3.091, "averageDeadstockPrice": 463, "lastSale": 450, "changeValue": 100, "changePercentage": 0.285714, "lastLowestAskTime": 1663524049, "lastHighestBidTime": 1663280881, "lastSaleDate": "2022-09-02T16:08:19+00:00"}, "objectID": "39479ce7-9352-453a-ad93-6f50e554119e"}, {"id": "5b6fa8e6-1ece-4a4d-8595-9d508bd59561", "uuid": "5b6fa8e6-1ece-4a4d-8595-9d508bd59561", "brand": "Nike", "colorway": "Vivid Sulfur/Game Royal", "condition": "New", "description": "<b>PLEASE NOTE: Due to limited supply at release, socks are not guaranteed.<b>", "media": {"smallImageUrl": "https://images.stockx.com/images/Nike-SB-Dunk-High-Doernbecher-2018.png?fit=fill&bg=FFFFFF&w=300&h=214&fm=webp&auto=compress&trim=color&q=90&dpr=2&updated_at=1607667569", "thumbUrl": "https://images.stockx.com/images/Nike-SB-Dunk-High-Doernbecher-2018.png?fit=fill&bg=FFFFFF&w=140&h=100&fm=webp&auto=compress&trim=color&q=90&dpr=2&updated_at=1607667569"}, "productCategory": "sneakers", "releaseDate": "2019-02-22", "retailPrice": 120, "shoe": "Nike SB Dunk High", "title": "Nike SB Dunk High Finnigan Mooney 15th Anniversary Doernbecher (2019)", "urlKey": "nike-sb-dunk-high-doernbecher-2019", "market": {"lowestAsk": 395, "salesThisPeriod": 0, "salesLastPeriod": 0, "highestBid": 322, "volatility": 0.202719, "deadstockSold": 16, "pricePremium": 5.25, "averageDeadstockPrice": 366, "lastSale": 750, "changeValue": 489, "changePercentage": 1.87356, "lastLowestAskTime": 1663122092, "lastHighestBidTime": 1662195326, "lastSaleDate": "2022-09-03T09:52:28+00:00"}, "objectID": "5b6fa8e6-1ece-4a4d-8595-9d508bd59561"}, {"id": "70f757c0-4c59-4e0e-8122-633ac8d6c8dd", "uuid": "70f757c0-4c59-4e0e-8122-633ac8d6c8dd", "brand": "Nike", "childId": null, "colorway": "Black/Game Royal-White", "condition": "New", "description": "", "media": {"smallImageUrl": "https://images.stockx.com/images/Nike-SB-Dunk-Low-Soulland-Friday-Part-02-Product.jpg?fit=fill&bg=FFFFFF&w=300&h=214&fm=webp&auto=compress&trim=color&q=90&dpr=2&updated_at=1607045852", "thumbUrl": "https://images.stockx.com/images/Nike-SB-Dunk-Low-Soulland-Friday-Part-02-Product.jpg?fit=fill&bg=FFFFFF&w=140&h=100&fm=webp&auto=compress&trim=color&q=90&dpr=2&updated_at=1607045852"}, "productCategory": "sneakers", "releaseDate": "2017-12-15", "retailPrice": 100, "shoe": "Nike SB Dunk Low", "title": "Nike SB Dunk Low Soulland FRI.day Part 02", "urlKey": "nike-sb-dunk-low-soulland-friday-part-02", "market": {"lowestAsk": 155, "salesThisPeriod": 0, "salesLastPeriod": 0, "highestBid": 125, "volatility": 0.26236, "deadstockSold": 16, "pricePremium": 0.72, "averageDeadstockPrice": 179, "lastSale": 172, "changeValue": 29, "changePercentage": 0.202797, "lastLowestAskTime": 1661074767, "lastHighestBidTime": 1662447003, "lastSaleDate": "2022-07-28T09:42:42+00:00"}, "objectID": "70f757c0-4c59-4e0e-8122-633ac8d6c8dd"}, {"id": "adb41ee5-5cd1-42bb-9464-a65ba18201b4", "uuid": "adb41ee5-5cd1-42bb-9464-a65ba18201b4", "brand": "Nike", "colorway": "Black/Black-Anthracite", "condition": "New", "description": "", "media": {"smallImageUrl": "https://images.stockx.com/images/Nike-SB-Dunk-High-Bota.png?fit=fill&bg=FFFFFF&w=300&h=214&fm=webp&auto=compress&trim=color&q=90&dpr=2&updated_at=1607060249", "thumbUrl": "https://images.stockx.com/images/Nike-SB-Dunk-High-Bota.png?fit=fill&bg=FFFFFF&w=140&h=100&fm=webp&auto=compress&trim=color&q=90&dpr=2&updated_at=1607060249"}, "productCategory": "sneakers", "releaseDate": "2017-09-26", "retailPrice": 105, "shoe": "Nike SB Dunk High", "title": "Nike SB Dunk High Bota", "urlKey": "nike-sb-dunk-high-bota", "market": {"lowestAsk": 158, "salesThisPeriod": 0, "salesLastPeriod": 0, "highestBid": 350, "volatility": 0.714179, "deadstockSold": 16, "pricePremium": 0.343, "averageDeadstockPrice": 264, "lastSale": 141, "changeValue": -59, "changePercentage": -0.295, "lastLowestAskTime": 1663777004, "lastHighestBidTime": 1662935595, "lastSaleDate": "2022-08-21T14:49:04+00:00"}, "objectID": "adb41ee5-5cd1-42bb-9464-a65ba18201b4"}, {"id": "bb5fb1c0-5b94-4fae-834f-64d00a04dcea", "uuid": "bb5fb1c0-5b94-4fae-834f-64d00a04dcea", "brand": "Nike", "childId": null, "colorway": "University Red/White-White", "condition": "New", "description": "", "media": {"smallImageUrl": "https://images.stockx.com/images/Nike-SB-Dunk-High-Picnic-Product.jpg?fit=fill&bg=FFFFFF&w=300&h=214&fm=webp&auto=compress&trim=color&q=90&dpr=2&updated_at=1633530681", "thumbUrl": "https://images.stockx.com/images/Nike-SB-Dunk-High-Picnic-Product.jpg?fit=fill&bg=FFFFFF&w=140&h=100&fm=webp&auto=compress&trim=color&q=90&dpr=2&updated_at=1633530681"}, "productCategory": "sneakers", "releaseDate": "2016-06-15", "retailPrice": 100, "shoe": "Nike SB Dunk High", "title": "Nike SB Dunk High Picnic", "urlKey": "nike-sb-dunk-high-picnic", "market": {"lowestAsk": 499, "salesThisPeriod": 0, "salesLastPeriod": 0, "highestBid": 316, "volatility": 0.463299, "deadstockSold": 16, "pricePremium": 3.39, "averageDeadstockPrice": 385, "lastSale": 439, "changeValue": 263, "changePercentage": 1.49432, "lastLowestAskTime": 1662605591, "lastHighestBidTime": 1661069726, "lastSaleDate": "2022-07-24T07:00:38+00:00"}, "objectID": "bb5fb1c0-5b94-4fae-834f-64d00a04dcea"}, {"id": "d3ffe4d4-c6c8-4a45-abdb-35b5b1dfb145", "uuid": "d3ffe4d4-c6c8-4a45-abdb-35b5b1dfb145", "brand": "Nike", "colorway": "White/White-Light Base Grey", "condition": "New", "description": "", "media": {"smallImageUrl": "https://images.stockx.com/images/Nike-Dunk-SB-High-White-Ice-Product.jpg?fit=fill&bg=FFFFFF&w=300&h=214&fm=webp&auto=compress&trim=color&q=90&dpr=2&updated_at=1608510897", "thumbUrl": "https://images.stockx.com/images/Nike-Dunk-SB-High-White-Ice-Product.jpg?fit=fill&bg=FFFFFF&w=140&h=100&fm=webp&auto=compress&trim=color&q=90&dpr=2&updated_at=1608510897"}, "productCategory": "sneakers", "releaseDate": "2015-04-15", "retailPrice": 100, "shoe": "Nike SB Dunk High", "title": "Nike SB Dunk High White Ice", "urlKey": "nike-dunk-sb-high-white-ice", "market": {"lowestAsk": 400, "salesThisPeriod": 0, "salesLastPeriod": 0, "highestBid": 175, "volatility": 0.202352, "deadstockSold": 16, "pricePremium": 2.02, "averageDeadstockPrice": 350, "lastSale": 302, "changeValue": -73, "changePercentage": -0.194667, "lastLowestAskTime": 1663697024, "lastHighestBidTime": 1663591800, "lastSaleDate": "2022-09-01T04:08:21+00:00"}, "objectID": "d3ffe4d4-c6c8-4a45-abdb-35b5b1dfb145"}, {"id": "d6181452-51a5-4ead-8c5c-aea1185dd330", "uuid": "d6181452-51a5-4ead-8c5c-aea1185dd330", "brand": "Nike", "colorway": "Blue Ribbon/Metallic Vegas Gold-Varsity Red", "condition": "New", "description": "", "media": {"smallImageUrl": "https://images.stockx.com/images/Nike-Dunk-SB-Low-Eric-Koston.jpg?fit=fill&bg=FFFFFF&w=300&h=214&fm=webp&auto=compress&trim=color&q=90&dpr=2&updated_at=1608512482", "thumbUrl": "https://images.stockx.com/images/Nike-Dunk-SB-Low-Eric-Koston.jpg?fit=fill&bg=FFFFFF&w=140&h=100&fm=webp&auto=compress&trim=color&q=90&dpr=2&updated_at=1608512482"}, "productCategory": "sneakers", "releaseDate": "", "retailPrice": 100, "shoe": "Nike SB Dunk Low", "title": "Nike SB Dunk Low Eric Koston", "urlKey": "nike-dunk-sb-low-eric-koston", "market": {"lowestAsk": 716, "salesThisPeriod": 0, "salesLastPeriod": 0, "highestBid": 450, "volatility": 0.227748, "deadstockSold": 16, "pricePremium": 0, "averageDeadstockPrice": 581, "lastSale": 450, "changeValue": -150, "changePercentage": -0.25, "lastLowestAskTime": 1663734821, "lastHighestBidTime": 1662774414, "lastSaleDate": "2022-09-14T16:46:17+00:00"}, "objectID": "d6181452-51a5-4ead-8c5c-aea1185dd330"}, {"id": "e4aed29d-fc4c-46e1-8f21-84bec1afd937", "uuid": "e4aed29d-fc4c-46e1-8f21-84bec1afd937", "brand": "Nike", "colorway": "Orange Flash/Black-Black", "condition": "New", "description": "", "media": {"smallImageUrl": "https://images.stockx.com/images/Nike-Dunk-SB-Low-Raygun.jpg?fit=fill&bg=FFFFFF&w=300&h=214&fm=webp&auto=compress&trim=color&q=90&dpr=2&updated_at=1607045042", "thumbUrl": "https://images.stockx.com/images/Nike-Dunk-SB-Low-Raygun.jpg?fit=fill&bg=FFFFFF&w=140&h=100&fm=webp&auto=compress&trim=color&q=90&dpr=2&updated_at=1607045042"}, "productCategory": "sneakers", "releaseDate": "2005-02-01", "retailPrice": 65, "shoe": "Nike SB Dunk Low", "title": "Nike SB Dunk Low Raygun", "urlKey": "nike-dunk-sb-low-raygun", "market": {"lowestAsk": 912, "salesThisPeriod": 0, "salesLastPeriod": 0, "highestBid": 740, "volatility": 0.362049, "deadstockSold": 16, "pricePremium": 8.908, "averageDeadstockPrice": 896, "lastSale": 644, "changeValue": -181, "changePercentage": -0.219394, "lastLowestAskTime": 1660557945, "lastHighestBidTime": 1662900908, "lastSaleDate": "2022-08-02T18:21:49+00:00"}, "objectID": "e4aed29d-fc4c-46e1-8f21-84bec1afd937"}, {"id": "e4e2f6e9-732e-47c9-8452-1200da1a84e0", "uuid": "e4e2f6e9-732e-47c9-8452-1200da1a84e0", "brand": "Nike", "colorway": "Light Umber/Hot House", "condition": "New", "description": "", "media": {"smallImageUrl": "https://images.stockx.com/images/Nike-Dunk-SB-High-Three-Bears-Papa-Product.jpg?fit=fill&bg=FFFFFF&w=300&h=214&fm=webp&auto=compress&trim=color&q=90&dpr=2&updated_at=1607052678", "thumbUrl": "https://images.stockx.com/images/Nike-Dunk-SB-High-Three-Bears-Papa-Product.jpg?fit=fill&bg=FFFFFF&w=140&h=100&fm=webp&auto=compress&trim=color&q=90&dpr=2&updated_at=1607052678"}, "productCategory": "sneakers", "releaseDate": "2006-11-01", "retailPrice": 75, "shoe": "Nike SB Dunk High", "title": "Nike SB Dunk High Papa Bear", "urlKey": "nike-dunk-sb-high-papa-bear", "market": {"lowestAsk": 2000, "salesThisPeriod": 0, "salesLastPeriod": 0, "highestBid": 1650, "volatility": 0.320202, "deadstockSold": 16, "pricePremium": 24.1, "averageDeadstockPrice": 1987, "lastSale": 1882, "changeValue": 283, "changePercentage": 0.176558, "lastLowestAskTime": 1661174964, "lastHighestBidTime": 1663020604, "lastSaleDate": "2022-07-19T19:11:02+00:00"}, "objectID": "e4e2f6e9-732e-47c9-8452-1200da1a84e0"}, {"id": "f296a481-9874-486c-88d5-4a4e22864f6b", "uuid": "f296a481-9874-486c-88d5-4a4e22864f6b", "brand": "Nike", "colorway": "Wolf Grey/Wolf Grey-Black-Challenge Red", "condition": "New", "description": "", "media": {"smallImageUrl": "https://images.stockx.com/images/Nike-Dunk-SB-Low-Atlas-35MM-Product.jpg?fit=fill&bg=FFFFFF&w=300&h=214&fm=webp&auto=compress&trim=color&q=90&dpr=2&updated_at=1607048071", "thumbUrl": "https://images.stockx.com/images/Nike-Dunk-SB-Low-Atlas-35MM-Product.jpg?fit=fill&bg=FFFFFF&w=140&h=100&fm=webp&auto=compress&trim=color&q=90&dpr=2&updated_at=1607048071"}, "productCategory": "sneakers", "releaseDate": "2015-07-08", "retailPrice": 110, "shoe": "Nike SB Dunk Low", "title": "Nike SB Dunk Low Atlas 35MM Grey", "urlKey": "nike-dunk-sb-low-atlas-35mm-grey", "market": {"lowestAsk": 540, "salesThisPeriod": 0, "salesLastPeriod": 0, "highestBid": 455, "volatility": 0.380377, "deadstockSold": 16, "pricePremium": 3.909, "averageDeadstockPrice": 521, "lastSale": 540, "changeValue": 165, "changePercentage": 0.44, "lastLowestAskTime": 1662752616, "lastHighestBidTime": 1662817831, "lastSaleDate": "2022-07-28T22:01:18+00:00"}, "objectID": "f296a481-9874-486c-88d5-4a4e22864f6b"}, {"id": "2e2782f6-0867-46a5-8e47-673cfeb48f2f", "uuid": "2e2782f6-0867-46a5-8e47-673cfeb48f2f", "brand": "Nike", "colorway": "Varsity Red/White-Varsity Red", "condition": "New", "description": "", "media": {"smallImageUrl": "https://images.stockx.com/images/Nike-Dunk-SB-Low-Red-Patent-Leather-Product.jpg?fit=fill&bg=FFFFFF&w=300&h=214&fm=webp&auto=compress&trim=color&q=90&dpr=2&updated_at=1607054099", "thumbUrl": "https://images.stockx.com/images/Nike-Dunk-SB-Low-Red-Patent-Leather-Product.jpg?fit=fill&bg=FFFFFF&w=140&h=100&fm=webp&auto=compress&trim=color&q=90&dpr=2&updated_at=1607054099"}, "productCategory": "sneakers", "releaseDate": "2015-04-01", "retailPrice": 90, "shoe": "Nike SB Dunk Low", "title": "Nike SB Dunk Low Red Patent Leather", "urlKey": "nike-dunk-sb-low-red-patent-leather", "market": {"lowestAsk": 240, "salesThisPeriod": 0, "salesLastPeriod": 0, "highestBid": 300, "volatility": 0.34113, "deadstockSold": 15, "pricePremium": 2.889, "averageDeadstockPrice": 362, "lastSale": 350, "changeValue": -85, "changePercentage": -0.195402, "lastLowestAskTime": 1662043176, "lastHighestBidTime": 1661124374, "lastSaleDate": "2022-07-11T03:25:51+00:00"}, "objectID": "2e2782f6-0867-46a5-8e47-673cfeb48f2f"}, {"id": "33395869-73e8-40bb-aea0-8b0e978c9234", "uuid": "33395869-73e8-40bb-aea0-8b0e978c9234", "brand": "Nike", "colorway": "Steel Green/Olive Khaki-Safety Orange", "condition": "New", "description": "", "media": {"smallImageUrl": "https://images.stockx.com/images/Nike-Dunk-SB-High-Frank-Kozik-Product.jpg?fit=fill&bg=FFFFFF&w=300&h=214&fm=webp&auto=compress&trim=color&q=90&dpr=2&updated_at=1657781994", "thumbUrl": "https://images.stockx.com/images/Nike-Dunk-SB-High-Frank-Kozik-Product.jpg?fit=fill&bg=FFFFFF&w=140&h=100&fm=webp&auto=compress&trim=color&q=90&dpr=2&updated_at=1657781994"}, "productCategory": "sneakers", "releaseDate": "", "retailPrice": 120, "shoe": "Nike SB Dunk High", "title": "Nike SB Dunk High Frank Kozik", "urlKey": "nike-dunk-sb-high-frank-kozik", "market": {"lowestAsk": 199, "salesThisPeriod": 0, "salesLastPeriod": 0, "highestBid": 160, "volatility": 0.342809, "deadstockSold": 15, "pricePremium": 0, "averageDeadstockPrice": 225, "lastSale": 250, "changeValue": 150, "changePercentage": 1.5, "lastLowestAskTime": 1661173633, "lastHighestBidTime": 1663685711, "lastSaleDate": "2022-07-22T07:48:39+00:00"}, "objectID": "33395869-73e8-40bb-aea0-8b0e978c9234"}, {"id": "34d17aec-dad3-4a60-a0f2-b1b8ddded2f5", "uuid": "34d17aec-dad3-4a60-a0f2-b1b8ddded2f5", "brand": "Nike", "colorway": "Black/Black-Gorge Green", "condition": "New", "description": "", "media": {"smallImageUrl": "https://images.stockx.com/images/Nike-Dunk-SB-Low-Reptile-Gucci.jpg?fit=fill&bg=FFFFFF&w=300&h=214&fm=webp&auto=compress&trim=color&q=90&dpr=2&updated_at=1608510812", "thumbUrl": "https://images.stockx.com/images/Nike-Dunk-SB-Low-Reptile-Gucci.jpg?fit=fill&bg=FFFFFF&w=140&h=100&fm=webp&auto=compress&trim=color&q=90&dpr=2&updated_at=1608510812"}, "productCategory": "sneakers", "releaseDate": "2015-09-22", "retailPrice": 90, "shoe": "Nike SB Dunk Low", "title": "Nike SB Dunk Low Reptile Gucci", "urlKey": "nike-dunk-sb-low-reptile-gucci", "market": {"lowestAsk": 565, "salesThisPeriod": 0, "salesLastPeriod": 0, "highestBid": 420, "volatility": 0.146951, "deadstockSold": 15, "pricePremium": 4.943, "averageDeadstockPrice": 555, "lastSale": 535, "changeValue": -114, "changePercentage": -0.175795, "lastLowestAskTime": 1663802881, "lastHighestBidTime": 1663454802, "lastSaleDate": "2022-08-04T14:47:13+00:00"}, "objectID": "34d17aec-dad3-4a60-a0f2-b1b8ddded2f5"}, {"id": "5344ce43-b2e8-422b-afb2-226e771849ed", "uuid": "5344ce43-b2e8-422b-afb2-226e771849ed", "brand": "Nike", "colorway": "Black/Metallic Silver", "condition": "New", "description": "", "media": {"smallImageUrl": "https://images.stockx.com/images/Nike-SB-Dunk-Low-Takashi-2-Product.jpg?fit=fill&bg=FFFFFF&w=300&h=214&fm=webp&auto=compress&trim=color&q=90&dpr=2&updated_at=1608511143", "thumbUrl": "https://images.stockx.com/images/Nike-SB-Dunk-Low-Takashi-2-Product.jpg?fit=fill&bg=FFFFFF&w=140&h=100&fm=webp&auto=compress&trim=color&q=90&dpr=2&updated_at=1608511143"}, "productCategory": "sneakers", "releaseDate": "2017-05-01", "retailPrice": 70, "shoe": "Nike SB Dunk Low", "title": "Nike SB Dunk Low Takashi 2", "urlKey": "nike-sb-dunk-low-takashi-2", "market": {"lowestAsk": 520, "salesThisPeriod": 0, "salesLastPeriod": 0, "highestBid": 600, "volatility": 0.443531, "deadstockSold": 15, "pricePremium": 3.286, "averageDeadstockPrice": 389, "lastSale": 300, "changeValue": -168, "changePercentage": -0.358974, "lastLowestAskTime": 1662513874, "lastHighestBidTime": 1662968399, "lastSaleDate": "2022-08-23T00:25:22+00:00"}, "objectID": "5344ce43-b2e8-422b-afb2-226e771849ed"}, {"id": "7a17590f-a5e2-413a-b8f6-12bc2179f6b1", "uuid": "7a17590f-a5e2-413a-b8f6-12bc2179f6b1", "brand": "Nike", "colorway": "Dark Oak/Team Red-LT BRTSH TN-MTLLC", "condition": "New", "description": "", "media": {"smallImageUrl": "https://images.stockx.com/images/Nike-Dunk-SB-High-SPoT-Cigar-City-Product.jpg?fit=fill&bg=FFFFFF&w=300&h=214&fm=webp&auto=compress&trim=color&q=90&dpr=2&updated_at=1607048788", "thumbUrl": "https://images.stockx.com/images/Nike-Dunk-SB-High-SPoT-Cigar-City-Product.jpg?fit=fill&bg=FFFFFF&w=140&h=100&fm=webp&auto=compress&trim=color&q=90&dpr=2&updated_at=1607048788"}, "productCategory": "sneakers", "releaseDate": "2011-09-17", "retailPrice": 108, "shoe": "Nike SB Dunk High", "title": "Nike SB Dunk High SPoT Cigar City", "urlKey": "nike-dunk-sb-high-spot-cigar-city", "market": {"lowestAsk": 633, "salesThisPeriod": 0, "salesLastPeriod": 0, "highestBid": 555, "volatility": 0.571856, "deadstockSold": 15, "pricePremium": 1.778, "averageDeadstockPrice": 628, "lastSale": 300, "changeValue": -356, "changePercentage": -0.542683, "lastLowestAskTime": 1662982621, "lastHighestBidTime": 1652819082, "lastSaleDate": "2022-08-12T13:57:08+00:00"}, "objectID": "7a17590f-a5e2-413a-b8f6-12bc2179f6b1"}, {"id": "7e815f62-978f-464c-9ab8-7175509c9e3c", "uuid": "7e815f62-978f-464c-9ab8-7175509c9e3c", "brand": "Nike", "colorway": "black/wolf grey/university red/black", "condition": "New", "description": "", "media": {"smallImageUrl": "https://images.stockx.com/images/Nike Dunk SB Low Black Cement-Product.jpg?fit=fill&bg=FFFFFF&w=300&h=214&fm=webp&auto=compress&trim=color&q=90&dpr=2&updated_at=1608511622", "thumbUrl": "https://images.stockx.com/images/Nike Dunk SB Low Black Cement-Product.jpg?fit=fill&bg=FFFFFF&w=140&h=100&fm=webp&auto=compress&trim=color&q=90&dpr=2&updated_at=1608511622"}, "productCategory": "sneakers", "releaseDate": "2015-08-15", "retailPrice": 90, "shoe": "Nike SB Dunk Low", "title": "Nike SB Dunk Low Black Cement", "urlKey": "nike-dunk-sb-low-black-cement", "market": {"lowestAsk": 690, "salesThisPeriod": 0, "salesLastPeriod": 0, "highestBid": 300, "volatility": 0.767952, "deadstockSold": 15, "pricePremium": 2.333, "averageDeadstockPrice": 433, "lastSale": 300, "changeValue": 100, "changePercentage": 0.5, "lastLowestAskTime": 1663179327, "lastHighestBidTime": 1663709921, "lastSaleDate": "2022-08-07T12:03:25+00:00"}, "objectID": "7e815f62-978f-464c-9ab8-7175509c9e3c"}, {"id": "8103d37b-e28c-4516-93e5-cb77a30a569d", "uuid": "8103d37b-e28c-4516-93e5-cb77a30a569d", "brand": "Nike", "colorway": "Metallic Silver/Metallic Silver", "condition": "New", "description": "", "media": {"smallImageUrl": "https://images.stockx.com/images/Nike-Dunk-SB-High-Dinosaur-Jr-Product.jpg?fit=fill&bg=FFFFFF&w=300&h=214&fm=webp&auto=compress&trim=color&q=90&dpr=2&updated_at=1607050202", "thumbUrl": "https://images.stockx.com/images/Nike-Dunk-SB-High-Dinosaur-Jr-Product.jpg?fit=fill&bg=FFFFFF&w=140&h=100&fm=webp&auto=compress&trim=color&q=90&dpr=2&updated_at=1607050202"}, "productCategory": "sneakers", "releaseDate": "2007-02-01", "retailPrice": 75, "shoe": "Nike SB Dunk High", "title": "Nike SB Dunk High Dinosaur Jr.", "urlKey": "nike-dunk-sb-high-dinosaur-jr", "market": {"lowestAsk": 724, "salesThisPeriod": 0, "salesLastPeriod": 0, "highestBid": 575, "volatility": 0.2666, "deadstockSold": 15, "pricePremium": 6.667, "averageDeadstockPrice": 631, "lastSale": 575, "changeValue": 25, "changePercentage": 0.045455, "lastLowestAskTime": 1661372420, "lastHighestBidTime": 1663727623, "lastSaleDate": "2022-09-16T22:42:24+00:00"}, "objectID": "8103d37b-e28c-4516-93e5-cb77a30a569d"}, {"id": "85f814f4-0fda-44dc-8a89-c776ec6c99d1", "uuid": "85f814f4-0fda-44dc-8a89-c776ec6c99d1", "brand": "Nike", "colorway": "Glacier Ice/White-Light Ash Grey", "condition": "New", "description": "", "media": {"smallImageUrl": "https://images.stockx.com/images/Nike-Dunk-SB-Low-Glacier-Ice.jpg?fit=fill&bg=FFFFFF&w=300&h=214&fm=webp&auto=compress&trim=color&q=90&dpr=2&updated_at=1608511108", "thumbUrl": "https://images.stockx.com/images/Nike-Dunk-SB-Low-Glacier-Ice.jpg?fit=fill&bg=FFFFFF&w=140&h=100&fm=webp&auto=compress&trim=color&q=90&dpr=2&updated_at=1608511108"}, "productCategory": "sneakers", "releaseDate": "2014-12-13", "retailPrice": 90, "shoe": "Nike SB Dunk Low", "title": "Nike SB Dunk Low Gulf of Mexico", "urlKey": "nike-dunk-sb-low-golf-of-mexico", "market": {"lowestAsk": 544, "salesThisPeriod": 0, "salesLastPeriod": 0, "highestBid": 425, "volatility": 0.204589, "deadstockSold": 15, "pricePremium": 6.111, "averageDeadstockPrice": 496, "lastSale": 640, "changeValue": 390, "changePercentage": 1.56, "lastLowestAskTime": 1663267487, "lastHighestBidTime": 1663540163, "lastSaleDate": "2022-09-18T01:05:23+00:00"}, "objectID": "85f814f4-0fda-44dc-8a89-c776ec6c99d1"}]}