{"Pagination": {"query": "nike dunk", "queryID": "f3d86c1455d9fffb0aa53614d9de8657", "index": "PRODUCTION_PG_FEATURED_DESC", "limit": 40, "page": 3, "total": 3854, "lastPage": "/api/v3/browse?_search=nike%20dunk&dataType=product&facetsToRetrieve=%7B%7D&filterVersion=4&page=25&propsToRetrieve=brand%2CchildId%2Ccolorway%2Ccondition%2Cdescription%2Cid%2Cmarket.averageDeadstockPrice%2Cmarket.bidAskData%2Cmarket.changePercentage%2Cmarket.changeValue%2Cmarket.deadstockSold%2Cmarket.highestBid%2Cmarket.lastHighestBidTime%2Cmarket.lastLowestAskTime%2Cmarket.lastSale%2Cmarket.lastSaleDate%2Cmarket.lastSaleValue%2Cmarket.lowestAsk%2Cmarket.pricePremium%2Cmarket.salesInformation%2Cmarket.salesLastPeriod%2Cmarket.salesThisPeriod%2Cmarket.volatility%2Cmedia.smallImageUrl%2Cmedia.thumbUrl%2CproductCategory%2CreleaseDate%2CretailPrice%2Cshoe%2Ctitle%2CurlKey%2Cuuid", "sort": ["featured"], "order": ["DESC"], "currentPage": "/api/v3/browse?_search=nike%20dunk&dataType=product&facetsToRetrieve=%7B%7D&filterVersion=4&page=3&propsToRetrieve=brand%2CchildId%2Ccolorway%2Ccondition%2Cdescription%2Cid%2Cmarket.averageDeadstockPrice%2Cmarket.bidAskData%2Cmarket.changePercentage%2Cmarket.changeValue%2Cmarket.deadstockSold%2Cmarket.highestBid%2Cmarket.lastHighestBidTime%2Cmarket.lastLowestAskTime%2Cmarket.lastSale%2Cmarket.lastSaleDate%2Cmarket.lastSaleValue%2Cmarket.lowestAsk%2Cmarket.pricePremium%2Cmarket.salesInformation%2Cmarket.salesLastPeriod%2Cmarket.salesThisPeriod%2Cmarket.volatility%2Cmedia.smallImageUrl%2Cmedia.thumbUrl%2CproductCategory%2CreleaseDate%2CretailPrice%2Cshoe%2Ctitle%2CurlKey%2Cuuid", "nextPage": "/api/v3/browse?_search=nike%20dunk&dataType=product&facetsToRetrieve=%7B%7D&filterVersion=4&page=4&propsToRetrieve=brand%2CchildId%2Ccolorway%2Ccondition%2Cdescription%2Cid%2Cmarket.averageDeadstockPrice%2Cmarket.bidAskData%2Cmarket.changePercentage%2Cmarket.changeValue%2Cmarket.deadstockSold%2Cmarket.highestBid%2Cmarket.lastHighestBidTime%2Cmarket.lastLowestAskTime%2Cmarket.lastSale%2Cmarket.lastSaleDate%2Cmarket.lastSaleValue%2Cmarket.lowestAsk%2Cmarket.pricePremium%2Cmarket.salesInformation%2Cmarket.salesLastPeriod%2Cmarket.salesThisPeriod%2Cmarket.volatility%2Cmedia.smallImageUrl%2Cmedia.thumbUrl%2CproductCategory%2CreleaseDate%2CretailPrice%2Cshoe%2Ctitle%2CurlKey%2Cuuid", "previousPage": "/api/v3/browse?_search=nike%20dunk&dataType=product&facetsToRetrieve=%7B%7D&filterVersion=4&page=2&propsToRetrieve=brand%2CchildId%2Ccolorway%2Ccondition%2Cdescription%2Cid%2Cmarket.averageDeadstockPrice%2Cmarket.bidAskData%2Cmarket.changePercentage%2Cmarket.changeValue%2Cmarket.deadstockSold%2Cmarket.highestBid%2Cmarket.lastHighestBidTime%2Cmarket.lastLowestAskTime%2Cmarket.lastSale%2Cmarket.lastSaleDate%2Cmarket.lastSaleValue%2Cmarket.lowestAsk%2Cmarket.pricePremium%2Cmarket.salesInformation%2Cmarket.salesLastPeriod%2Cmarket.salesThisPeriod%2Cmarket.volatility%2Cmedia.smallImageUrl%2Cmedia.thumbUrl%2CproductCategory%2CreleaseDate%2CretailPrice%2Cshoe%2Ctitle%2CurlKey%2Cuuid"}, "Facets": {}, "Products": [{"id": "c276a2cf-a5b0-4675-ac41-9c196b264f97", "uuid": "c276a2cf-a5b0-4675-ac41-9c196b264f97", "brand": "Nike", "colorway": "Pink/Pink", "condition": "New", "description": "From the time of its first release, the toddler Nike Dunk Low Triple Pink remains one of the top-selling Nike Dunk Low variations.\n<br>\n<br>\nDark and light pink components combine across the upper of Nike Dunk Low Triple Pink, which is made purely of leather, with a pink Nike Swoosh. The perforated toe box and heel counter are all white, constructed with synthetic leather that is made from recycled polyester. The outsole and midsole of Nike Dunk Low Triple Pink (Toddler) are made of rubber, appearing in light shades of pink.\n<br>\n<br>\nNike Dunk Low Triple Pink (Toddler) debuted on January 1, 2022. At the time of its first release, the price of the shoe was $55.", "media": {"smallImageUrl": "https://images.stockx.com/images/Nike-Dunk-Low-Triple-Pink-TD-Product.jpg?fit=fill&bg=FFFFFF&w=300&h=214&fm=webp&auto=compress&trim=color&q=90&dpr=2&updated_at=1662705109", "thumbUrl": "https://images.stockx.com/images/Nike-Dunk-Low-Triple-Pink-TD-Product.jpg?fit=fill&bg=FFFFFF&w=140&h=100&fm=webp&auto=compress&trim=color&q=90&dpr=2&updated_at=1662705109"}, "productCategory": "sneakers", "releaseDate": "", "retailPrice": 55, "shoe": "Nike Dunk Low", "title": "Nike Dunk Low Triple Pink (TD)", "urlKey": "nike-dunk-low-triple-pink-td", "market": {"lowestAsk": 59, "salesThisPeriod": 40, "salesLastPeriod": 0, "highestBid": 66, "volatility": 0.088532, "deadstockSold": 1630, "pricePremium": 0.182, "averageDeadstockPrice": 75, "lastSale": 65, "changeValue": 1, "changePercentage": 0.015625, "lastLowestAskTime": 1663791089, "lastHighestBidTime": 1662677582, "lastSaleDate": "2022-09-21T17:06:58+00:00"}, "objectID": "c276a2cf-a5b0-4675-ac41-9c196b264f97"}, {"id": "bf540991-f770-4ef9-a089-68a9b28a347b", "uuid": "bf540991-f770-4ef9-a089-68a9b28a347b", "brand": "Nike", "colorway": "Noble Green/White/University Gold/Noble Green", "condition": "New", "description": "The Nike Dunk High Australia arrives with a white and dark green smooth leather upper in a traditional two-tone color blocking style. Hits of yellow on the heel tab and woven tongue label add slight contrast. From there, a white and dark green Air Sole provides support and durability.\n<br>\n<br>\nThe Nike Dunk High Australia released in 2022 and retailed for $110.", "media": {"smallImageUrl": "https://images.stockx.com/images/Nike-Dunk-High-Australia-Product.jpg?fit=fill&bg=FFFFFF&w=300&h=214&fm=webp&auto=compress&trim=color&q=90&dpr=2&updated_at=1659621596", "thumbUrl": "https://images.stockx.com/images/Nike-Dunk-High-Australia-Product.jpg?fit=fill&bg=FFFFFF&w=140&h=100&fm=webp&auto=compress&trim=color&q=90&dpr=2&updated_at=1659621596"}, "productCategory": "sneakers", "releaseDate": "2022-07-19", "retailPrice": 115, "shoe": "Nike Dunk High", "title": "Nike Dunk High Australia", "urlKey": "nike-dunk-high-australia", "market": {"lowestAsk": 116, "salesThisPeriod": 38, "salesLastPeriod": 0, "highestBid": 165, "volatility": 0.120733, "deadstockSold": 2213, "pricePremium": 0.504, "averageDeadstockPrice": 145, "lastSale": 173, "changeValue": 12, "changePercentage": 0.06862, "lastLowestAskTime": 1663691315, "lastHighestBidTime": 1663687897, "lastSaleDate": "2022-09-21T16:14:33+00:00"}, "objectID": "bf540991-f770-4ef9-a089-68a9b28a347b"}, {"id": "81d15ccf-e4e1-428c-90be-8512d23a57e2", "uuid": "81d15ccf-e4e1-428c-90be-8512d23a57e2", "brand": "Nike", "colorway": "White/Washed Teal/Kumquat", "condition": "New", "description": "The Nike Dunk Low Teal Zeal (Women's) offers a vibrant palette with a smooth white leather upper and bright teal tumbled leather overlays and Swooshes. Hits of bright yellow on the woven tongue label and outsole add a warm contrast. Nike heel embroideries nod to the original 1985 design, adding the finishing touch.\n<br>\n<br>\nThe Nike Dunk Low Teal Zeal (Women's) released in July of 2022 and retailed for $110.", "media": {"smallImageUrl": "https://images.stockx.com/images/Nike-Dunk-Low-White-Turquoise-W-Product.jpg?fit=fill&bg=FFFFFF&w=300&h=214&fm=webp&auto=compress&trim=color&q=90&dpr=2&updated_at=1659034431", "thumbUrl": "https://images.stockx.com/images/Nike-Dunk-Low-White-Turquoise-W-Product.jpg?fit=fill&bg=FFFFFF&w=140&h=100&fm=webp&auto=compress&trim=color&q=90&dpr=2&updated_at=1659034431"}, "productCategory": "sneakers", "releaseDate": "2022-07-13", "retailPrice": 110, "shoe": "Nike Dunk Low", "title": "Nike Dunk Low Teal Zeal (W)", "urlKey": "nike-dunk-low-white-turquoise-w", "market": {"lowestAsk": 113, "salesThisPeriod": 37, "salesLastPeriod": 0, "highestBid": 129, "volatility": 0.14712, "deadstockSold": 1727, "pricePremium": 0.643, "averageDeadstockPrice": 150, "lastSale": 181, "changeValue": 50, "changePercentage": 0.379861, "lastLowestAskTime": 1663765130, "lastHighestBidTime": 1663766017, "lastSaleDate": "2022-09-21T13:12:52+00:00"}, "objectID": "81d15ccf-e4e1-428c-90be-8512d23a57e2"}, {"id": "b0c0114a-f1c3-45c1-9d6a-33a8a62e9944", "uuid": "b0c0114a-f1c3-45c1-9d6a-33a8a62e9944", "brand": "Nike", "colorway": "Coconut Milk/Black/Team Orange", "condition": "New", "description": "Nike SB Dunk High San Francisco Giants, style code DO9394-100, has become one of the most celebrated footwear lines in the Nike series.\n<br>\n<br>\nNike SB Dunk High San Francisco Giants is a product of synthetic leather at the upper and a rubber outsole. The sneaker is embellished in a coconut milk, team orange, and black colorway. It features black with an orange Swoosh across the quarter panel to the heel notch. The white midsole and black team orange at the outsole complete the sneaker's design.\n<br>\n<br>\nNike SB Dunk High San Francisco Giants debuted at a retail price of $125 on July 26, 2022.", "media": {"smallImageUrl": "https://images.stockx.com/images/Nike-SB-Dunk-High-San-Francisco-Giants-Product.jpg?fit=fill&bg=FFFFFF&w=300&h=214&fm=webp&auto=compress&trim=color&q=90&dpr=2&updated_at=1657782130", "thumbUrl": "https://images.stockx.com/images/Nike-SB-Dunk-High-San-Francisco-Giants-Product.jpg?fit=fill&bg=FFFFFF&w=140&h=100&fm=webp&auto=compress&trim=color&q=90&dpr=2&updated_at=1657782130"}, "productCategory": "sneakers", "releaseDate": "2022-07-26", "retailPrice": 125, "shoe": "Nike SB Dunk High Pro Premium", "title": "Nike SB Dunk High Pro Premium San Francisco Giants", "urlKey": "nike-sb-dunk-high-san-francisco-giants", "market": {"lowestAsk": 115, "salesThisPeriod": 37, "salesLastPeriod": 0, "highestBid": 132, "volatility": 0.079675, "deadstockSold": 955, "pricePremium": 0.126, "averageDeadstockPrice": 140, "lastSale": 141, "changeValue": 5, "changePercentage": 0.034883, "lastLowestAskTime": 1663632316, "lastHighestBidTime": 1663732319, "lastSaleDate": "2022-09-21T06:38:26+00:00"}, "objectID": "b0c0114a-f1c3-45c1-9d6a-33a8a62e9944"}, {"id": "8d057d00-71d5-4844-aa45-2cc022473dd3", "uuid": "8d057d00-71d5-4844-aa45-2cc022473dd3", "brand": "Nike", "colorway": "Midas Gold/Tough Red-White", "condition": "New", "description": "The Nike Dunk Low Midas Gold features a Midas Gold leather upper with Tough Red overlays and Swooshes. From there, matching woven tongue tags and soles complete the design.\n<br>\n<br>\nThe Nike Dunk Low Midas Gold released in October of 2021 and retailed for $100.", "media": {"smallImageUrl": "https://images.stockx.com/images/Nike-Dunk-Low-Midas-Gold-Product.jpg?fit=fill&bg=FFFFFF&w=300&h=214&fm=webp&auto=compress&trim=color&q=90&dpr=2&updated_at=1636482253", "thumbUrl": "https://images.stockx.com/images/Nike-Dunk-Low-Midas-Gold-Product.jpg?fit=fill&bg=FFFFFF&w=140&h=100&fm=webp&auto=compress&trim=color&q=90&dpr=2&updated_at=1636482253"}, "productCategory": "sneakers", "releaseDate": "2022-02-15", "retailPrice": 100, "shoe": "Nike Dunk Low", "title": "Nike Dunk Low Midas Gold", "urlKey": "nike-dunk-low-midas-gold", "market": {"lowestAsk": 131, "salesThisPeriod": 36, "salesLastPeriod": 0, "highestBid": 160, "volatility": 0.080868, "deadstockSold": 18866, "pricePremium": 0.37, "averageDeadstockPrice": 156, "lastSale": 137, "changeValue": 12, "changePercentage": 0.096, "lastLowestAskTime": 1663729580, "lastHighestBidTime": 1663766027, "lastSaleDate": "2022-09-21T05:33:32+00:00"}, "objectID": "8d057d00-71d5-4844-aa45-2cc022473dd3"}, {"id": "11416f4b-42ad-4b28-b495-e92f08133d48", "uuid": "11416f4b-42ad-4b28-b495-e92f08133d48", "brand": "Nike", "colorway": "White/Cargo Khaki", "condition": "New", "description": "The Nike Dunk High Cargo Khaki has khaki shoe laces that cover the white tongue. The Nike logo is included on a slip of fabric at the very top of the tongue.\n<br>\n<br>\nThis high-top The Nike Dunk High Cargo Khaki features two primary colors: khaki and white. The sole has the classic tread style that has become synonymous with Nike high-top shoes, and the primary body of the shoe is made out of leather. The Nike swoosh symbol appears in rich khaki green.\n<br>\n<br>\nThe Nike Dunk High Cargo Khaki was first released in June of 2022. The starting retail price for this pair of shoes was $115.", "media": {"smallImageUrl": "https://images.stockx.com/images/Nike-Dunk-High-Cargo-Khaki-Product.jpg?fit=fill&bg=FFFFFF&w=300&h=214&fm=webp&auto=compress&trim=color&q=90&dpr=2&updated_at=1647011682", "thumbUrl": "https://images.stockx.com/images/Nike-Dunk-High-Cargo-Khaki-Product.jpg?fit=fill&bg=FFFFFF&w=140&h=100&fm=webp&auto=compress&trim=color&q=90&dpr=2&updated_at=1647011682"}, "productCategory": "sneakers", "releaseDate": "2022-04-01", "retailPrice": 110, "shoe": "Nike Dunk High Retro", "title": "Nike Dunk High Retro Cargo Khaki (2021)", "urlKey": "nike-dunk-high-cargo-khaki", "market": {"lowestAsk": 110, "salesThisPeriod": 36, "salesLastPeriod": 0, "highestBid": 114, "volatility": 0.112903, "deadstockSold": 4519, "pricePremium": 0.155, "averageDeadstockPrice": 140, "lastSale": 127, "changeValue": -9, "changePercentage": -0.066642, "lastLowestAskTime": 1663695032, "lastHighestBidTime": 1663765638, "lastSaleDate": "2022-09-21T14:11:44+00:00"}, "objectID": "11416f4b-42ad-4b28-b495-e92f08133d48"}, {"id": "1ffa9057-ac23-45c8-ab83-9bcafdb9bba3", "uuid": "1ffa9057-ac23-45c8-ab83-9bcafdb9bba3", "brand": "Nike", "colorway": "Cacao Wow/Marina-Rough Green-Pilgrim", "condition": "New", "description": "The upper part of Nike Dunk Low NH Cacao Wow sneakers comprise of leather and a mesh. Hairy suede overlays run from the Nike Dunk Low NH Cacao Wow's upper part down to the heels.\n<br>\n<br>\n\u200b\u200b\u200b\u200b\u200b\u200b\u200bThis sneaker also features sets of aqua-colored beads. The beads are attached to the sneaker's laces. The stitching details advanced by the aqua-colored help in elevating its overall look.\n<br>\n<br>\nNike Dunk Low NH Cacao Wow is categorized under Nike's sports sneakers. This sneaker was released on July 21st, 2022. At the time of its debut, Nike Dunk Low NH Cacao Wow retailed at a price of $120.", "media": {"smallImageUrl": "https://images.stockx.com/images/Nike-Dunk-Low-NH-Cacao-Wow-Product.jpg?fit=fill&bg=FFFFFF&w=300&h=214&fm=webp&auto=compress&trim=color&q=90&dpr=2&updated_at=1656421770", "thumbUrl": "https://images.stockx.com/images/Nike-Dunk-Low-NH-Cacao-Wow-Product.jpg?fit=fill&bg=FFFFFF&w=140&h=100&fm=webp&auto=compress&trim=color&q=90&dpr=2&updated_at=1656421770"}, "productCategory": "sneakers", "releaseDate": "", "retailPrice": 120, "shoe": "Nike Dunk Low NH", "title": "Nike Dunk Low NH Cacao Wow", "urlKey": "nike-dunk-low-nh-cacao-wow", "market": {"lowestAsk": 95, "salesThisPeriod": 36, "salesLastPeriod": 0, "highestBid": 101, "volatility": 0.072958, "deadstockSold": 1063, "pricePremium": -0.192, "averageDeadstockPrice": 111, "lastSale": 97, "changeValue": -2, "changePercentage": -0.020202, "lastLowestAskTime": 1663786596, "lastHighestBidTime": 1663648163, "lastSaleDate": "2022-09-21T21:44:41+00:00"}, "objectID": "1ffa9057-ac23-45c8-ab83-9bcafdb9bba3"}, {"id": "4b510649-48a0-40af-abee-3853251ce9da", "uuid": "4b510649-48a0-40af-abee-3853251ce9da", "brand": "Nike", "colorway": "Black/Goldenrod/White", "condition": "New", "description": "Nodding to the origins of the Nike Dunk, the Nike Dunk Low Goldenrod revives one of the first Dunk Low colorways that first debuted in 1985 as part of the Be True To Your School collection.\n<br>\n<br>\nAlso known as the Dunk Low Iowa, the Nike Dunk Low Goldenrod features a black leather upper with golden yellow overlays and Swooshes. Classic Nike branding on the tongue label and heel tab deliver a retro feel. At the base, a white and yellow Air sole completes the design.\n<br>\n<br>\nThe Nike Dunk Low Goldenrod released in December of 2021 and retailed for $100.", "media": {"smallImageUrl": "https://images.stockx.com/images/Nike-Dunk-Low-Goldenrod-Product.jpg?fit=fill&bg=FFFFFF&w=300&h=214&fm=webp&auto=compress&trim=color&q=90&dpr=2&updated_at=1637177820", "thumbUrl": "https://images.stockx.com/images/Nike-Dunk-Low-Goldenrod-Product.jpg?fit=fill&bg=FFFFFF&w=140&h=100&fm=webp&auto=compress&trim=color&q=90&dpr=2&updated_at=1637177820"}, "productCategory": "sneakers", "releaseDate": "2021-12-16", "retailPrice": 100, "shoe": "Nike Dunk Low", "title": "Nike Dunk Low Championship Goldenrod (2021)", "urlKey": "nike-dunk-low-goldenrod", "market": {"lowestAsk": 136, "salesThisPeriod": 35, "salesLastPeriod": 0, "highestBid": 210, "volatility": 0.113545, "deadstockSold": 23309, "pricePremium": 0.37, "averageDeadstockPrice": 162, "lastSale": 137, "changeValue": 5, "changePercentage": 0.037879, "lastLowestAskTime": 1663443232, "lastHighestBidTime": 1663646806, "lastSaleDate": "2022-09-20T18:57:15+00:00"}, "objectID": "4b510649-48a0-40af-abee-3853251ce9da"}, {"id": "702f3e31-d3c7-4603-8222-6168c0773efb", "uuid": "702f3e31-d3c7-4603-8222-6168c0773efb", "brand": "Nike", "colorway": "Phantom/University Blue-Malachite", "condition": "New", "description": "The women's Nike Dunk Low Disrupt 2 Phantom University Blue (W) features a white woven upper with dark green suede overlays and a University Blue Swoosh embroidery. From there, an overlapping green leather heel wrap and reconstructed woven tongue label complete the design.\n<br>\n<br>\nThe women's Nike Dunk Low Disrupt 2 Phantom University Blue (W) released in February of 2022 and retailed for $110.", "media": {"smallImageUrl": "https://images.stockx.com/images/Nike-Dunk-Low-Disrupt-2-Malachite-W-Product.jpg?fit=fill&bg=FFFFFF&w=300&h=214&fm=webp&auto=compress&trim=color&q=90&dpr=2&updated_at=1643281387", "thumbUrl": "https://images.stockx.com/images/Nike-Dunk-Low-Disrupt-2-Malachite-W-Product.jpg?fit=fill&bg=FFFFFF&w=140&h=100&fm=webp&auto=compress&trim=color&q=90&dpr=2&updated_at=1643281387"}, "productCategory": "sneakers", "releaseDate": "2022-02-03", "retailPrice": 110, "shoe": "Nike Dunk Low Disrupt 2", "title": "Nike Dunk Low Disrupt 2 Phantom University Blue (W)", "urlKey": "nike-dunk-low-disrupt-2-malachite-w", "market": {"lowestAsk": 146, "salesThisPeriod": 35, "salesLastPeriod": 0, "highestBid": 165, "volatility": 0.186747, "deadstockSold": 9210, "pricePremium": 0.345, "averageDeadstockPrice": 190, "lastSale": 148, "changeValue": -15, "changePercentage": -0.092025, "lastLowestAskTime": 1663705108, "lastHighestBidTime": 1663759194, "lastSaleDate": "2022-09-21T12:41:10+00:00"}, "objectID": "702f3e31-d3c7-4603-8222-6168c0773efb"}, {"id": "cdd31f12-69b1-48d5-8fa4-9902c66c19c0", "uuid": "cdd31f12-69b1-48d5-8fa4-9902c66c19c0", "brand": "Nike", "colorway": "Sail/Sanded Gold-Light Madder Root", "condition": "New", "description": "The Nike Dunk Low Retro Sun Club Multi W has white laces and a white tongue.\n<br>\n<br>\nThis model has a tan sole and a white midsole. The body features a white base with patches of many different colors, including pink, orange, blue, and green. An abstract drawing is included on the heel in black. The Nike swoosh symbol appears in bright burnt orange color. Around the laces, there is also orange detailing, which loops back to the heel.\n<br>\n<br>\nThe Nike Dunk Low Retro Sun Club Multi W was first put on the market in July of 2022. It had a starting retail value of $110.", "media": {"smallImageUrl": "https://images.stockx.com/images/Nike-Dunk-Low-Retro-Sun-Club-Multi-W-Product.jpg?fit=fill&bg=FFFFFF&w=300&h=214&fm=webp&auto=compress&trim=color&q=90&dpr=2&updated_at=1653401068", "thumbUrl": "https://images.stockx.com/images/Nike-Dunk-Low-Retro-Sun-Club-Multi-W-Product.jpg?fit=fill&bg=FFFFFF&w=140&h=100&fm=webp&auto=compress&trim=color&q=90&dpr=2&updated_at=1653401068"}, "productCategory": "sneakers", "releaseDate": "", "retailPrice": 110, "shoe": "Nike Dunk Low Retro", "title": "Nike Dunk Low Retro Sun Club Multi (W)", "urlKey": "nike-dunk-low-retro-sun-club-multi-w", "market": {"lowestAsk": 103, "salesThisPeriod": 35, "salesLastPeriod": 0, "highestBid": 135, "volatility": 0.182846, "deadstockSold": 3068, "pricePremium": 0.1, "averageDeadstockPrice": 133, "lastSale": 121, "changeValue": 16, "changePercentage": 0.149329, "lastLowestAskTime": 1663792755, "lastHighestBidTime": 1663540431, "lastSaleDate": "2022-09-21T20:37:55+00:00"}, "objectID": "cdd31f12-69b1-48d5-8fa4-9902c66c19c0"}, {"id": "d0303346-4103-44c0-9384-aefd69fab273", "uuid": "d0303346-4103-44c0-9384-aefd69fab273", "brand": "Nike", "colorway": "Pecan/Sail/Worn Blue/Off Noir", "condition": "New", "description": "", "media": {"smallImageUrl": "https://images.stockx.com/images/Nike-Dunk-High-PRM-Certified-Fresh-Brown.jpg?fit=fill&bg=FFFFFF&w=300&h=214&fm=webp&auto=compress&trim=color&q=90&dpr=2&updated_at=1659687765", "thumbUrl": "https://images.stockx.com/images/Nike-Dunk-High-PRM-Certified-Fresh-Brown.jpg?fit=fill&bg=FFFFFF&w=140&h=100&fm=webp&auto=compress&trim=color&q=90&dpr=2&updated_at=1659687765"}, "productCategory": "sneakers", "releaseDate": "2022-09-09", "retailPrice": 135, "shoe": "Nike Dunk High PRM", "title": "Nike Dunk High PRM Vintage Pecan Sail", "urlKey": "nike-dunk-high-prm-certified-fresh-brown", "market": {"lowestAsk": 123, "salesThisPeriod": 35, "salesLastPeriod": 0, "highestBid": 198, "volatility": 0.161045, "deadstockSold": 349, "pricePremium": -0.111, "averageDeadstockPrice": 143, "lastSale": 120, "changeValue": 5, "changePercentage": 0.043478, "lastLowestAskTime": 1663784454, "lastHighestBidTime": 1663804061, "lastSaleDate": "2022-09-21T23:15:27+00:00"}, "objectID": "d0303346-4103-44c0-9384-aefd69fab273"}, {"id": "4ec6b400-7e3a-45ed-b397-6584f625340a", "uuid": "4ec6b400-7e3a-45ed-b397-6584f625340a", "brand": "Nike", "colorway": "White/Varsity Green-White", "condition": "New", "description": "The Nike Dunk Low Varsity Green is composed of white leather uppers with Varsity Green leather overlays and Swoosh logos. From there, woven retro Nike logo tongue labels and heel embroidery nod to original Dunks from 1985.\n<br>\n<br>\nThe Nike Dunk Low Varsity Green released in June of 2021 and retailed for $100.", "media": {"smallImageUrl": "https://images.stockx.com/images/Nike-Dunk-Low-Team-Green-Product.jpg?fit=fill&bg=FFFFFF&w=300&h=214&fm=webp&auto=compress&trim=color&q=90&dpr=2&updated_at=1646080687", "thumbUrl": "https://images.stockx.com/images/Nike-Dunk-Low-Team-Green-Product.jpg?fit=fill&bg=FFFFFF&w=140&h=100&fm=webp&auto=compress&trim=color&q=90&dpr=2&updated_at=1646080687"}, "productCategory": "sneakers", "releaseDate": "2021-06-03", "retailPrice": 100, "shoe": "Nike Dunk Low", "title": "Nike Dunk Low Michigan State", "urlKey": "nike-dunk-low-varsity-green", "market": {"lowestAsk": 350, "salesThisPeriod": 34, "salesLastPeriod": 0, "highestBid": 485, "volatility": 0.163413, "deadstockSold": 10777, "pricePremium": 2.3, "averageDeadstockPrice": 329, "lastSale": 330, "changeValue": -70, "changePercentage": -0.175, "lastLowestAskTime": 1663796530, "lastHighestBidTime": 1663176200, "lastSaleDate": "2022-09-21T21:41:24+00:00"}, "objectID": "4ec6b400-7e3a-45ed-b397-6584f625340a"}, {"id": "cf524b28-61b5-46c3-8abf-10b808027946", "uuid": "cf524b28-61b5-46c3-8abf-10b808027946", "brand": "Nike", "colorway": "Sail/Coconut Milk-Burnt Orange", "condition": "New", "description": "", "media": {"smallImageUrl": "https://images.stockx.com/images/Nike-Dunk-Low-SE-85-Double-Swoosh-Sail-Orange-W.jpg?fit=fill&bg=FFFFFF&w=300&h=214&fm=webp&auto=compress&trim=color&q=90&dpr=2&updated_at=1659351523", "thumbUrl": "https://images.stockx.com/images/Nike-Dunk-Low-SE-85-Double-Swoosh-Sail-Orange-W.jpg?fit=fill&bg=FFFFFF&w=140&h=100&fm=webp&auto=compress&trim=color&q=90&dpr=2&updated_at=1659351523"}, "productCategory": "sneakers", "releaseDate": "", "retailPrice": 100, "shoe": "Nike Dunk Low SE 85", "title": "Nike Dunk Low SE 85 Double Swoosh Sail Orange (W)", "urlKey": "nike-dunk-low-se-85-double-swoosh-sail-orange-w", "market": {"lowestAsk": 112, "salesThisPeriod": 34, "salesLastPeriod": 0, "highestBid": 143, "volatility": 0.048082, "deadstockSold": 350, "pricePremium": 0.15, "averageDeadstockPrice": 132, "lastSale": 115, "changeValue": -11, "changePercentage": -0.087302, "lastLowestAskTime": 1663751515, "lastHighestBidTime": 1663533343, "lastSaleDate": "2022-09-21T08:13:38+00:00"}, "objectID": "cf524b28-61b5-46c3-8abf-10b808027946"}, {"id": "fb4d029b-a2ef-4aca-911b-f9394055278c", "uuid": "fb4d029b-a2ef-4aca-911b-f9394055278c", "brand": "Nike", "colorway": "White/Archeo Pink", "condition": "New", "description": "The women's Nike Dunk Low Archeo Pink (W) features a white leather upper with Archeo Pink overlays and Swooshes. From there, a matching woven tongue label and sole completes the design.\n<br>\n<br>\nThe women's Nike Dunk Low Archeo Pink (W) released in October of 2021 and retailed for $100.", "media": {"smallImageUrl": "https://images.stockx.com/images/Nike-Dunk-Low-Archeo-Pink-W-Product.jpg?fit=fill&bg=FFFFFF&w=300&h=214&fm=webp&auto=compress&trim=color&q=90&dpr=2&updated_at=1634921107", "thumbUrl": "https://images.stockx.com/images/Nike-Dunk-Low-Archeo-Pink-W-Product.jpg?fit=fill&bg=FFFFFF&w=140&h=100&fm=webp&auto=compress&trim=color&q=90&dpr=2&updated_at=1634921107"}, "productCategory": "sneakers", "releaseDate": "2021-10-23", "retailPrice": 100, "shoe": "Nike Dunk Low", "title": "Nike Dunk Low Archeo Pink (W)", "urlKey": "nike-dunk-low-archeo-pink-w", "market": {"lowestAsk": 182, "salesThisPeriod": 33, "salesLastPeriod": 0, "highestBid": 195, "volatility": 0.073901, "deadstockSold": 16266, "pricePremium": 0.839, "averageDeadstockPrice": 180, "lastSale": 184, "changeValue": 13, "changePercentage": 0.076023, "lastLowestAskTime": 1663743658, "lastHighestBidTime": 1663253009, "lastSaleDate": "2022-09-21T09:39:57+00:00"}, "objectID": "fb4d029b-a2ef-4aca-911b-f9394055278c"}, {"id": "ffc0046c-fd21-4121-aab5-74cc0fd80a23", "uuid": "ffc0046c-fd21-4121-aab5-74cc0fd80a23", "brand": "Nike", "colorway": "Black/Black/White", "condition": "New", "description": "In collaboration with Elissa Steamer's surf and skate brand Gnarhunters, the Nike SB Dunk Low Gnarhunters features a all-black terry cloth and padded nylon construction with removable velcro Swooshes and bungee style cord laces. Gnarhunters taped tongue labels add a DIY feel to the design. From there, a black and light grey Zoom Air sole adds the finishing touch.\n<br>\n<br>\nThe Nike SB Dunk Low Gnarhunters released in March of 2022 and retailed for $120.", "media": {"smallImageUrl": "https://images.stockx.com/images/Nike-SB-Dunk-Low-Gnarhunters-Product.jpg?fit=fill&bg=FFFFFF&w=300&h=214&fm=webp&auto=compress&trim=color&q=90&dpr=2&updated_at=1653983203", "thumbUrl": "https://images.stockx.com/images/Nike-SB-Dunk-Low-Gnarhunters-Product.jpg?fit=fill&bg=FFFFFF&w=140&h=100&fm=webp&auto=compress&trim=color&q=90&dpr=2&updated_at=1653983203"}, "productCategory": "sneakers", "releaseDate": "2022-03-01", "retailPrice": 120, "shoe": "Nike SB Dunk Low", "title": "Nike SB Dunk Low Gnarhunters", "urlKey": "nike-sb-dunk-low-gnarhunters", "market": {"lowestAsk": 156, "salesThisPeriod": 33, "salesLastPeriod": 0, "highestBid": 240, "volatility": 0.193931, "deadstockSold": 2383, "pricePremium": 0.867, "averageDeadstockPrice": 194, "lastSale": 224, "changeValue": 35, "changePercentage": 0.185185, "lastLowestAskTime": 1663511847, "lastHighestBidTime": 1663780287, "lastSaleDate": "2022-09-21T20:21:48+00:00"}, "objectID": "ffc0046c-fd21-4121-aab5-74cc0fd80a23"}, {"id": "c4cb20fb-476a-4e02-b38d-2679ea1b1dd9", "uuid": "c4cb20fb-476a-4e02-b38d-2679ea1b1dd9", "brand": "Nike", "colorway": "Coconut Milk/Seafoam-Yellow Strike", "condition": "New", "description": "The Nike SB Dunk Low Mummy draws inspiration from the Ancient Egyptian mummification process. It features a layered textile upper with cross-stitched detailing and a suede Swoosh overlay. At the heel, eye graphics peek out from underneath the layered textile. A glow-in-the-dark sole and Eye of Horus woven tongue tag completes this Halloween design.\n<br>\n<br>\nThe Nike SB Dunk Low Mummy released in October of 2021 and retailed for $110.", "media": {"smallImageUrl": "https://images.stockx.com/images/Nike-Dunk-SB-Low-Mummy-Product.jpg?fit=fill&bg=FFFFFF&w=300&h=214&fm=webp&auto=compress&trim=color&q=90&dpr=2&updated_at=1634318374", "thumbUrl": "https://images.stockx.com/images/Nike-Dunk-SB-Low-Mummy-Product.jpg?fit=fill&bg=FFFFFF&w=140&h=100&fm=webp&auto=compress&trim=color&q=90&dpr=2&updated_at=1634318374"}, "productCategory": "sneakers", "releaseDate": "2021-10-28", "retailPrice": 110, "shoe": "Nike SB Dunk Low", "title": "Nike SB Dunk Low Mummy", "urlKey": "nike-dunk-sb-low-mummy", "market": {"lowestAsk": 245, "salesThisPeriod": 32, "salesLastPeriod": 0, "highestBid": 655, "volatility": 0.158015, "deadstockSold": 10283, "pricePremium": 5, "averageDeadstockPrice": 453, "lastSale": 660, "changeValue": 378, "changePercentage": 1.34043, "lastLowestAskTime": 1663697647, "lastHighestBidTime": 1663629137, "lastSaleDate": "2022-09-20T18:13:14+00:00"}, "objectID": "c4cb20fb-476a-4e02-b38d-2679ea1b1dd9"}, {"id": "5ad6c7bd-5fb6-4400-851f-c79dfa5c7f8c", "uuid": "5ad6c7bd-5fb6-4400-851f-c79dfa5c7f8c", "brand": "Nike", "colorway": "Dark Driftwood/Photo Blue-Rattan", "condition": "New", "description": "The Nike Dunk Low size Dark Driftwood is one of Nike\u2019s top releases of 2022 .\n<br>\n<br>\nNike Dunk Low size Dark Driftwood is made of leather, cotton, and rubber. It features a dark-brown, smooth leather overlay and a textured brown-gray underlay. It also has a cotton Swoosh in brown. The shoe\u2019s sole is made of rubber, with a white top and a dark gray bottom. Finally, the shoes have a blue Nike logo at the side that\u2019s stitched with black thread and a Nike label at the back.\n<br>\n<br>\nNike Dunk Low size Dark Driftwood was released on March 3, 2022, and retailed\u00a0at $110.", "media": {"smallImageUrl": "https://images.stockx.com/images/Nike-Dunk-Low-size-Dark-Driftwood-Product.jpg?fit=fill&bg=FFFFFF&w=300&h=214&fm=webp&auto=compress&trim=color&q=90&dpr=2&updated_at=1647011714", "thumbUrl": "https://images.stockx.com/images/Nike-Dunk-Low-size-Dark-Driftwood-Product.jpg?fit=fill&bg=FFFFFF&w=140&h=100&fm=webp&auto=compress&trim=color&q=90&dpr=2&updated_at=1647011714"}, "productCategory": "sneakers", "releaseDate": "2022-03-03", "retailPrice": 110, "shoe": "Nike Dunk Low", "title": "Nike Dunk Low size? Dark Driftwood", "urlKey": "nike-dunk-low-size-dark-driftwood", "market": {"lowestAsk": 163, "salesThisPeriod": 32, "salesLastPeriod": 0, "highestBid": 225, "volatility": 0.07251, "deadstockSold": 1428, "pricePremium": 0.499, "averageDeadstockPrice": 253, "lastSale": 165, "changeValue": 4, "changePercentage": 0.024286, "lastLowestAskTime": 1663802286, "lastHighestBidTime": 1661466346, "lastSaleDate": "2022-09-21T21:27:40+00:00"}, "objectID": "5ad6c7bd-5fb6-4400-851f-c79dfa5c7f8c"}, {"id": "fb63ef4b-316c-4cad-8aa6-efa830956969", "uuid": "fb63ef4b-316c-4cad-8aa6-efa830956969", "brand": "Nike", "colorway": "Wheat/Wheat-Sail-Black", "condition": "New", "description": "", "media": {"smallImageUrl": "https://images.stockx.com/images/Nike-Dunk-Low-Quilted-Wheat-W.jpg?fit=fill&bg=FFFFFF&w=300&h=214&fm=webp&auto=compress&trim=color&q=90&dpr=2&updated_at=1658140791", "thumbUrl": "https://images.stockx.com/images/Nike-Dunk-Low-Quilted-Wheat-W.jpg?fit=fill&bg=FFFFFF&w=140&h=100&fm=webp&auto=compress&trim=color&q=90&dpr=2&updated_at=1658140791"}, "productCategory": "sneakers", "releaseDate": "2022-09-20", "retailPrice": 120, "shoe": "Nike Dunk Low", "title": "Nike Dunk Low Quilted Wheat (W)", "urlKey": "nike-dunk-low-quilted-wheat-w", "market": {"lowestAsk": 95, "salesThisPeriod": 31, "salesLastPeriod": 0, "highestBid": 110, "volatility": 0.07968, "deadstockSold": 106, "pricePremium": -0.025, "averageDeadstockPrice": 117, "lastSale": 117, "changeValue": 8, "changePercentage": 0.073394, "lastLowestAskTime": 1663698320, "lastHighestBidTime": 1663687530, "lastSaleDate": "2022-09-20T18:24:14+00:00"}, "objectID": "fb63ef4b-316c-4cad-8aa6-efa830956969"}, {"id": "3b401d58-96a6-4a33-a78c-b5bc9ccef73c", "uuid": "3b401d58-96a6-4a33-a78c-b5bc9ccef73c", "brand": "Nike", "colorway": "Metallic Silver/Off Noir-White-Silver", "condition": "New", "description": "The women's Nike Dunk Low Golden Gals Metallic Silver (W) features a white canvas upper with metallic silver cracked leather overlays and black Swooshes. From there, a woven tongue label and matching sole completes the design.\n<br>\n<br>\nThe women's Nike Dunk Low Golden Gals Metallic Silver (W) released in December of 2021 and retailed for $110.", "media": {"smallImageUrl": "https://images.stockx.com/images/Nike-Dunk-Low-Shimmer-White-Metallic-Silver-W-Product.jpg?fit=fill&bg=FFFFFF&w=300&h=214&fm=webp&auto=compress&trim=color&q=90&dpr=2&updated_at=1634318263", "thumbUrl": "https://images.stockx.com/images/Nike-Dunk-Low-Shimmer-White-Metallic-Silver-W-Product.jpg?fit=fill&bg=FFFFFF&w=140&h=100&fm=webp&auto=compress&trim=color&q=90&dpr=2&updated_at=1634318263"}, "productCategory": "sneakers", "releaseDate": "2021-12-09", "retailPrice": 110, "shoe": "Nike Dunk Low", "title": "Nike Dunk Low Golden Gals Metallic Silver (W)", "urlKey": "nike-dunk-low-shimmer-white-metallic-silver-w", "market": {"lowestAsk": 159, "salesThisPeriod": 31, "salesLastPeriod": 0, "highestBid": 180, "volatility": 0.099264, "deadstockSold": 7699, "pricePremium": 0.755, "averageDeadstockPrice": 164, "lastSale": 193, "changeValue": -15, "changePercentage": -0.076052, "lastLowestAskTime": 1663691160, "lastHighestBidTime": 1663683594, "lastSaleDate": "2022-09-21T01:06:29+00:00"}, "objectID": "3b401d58-96a6-4a33-a78c-b5bc9ccef73c"}, {"id": "8ed5d484-b45f-4123-833a-d69fb2f3baa6", "uuid": "8ed5d484-b45f-4123-833a-d69fb2f3baa6", "brand": "Nike", "colorway": "Pale Ivory/Black", "condition": "New", "description": "With a deconstructed aesthetic, the women's Nike Dunk Low Disrupt 2 Pale Ivory features a white mesh upper with light grey suede overlays and dual embroidered Swooshes. Oversized smooth leather heel shanks and woven tongue labels add a unique twist to the classic design. From there, a matching EVA foam sole adds the finishing touch.\n<br>\n<br>\nThe women's Nike Dunk Low Disrupt 2 Pale Ivory released in May of 2022 and retailed for $110.", "media": {"smallImageUrl": "https://images.stockx.com/images/Nike-Dunk-Low-Disrupt-2-Pale-Ivory-Black-W-Product.jpg?fit=fill&bg=FFFFFF&w=300&h=214&fm=webp&auto=compress&trim=color&q=90&dpr=2&updated_at=1652120947", "thumbUrl": "https://images.stockx.com/images/Nike-Dunk-Low-Disrupt-2-Pale-Ivory-Black-W-Product.jpg?fit=fill&bg=FFFFFF&w=140&h=100&fm=webp&auto=compress&trim=color&q=90&dpr=2&updated_at=1652120947"}, "productCategory": "sneakers", "releaseDate": "2022-05-01", "retailPrice": 110, "shoe": "Nike Dunk Low Disrupt 2", "title": "Nike Dunk Low Disrupt 2 Pale Ivory Black (W)", "urlKey": "nike-dunk-low-disrupt-2-pale-ivory-black-w", "market": {"lowestAsk": 190, "salesThisPeriod": 31, "salesLastPeriod": 0, "highestBid": 290, "volatility": 0.143825, "deadstockSold": 6166, "pricePremium": 1.644, "averageDeadstockPrice": 176, "lastSale": 291, "changeValue": -2, "changePercentage": -0.010109, "lastLowestAskTime": 1663766645, "lastHighestBidTime": 1663618969, "lastSaleDate": "2022-09-21T08:54:56+00:00"}, "objectID": "8ed5d484-b45f-4123-833a-d69fb2f3baa6"}, {"id": "b3162162-99ff-4e29-a494-933e04bd7b97", "uuid": "b3162162-99ff-4e29-a494-933e04bd7b97", "brand": "Nike", "colorway": "White/Light Smoke Grey-Black", "condition": "New", "description": "The Nike Dunk Low Light Smoke Grey (Women's) is part of Nike\u2019s large collection of Dunk sneakers and is designed in the DD1503-117 style.\n<br>\n<br>\nThe sneaker is decorated in the White/Light Smoke Grey/Black colorway, with the upper fully constructed of leather. The Light Smoke Grey highlighting on the overlays pairs nicely with the shoe\u2019s white base. The Nike's Swooshes, heel tabs, and laces are all black, while the heels have gray embroidery. The sneaker\u2019s white midsoles provide contrast to the gray rubber outsoles.\n<br>\n<br>\nThe Nike Dunk Low Light Smoke Grey (Women's) debuted in May of 2022 at a retail price of $100.", "media": {"smallImageUrl": "https://images.stockx.com/images/Nike-Dunk-Low-Light-Smoke-Grey-W-Product.jpg?fit=fill&bg=FFFFFF&w=300&h=214&fm=webp&auto=compress&trim=color&q=90&dpr=2&updated_at=1653401043", "thumbUrl": "https://images.stockx.com/images/Nike-Dunk-Low-Light-Smoke-Grey-W-Product.jpg?fit=fill&bg=FFFFFF&w=140&h=100&fm=webp&auto=compress&trim=color&q=90&dpr=2&updated_at=1653401043"}, "productCategory": "sneakers", "releaseDate": "2022-05-01", "retailPrice": 100, "shoe": "Nike Dunk Low", "title": "Nike Dunk Low Light Smoke Grey (W)", "urlKey": "nike-dunk-low-light-smoke-grey-w", "market": {"lowestAsk": 201, "salesThisPeriod": 31, "salesLastPeriod": 0, "highestBid": 281, "volatility": 0.172409, "deadstockSold": 2948, "pricePremium": 0.911, "averageDeadstockPrice": 185, "lastSale": 191, "changeValue": 8, "changePercentage": 0.042471, "lastLowestAskTime": 1663695973, "lastHighestBidTime": 1662924583, "lastSaleDate": "2022-09-21T19:03:21+00:00"}, "objectID": "b3162162-99ff-4e29-a494-933e04bd7b97"}, {"id": "ea2a6baf-3292-420c-94f1-6d05ccf54b5a", "uuid": "ea2a6baf-3292-420c-94f1-6d05ccf54b5a", "brand": "Nike", "colorway": "White/Light Pink-Grey", "condition": "New", "description": "Constructed of 50% recycled materials, the women's Nike Dunk Low Next Nature Pale Coral (W) features a white Flyleather upper with Pale Coral overlays and Swooshes. From there, matching soles and woven tongue labels complete the design.\n<br>\n<br>\nThe women's Nike Dunk Low Next Nature Pale Coral (W) released in November of 2021 and retailed for $100.", "media": {"smallImageUrl": "https://images.stockx.com/images/Nike-Dunk-Low-Move-To-Zero-Pale-Coral-W-Product.jpg?fit=fill&bg=FFFFFF&w=300&h=214&fm=webp&auto=compress&trim=color&q=90&dpr=2&updated_at=1636482340", "thumbUrl": "https://images.stockx.com/images/Nike-Dunk-Low-Move-To-Zero-Pale-Coral-W-Product.jpg?fit=fill&bg=FFFFFF&w=140&h=100&fm=webp&auto=compress&trim=color&q=90&dpr=2&updated_at=1636482340"}, "productCategory": "sneakers", "releaseDate": "2021-11-03", "retailPrice": 100, "shoe": "Nike Dunk Low", "title": "Nike Dunk Low Next Nature Pale Coral (W)", "urlKey": "nike-dunk-low-move-to-zero-pale-coral-w", "market": {"lowestAsk": 170, "salesThisPeriod": 30, "salesLastPeriod": 0, "highestBid": 180, "volatility": 0.068373, "deadstockSold": 15798, "pricePremium": 0.83, "averageDeadstockPrice": 168, "lastSale": 183, "changeValue": -11, "changePercentage": -0.059931, "lastLowestAskTime": 1663702483, "lastHighestBidTime": 1663681987, "lastSaleDate": "2022-09-21T22:05:39+00:00"}, "objectID": "ea2a6baf-3292-420c-94f1-6d05ccf54b5a"}, {"id": "84e43608-e389-4e25-abd3-cf8d094fec3f", "uuid": "84e43608-e389-4e25-abd3-cf8d094fec3f", "brand": "Nike", "colorway": "White/Sail-Grey", "condition": "New", "description": "The women's Nike Dunk Low Next Nature Sail is constructed of 50% recycled materials. Two-tone black and white Flyleather composes the upper in a simple, color blocked look similar to some of the most popular Dunks to release. From there, matching soles and woven tongue labels add a finishing touch.\n<br>\n<br>\nThe women's Nike Dunk Low Next Nature Sail released in November of 2021 and retailed for $100.", "media": {"smallImageUrl": "https://images.stockx.com/images/Nike-Dunk-Low-Move-To-Zero-Sail-W-Product.jpg?fit=fill&bg=FFFFFF&w=300&h=214&fm=webp&auto=compress&trim=color&q=90&dpr=2&updated_at=1646406397", "thumbUrl": "https://images.stockx.com/images/Nike-Dunk-Low-Move-To-Zero-Sail-W-Product.jpg?fit=fill&bg=FFFFFF&w=140&h=100&fm=webp&auto=compress&trim=color&q=90&dpr=2&updated_at=1646406397"}, "productCategory": "sneakers", "releaseDate": "2021-11-03", "retailPrice": 100, "shoe": "Nike Dunk Low", "title": "Nike Dunk Low Next Nature Sail (W)", "urlKey": "nike-dunk-low-move-to-zero-sail-w", "market": {"lowestAsk": 149, "salesThisPeriod": 30, "salesLastPeriod": 0, "highestBid": 163, "volatility": 0.041103, "deadstockSold": 9834, "pricePremium": 0.73, "averageDeadstockPrice": 157, "lastSale": 173, "changeValue": 4, "changePercentage": 0.023669, "lastLowestAskTime": 1663664499, "lastHighestBidTime": 1663020213, "lastSaleDate": "2022-09-21T17:38:54+00:00"}, "objectID": "84e43608-e389-4e25-abd3-cf8d094fec3f"}, {"id": "0bcd34cf-5d36-4913-be20-314cd98fa8ce", "uuid": "0bcd34cf-5d36-4913-be20-314cd98fa8ce", "brand": "Nike", "colorway": "White/Green Apple", "condition": "New", "description": "As part of the 2022 Nike SB Fruit Pack, the Nike SB Dunk Low Green Apple features an off-white tumbled leather upper with suede candy apple green overlays and Swooshes. On the inside face of the tongue, a woven label depicting a cartoon-style apple character adds a playful look to the silhouette. From there, a cushioned Zoom Air sole completes the design.\n<br>\n<br>\nThe Nike SB Dunk Low Green Apple released in June of 2022 and retailed for $110.", "media": {"smallImageUrl": "https://images.stockx.com/images/Nike-SB-Dunk-Low-Green-Apple-Product.jpg?fit=fill&bg=FFFFFF&w=300&h=214&fm=webp&auto=compress&trim=color&q=90&dpr=2&updated_at=1653041600", "thumbUrl": "https://images.stockx.com/images/Nike-SB-Dunk-Low-Green-Apple-Product.jpg?fit=fill&bg=FFFFFF&w=140&h=100&fm=webp&auto=compress&trim=color&q=90&dpr=2&updated_at=1653041600"}, "productCategory": "sneakers", "releaseDate": "", "retailPrice": 110, "shoe": "Nike SB Dunk Low", "title": "Nike SB Dunk Low Green Apple", "urlKey": "nike-sb-dunk-low-green-apple", "market": {"lowestAsk": 249, "salesThisPeriod": 30, "salesLastPeriod": 0, "highestBid": 285, "volatility": 0.114978, "deadstockSold": 3580, "pricePremium": 1.266, "averageDeadstockPrice": 239, "lastSale": 249, "changeValue": -45, "changePercentage": -0.154941, "lastLowestAskTime": 1663764008, "lastHighestBidTime": 1663733568, "lastSaleDate": "2022-09-21T18:49:19+00:00"}, "objectID": "0bcd34cf-5d36-4913-be20-314cd98fa8ce"}, {"id": "eb14d719-3aec-409d-8dc6-eac60e505285", "uuid": "eb14d719-3aec-409d-8dc6-eac60e505285", "brand": "Nike", "colorway": "Burgundy Crush/Team Red", "condition": "New", "description": "As part of the 2022 Nike SB Fruit Pack, the Nike SB Dunk Low Cherry features a Team Red tumbled leather upper with dark maroon suede overlays and burgundy Swooshes. On the inside face of the tongue, a woven label depicting a cartoon-style cherry character adds a playful look to the silhouette. At the base, a cushioned Zoom Air sole offers comfort and support.\n<br>\n<br>\nThe Nike SB Dunk Low Cherry released in June of 2022 and retailed for $110.", "media": {"smallImageUrl": "https://images.stockx.com/images/Nike-SB-Dunk-Low-Cherry-Product.jpg?fit=fill&bg=FFFFFF&w=300&h=214&fm=webp&auto=compress&trim=color&q=90&dpr=2&updated_at=1653401190", "thumbUrl": "https://images.stockx.com/images/Nike-SB-Dunk-Low-Cherry-Product.jpg?fit=fill&bg=FFFFFF&w=140&h=100&fm=webp&auto=compress&trim=color&q=90&dpr=2&updated_at=1653401190"}, "productCategory": "sneakers", "releaseDate": "", "retailPrice": 110, "shoe": "Nike SB Dunk Low", "title": "Nike SB Dunk Low Cherry", "urlKey": "nike-sb-dunk-low-cherry", "market": {"lowestAsk": 155, "salesThisPeriod": 30, "salesLastPeriod": 0, "highestBid": 235, "volatility": 0.101134, "deadstockSold": 3572, "pricePremium": 0.409, "averageDeadstockPrice": 187, "lastSale": 155, "changeValue": -32, "changePercentage": -0.174277, "lastLowestAskTime": 1663775572, "lastHighestBidTime": 1663777344, "lastSaleDate": "2022-09-21T19:08:18+00:00"}, "objectID": "eb14d719-3aec-409d-8dc6-eac60e505285"}, {"id": "b81e66e4-daa6-4b61-9781-aada6ae7e906", "uuid": "b81e66e4-daa6-4b61-9781-aada6ae7e906", "brand": "Nike", "colorway": "Medium Blue/White-Midnight Navy", "condition": "New", "description": "Sporting a two-tone Medium Blue Midnight Navy colorway is the Nike Dunk High Obsidian basketball high-top turned lifestyle sneaker.\n<br>\n<br>\nThe Nike Dunk\u00a0High Obsidian silhouette boasts blue leather overlays with an obsidian-colored base. Both blue tones are brought together in harmonious fashion. For contrast, the shoe construction features a nylon tongue, a light blue outsole, laces, and midsole, and white Swooshes. To complete the design is an ultra-dark blue tumbled leather toebox, collar flaps, and leather mudguards in royal blue, including heels and heel tabs.\n<br>\n<br>\nThe Nike Dunk High Obsidian pair was released in May 2022, retailing at $110.", "media": {"smallImageUrl": "https://images.stockx.com/images/Nike-Dunk-High-Obsidian.jpg?fit=fill&bg=FFFFFF&w=300&h=214&fm=webp&auto=compress&trim=color&q=90&dpr=2&updated_at=1655283718", "thumbUrl": "https://images.stockx.com/images/Nike-Dunk-High-Obsidian.jpg?fit=fill&bg=FFFFFF&w=140&h=100&fm=webp&auto=compress&trim=color&q=90&dpr=2&updated_at=1655283718"}, "productCategory": "sneakers", "releaseDate": "2022-05-01", "retailPrice": 110, "shoe": "Nike Dunk High", "title": "Nike Dunk High Medium Blue Midnight Navy", "urlKey": "nike-dunk-high-obsidian", "market": {"lowestAsk": 88, "salesThisPeriod": 30, "salesLastPeriod": 0, "highestBid": 146, "volatility": 0.104043, "deadstockSold": 1483, "pricePremium": -0.2, "averageDeadstockPrice": 105, "lastSale": 88, "changeValue": -30, "changePercentage": -0.255439, "lastLowestAskTime": 1663732898, "lastHighestBidTime": 1663740991, "lastSaleDate": "2022-09-21T23:51:24+00:00"}, "objectID": "b81e66e4-daa6-4b61-9781-aada6ae7e906"}, {"id": "71c8bb68-223b-4a83-a054-f5a2f2b862d8", "uuid": "71c8bb68-223b-4a83-a054-f5a2f2b862d8", "brand": "Nike", "colorway": "White/Cargo Khaki", "condition": "New", "description": "Initially designed with basketball in mind, the Nike Dunk High Cargo Khaki (GS) for grade schoolers provides plenty of support for your feet, making it also a convenient option for everyday life.\n<br>\n<br>\nThis unique reimagination of the classic Nike high-top design features khaki and white leather. The Nike swoosh symbol appears in khaki, with the laces appearing just above in the exact same shade. You will see that the heel has strips of both white and khaki that overlap.\n<br>\n<br>\nThe Nike Dunk High Cargo Khaki (GS) for grade schoolers for grade schoolers had an initial release date in June of 2022. The first retail price for this pair of shoes was $115.", "media": {"smallImageUrl": "https://images.stockx.com/images/Nike-Dunk-High-Cargo-Khaki-GS-Product.jpg?fit=fill&bg=FFFFFF&w=300&h=214&fm=webp&auto=compress&trim=color&q=90&dpr=2&updated_at=1648503904", "thumbUrl": "https://images.stockx.com/images/Nike-Dunk-High-Cargo-Khaki-GS-Product.jpg?fit=fill&bg=FFFFFF&w=140&h=100&fm=webp&auto=compress&trim=color&q=90&dpr=2&updated_at=1648503904"}, "productCategory": "sneakers", "releaseDate": "2022-04-01", "retailPrice": 90, "shoe": "Nike Dunk High Retro", "title": "Nike Dunk High Retro Cargo Khaki (GS)", "urlKey": "nike-dunk-high-cargo-khaki-gs", "market": {"lowestAsk": 92, "salesThisPeriod": 29, "salesLastPeriod": 0, "highestBid": 105, "volatility": 0.144857, "deadstockSold": 4690, "pricePremium": 0.357, "averageDeadstockPrice": 121, "lastSale": 122, "changeValue": -14, "changePercentage": -0.108695, "lastLowestAskTime": 1663299309, "lastHighestBidTime": 1663512848, "lastSaleDate": "2022-09-21T19:20:33+00:00"}, "objectID": "71c8bb68-223b-4a83-a054-f5a2f2b862d8"}, {"id": "4f9edc5e-17ab-4afb-b82e-13fffcaf8e6b", "uuid": "4f9edc5e-17ab-4afb-b82e-13fffcaf8e6b", "brand": "Nike", "colorway": "White/University Blue-White", "condition": "New", "description": "Nodding to the University of North Carolina Tarheels, the Nike Dunk Low UNC is constructed of a white leather upper with University Blue overlays and Swooshes. From there, a white and University woven Nike tongue label completes the design.\n<br>\n<br>\nThe Nike Dunk Low UNC released in June of 2021 and retailed for $100.", "media": {"smallImageUrl": "https://images.stockx.com/images/Nike-Dunk-Low-UNC-2021-Product.jpg?fit=fill&bg=FFFFFF&w=300&h=214&fm=webp&auto=compress&trim=color&q=90&dpr=2&updated_at=1624468252", "thumbUrl": "https://images.stockx.com/images/Nike-Dunk-Low-UNC-2021-Product.jpg?fit=fill&bg=FFFFFF&w=140&h=100&fm=webp&auto=compress&trim=color&q=90&dpr=2&updated_at=1624468252"}, "productCategory": "sneakers", "releaseDate": "2021-06-24", "retailPrice": 100, "shoe": "Nike Dunk Low", "title": "Nike Dunk Low UNC (2021)", "urlKey": "nike-dunk-low-unc-2021", "market": {"lowestAsk": 299, "salesThisPeriod": 28, "salesLastPeriod": 0, "highestBid": 439, "volatility": 0.10927, "deadstockSold": 10596, "pricePremium": 3.506, "averageDeadstockPrice": 373, "lastSale": 451, "changeValue": 80, "changePercentage": 0.215695, "lastLowestAskTime": 1663676181, "lastHighestBidTime": 1663458289, "lastSaleDate": "2022-09-20T11:26:58+00:00"}, "objectID": "4f9edc5e-17ab-4afb-b82e-13fffcaf8e6b"}, {"id": "cf4f6bf9-ad2a-4cde-a357-b4e7913a097b", "uuid": "cf4f6bf9-ad2a-4cde-a357-b4e7913a097b", "brand": "Nike", "colorway": "White/Barley-White", "condition": "New", "description": "The Nike Dunk Low Essential Paisley Pack Barley also has a white tongue and white shoelaces. The shoe\u2019s logo is printed on the tongue in a barley color.\n<br>\n<br>\nThis stylish take on a classic model has a barley-colored sole with a white midsole and a white base. The upper part of the shoe has patches of barley-colored leather, with the swoosh symbol featuring a barley paisley pattern. The model has the iconic Nike perforated toebox.\n<br>\n<br>\nThe Nike Dunk Low Essential Paisley Pack Barley was first introduced in July of 2022. This shoe model had a starting price of $120.", "media": {"smallImageUrl": "https://images.stockx.com/images/Nike-Dunk-Low-Essential-Paisley-Pack-Barley-Product.jpg?fit=fill&bg=FFFFFF&w=300&h=214&fm=webp&auto=compress&trim=color&q=90&dpr=2&updated_at=1651610568", "thumbUrl": "https://images.stockx.com/images/Nike-Dunk-Low-Essential-Paisley-Pack-Barley-Product.jpg?fit=fill&bg=FFFFFF&w=140&h=100&fm=webp&auto=compress&trim=color&q=90&dpr=2&updated_at=1651610568"}, "productCategory": "sneakers", "releaseDate": "2022-05-01", "retailPrice": 120, "shoe": "Nike Dunk Low Essential", "title": "Nike Dunk Low Essential Paisley Pack Barley (W)", "urlKey": "nike-dunk-low-essential-paisley-pack-barley", "market": {"lowestAsk": 115, "salesThisPeriod": 28, "salesLastPeriod": 0, "highestBid": 176, "volatility": 0.106795, "deadstockSold": 2934, "pricePremium": 0.467, "averageDeadstockPrice": 143, "lastSale": 176, "changeValue": 31, "changePercentage": 0.213793, "lastLowestAskTime": 1663633302, "lastHighestBidTime": 1663797598, "lastSaleDate": "2022-09-21T21:59:11+00:00"}, "objectID": "cf4f6bf9-ad2a-4cde-a357-b4e7913a097b"}, {"id": "fa390fe5-74eb-4aa3-b462-d0a8dd801c2a", "uuid": "fa390fe5-74eb-4aa3-b462-d0a8dd801c2a", "brand": "Nike", "colorway": "Black/Off Noir/White", "condition": "New", "description": "", "media": {"smallImageUrl": "https://images.stockx.com/images/Nike-Dunk-Low-Black-White-2022-GS.jpg?fit=fill&bg=FFFFFF&w=300&h=214&fm=webp&auto=compress&trim=color&q=90&dpr=2&updated_at=1657655877", "thumbUrl": "https://images.stockx.com/images/Nike-Dunk-Low-Black-White-2022-GS.jpg?fit=fill&bg=FFFFFF&w=140&h=100&fm=webp&auto=compress&trim=color&q=90&dpr=2&updated_at=1657655877"}, "productCategory": "sneakers", "releaseDate": "2022-07-12", "retailPrice": 90, "shoe": "Nike Dunk Low", "title": "Nike Dunk Low Black White (2022) (GS)", "urlKey": "nike-dunk-low-black-white-2022-gs", "market": {"lowestAsk": 75, "salesThisPeriod": 28, "salesLastPeriod": 0, "highestBid": 80, "volatility": 0.046923, "deadstockSold": 625, "pricePremium": -0.056, "averageDeadstockPrice": 93, "lastSale": 85, "changeValue": 5, "changePercentage": 0.0625, "lastLowestAskTime": 1663618202, "lastHighestBidTime": 1663722453, "lastSaleDate": "2022-09-21T15:57:35+00:00"}, "objectID": "fa390fe5-74eb-4aa3-b462-d0a8dd801c2a"}, {"id": "7082ae69-c194-4d44-909a-9100ee0b3918", "uuid": "7082ae69-c194-4d44-909a-9100ee0b3918", "brand": "Nike", "colorway": "White/Green Glow-Sunset Pulse", "condition": "New", "description": "The women's Nike Dunk Low SE Easter Candy (W) features a white leather upper with asymmetrical multi-colored overlays. A white and light yellow sole with multicolor speckle details completes the design.\n\nThe women's Nike Dunk Low SE Easter Candy (W) released in June of 2021 and retailed for $110.", "media": {"smallImageUrl": "https://images.stockx.com/images/Nike-Dunk-Low-SE-Easter-W-Product.jpg?fit=fill&bg=FFFFFF&w=300&h=214&fm=webp&auto=compress&trim=color&q=90&dpr=2&updated_at=1620407163", "thumbUrl": "https://images.stockx.com/images/Nike-Dunk-Low-SE-Easter-W-Product.jpg?fit=fill&bg=FFFFFF&w=140&h=100&fm=webp&auto=compress&trim=color&q=90&dpr=2&updated_at=1620407163"}, "productCategory": "sneakers", "releaseDate": "2021-06-25", "retailPrice": 110, "shoe": "Nike Dunk Low SE", "title": "Nike Dunk Low SE Easter Candy (W)", "urlKey": "nike-dunk-low-se-easter-w", "market": {"lowestAsk": 141, "salesThisPeriod": 27, "salesLastPeriod": 0, "highestBid": 275, "volatility": 0.182584, "deadstockSold": 10196, "pricePremium": 2.082, "averageDeadstockPrice": 187, "lastSale": 339, "changeValue": 94, "changePercentage": 0.383673, "lastLowestAskTime": 1663736730, "lastHighestBidTime": 1663575120, "lastSaleDate": "2022-09-20T21:50:31+00:00"}, "objectID": "7082ae69-c194-4d44-909a-9100ee0b3918"}, {"id": "a7da019a-87c6-4046-a36d-5e26c6bf57a1", "uuid": "a7da019a-87c6-4046-a36d-5e26c6bf57a1", "brand": "Nike", "colorway": "Cloud Grey/Rush Blue-Team Orange-White", "condition": "New", "description": "The Nike SB Dunk High New York Mets is a skateboarding sneaker that sports a Cloud Gray/Rush Blue/Team Orange colorway inspired by the away uniform of the New York Mets.\n<br>\n<br>\nThe gray mesh upper features suede gray overlays and a blue swoosh with an orange outline. A 7 ( a nod to the NY train) and an apple ( a nod to the home run apple that pops up in Citi Field) appear on the inside tongue tags. The midsole of the Nike SB Dunk High New York Mets is white and the outsole is gum and blue with some pink, as a nod to ballplayers chewing gum.\n<br>\n<br>\u00a0\nThe Nike SB Dunk High New York Mets were released on July 26, 2022 for $125 retail.", "media": {"smallImageUrl": "https://images.stockx.com/images/Nike-SB-Dunk-High-New-York-Mets-Product.jpg?fit=fill&bg=FFFFFF&w=300&h=214&fm=webp&auto=compress&trim=color&q=90&dpr=2&updated_at=1654859103", "thumbUrl": "https://images.stockx.com/images/Nike-SB-Dunk-High-New-York-Mets-Product.jpg?fit=fill&bg=FFFFFF&w=140&h=100&fm=webp&auto=compress&trim=color&q=90&dpr=2&updated_at=1654859103"}, "productCategory": "sneakers", "releaseDate": "2022-06-01", "retailPrice": 120, "shoe": "Nike SB Dunk High", "title": "Nike SB Dunk High New York Mets", "urlKey": "nike-sb-dunk-high-new-york-mets", "market": {"lowestAsk": 110, "salesThisPeriod": 26, "salesLastPeriod": 0, "highestBid": 181, "volatility": 0.18102, "deadstockSold": 3145, "pricePremium": -0.017, "averageDeadstockPrice": 164, "lastSale": 118, "changeValue": -7, "changePercentage": -0.05731, "lastLowestAskTime": 1663396759, "lastHighestBidTime": 1663461473, "lastSaleDate": "2022-09-21T08:45:28+00:00"}, "objectID": "a7da019a-87c6-4046-a36d-5e26c6bf57a1"}, {"id": "80aed0e6-05b4-4815-aa36-6988d76e73bf", "uuid": "80aed0e6-05b4-4815-aa36-6988d76e73bf", "brand": "Nike", "colorway": "Orange/Yellow/White", "condition": "New", "description": "As part of the 2022 Nike SB Fruit Pack, the Nike SB Dunk High Pineapple features a pale yellow cracked leather upper with golden yellow suede overlays and bright yellow Swooshes. On the inside face of the tongue, a woven label depicting a cartoon-style pineapple character adds a playful look to the silhouette. At the base, a cushioned Zoom Air sole completes the design.\n<br>\n<br>\nThe Nike SB Dunk High Pineapple released in June of 2022 and retailed for $120.", "media": {"smallImageUrl": "https://images.stockx.com/images/Nike-SB-Dunk-High-Pineapple-Product.jpg?fit=fill&bg=FFFFFF&w=300&h=214&fm=webp&auto=compress&trim=color&q=90&dpr=2&updated_at=1654606600", "thumbUrl": "https://images.stockx.com/images/Nike-SB-Dunk-High-Pineapple-Product.jpg?fit=fill&bg=FFFFFF&w=140&h=100&fm=webp&auto=compress&trim=color&q=90&dpr=2&updated_at=1654606600"}, "productCategory": "sneakers", "releaseDate": "", "retailPrice": 120, "shoe": "Nike SB Dunk High", "title": "Nike SB Dunk High Pineapple", "urlKey": "nike-sb-dunk-high-pineapple", "market": {"lowestAsk": 122, "salesThisPeriod": 26, "salesLastPeriod": 0, "highestBid": 160, "volatility": 0.112619, "deadstockSold": 1488, "pricePremium": 0.417, "averageDeadstockPrice": 157, "lastSale": 170, "changeValue": -19, "changePercentage": -0.100529, "lastLowestAskTime": 1663674308, "lastHighestBidTime": 1663727063, "lastSaleDate": "2022-09-21T02:09:53+00:00"}, "objectID": "80aed0e6-05b4-4815-aa36-6988d76e73bf"}, {"id": "f5b056e8-962a-4af9-ad97-cb1fa8001d56", "uuid": "f5b056e8-962a-4af9-ad97-cb1fa8001d56", "brand": "Nike", "colorway": "Sequoia/Orange-Medium Olive-Sail", "condition": "New", "description": "The Nike Dunk Low Next Nature Toasty Sequoia features a dark olive quilted construction made up of 100% recycled polyester. Hits of sharp orange on the smooth leather Swoosh and heel patch add a striking contrast to its muted base. From there, a fleece lined interior offers a winterized feel.\n<br>\n<br>\nThe Nike Dunk Low Next Nature Toasty Sequoia released in May of 2022 and retailed for $110.", "media": {"smallImageUrl": "https://images.stockx.com/images/Nike-Dunk-Low-Retro-NN-Toasty-Sequoia-Product.jpg?fit=fill&bg=FFFFFF&w=300&h=214&fm=webp&auto=compress&trim=color&q=90&dpr=2&updated_at=1637089196", "thumbUrl": "https://images.stockx.com/images/Nike-Dunk-Low-Retro-NN-Toasty-Sequoia-Product.jpg?fit=fill&bg=FFFFFF&w=140&h=100&fm=webp&auto=compress&trim=color&q=90&dpr=2&updated_at=1637089196"}, "productCategory": "sneakers", "releaseDate": "2022-05-10", "retailPrice": 110, "shoe": "Nike Dunk Low Retro", "title": "Nike Dunk Low Retro Next Nature Sequoia", "urlKey": "nike-dunk-low-retro-nn-toasty-sequoia", "market": {"lowestAsk": 100, "salesThisPeriod": 25, "salesLastPeriod": 0, "highestBid": 135, "volatility": 0.163682, "deadstockSold": 5261, "pricePremium": -0.091, "averageDeadstockPrice": 138, "lastSale": 100, "changeValue": -65, "changePercentage": -0.393939, "lastLowestAskTime": 1663801062, "lastHighestBidTime": 1663719956, "lastSaleDate": "2022-09-21T22:02:37+00:00"}, "objectID": "f5b056e8-962a-4af9-ad97-cb1fa8001d56"}, {"id": "80b49526-6eba-4537-b126-2fe295bf6f53", "uuid": "80b49526-6eba-4537-b126-2fe295bf6f53", "brand": "Nike", "colorway": "Summit White/Bright Spruce", "condition": "New", "description": "The women's exclusive Nike Dunk Low Ocean (W) boasts a white tumbled leather upper with glossy Deep Blue textured overlays that are representative of the waves in the ocean. At the base, a tonal blue marbled, semi-translucent outsole adds the finishing touch.\n<br>\n<br>\nThe women's Nike Dunk Low Ocean (W) released in May of 2022 and retailed for $110.", "media": {"smallImageUrl": "https://images.stockx.com/images/Nike-Dunk-Low-Ocean-W-Product.jpg?fit=fill&bg=FFFFFF&w=300&h=214&fm=webp&auto=compress&trim=color&q=90&dpr=2&updated_at=1652283567", "thumbUrl": "https://images.stockx.com/images/Nike-Dunk-Low-Ocean-W-Product.jpg?fit=fill&bg=FFFFFF&w=140&h=100&fm=webp&auto=compress&trim=color&q=90&dpr=2&updated_at=1652283567"}, "productCategory": "sneakers", "releaseDate": "2022-05-01", "retailPrice": 100, "shoe": "Nike Dunk Low", "title": "Nike Dunk Low Ocean (W)", "urlKey": "nike-dunk-low-ocean-w", "market": {"lowestAsk": 139, "salesThisPeriod": 25, "salesLastPeriod": 0, "highestBid": 236, "volatility": 0.256392, "deadstockSold": 2515, "pricePremium": 0.37, "averageDeadstockPrice": 184, "lastSale": 137, "changeValue": -39, "changePercentage": -0.225065, "lastLowestAskTime": 1663775124, "lastHighestBidTime": 1663030807, "lastSaleDate": "2022-09-21T15:32:22+00:00"}, "objectID": "80b49526-6eba-4537-b126-2fe295bf6f53"}, {"id": "71796eae-88f9-41af-b926-17b2e81d6764", "uuid": "71796eae-88f9-41af-b926-17b2e81d6764", "brand": "Nike", "colorway": "Sail/Starfish/Black", "condition": "New", "description": "The Nike Dunk Low Halloween 2021 (GS) for grade schoolers for grade schoolers is a redesigned edition of the classic Nike Dunk Low, released in the period preceding Halloween.\n<br>\n<br>\nA product of creative designers, this colorway features a white leather base upper contrasted by black overlays with glow-in-the-dark graphics. It also features a Starfish Orange Nike Swoosh, a translucent rubber outsole with a luminescent finish, and engraved Nike word marks on its heel tab and tongue tag. Additionally, it boasts an Orange insole with a Spider graphic and Nike logo.\n<br>\n<br>\nThe Nike Dunk Low Halloween 2021 (GS) for grade schoolers was released on 1st April 2022. At the time of its release, it had a retail price of $95.", "media": {"smallImageUrl": "https://images.stockx.com/images/Nike-Dunk-Low-Halloween-2021-GS-Product.jpg?fit=fill&bg=FFFFFF&w=300&h=214&fm=webp&auto=compress&trim=color&q=90&dpr=2&updated_at=1636143928", "thumbUrl": "https://images.stockx.com/images/Nike-Dunk-Low-Halloween-2021-GS-Product.jpg?fit=fill&bg=FFFFFF&w=140&h=100&fm=webp&auto=compress&trim=color&q=90&dpr=2&updated_at=1636143928"}, "productCategory": "sneakers", "releaseDate": "2022-04-01", "retailPrice": 95, "shoe": "Nike Dunk Low PRM", "title": "Nike Dunk Low PRM Halloween (2021) (GS)", "urlKey": "nike-dunk-low-halloween-2021-gs", "market": {"lowestAsk": 125, "salesThisPeriod": 24, "salesLastPeriod": 0, "highestBid": 151, "volatility": 0.071916, "deadstockSold": 7323, "pricePremium": 0.537, "averageDeadstockPrice": 155, "lastSale": 146, "changeValue": -12, "changePercentage": -0.075949, "lastLowestAskTime": 1663561003, "lastHighestBidTime": 1663657225, "lastSaleDate": "2022-09-20T04:35:17+00:00"}, "objectID": "71796eae-88f9-41af-b926-17b2e81d6764"}, {"id": "bdbb01e4-e019-4597-9ab7-22221c6ececa", "uuid": "bdbb01e4-e019-4597-9ab7-22221c6ececa", "brand": "Nike", "colorway": "White/Light Thistle/Lapis", "condition": "New", "description": "", "media": {"smallImageUrl": "https://images.stockx.com/images/Nike-Dunk-Low-Blueberry-GS.jpg?fit=fill&bg=FFFFFF&w=300&h=214&fm=webp&auto=compress&trim=color&q=90&dpr=2&updated_at=1659534625", "thumbUrl": "https://images.stockx.com/images/Nike-Dunk-Low-Blueberry-GS.jpg?fit=fill&bg=FFFFFF&w=140&h=100&fm=webp&auto=compress&trim=color&q=90&dpr=2&updated_at=1659534625"}, "productCategory": "sneakers", "releaseDate": "2022-08-03", "retailPrice": 85, "shoe": "Nike Dunk Low", "title": "Nike Dunk Low Blueberry (GS)", "urlKey": "nike-dunk-low-blueberry-gs", "market": {"lowestAsk": 145, "salesThisPeriod": 24, "salesLastPeriod": 0, "highestBid": 187, "volatility": 0.108397, "deadstockSold": 814, "pricePremium": 1.082, "averageDeadstockPrice": 169, "lastSale": 177, "changeValue": -17, "changePercentage": -0.087629, "lastLowestAskTime": 1663246845, "lastHighestBidTime": 1663679121, "lastSaleDate": "2022-09-20T00:18:29+00:00"}, "objectID": "bdbb01e4-e019-4597-9ab7-22221c6ececa"}, {"id": "b61f08d2-ef69-4b3a-a579-3f5df65116d1", "uuid": "b61f08d2-ef69-4b3a-a579-3f5df65116d1", "brand": "Nike", "colorway": "Pink Oxford/White/Purple-Cream", "condition": "New", "description": "", "media": {"smallImageUrl": "https://images.stockx.com/images/Nike-Dunk-Low-Pink-Oxford-W-Product.jpg?fit=fill&bg=FFFFFF&w=300&h=214&fm=webp&auto=compress&trim=color&q=90&dpr=2&updated_at=1662624324", "thumbUrl": "https://images.stockx.com/images/Nike-Dunk-Low-Pink-Oxford-W-Product.jpg?fit=fill&bg=FFFFFF&w=140&h=100&fm=webp&auto=compress&trim=color&q=90&dpr=2&updated_at=1662624324"}, "productCategory": "sneakers", "releaseDate": "2022-07-28", "retailPrice": 100, "shoe": "Nike Dunk Low", "title": "Nike Dunk Low Pink Oxford (W)", "urlKey": "nike-dunk-low-pink-oxford-w", "market": {"lowestAsk": 110, "salesThisPeriod": 24, "salesLastPeriod": 0, "highestBid": 124, "volatility": 0.069987, "deadstockSold": 793, "pricePremium": 0.437, "averageDeadstockPrice": 129, "lastSale": 144, "changeValue": 30, "changePercentage": 0.260145, "lastLowestAskTime": 1663637850, "lastHighestBidTime": 1663491964, "lastSaleDate": "2022-09-19T18:33:58+00:00"}, "objectID": "b61f08d2-ef69-4b3a-a579-3f5df65116d1"}, {"id": "a1134117-4f6d-4356-892d-1df3a85e0216", "uuid": "a1134117-4f6d-4356-892d-1df3a85e0216", "brand": "Nike", "colorway": "Sail/Vintage Green-Total Orange-White", "condition": "New", "description": "Boasting clashing camouflage patterns, the Nike Dunk Low Sail Multi-Camo is a statement piece. The design utilizes a white leather base to prominently display its multi-color camo overlays, which feature five different styles of camo. Green Swooshes and vibrant orange Nike embroidery on the heel tabs add the finishing touches.\n<br>\n<br>\nThe Nike Dunk Low Sail Multi-Camo released in August of 2021 and retailed for $110.", "media": {"smallImageUrl": "https://images.stockx.com/images/Nike-Dunk-Low-SE-Multi-Camo-Product.jpg?fit=fill&bg=FFFFFF&w=300&h=214&fm=webp&auto=compress&trim=color&q=90&dpr=2&updated_at=1633027446", "thumbUrl": "https://images.stockx.com/images/Nike-Dunk-Low-SE-Multi-Camo-Product.jpg?fit=fill&bg=FFFFFF&w=140&h=100&fm=webp&auto=compress&trim=color&q=90&dpr=2&updated_at=1633027446"}, "productCategory": "sneakers", "releaseDate": "2021-08-11", "retailPrice": 110, "shoe": "Nike Dunk Low SE", "title": "Nike Dunk Low SE Sail Multi-Camo", "urlKey": "nike-dunk-low-se-multi-camo", "market": {"lowestAsk": 200, "salesThisPeriod": 23, "salesLastPeriod": 0, "highestBid": 240, "volatility": 0.167537, "deadstockSold": 12098, "pricePremium": 1.5, "averageDeadstockPrice": 195, "lastSale": 275, "changeValue": 55, "changePercentage": 0.25, "lastLowestAskTime": 1663769621, "lastHighestBidTime": 1663635287, "lastSaleDate": "2022-09-21T17:03:18+00:00"}, "objectID": "a1134117-4f6d-4356-892d-1df3a85e0216"}, {"id": "25a9431d-9c76-41c1-99ae-d0313883a2f7", "uuid": "25a9431d-9c76-41c1-99ae-d0313883a2f7", "brand": "Nike", "colorway": "White/Black-White-Black", "condition": "New", "description": "Part of Nike\u2019s \"Paisley Pack,\" this Nike Dunk Low Black Paisley (W) for women sports a monochromatic outfit made of a white leather base and contrasting black leather overlays.\n<br>\n<br>\nThe Nike Dunk Low Black Paisley (W) comes dressed in a white leather upper with black leather overlays. Additional black can be seen on the nylon tongue, laces, insole, and rubber outsole. Like other pairs from the pack, this too features a paisley bandana print on the Swooshes and heel tabs. Underfoot, a white midsole provides cushioning, and a black outsole provides traction.\n<br>\n<br>\nThe Nike Dunk Low Black Paisley (W) was released in January 2022 and retailed for $120.", "media": {"smallImageUrl": "https://images.stockx.com/images/Nike-Dunk-Low-Black-Paisley-W-Product.jpg?fit=fill&bg=FFFFFF&w=300&h=214&fm=webp&auto=compress&trim=color&q=90&dpr=2&updated_at=1648234610", "thumbUrl": "https://images.stockx.com/images/Nike-Dunk-Low-Black-Paisley-W-Product.jpg?fit=fill&bg=FFFFFF&w=140&h=100&fm=webp&auto=compress&trim=color&q=90&dpr=2&updated_at=1648234610"}, "productCategory": "sneakers", "releaseDate": "2022-01-01", "retailPrice": 120, "shoe": "Nike Dunk Low Essential", "title": "Nike Dunk Low Essential Paisley Pack Black (W)", "urlKey": "nike-dunk-low-black-paisley-w", "market": {"lowestAsk": 186, "salesThisPeriod": 23, "salesLastPeriod": 0, "highestBid": 245, "volatility": 0.044759, "deadstockSold": 2443, "pricePremium": 0.592, "averageDeadstockPrice": 245, "lastSale": 191, "changeValue": -9, "changePercentage": -0.049325, "lastLowestAskTime": 1663731564, "lastHighestBidTime": 1663759750, "lastSaleDate": "2022-09-21T22:29:29+00:00"}, "objectID": "25a9431d-9c76-41c1-99ae-d0313883a2f7"}]}