{"Pagination": {"query": "nike dunk", "queryID": "607cfef1713621ceccdf646ed8b27c95", "index": "PRODUCTION_PG_FEATURED_DESC", "limit": 40, "page": 24, "total": 2031, "lastPage": "/api/v3/browse?_search=nike%20dunk&dataType=product&facetsToRetrieve=%7B%7D&filterVersion=4&page=25&propsToRetrieve=brand%2CchildId%2Ccolorway%2Ccondition%2Cdescription%2Cid%2Cmarket.averageDeadstockPrice%2Cmarket.bidAskData%2Cmarket.changePercentage%2Cmarket.changeValue%2Cmarket.deadstockSold%2Cmarket.highestBid%2Cmarket.lastHighestBidTime%2Cmarket.lastLowestAskTime%2Cmarket.lastSale%2Cmarket.lastSaleDate%2Cmarket.lastSaleValue%2Cmarket.lowestAsk%2Cmarket.pricePremium%2Cmarket.salesInformation%2Cmarket.salesLastPeriod%2Cmarket.salesThisPeriod%2Cmarket.volatility%2Cmedia.smallImageUrl%2Cmedia.thumbUrl%2CproductCategory%2CreleaseDate%2CretailPrice%2Cshoe%2Ctitle%2CurlKey%2Cuuid", "sort": ["featured"], "order": ["DESC"], "currentPage": "/api/v3/browse?_search=nike%20dunk&dataType=product&facetsToRetrieve=%7B%7D&filterVersion=4&page=24&propsToRetrieve=brand%2CchildId%2Ccolorway%2Ccondition%2Cdescription%2Cid%2Cmarket.averageDeadstockPrice%2Cmarket.bidAskData%2Cmarket.changePercentage%2Cmarket.changeValue%2Cmarket.deadstockSold%2Cmarket.highestBid%2Cmarket.lastHighestBidTime%2Cmarket.lastLowestAskTime%2Cmarket.lastSale%2Cmarket.lastSaleDate%2Cmarket.lastSaleValue%2Cmarket.lowestAsk%2Cmarket.pricePremium%2Cmarket.salesInformation%2Cmarket.salesLastPeriod%2Cmarket.salesThisPeriod%2Cmarket.volatility%2Cmedia.smallImageUrl%2Cmedia.thumbUrl%2CproductCategory%2CreleaseDate%2CretailPrice%2Cshoe%2Ctitle%2CurlKey%2Cuuid", "nextPage": "/api/v3/browse?_search=nike%20dunk&dataType=product&facetsToRetrieve=%7B%7D&filterVersion=4&page=25&propsToRetrieve=brand%2CchildId%2Ccolorway%2Ccondition%2Cdescription%2Cid%2Cmarket.averageDeadstockPrice%2Cmarket.bidAskData%2Cmarket.changePercentage%2Cmarket.changeValue%2Cmarket.deadstockSold%2Cmarket.highestBid%2Cmarket.lastHighestBidTime%2Cmarket.lastLowestAskTime%2Cmarket.lastSale%2Cmarket.lastSaleDate%2Cmarket.lastSaleValue%2Cmarket.lowestAsk%2Cmarket.pricePremium%2Cmarket.salesInformation%2Cmarket.salesLastPeriod%2Cmarket.salesThisPeriod%2Cmarket.volatility%2Cmedia.smallImageUrl%2Cmedia.thumbUrl%2CproductCategory%2CreleaseDate%2CretailPrice%2Cshoe%2Ctitle%2CurlKey%2Cuuid", "previousPage": "/api/v3/browse?_search=nike%20dunk&dataType=product&facetsToRetrieve=%7B%7D&filterVersion=4&page=23&propsToRetrieve=brand%2CchildId%2Ccolorway%2Ccondition%2Cdescription%2Cid%2Cmarket.averageDeadstockPrice%2Cmarket.bidAskData%2Cmarket.changePercentage%2Cmarket.changeValue%2Cmarket.deadstockSold%2Cmarket.highestBid%2Cmarket.lastHighestBidTime%2Cmarket.lastLowestAskTime%2Cmarket.lastSale%2Cmarket.lastSaleDate%2Cmarket.lastSaleValue%2Cmarket.lowestAsk%2Cmarket.pricePremium%2Cmarket.salesInformation%2Cmarket.salesLastPeriod%2Cmarket.salesThisPeriod%2Cmarket.volatility%2Cmedia.smallImageUrl%2Cmedia.thumbUrl%2CproductCategory%2CreleaseDate%2CretailPrice%2Cshoe%2Ctitle%2CurlKey%2Cuuid"}, "Facets": {}, "Products": [{"id": "e57eb1f6-1555-4fa3-ad25-97254489d496", "uuid": "e57eb1f6-1555-4fa3-ad25-97254489d496", "brand": "Nike", "colorway": "Soft Grey/Varsity Red", "condition": "New", "description": "", "media": {"smallImageUrl": "https://images.stockx.com/images/Nike-Dunk-Retro-UNLV-W.png?fit=fill&bg=FFFFFF&w=300&h=214&fm=webp&auto=compress&trim=color&q=90&dpr=2&updated_at=1611844657", "thumbUrl": "https://images.stockx.com/images/Nike-Dunk-Retro-UNLV-W.png?fit=fill&bg=FFFFFF&w=140&h=100&fm=webp&auto=compress&trim=color&q=90&dpr=2&updated_at=1611844657"}, "productCategory": "sneakers", "releaseDate": "2017-08-23", "retailPrice": 90, "shoe": "Nike Dunk Retro", "title": "Nike Dunk Retro UNLV (W)", "urlKey": "nike-dunk-retro-unlv-w", "market": {"lowestAsk": 149, "salesThisPeriod": 0, "salesLastPeriod": 0, "highestBid": 150, "volatility": 0.104508, "deadstockSold": 3, "pricePremium": 0.456, "averageDeadstockPrice": 150, "lastSale": 131, "changeValue": -30, "changePercentage": -0.186335, "lastLowestAskTime": 1661106884, "lastHighestBidTime": 1656970344, "lastSaleDate": "2022-08-29T00:19:19+00:00"}, "objectID": "e57eb1f6-1555-4fa3-ad25-97254489d496"}, {"id": "851b5f06-f210-44f9-89a1-548d237f9103", "uuid": "851b5f06-f210-44f9-89a1-548d237f9103", "brand": "Nike", "colorway": "Black/Black", "condition": "New", "description": "", "media": {"smallImageUrl": "https://images.stockx.com/images/Nike-Dunk-SB-Low-Levis-Black-Denim-Product.jpg?fit=fill&bg=FFFFFF&w=300&h=214&fm=webp&auto=compress&trim=color&q=90&dpr=2&updated_at=1607052785", "thumbUrl": "https://images.stockx.com/images/Nike-Dunk-SB-Low-Levis-Black-Denim-Product.jpg?fit=fill&bg=FFFFFF&w=140&h=100&fm=webp&auto=compress&trim=color&q=90&dpr=2&updated_at=1607052785"}, "productCategory": "sneakers", "releaseDate": "", "retailPrice": 100, "shoe": "Nike SB Dunk Low", "title": "Nike SB Dunk Low Levis Black Denim", "urlKey": "nike-dunk-sb-low-levis-black-denim", "market": {"lowestAsk": 499, "salesThisPeriod": 1, "salesLastPeriod": 0, "highestBid": 441, "volatility": 0.221674, "deadstockSold": 26, "pricePremium": 0, "averageDeadstockPrice": 378, "lastSale": 469, "changeValue": 209, "changePercentage": 0.803846, "lastLowestAskTime": 1662827904, "lastHighestBidTime": 1663639574, "lastSaleDate": "2022-09-21T09:59:06+00:00"}, "objectID": "851b5f06-f210-44f9-89a1-548d237f9103"}, {"id": "adb41ee5-5cd1-42bb-9464-a65ba18201b4", "uuid": "adb41ee5-5cd1-42bb-9464-a65ba18201b4", "brand": "Nike", "colorway": "Black/Black-Anthracite", "condition": "New", "description": "", "media": {"smallImageUrl": "https://images.stockx.com/images/Nike-SB-Dunk-High-Bota.png?fit=fill&bg=FFFFFF&w=300&h=214&fm=webp&auto=compress&trim=color&q=90&dpr=2&updated_at=1607060249", "thumbUrl": "https://images.stockx.com/images/Nike-SB-Dunk-High-Bota.png?fit=fill&bg=FFFFFF&w=140&h=100&fm=webp&auto=compress&trim=color&q=90&dpr=2&updated_at=1607060249"}, "productCategory": "sneakers", "releaseDate": "2017-09-26", "retailPrice": 105, "shoe": "Nike SB Dunk High", "title": "Nike SB Dunk High Bota", "urlKey": "nike-sb-dunk-high-bota", "market": {"lowestAsk": 158, "salesThisPeriod": 0, "salesLastPeriod": 0, "highestBid": 350, "volatility": 0.714179, "deadstockSold": 16, "pricePremium": 0.343, "averageDeadstockPrice": 264, "lastSale": 141, "changeValue": -59, "changePercentage": -0.295, "lastLowestAskTime": 1663777004, "lastHighestBidTime": 1662935595, "lastSaleDate": "2022-08-21T14:49:04+00:00"}, "objectID": "adb41ee5-5cd1-42bb-9464-a65ba18201b4"}, {"id": "eca1a44a-f06d-42c3-963c-ab1888d9f290", "uuid": "eca1a44a-f06d-42c3-963c-ab1888d9f290", "brand": "Nike", "colorway": "Tweed/Baroque Brown", "condition": "New", "description": "", "media": {"smallImageUrl": "https://images.stockx.com/images/Nike-Dunk-High-Pro-SB-Tweed-Brown.jpg?fit=fill&bg=FFFFFF&w=300&h=214&fm=webp&auto=compress&trim=color&q=90&dpr=2&updated_at=1608511558", "thumbUrl": "https://images.stockx.com/images/Nike-Dunk-High-Pro-SB-Tweed-Brown.jpg?fit=fill&bg=FFFFFF&w=140&h=100&fm=webp&auto=compress&trim=color&q=90&dpr=2&updated_at=1608511558"}, "productCategory": "sneakers", "releaseDate": "2004-09-01", "retailPrice": 90, "shoe": "Nike Dunk High Pro SB", "title": "Nike Dunk High Pro SB Tweed", "urlKey": "nike-dunk-high-pro-sb-tweed", "market": {"lowestAsk": 1000, "salesThisPeriod": 0, "salesLastPeriod": 0, "highestBid": 576, "volatility": 0.148919, "deadstockSold": 8, "pricePremium": 6.712, "averageDeadstockPrice": 616, "lastSale": 694, "changeValue": 69, "changePercentage": 0.108774, "lastLowestAskTime": 1663090375, "lastHighestBidTime": 1661021297, "lastSaleDate": "2022-08-18T11:38:02+00:00"}, "objectID": "eca1a44a-f06d-42c3-963c-ab1888d9f290"}, {"id": "18488e9b-1176-4e2a-a068-d25d727e8e82", "uuid": "18488e9b-1176-4e2a-a068-d25d727e8e82", "brand": "Rizzoli", "colorway": "", "condition": "New", "description": "The Rizzoli Nike SB The Dunk Hardcover Book is the first deep dive into Nike's iconic Dunk SB. The book follows the Dunk SB silhouette from its debut as a mid-rise colorful basketball shoe to its rise as an icon in the world of skateboarding and streetwear.\n<br>\n<br>\nThe Rizzoli Nike SB Dunk Hardcover Book features 352 pages that are filled with colorful images that highlight several memorable iterations of the Nike Dunk SB including Danny Supas, Staple Pigeon Dunks, De La Soul Highs, Paris Dunks, U.N.K.L.Es, and Supreme Dunk SBs.\n<br>\n<br>\nThe Rizzoli Nike SB Dunk Hardcover Book was released on October 18th, 2018 for a retail price of $60.", "media": {"smallImageUrl": "https://images.stockx.com/images/Rizzoli-Nike-SB-The-Dunk-Hardcover-Book.jpg?fit=fill&bg=FFFFFF&w=300&h=214&fm=webp&auto=compress&trim=color&q=90&dpr=2&updated_at=1632264592", "thumbUrl": "https://images.stockx.com/images/Rizzoli-Nike-SB-The-Dunk-Hardcover-Book.jpg?fit=fill&bg=FFFFFF&w=140&h=100&fm=webp&auto=compress&trim=color&q=90&dpr=2&updated_at=1632264592"}, "productCategory": "collectibles", "releaseDate": "2018-10-30", "retailPrice": 60, "shoe": "Rizzoli Nike SB: The Dunk", "title": "Rizzoli Nike SB: The Dunk Hardcover Book", "urlKey": "rizzoli-nike-sb-the-dunk-hardcover-book", "market": {"lowestAsk": 55, "salesThisPeriod": 2, "salesLastPeriod": 0, "highestBid": 37, "volatility": 0.133041, "deadstockSold": 89, "pricePremium": -0.217, "averageDeadstockPrice": 66, "lastSale": 47, "changeValue": -8, "changePercentage": -0.145455, "lastLowestAskTime": 1663608295, "lastHighestBidTime": 1663523458, "lastSaleDate": "2022-09-19T17:24:09+00:00"}, "objectID": "18488e9b-1176-4e2a-a068-d25d727e8e82"}, {"id": "9b7e1975-c819-4d3e-b20b-602cf5a9fff0", "uuid": "9b7e1975-c819-4d3e-b20b-602cf5a9fff0", "brand": "Nike", "colorway": "Brave Blue/Metallic Gold Star-Mineral Blue", "condition": "New", "description": "", "media": {"smallImageUrl": "https://images.stockx.com/images/Nike-Dunk-SB-Low-MIA-Skate-Shop-Product.jpg?fit=fill&bg=FFFFFF&w=300&h=214&fm=webp&auto=compress&trim=color&q=90&dpr=2&updated_at=1607052808", "thumbUrl": "https://images.stockx.com/images/Nike-Dunk-SB-Low-MIA-Skate-Shop-Product.jpg?fit=fill&bg=FFFFFF&w=140&h=100&fm=webp&auto=compress&trim=color&q=90&dpr=2&updated_at=1607052808"}, "productCategory": "sneakers", "releaseDate": "2013-06-21", "retailPrice": 98, "shoe": "Nike SB Dunk Low", "title": "Nike SB Dunk Low MIA Skate Shop", "urlKey": "nike-dunk-sb-low-mia-skate-shop", "market": {"lowestAsk": 650, "salesThisPeriod": 0, "salesLastPeriod": 0, "highestBid": 550, "volatility": 0.129073, "deadstockSold": 24, "pricePremium": 6.245, "averageDeadstockPrice": 597, "lastSale": 710, "changeValue": 110, "changePercentage": 0.183333, "lastLowestAskTime": 1663525758, "lastHighestBidTime": 1663750975, "lastSaleDate": "2022-09-10T17:27:22+00:00"}, "objectID": "9b7e1975-c819-4d3e-b20b-602cf5a9fff0"}, {"id": "f4925ead-462b-4bfc-b8aa-17298a5d1793", "uuid": "f4925ead-462b-4bfc-b8aa-17298a5d1793", "brand": "Nike", "colorway": "Bison/Varsity Purple", "condition": "New", "description": "", "media": {"smallImageUrl": "https://images.stockx.com/images/Nike-Dunk-SB-Low-Purple-Safari-Product.jpg?fit=fill&bg=FFFFFF&w=300&h=214&fm=webp&auto=compress&trim=color&q=90&dpr=2&updated_at=1630350586", "thumbUrl": "https://images.stockx.com/images/Nike-Dunk-SB-Low-Purple-Safari-Product.jpg?fit=fill&bg=FFFFFF&w=140&h=100&fm=webp&auto=compress&trim=color&q=90&dpr=2&updated_at=1630350586"}, "productCategory": "sneakers", "releaseDate": "", "retailPrice": 100, "shoe": "Nike SB Dunk Low", "title": "Nike SB Dunk Low Purple Safari", "urlKey": "nike-dunk-sb-low-purple-safari", "market": {"lowestAsk": 500, "salesThisPeriod": 0, "salesLastPeriod": 0, "highestBid": 500, "volatility": 0.106215, "deadstockSold": 6, "pricePremium": 0, "averageDeadstockPrice": 705, "lastSale": 684, "changeValue": -116, "changePercentage": -0.145, "lastLowestAskTime": 1663088603, "lastHighestBidTime": 1662257969, "lastSaleDate": "2022-07-16T18:04:36+00:00"}, "objectID": "f4925ead-462b-4bfc-b8aa-17298a5d1793"}, {"id": "f0b3e349-acba-4593-aa89-eeb4f6d9ec9b", "uuid": "f0b3e349-acba-4593-aa89-eeb4f6d9ec9b", "brand": "Nike", "colorway": "Team Red/Nightshade-White", "condition": "New", "description": "", "media": {"smallImageUrl": "https://images.stockx.com/images/Nike-Dunk-SB-Low-Reverse-Shark-Product.jpg?fit=fill&bg=FFFFFF&w=300&h=214&fm=webp&auto=compress&trim=color&q=90&dpr=2&updated_at=1621444857", "thumbUrl": "https://images.stockx.com/images/Nike-Dunk-SB-Low-Reverse-Shark-Product.jpg?fit=fill&bg=FFFFFF&w=140&h=100&fm=webp&auto=compress&trim=color&q=90&dpr=2&updated_at=1621444857"}, "productCategory": "sneakers", "releaseDate": "2017-01-26", "retailPrice": 90, "shoe": "Nike SB Dunk Low", "title": "Nike SB Dunk Low Reverse Shark", "urlKey": "nike-dunk-sb-low-reverse-shark", "market": {"lowestAsk": 479, "salesThisPeriod": 0, "salesLastPeriod": 0, "highestBid": 800, "volatility": 0.46165, "deadstockSold": 8, "pricePremium": 1.5, "averageDeadstockPrice": 368, "lastSale": 225, "changeValue": -334, "changePercentage": -0.597496, "lastLowestAskTime": 1662486271, "lastHighestBidTime": 1663267586, "lastSaleDate": "2022-06-17T05:38:04+00:00"}, "objectID": "f0b3e349-acba-4593-aa89-eeb4f6d9ec9b"}, {"id": "27cd1f43-2dcb-4a42-a722-8757c650470a", "uuid": "27cd1f43-2dcb-4a42-a722-8757c650470a", "brand": "Nike", "colorway": "Sail/Gym Red-Fresh Mint", "condition": "New", "description": "These Nike White Widow Dunks are the perfect pair to spark up your collection. Made to celebrate \"420,\" these dunks were designed by skate artist, Todd Bratrud. They come in a v chill sail, gym red, and fresh mint colorway, with a full hairy suede upper, an ankle strap, custom printed insoles. Plus a requisite stash pocket under the tongue. These shoes (of course) dropped on 4/20 of 2018, coming in men\u2019s sizes only. No Grateful Dead or Phish show is safe from stuntin with this pair in your collection.", "media": {"smallImageUrl": "https://images.stockx.com/images/Nike-SB-Dunk-Mid-White-Widow-Product.jpg?fit=fill&bg=FFFFFF&w=300&h=214&fm=webp&auto=compress&trim=color&q=90&dpr=2&updated_at=1607056689", "thumbUrl": "https://images.stockx.com/images/Nike-SB-Dunk-Mid-White-Widow-Product.jpg?fit=fill&bg=FFFFFF&w=140&h=100&fm=webp&auto=compress&trim=color&q=90&dpr=2&updated_at=1607056689"}, "productCategory": "sneakers", "releaseDate": "2018-04-20", "retailPrice": 100, "shoe": "Nike SB Dunk Mid", "title": "Nike SB Dunk Mid White Widow", "urlKey": "nike-sb-dunk-mid-white-widow", "market": {"lowestAsk": 320, "salesThisPeriod": 0, "salesLastPeriod": 0, "highestBid": 571, "volatility": 0.153388, "deadstockSold": 69, "pricePremium": 2.8, "averageDeadstockPrice": 376, "lastSale": 380, "changeValue": 14, "changePercentage": 0.037176, "lastLowestAskTime": 1663530117, "lastHighestBidTime": 1661884163, "lastSaleDate": "2022-08-27T10:57:32+00:00"}, "objectID": "27cd1f43-2dcb-4a42-a722-8757c650470a"}, {"id": "17d839b3-0009-46c4-8d31-7ab62cc623f2", "uuid": "17d839b3-0009-46c4-8d31-7ab62cc623f2", "brand": "Nike", "colorway": "Deep Royal Blue/Dp Royal Blue", "condition": "New", "description": "", "media": {"smallImageUrl": "https://images.stockx.com/images/Nike-Dunk-SB-Low-Blue-Moon-Product.jpg?fit=fill&bg=FFFFFF&w=300&h=214&fm=webp&auto=compress&trim=color&q=90&dpr=2&updated_at=1612831409", "thumbUrl": "https://images.stockx.com/images/Nike-Dunk-SB-Low-Blue-Moon-Product.jpg?fit=fill&bg=FFFFFF&w=140&h=100&fm=webp&auto=compress&trim=color&q=90&dpr=2&updated_at=1612831409"}, "productCategory": "sneakers", "releaseDate": "2015-10-09", "retailPrice": 100, "shoe": "Nike SB Dunk Low", "title": "Nike SB Dunk Low Blue Moon", "urlKey": "nike-dunk-sb-low-blue-moon", "market": {"lowestAsk": 500, "salesThisPeriod": 0, "salesLastPeriod": 0, "highestBid": 350, "volatility": 0.309994, "deadstockSold": 9, "pricePremium": 4.5, "averageDeadstockPrice": 591, "lastSale": 550, "changeValue": 150, "changePercentage": 0.375, "lastLowestAskTime": 1662580651, "lastHighestBidTime": 1662563599, "lastSaleDate": "2022-05-06T11:18:25+00:00"}, "objectID": "17d839b3-0009-46c4-8d31-7ab62cc623f2"}, {"id": "10360964-8ca5-40a5-8bbf-4f4a6e6e9d64", "uuid": "10360964-8ca5-40a5-8bbf-4f4a6e6e9d64", "brand": "Nike", "colorway": "Blue Chill/Blue Chill/White/Amarillo", "condition": "New", "description": "", "media": {"smallImageUrl": "https://images.stockx.com/images/Nike-Dunk-High-Blue-Chill.jpg?fit=fill&bg=FFFFFF&w=300&h=214&fm=webp&auto=compress&trim=color&q=90&dpr=2&updated_at=1658427635", "thumbUrl": "https://images.stockx.com/images/Nike-Dunk-High-Blue-Chill.jpg?fit=fill&bg=FFFFFF&w=140&h=100&fm=webp&auto=compress&trim=color&q=90&dpr=2&updated_at=1658427635"}, "productCategory": "sneakers", "releaseDate": "", "retailPrice": 120, "shoe": "Nike Dunk High", "title": "Nike Dunk High Blue Chill", "urlKey": "nike-dunk-high-blue-chill", "market": {"lowestAsk": 0, "salesThisPeriod": 0, "salesLastPeriod": 0, "highestBid": 200, "volatility": 0, "deadstockSold": 0, "pricePremium": 0, "averageDeadstockPrice": 0, "lastSale": 0, "changeValue": 0, "changePercentage": 0, "lastLowestAskTime": 0, "lastHighestBidTime": 1662345592, "lastSaleDate": ""}, "objectID": "10360964-8ca5-40a5-8bbf-4f4a6e6e9d64"}, {"id": "0127df03-a117-4e6a-a26d-d99550d92331", "uuid": "0127df03-a117-4e6a-a26d-d99550d92331", "brand": "Nike", "childId": null, "colorway": "Black / Ivory-Black-Hyper Grape", "condition": "New", "description": "", "media": {"smallImageUrl": "https://images.stockx.com/images/Nike-Dunk-Low-Warmth-Pack-Product.jpg?fit=fill&bg=FFFFFF&w=300&h=214&fm=webp&auto=compress&trim=color&q=90&dpr=2&updated_at=1607704701", "thumbUrl": "https://images.stockx.com/images/Nike-Dunk-Low-Warmth-Pack-Product.jpg?fit=fill&bg=FFFFFF&w=140&h=100&fm=webp&auto=compress&trim=color&q=90&dpr=2&updated_at=1607704701"}, "productCategory": "sneakers", "releaseDate": "2014-10-01", "retailPrice": 110, "shoe": "Nike Dunk Low", "title": "Nike Dunk Low Warmth Pack", "urlKey": "nike-dunk-low-warmth-pack", "market": {"lowestAsk": 317, "salesThisPeriod": 0, "salesLastPeriod": 0, "highestBid": 181, "volatility": 0.218775, "deadstockSold": 3, "pricePremium": 2.636, "averageDeadstockPrice": 321, "lastSale": 400, "changeValue": 201, "changePercentage": 1.01005, "lastLowestAskTime": 1663350645, "lastHighestBidTime": 1663560564, "lastSaleDate": "2022-03-11T20:10:58+00:00"}, "objectID": "0127df03-a117-4e6a-a26d-d99550d92331"}, {"id": "b493358c-b1aa-4954-b090-5c5c0fd58dcb", "uuid": "b493358c-b1aa-4954-b090-5c5c0fd58dcb", "brand": "Nike", "colorway": "White/Black-University Blue", "condition": "New", "description": "", "media": {"smallImageUrl": "https://images.stockx.com/images/Nike-Dunk-High-Nikebook.png?fit=fill&bg=FFFFFF&w=300&h=214&fm=webp&auto=compress&trim=color&q=90&dpr=2&updated_at=1608511072", "thumbUrl": "https://images.stockx.com/images/Nike-Dunk-High-Nikebook.png?fit=fill&bg=FFFFFF&w=140&h=100&fm=webp&auto=compress&trim=color&q=90&dpr=2&updated_at=1608511072"}, "productCategory": "sneakers", "releaseDate": "2007-01-01", "retailPrice": 90, "shoe": "Nike Dunk High", "title": "Nike Dunk High Nikebook", "urlKey": "nike-dunk-high-nikebook", "market": {"lowestAsk": 750, "salesThisPeriod": 0, "salesLastPeriod": 0, "highestBid": 500, "volatility": 0.441765, "deadstockSold": 6, "pricePremium": 8.433, "averageDeadstockPrice": 729, "lastSale": 849, "changeValue": -651, "changePercentage": -0.434, "lastLowestAskTime": 1663538688, "lastHighestBidTime": 1661567546, "lastSaleDate": "2022-08-21T05:53:26+00:00"}, "objectID": "b493358c-b1aa-4954-b090-5c5c0fd58dcb"}, {"id": "22d4161c-1de7-40fc-8d51-76f321c21399", "uuid": "22d4161c-1de7-40fc-8d51-76f321c21399", "brand": "Nike", "colorway": "Summit White/Cargo Khaki-Black", "condition": "New", "description": "", "media": {"smallImageUrl": "https://images.stockx.com/images/Nike-Dunk-High-Up-Cargo-Khaki-Product.jpg?fit=fill&bg=FFFFFF&w=300&h=214&fm=webp&auto=compress&trim=color&q=90&dpr=2&updated_at=1649428452", "thumbUrl": "https://images.stockx.com/images/Nike-Dunk-High-Up-Cargo-Khaki-Product.jpg?fit=fill&bg=FFFFFF&w=140&h=100&fm=webp&auto=compress&trim=color&q=90&dpr=2&updated_at=1649428452"}, "productCategory": "sneakers", "releaseDate": "", "retailPrice": 120, "shoe": "Nike Dunk High Up", "title": "Nike Dunk High Up Cargo Khaki", "urlKey": "nike-dunk-high-up-cargo-khaki", "market": {"lowestAsk": 111, "salesThisPeriod": 1, "salesLastPeriod": 0, "highestBid": 111, "volatility": 0.152669, "deadstockSold": 668, "pricePremium": -0.075, "averageDeadstockPrice": 133, "lastSale": 111, "changeValue": -9, "changePercentage": -0.075, "lastLowestAskTime": 1662950941, "lastHighestBidTime": 1663787241, "lastSaleDate": "2022-09-21T19:07:18+00:00"}, "objectID": "22d4161c-1de7-40fc-8d51-76f321c21399"}, {"id": "aae8ce32-9ddf-4329-8ffc-383e20412693", "uuid": "aae8ce32-9ddf-4329-8ffc-383e20412693", "brand": "Nike", "colorway": "Dove Grey/ Black-Gorge Green", "condition": "New", "description": "", "media": {"smallImageUrl": "https://images.stockx.com/images/Nike-Dunk-Sb-Low-Maple-Leaf-Product.jpg?fit=fill&bg=FFFFFF&w=300&h=214&fm=webp&auto=compress&trim=color&q=90&dpr=2&updated_at=1608512285", "thumbUrl": "https://images.stockx.com/images/Nike-Dunk-Sb-Low-Maple-Leaf-Product.jpg?fit=fill&bg=FFFFFF&w=140&h=100&fm=webp&auto=compress&trim=color&q=90&dpr=2&updated_at=1608512285"}, "productCategory": "sneakers", "releaseDate": "", "retailPrice": 100, "shoe": "Nike SB Dunk Low", "title": "Nike SB Dunk Low Maple Leaf Central Park", "urlKey": "nike-dunk-sb-low-maple-leaf", "market": {"lowestAsk": 804, "salesThisPeriod": 0, "salesLastPeriod": 0, "highestBid": 800, "volatility": 0.320187, "deadstockSold": 7, "pricePremium": 0, "averageDeadstockPrice": 863, "lastSale": 1000, "changeValue": 375, "changePercentage": 0.6, "lastLowestAskTime": 1663315869, "lastHighestBidTime": 1662599168, "lastSaleDate": "2022-09-06T18:18:07+00:00"}, "objectID": "aae8ce32-9ddf-4329-8ffc-383e20412693"}, {"id": "b3ebb216-e2d8-448f-9e59-ac6e1dc832b5", "uuid": "b3ebb216-e2d8-448f-9e59-ac6e1dc832b5", "brand": "Nike", "colorway": "White/Green-Red-Black", "condition": "New", "description": "", "media": {"smallImageUrl": "https://images.stockx.com/images/Nike-Dunk-Low-Disrupt-2-Just-Do-It-Snakeskin-Green-W.jpg?fit=fill&bg=FFFFFF&w=300&h=214&fm=webp&auto=compress&trim=color&q=90&dpr=2&updated_at=1651314154", "thumbUrl": "https://images.stockx.com/images/Nike-Dunk-Low-Disrupt-2-Just-Do-It-Snakeskin-Green-W.jpg?fit=fill&bg=FFFFFF&w=140&h=100&fm=webp&auto=compress&trim=color&q=90&dpr=2&updated_at=1651314154"}, "productCategory": "sneakers", "releaseDate": "", "retailPrice": 110, "shoe": "Nike Dunk Low Disrupt 2", "title": "Nike Dunk Low Disrupt 2 Just Do It Snakeskin Green (W)", "urlKey": "nike-dunk-low-disrupt-2-just-do-it-snakeskin-green-w", "market": {"lowestAsk": 119, "salesThisPeriod": 2, "salesLastPeriod": 0, "highestBid": 99, "volatility": 0.181177, "deadstockSold": 69, "pricePremium": 0.197, "averageDeadstockPrice": 139, "lastSale": 132, "changeValue": -22, "changePercentage": -0.146293, "lastLowestAskTime": 1663745934, "lastHighestBidTime": 1661559590, "lastSaleDate": "2022-09-19T17:46:58+00:00"}, "objectID": "b3ebb216-e2d8-448f-9e59-ac6e1dc832b5"}, {"id": "e9471e91-16e4-4e6f-bff5-e5e5c03d4fff", "uuid": "e9471e91-16e4-4e6f-bff5-e5e5c03d4fff", "brand": "Nike", "childId": null, "colorway": "Black/White-Black-White", "condition": "New", "description": "", "media": {"smallImageUrl": "https://images.stockx.com/images/Nike-SB-Dunk-Low-Yin-Yang.png?fit=fill&bg=FFFFFF&w=300&h=214&fm=webp&auto=compress&trim=color&q=90&dpr=2&updated_at=1608511618", "thumbUrl": "https://images.stockx.com/images/Nike-SB-Dunk-Low-Yin-Yang.png?fit=fill&bg=FFFFFF&w=140&h=100&fm=webp&auto=compress&trim=color&q=90&dpr=2&updated_at=1608511618"}, "productCategory": "sneakers", "releaseDate": "2016-02-10", "retailPrice": 100, "shoe": "Nike SB Dunk Low", "title": "Nike SB Dunk Low Yin Yang", "urlKey": "nike-sb-dunk-low-yin-yang", "market": {"lowestAsk": 800, "salesThisPeriod": 1, "salesLastPeriod": 0, "highestBid": 400, "volatility": 1.08416, "deadstockSold": 8, "pricePremium": 1.5, "averageDeadstockPrice": 735, "lastSale": 250, "changeValue": -250, "changePercentage": -0.5, "lastLowestAskTime": 1663771314, "lastHighestBidTime": 1663690444, "lastSaleDate": "2022-09-21T14:56:33+00:00"}, "objectID": "e9471e91-16e4-4e6f-bff5-e5e5c03d4fff"}, {"id": "d5bda4ec-ea6e-4e7b-a1be-15bb669805ea", "uuid": "d5bda4ec-ea6e-4e7b-a1be-15bb669805ea", "brand": "Nike", "colorway": "Black/White-Midnight Navy", "condition": "New", "description": "", "media": {"smallImageUrl": "https://images.stockx.com/images/Nike-Dunk-SB-Low-Fast-Times-Product.jpg?fit=fill&bg=FFFFFF&w=300&h=214&fm=webp&auto=compress&trim=color&q=90&dpr=2&updated_at=1607060136", "thumbUrl": "https://images.stockx.com/images/Nike-Dunk-SB-Low-Fast-Times-Product.jpg?fit=fill&bg=FFFFFF&w=140&h=100&fm=webp&auto=compress&trim=color&q=90&dpr=2&updated_at=1607060136"}, "productCategory": "sneakers", "releaseDate": "2015-02-28", "retailPrice": 105, "shoe": "Nike SB Dunk Low", "title": "Nike SB Dunk Low Fast Times", "urlKey": "nike-dunk-sb-low-fast-times", "market": {"lowestAsk": 448, "salesThisPeriod": 0, "salesLastPeriod": 0, "highestBid": 501, "volatility": 0.223433, "deadstockSold": 14, "pricePremium": 4.143, "averageDeadstockPrice": 412, "lastSale": 540, "changeValue": -69, "changePercentage": -0.1133, "lastLowestAskTime": 1663155409, "lastHighestBidTime": 1662059985, "lastSaleDate": "2022-07-23T12:42:15+00:00"}, "objectID": "d5bda4ec-ea6e-4e7b-a1be-15bb669805ea"}, {"id": "8d308f8f-7ca6-42b6-b360-9615e5195f44", "uuid": "8d308f8f-7ca6-42b6-b360-9615e5195f44", "brand": "Nike", "colorway": "Black/Black", "condition": "New", "description": "", "media": {"smallImageUrl": "https://images.stockx.com/images/Nike-Dunk-SB-High-Neckface-Product.jpg?fit=fill&bg=FFFFFF&w=300&h=214&fm=webp&auto=compress&trim=color&q=90&dpr=2&updated_at=1615907629", "thumbUrl": "https://images.stockx.com/images/Nike-Dunk-SB-High-Neckface-Product.jpg?fit=fill&bg=FFFFFF&w=140&h=100&fm=webp&auto=compress&trim=color&q=90&dpr=2&updated_at=1615907629"}, "productCategory": "sneakers", "releaseDate": "", "retailPrice": 120, "shoe": "Nike SB Dunk High", "title": "Nike SB Dunk High Neckface", "urlKey": "nike-dunk-sb-high-neckface", "market": {"lowestAsk": 598, "salesThisPeriod": 0, "salesLastPeriod": 0, "highestBid": 303, "volatility": 0.648454, "deadstockSold": 9, "pricePremium": 0, "averageDeadstockPrice": 366, "lastSale": 346, "changeValue": 158, "changePercentage": 0.839346, "lastLowestAskTime": 1662813811, "lastHighestBidTime": 1662127940, "lastSaleDate": "2022-09-03T13:47:35+00:00"}, "objectID": "8d308f8f-7ca6-42b6-b360-9615e5195f44"}, {"id": "39479ce7-9352-453a-ad93-6f50e554119e", "uuid": "39479ce7-9352-453a-ad93-6f50e554119e", "brand": "Nike", "colorway": "Black/Varsity Red-Medium Grey-White", "condition": "New", "description": "", "media": {"smallImageUrl": "https://images.stockx.com/images/Nike-Dunk-SB-Low-Primative-Paul-Rodriguez.jpg?fit=fill&bg=FFFFFF&w=300&h=214&fm=webp&auto=compress&trim=color&q=90&dpr=2&updated_at=1607060970", "thumbUrl": "https://images.stockx.com/images/Nike-Dunk-SB-Low-Primative-Paul-Rodriguez.jpg?fit=fill&bg=FFFFFF&w=140&h=100&fm=webp&auto=compress&trim=color&q=90&dpr=2&updated_at=1607060970"}, "productCategory": "sneakers", "releaseDate": "2015-06-20", "retailPrice": 110, "shoe": "Nike SB Dunk Low", "title": "Nike SB Dunk Low Primative Paul Rodriguez", "urlKey": "nike-dunk-sb-low-primative-paul-rodriguez", "market": {"lowestAsk": 650, "salesThisPeriod": 0, "salesLastPeriod": 0, "highestBid": 289, "volatility": 0.305852, "deadstockSold": 16, "pricePremium": 3.091, "averageDeadstockPrice": 463, "lastSale": 450, "changeValue": 100, "changePercentage": 0.285714, "lastLowestAskTime": 1663524049, "lastHighestBidTime": 1663280881, "lastSaleDate": "2022-09-02T16:08:19+00:00"}, "objectID": "39479ce7-9352-453a-ad93-6f50e554119e"}, {"id": "b2eabdde-dc99-48dc-8b84-2fa676422157", "uuid": "b2eabdde-dc99-48dc-8b84-2fa676422157", "brand": "Nike", "colorway": "Black/Red/White", "condition": "New", "description": "", "media": {"smallImageUrl": "https://images.stockx.com/images/Nike-Dunk-High-Deadpool-GS.jpg?fit=fill&bg=FFFFFF&w=300&h=214&fm=webp&auto=compress&trim=color&q=90&dpr=2&updated_at=1662063896", "thumbUrl": "https://images.stockx.com/images/Nike-Dunk-High-Deadpool-GS.jpg?fit=fill&bg=FFFFFF&w=140&h=100&fm=webp&auto=compress&trim=color&q=90&dpr=2&updated_at=1662063896"}, "productCategory": "sneakers", "releaseDate": "", "retailPrice": 90, "shoe": "Nike Dunk High", "title": "Nike Dunk High Deadpool (GS)", "urlKey": "nike-dunk-high-deadpool-gs", "market": {"lowestAsk": 110, "salesThisPeriod": 1, "salesLastPeriod": 0, "highestBid": 85, "volatility": 0.040176, "deadstockSold": 17, "pricePremium": 0.333, "averageDeadstockPrice": 131, "lastSale": 120, "changeValue": -17, "changePercentage": -0.124088, "lastLowestAskTime": 1663034731, "lastHighestBidTime": 1663273942, "lastSaleDate": "2022-09-18T02:29:29+00:00"}, "objectID": "b2eabdde-dc99-48dc-8b84-2fa676422157"}, {"id": "163d72d6-b106-435d-b19c-cc94ba72ede6", "uuid": "163d72d6-b106-435d-b19c-cc94ba72ede6", "brand": "Nike", "colorway": "Black/White/Chile Red/Copa", "condition": "New", "description": "", "media": {"smallImageUrl": "https://images.stockx.com/images/Nike-Dunk-Low-SE-Barber-Shop-Black-PS.jpg?fit=fill&bg=FFFFFF&w=300&h=214&fm=webp&auto=compress&trim=color&q=90&dpr=2&updated_at=1651710544", "thumbUrl": "https://images.stockx.com/images/Nike-Dunk-Low-SE-Barber-Shop-Black-PS.jpg?fit=fill&bg=FFFFFF&w=140&h=100&fm=webp&auto=compress&trim=color&q=90&dpr=2&updated_at=1651710544"}, "productCategory": "sneakers", "releaseDate": "2022-04-07", "retailPrice": 70, "shoe": "Nike Dunk Low SE", "title": "Nike Dunk Low SE Barber Shop Black (PS)", "urlKey": "nike-dunk-low-se-barber-shop-black-ps", "market": {"lowestAsk": 74, "salesThisPeriod": 0, "salesLastPeriod": 0, "highestBid": 0, "volatility": 0.219532, "deadstockSold": 25, "pricePremium": 0.414, "averageDeadstockPrice": 86, "lastSale": 99, "changeValue": 29, "changePercentage": 0.414286, "lastLowestAskTime": 1663045747, "lastHighestBidTime": 0, "lastSaleDate": "2022-09-05T21:31:38+00:00"}, "objectID": "163d72d6-b106-435d-b19c-cc94ba72ede6"}, {"id": "c8098f3e-2b33-4ec4-a4a9-3d50e833fadc", "uuid": "c8098f3e-2b33-4ec4-a4a9-3d50e833fadc", "brand": "Nike", "colorway": "Varsity Royal/Lightning", "condition": "New", "description": "", "media": {"smallImageUrl": "https://images.stockx.com/images/Nike-Dunk-SB-Low-Boca-Juniors-Product.jpg?fit=fill&bg=FFFFFF&w=300&h=214&fm=webp&auto=compress&trim=color&q=90&dpr=2&updated_at=1608511098", "thumbUrl": "https://images.stockx.com/images/Nike-Dunk-SB-Low-Boca-Juniors-Product.jpg?fit=fill&bg=FFFFFF&w=140&h=100&fm=webp&auto=compress&trim=color&q=90&dpr=2&updated_at=1608511098"}, "productCategory": "sneakers", "releaseDate": "2005-04-01", "retailPrice": 65, "shoe": "Nike SB Dunk Low", "title": "Nike SB Dunk Low Boca Juniors", "urlKey": "nike-dunk-sb-low-boca-juniors", "market": {"lowestAsk": 363, "salesThisPeriod": 0, "salesLastPeriod": 0, "highestBid": 526, "volatility": 0.260484, "deadstockSold": 8, "pricePremium": 4.815, "averageDeadstockPrice": 440, "lastSale": 378, "changeValue": -217, "changePercentage": -0.364706, "lastLowestAskTime": 1661400206, "lastHighestBidTime": 1662734572, "lastSaleDate": "2022-08-15T22:48:20+00:00"}, "objectID": "c8098f3e-2b33-4ec4-a4a9-3d50e833fadc"}, {"id": "b7a1a857-4970-4c5f-b419-cf5534c51ae2", "uuid": "b7a1a857-4970-4c5f-b419-cf5534c51ae2", "brand": "Nike", "colorway": "White/Black/Black", "condition": "New", "description": "", "media": {"smallImageUrl": "https://images.stockx.com/images/Nike-Dunk-Low-Ying-Yang-Pack.jpg?fit=fill&bg=FFFFFF&w=300&h=214&fm=webp&auto=compress&trim=color&q=90&dpr=2&updated_at=1647058526", "thumbUrl": "https://images.stockx.com/images/Nike-Dunk-Low-Ying-Yang-Pack.jpg?fit=fill&bg=FFFFFF&w=140&h=100&fm=webp&auto=compress&trim=color&q=90&dpr=2&updated_at=1647058526"}, "productCategory": "sneakers", "releaseDate": "", "retailPrice": 0, "shoe": "Nike Dunk Low", "title": "Nike Dunk Low Ying Yang Pack", "urlKey": "nike-dunk-low-ying-yang-pack", "market": {"lowestAsk": 2032, "salesThisPeriod": 0, "salesLastPeriod": 0, "highestBid": 300, "volatility": 0, "deadstockSold": 0, "pricePremium": 0, "averageDeadstockPrice": 0, "lastSale": 0, "changeValue": 0, "changePercentage": 0, "lastLowestAskTime": 0, "lastHighestBidTime": 1660818960, "lastSaleDate": ""}, "objectID": "b7a1a857-4970-4c5f-b419-cf5534c51ae2"}, {"id": "49a3e6ae-5d00-4560-a865-70882dea1b5e", "uuid": "49a3e6ae-5d00-4560-a865-70882dea1b5e", "brand": "Nike", "colorway": "Black/Clear Jade-White", "condition": "New", "description": "", "media": {"smallImageUrl": "https://images.stockx.com/images/Nike-Dunk-SB-Low-Clear-Jade-Product.jpg?fit=fill&bg=FFFFFF&w=300&h=214&fm=webp&auto=compress&trim=color&q=90&dpr=2&updated_at=1607051466", "thumbUrl": "https://images.stockx.com/images/Nike-Dunk-SB-Low-Clear-Jade-Product.jpg?fit=fill&bg=FFFFFF&w=140&h=100&fm=webp&auto=compress&trim=color&q=90&dpr=2&updated_at=1607051466"}, "productCategory": "sneakers", "releaseDate": "", "retailPrice": 100, "shoe": "Nike SB Dunk Low", "title": "Nike SB Dunk Low Clear Jade", "urlKey": "nike-dunk-sb-low-clear-jade", "market": {"lowestAsk": 375, "salesThisPeriod": 0, "salesLastPeriod": 0, "highestBid": 500, "volatility": 0.250891, "deadstockSold": 24, "pricePremium": 0, "averageDeadstockPrice": 369, "lastSale": 380, "changeValue": 40, "changePercentage": 0.117647, "lastLowestAskTime": 1663752673, "lastHighestBidTime": 1662924781, "lastSaleDate": "2022-09-02T14:45:44+00:00"}, "objectID": "49a3e6ae-5d00-4560-a865-70882dea1b5e"}, {"id": "5b9d3e0a-3162-44a9-bf9d-4fa4c6602655", "uuid": "5b9d3e0a-3162-44a9-bf9d-4fa4c6602655", "brand": "Nike", "colorway": "Net/Shy Pink-White", "condition": "New", "description": "", "media": {"smallImageUrl": "https://images.stockx.com/images/Nike-Dunk-Low-Shy-Pink-W.jpg?fit=fill&bg=FFFFFF&w=300&h=214&fm=webp&auto=compress&trim=color&q=90&dpr=2&updated_at=1648777071", "thumbUrl": "https://images.stockx.com/images/Nike-Dunk-Low-Shy-Pink-W.jpg?fit=fill&bg=FFFFFF&w=140&h=100&fm=webp&auto=compress&trim=color&q=90&dpr=2&updated_at=1648777071"}, "productCategory": "sneakers", "releaseDate": "", "retailPrice": 0, "shoe": "Nike Dunk Low", "title": "Nike Dunk Low Shy Pink (W)", "urlKey": "nike-dunk-low-shy-pink-w", "market": {"lowestAsk": 1762, "salesThisPeriod": 0, "salesLastPeriod": 0, "highestBid": 200, "volatility": 0, "deadstockSold": 0, "pricePremium": 0, "averageDeadstockPrice": 0, "lastSale": 0, "changeValue": 0, "changePercentage": 0, "lastLowestAskTime": 1661078487, "lastHighestBidTime": 1662944858, "lastSaleDate": ""}, "objectID": "5b9d3e0a-3162-44a9-bf9d-4fa4c6602655"}, {"id": "c7ea3654-ec06-4e29-ad47-94b70b4edf4b", "uuid": "c7ea3654-ec06-4e29-ad47-94b70b4edf4b", "brand": "Nike", "colorway": "White/Black", "condition": "New", "description": "", "media": {"smallImageUrl": "https://images.stockx.com/images/Nike-Dunk-SB-High-Huxtable-Product.jpg?fit=fill&bg=FFFFFF&w=300&h=214&fm=webp&auto=compress&trim=color&q=90&dpr=2&updated_at=1607047838", "thumbUrl": "https://images.stockx.com/images/Nike-Dunk-SB-High-Huxtable-Product.jpg?fit=fill&bg=FFFFFF&w=140&h=100&fm=webp&auto=compress&trim=color&q=90&dpr=2&updated_at=1607047838"}, "productCategory": "sneakers", "releaseDate": "2010-01-01", "retailPrice": 120, "shoe": "Nike SB Dunk High", "title": "Nike SB Dunk High Huxtable", "urlKey": "nike-dunk-sb-high-huxtable", "market": {"lowestAsk": 876, "salesThisPeriod": 0, "salesLastPeriod": 0, "highestBid": 600, "volatility": 0.225645, "deadstockSold": 10, "pricePremium": 0, "averageDeadstockPrice": 670, "lastSale": 1140, "changeValue": 765, "changePercentage": 2.04, "lastLowestAskTime": 1662734833, "lastHighestBidTime": 1661481926, "lastSaleDate": "2022-05-31T03:49:39+00:00"}, "objectID": "c7ea3654-ec06-4e29-ad47-94b70b4edf4b"}, {"id": "076ce489-6f04-4de8-8787-0cf54e594de7", "uuid": "076ce489-6f04-4de8-8787-0cf54e594de7", "brand": "Nike", "colorway": "Medium Olive/ Turbo Green", "condition": "New", "description": "", "media": {"smallImageUrl": "https://images.stockx.com/images/Nike-Dunk-SB-Low-Medium-Olive-Turbo-Green.jpg?fit=fill&bg=FFFFFF&w=300&h=214&fm=webp&auto=compress&trim=color&q=90&dpr=2&updated_at=1617289274", "thumbUrl": "https://images.stockx.com/images/Nike-Dunk-SB-Low-Medium-Olive-Turbo-Green.jpg?fit=fill&bg=FFFFFF&w=140&h=100&fm=webp&auto=compress&trim=color&q=90&dpr=2&updated_at=1617289274"}, "productCategory": "sneakers", "releaseDate": "2014-04-01", "retailPrice": 85, "shoe": "Nike SB Dunk Low", "title": "Nike SB Dunk Low Medium Olive Turbo Green", "urlKey": "nike-dunk-sb-low-medium-olive-turbo-green", "market": {"lowestAsk": 823, "salesThisPeriod": 0, "salesLastPeriod": 0, "highestBid": 369, "volatility": 0.979466, "deadstockSold": 4, "pricePremium": 1.553, "averageDeadstockPrice": 385, "lastSale": 217, "changeValue": -533, "changePercentage": -0.710667, "lastLowestAskTime": 1663431600, "lastHighestBidTime": 1663466533, "lastSaleDate": "2022-08-31T16:03:07+00:00"}, "objectID": "076ce489-6f04-4de8-8787-0cf54e594de7"}, {"id": "3dadb723-d62b-428a-baf3-63c0a4a3af24", "uuid": "3dadb723-d62b-428a-baf3-63c0a4a3af24", "brand": "Nike", "colorway": "White/Cactus Flower-White", "condition": "New", "description": "", "media": {"smallImageUrl": "https://images.stockx.com/images/Nike-Dunk-Low-Disrupt-Cactus-Flower-W-Product.jpg?fit=fill&bg=FFFFFF&w=300&h=214&fm=webp&auto=compress&trim=color&q=90&dpr=2&updated_at=1629920263", "thumbUrl": "https://images.stockx.com/images/Nike-Dunk-Low-Disrupt-Cactus-Flower-W-Product.jpg?fit=fill&bg=FFFFFF&w=140&h=100&fm=webp&auto=compress&trim=color&q=90&dpr=2&updated_at=1629920263"}, "productCategory": "sneakers", "releaseDate": "", "retailPrice": 110, "shoe": "Nike Dunk Low Disrupt", "title": "Nike Dunk Low Disrupt Cactus Flower (W)", "urlKey": "nike-dunk-low-disrupt-cactus-flower-w", "market": {"lowestAsk": 150, "salesThisPeriod": 1, "salesLastPeriod": 0, "highestBid": 110, "volatility": 0.159638, "deadstockSold": 342, "pricePremium": 0.891, "averageDeadstockPrice": 157, "lastSale": 208, "changeValue": 69, "changePercentage": 0.496403, "lastLowestAskTime": 1663360407, "lastHighestBidTime": 1663099561, "lastSaleDate": "2022-09-19T12:55:16+00:00"}, "objectID": "3dadb723-d62b-428a-baf3-63c0a4a3af24"}, {"id": "88ab6334-08f8-440c-8f9c-510d38e755c9", "uuid": "88ab6334-08f8-440c-8f9c-510d38e755c9", "brand": "Nike", "colorway": "Light Silver/White-Varsity Red", "condition": "New", "description": "", "media": {"smallImageUrl": "https://stockx-assets.imgix.net/media/Product-Placeholder-Default-20210415.jpg?fit=fill&bg=FFFFFF&w=300&h=214&fm=webp&auto=compress&trim=color&q=90&dpr=2&updated_at=0", "thumbUrl": "https://stockx-assets.imgix.net/media/Product-Placeholder-Default-20210415.jpg?fit=fill&bg=FFFFFF&w=140&h=100&fm=webp&auto=compress&trim=color&q=90&dpr=2&updated_at=0"}, "productCategory": "sneakers", "releaseDate": "2019-02-04", "retailPrice": 0, "shoe": "Nike SB Dunk Low", "title": "Nike SB Dunk Low Girls Don't Cry (F&F)", "urlKey": "nike-sb-dunk-low-girls-dont-cry-ff", "market": {"lowestAsk": 0, "salesThisPeriod": 0, "salesLastPeriod": 0, "highestBid": 3000, "volatility": 0, "deadstockSold": 1, "pricePremium": 0, "averageDeadstockPrice": 7300, "lastSale": 7300, "changeValue": 0, "changePercentage": 0, "lastLowestAskTime": 0, "lastHighestBidTime": 1658173973, "lastSaleDate": "2022-04-12T15:02:43+00:00"}, "objectID": "88ab6334-08f8-440c-8f9c-510d38e755c9"}, {"id": "2b35a602-7ddd-4ca9-bee9-54d8342f262d", "uuid": "2b35a602-7ddd-4ca9-bee9-54d8342f262d", "brand": "Nike", "childId": null, "colorway": "Multi-Color/Multi-Color", "condition": "New", "description": "", "media": {"smallImageUrl": "https://images.stockx.com/images/Nike-SB-Dunk-High-Dog-Walker-Special-Box.jpg?fit=fill&bg=FFFFFF&w=300&h=214&fm=webp&auto=compress&trim=color&q=90&dpr=2&updated_at=1607059326", "thumbUrl": "https://images.stockx.com/images/Nike-SB-Dunk-High-Dog-Walker-Special-Box.jpg?fit=fill&bg=FFFFFF&w=140&h=100&fm=webp&auto=compress&trim=color&q=90&dpr=2&updated_at=1607059326"}, "productCategory": "sneakers", "releaseDate": "2019-04-20", "retailPrice": 110, "shoe": "Nike SB Dunk High", "title": "Nike SB Dunk High Dog Walker (Special Box)", "urlKey": "nike-sb-dunk-high-dog-walker-special-box", "market": {"lowestAsk": 1350, "salesThisPeriod": 0, "salesLastPeriod": 0, "highestBid": 450, "volatility": 0.657152, "deadstockSold": 7, "pricePremium": 2.409, "averageDeadstockPrice": 728, "lastSale": 375, "changeValue": -25, "changePercentage": -0.0625, "lastLowestAskTime": 1662941802, "lastHighestBidTime": 1660330658, "lastSaleDate": "2022-09-08T16:55:45+00:00"}, "objectID": "2b35a602-7ddd-4ca9-bee9-54d8342f262d"}, {"id": "2e2782f6-0867-46a5-8e47-673cfeb48f2f", "uuid": "2e2782f6-0867-46a5-8e47-673cfeb48f2f", "brand": "Nike", "colorway": "Varsity Red/White-Varsity Red", "condition": "New", "description": "", "media": {"smallImageUrl": "https://images.stockx.com/images/Nike-Dunk-SB-Low-Red-Patent-Leather-Product.jpg?fit=fill&bg=FFFFFF&w=300&h=214&fm=webp&auto=compress&trim=color&q=90&dpr=2&updated_at=1607054099", "thumbUrl": "https://images.stockx.com/images/Nike-Dunk-SB-Low-Red-Patent-Leather-Product.jpg?fit=fill&bg=FFFFFF&w=140&h=100&fm=webp&auto=compress&trim=color&q=90&dpr=2&updated_at=1607054099"}, "productCategory": "sneakers", "releaseDate": "2015-04-01", "retailPrice": 90, "shoe": "Nike SB Dunk Low", "title": "Nike SB Dunk Low Red Patent Leather", "urlKey": "nike-dunk-sb-low-red-patent-leather", "market": {"lowestAsk": 240, "salesThisPeriod": 0, "salesLastPeriod": 0, "highestBid": 300, "volatility": 0.34113, "deadstockSold": 15, "pricePremium": 2.889, "averageDeadstockPrice": 362, "lastSale": 350, "changeValue": -85, "changePercentage": -0.195402, "lastLowestAskTime": 1662043176, "lastHighestBidTime": 1661124374, "lastSaleDate": "2022-07-11T03:25:51+00:00"}, "objectID": "2e2782f6-0867-46a5-8e47-673cfeb48f2f"}, {"id": "d6181452-51a5-4ead-8c5c-aea1185dd330", "uuid": "d6181452-51a5-4ead-8c5c-aea1185dd330", "brand": "Nike", "colorway": "Blue Ribbon/Metallic Vegas Gold-Varsity Red", "condition": "New", "description": "", "media": {"smallImageUrl": "https://images.stockx.com/images/Nike-Dunk-SB-Low-Eric-Koston.jpg?fit=fill&bg=FFFFFF&w=300&h=214&fm=webp&auto=compress&trim=color&q=90&dpr=2&updated_at=1608512482", "thumbUrl": "https://images.stockx.com/images/Nike-Dunk-SB-Low-Eric-Koston.jpg?fit=fill&bg=FFFFFF&w=140&h=100&fm=webp&auto=compress&trim=color&q=90&dpr=2&updated_at=1608512482"}, "productCategory": "sneakers", "releaseDate": "", "retailPrice": 100, "shoe": "Nike SB Dunk Low", "title": "Nike SB Dunk Low Eric Koston", "urlKey": "nike-dunk-sb-low-eric-koston", "market": {"lowestAsk": 716, "salesThisPeriod": 0, "salesLastPeriod": 0, "highestBid": 450, "volatility": 0.227748, "deadstockSold": 16, "pricePremium": 0, "averageDeadstockPrice": 581, "lastSale": 450, "changeValue": -150, "changePercentage": -0.25, "lastLowestAskTime": 1663734821, "lastHighestBidTime": 1662774414, "lastSaleDate": "2022-09-14T16:46:17+00:00"}, "objectID": "d6181452-51a5-4ead-8c5c-aea1185dd330"}, {"id": "8c3b707c-773b-4d53-b112-cf853f1da974", "uuid": "8c3b707c-773b-4d53-b112-cf853f1da974", "brand": "Nike", "colorway": "Black/Black", "condition": "New", "description": "", "media": {"smallImageUrl": "https://images.stockx.com/images/Nike-Dunk-SB-Low-Space-Jam-Product.jpg?fit=fill&bg=FFFFFF&w=300&h=214&fm=webp&auto=compress&trim=color&q=90&dpr=2&updated_at=1607048802", "thumbUrl": "https://images.stockx.com/images/Nike-Dunk-SB-Low-Space-Jam-Product.jpg?fit=fill&bg=FFFFFF&w=140&h=100&fm=webp&auto=compress&trim=color&q=90&dpr=2&updated_at=1607048802"}, "productCategory": "sneakers", "releaseDate": "2011-07-23", "retailPrice": 150, "shoe": "Nike SB Dunk Low", "title": "Nike SB Dunk Low Space Jam", "urlKey": "nike-dunk-sb-low-space-jam", "market": {"lowestAsk": 360, "salesThisPeriod": 0, "salesLastPeriod": 0, "highestBid": 351, "volatility": 0.369641, "deadstockSold": 20, "pricePremium": 0.893, "averageDeadstockPrice": 419, "lastSale": 284, "changeValue": -315, "changePercentage": -0.525876, "lastLowestAskTime": 1662464711, "lastHighestBidTime": 1663431549, "lastSaleDate": "2022-08-28T04:21:01+00:00"}, "objectID": "8c3b707c-773b-4d53-b112-cf853f1da974"}, {"id": "c5db3593-1927-4fe6-ace7-037b9060b85f", "uuid": "c5db3593-1927-4fe6-ace7-037b9060b85f", "brand": "Nike", "colorway": "Summit White/Black-University Red-Summit White", "condition": "New", "description": "", "media": {"smallImageUrl": "https://images.stockx.com/images/Nike-Dunk-SB-High-Black-Sheep-Wolf-In-Sheeps-Clothing-Product.jpg?fit=fill&bg=FFFFFF&w=300&h=214&fm=webp&auto=compress&trim=color&q=90&dpr=2&updated_at=1607049213", "thumbUrl": "https://images.stockx.com/images/Nike-Dunk-SB-High-Black-Sheep-Wolf-In-Sheeps-Clothing-Product.jpg?fit=fill&bg=FFFFFF&w=140&h=100&fm=webp&auto=compress&trim=color&q=90&dpr=2&updated_at=1607049213"}, "productCategory": "sneakers", "releaseDate": "2017-01-07", "retailPrice": 110, "shoe": "Nike SB Dunk High", "title": "Nike SB Dunk High Wolf In Sheep's Clothing", "urlKey": "nike-dunk-sb-high-black-sheep-wolf-in-sheeps-clothing", "market": {"lowestAsk": 275, "salesThisPeriod": 0, "salesLastPeriod": 0, "highestBid": 325, "volatility": 0.131313, "deadstockSold": 50, "pricePremium": 2.636, "averageDeadstockPrice": 368, "lastSale": 400, "changeValue": 50, "changePercentage": 0.142857, "lastLowestAskTime": 1663704170, "lastHighestBidTime": 1663306172, "lastSaleDate": "2022-08-25T15:31:20+00:00"}, "objectID": "c5db3593-1927-4fe6-ace7-037b9060b85f"}, {"id": "2acfc37f-9b25-4cf8-b137-d551f7989694", "uuid": "2acfc37f-9b25-4cf8-b137-d551f7989694", "brand": "Nike", "colorway": "Sunset/French Blue", "condition": "New", "description": "", "media": {"smallImageUrl": "https://images.stockx.com/images/Nike-Dunk-SB-Low-Sunset-French-Blue.jpg?fit=fill&bg=FFFFFF&w=300&h=214&fm=webp&auto=compress&trim=color&q=90&dpr=2&updated_at=1607057550", "thumbUrl": "https://images.stockx.com/images/Nike-Dunk-SB-Low-Sunset-French-Blue.jpg?fit=fill&bg=FFFFFF&w=140&h=100&fm=webp&auto=compress&trim=color&q=90&dpr=2&updated_at=1607057550"}, "productCategory": "sneakers", "releaseDate": "2011-04-01", "retailPrice": 85, "shoe": "Nike SB Dunk Low", "title": "Nike SB Dunk Low Sunset French Blue", "urlKey": "nike-dunk-sb-low-sunset-french-blue", "market": {"lowestAsk": 849, "salesThisPeriod": 0, "salesLastPeriod": 0, "highestBid": 223, "volatility": 0.043013, "deadstockSold": 4, "pricePremium": 5.199, "averageDeadstockPrice": 493, "lastSale": 527, "changeValue": 27, "changePercentage": 0.053912, "lastLowestAskTime": 1661887232, "lastHighestBidTime": 1663774567, "lastSaleDate": "2022-07-17T19:58:54+00:00"}, "objectID": "2acfc37f-9b25-4cf8-b137-d551f7989694"}, {"id": "2d4d92e7-4d84-486f-9e82-ca091de2c348", "uuid": "2d4d92e7-4d84-486f-9e82-ca091de2c348", "brand": "Nike", "colorway": "White/White-Metallic Gold", "condition": "New", "description": "", "media": {"smallImageUrl": "https://images.stockx.com/images/Nike-Dunk-Low-Disrupt-White-Metallic-Gold-W.jpg?fit=fill&bg=FFFFFF&w=300&h=214&fm=webp&auto=compress&trim=color&q=90&dpr=2&updated_at=1612456253", "thumbUrl": "https://images.stockx.com/images/Nike-Dunk-Low-Disrupt-White-Metallic-Gold-W.jpg?fit=fill&bg=FFFFFF&w=140&h=100&fm=webp&auto=compress&trim=color&q=90&dpr=2&updated_at=1612456253"}, "productCategory": "sneakers", "releaseDate": "2021-01-25", "retailPrice": 110, "shoe": "Nike Dunk Low Disrupt", "title": "Nike Dunk Low Disrupt White Metallic Gold (W)", "urlKey": "nike-dunk-low-disrupt-white-metallic-gold-w", "market": {"lowestAsk": 86, "salesThisPeriod": 4, "salesLastPeriod": 0, "highestBid": 77, "volatility": 0.143074, "deadstockSold": 209, "pricePremium": -0.136, "averageDeadstockPrice": 124, "lastSale": 95, "changeValue": -6, "changePercentage": -0.059406, "lastLowestAskTime": 1663638109, "lastHighestBidTime": 1660724899, "lastSaleDate": "2022-09-20T20:38:11+00:00"}, "objectID": "2d4d92e7-4d84-486f-9e82-ca091de2c348"}, {"id": "44977075-7c9f-4f4a-a856-723b16e66e22", "uuid": "44977075-7c9f-4f4a-a856-723b16e66e22", "brand": "Nike", "colorway": "White/White-Pure Platinum", "condition": "New", "description": "", "media": {"smallImageUrl": "https://images.stockx.com/images/Nike-Dunk-SB-Low-Tokyo-2015-Product.jpg?fit=fill&bg=FFFFFF&w=300&h=214&fm=webp&auto=compress&trim=color&q=90&dpr=2&updated_at=1642599974", "thumbUrl": "https://images.stockx.com/images/Nike-Dunk-SB-Low-Tokyo-2015-Product.jpg?fit=fill&bg=FFFFFF&w=140&h=100&fm=webp&auto=compress&trim=color&q=90&dpr=2&updated_at=1642599974"}, "productCategory": "sneakers", "releaseDate": "2015-05-26", "retailPrice": 90, "shoe": "Nike SB Dunk Low", "title": "Nike SB Dunk Low Tokyo (2015)", "urlKey": "nike-dunk-sb-low-tokyo-2015", "market": {"lowestAsk": 395, "salesThisPeriod": 0, "salesLastPeriod": 0, "highestBid": 385, "volatility": 0.322837, "deadstockSold": 11, "pricePremium": 5.111, "averageDeadstockPrice": 651, "lastSale": 550, "changeValue": -295, "changePercentage": -0.349112, "lastLowestAskTime": 1663804702, "lastHighestBidTime": 1663625662, "lastSaleDate": "2022-07-11T21:00:26+00:00"}, "objectID": "44977075-7c9f-4f4a-a856-723b16e66e22"}, {"id": "a43cc95a-9b69-41b6-8d6b-04fdb0f2625a", "uuid": "a43cc95a-9b69-41b6-8d6b-04fdb0f2625a", "brand": "Nike", "colorway": "Black/Midnight Fog-Mid Navy-White", "condition": "New", "description": "", "media": {"smallImageUrl": "https://images.stockx.com/images/Nike-Dunk-SB-Low-Black-Midnight-Fog.jpg?fit=fill&bg=FFFFFF&w=300&h=214&fm=webp&auto=compress&trim=color&q=90&dpr=2&updated_at=1611592012", "thumbUrl": "https://images.stockx.com/images/Nike-Dunk-SB-Low-Black-Midnight-Fog.jpg?fit=fill&bg=FFFFFF&w=140&h=100&fm=webp&auto=compress&trim=color&q=90&dpr=2&updated_at=1611592012"}, "productCategory": "sneakers", "releaseDate": "", "retailPrice": 100, "shoe": "Nike SB Dunk Low", "title": "Nike SB Dunk Low Black Midnight Fog", "urlKey": "nike-dunk-sb-low-black-midnight-fog", "market": {"lowestAsk": 798, "salesThisPeriod": 0, "salesLastPeriod": 0, "highestBid": 196, "volatility": 0.252747, "deadstockSold": 7, "pricePremium": 2.99, "averageDeadstockPrice": 319, "lastSale": 399, "changeValue": 149, "changePercentage": 0.596, "lastLowestAskTime": 1663794560, "lastHighestBidTime": 1663079656, "lastSaleDate": "2022-08-26T20:12:01+00:00"}, "objectID": "a43cc95a-9b69-41b6-8d6b-04fdb0f2625a"}, {"id": "53bc519c-bc2a-448a-ad59-072d591a64b6", "uuid": "53bc519c-bc2a-448a-ad59-072d591a64b6", "brand": "Nike", "colorway": "White/Clear-Pure Platinum", "condition": "New", "description": "The Nike Dunk has seen a monumental return in 2020 and the latest Slam Jam collaboration continues the model\u2019s hot streak. The Italian boutique has its fair share of signature colorways on some of Nike\u2019s most popular silhouettes, like the Blazer Mid \u201877 and Air Force 1. This time, they\u2019re adding their touch to one of this year\u2019s most talked about sneakers.\n<br>\n<br>\nThe Nike Dunk Slam Jam delivers two colorways of the popular basketball model, this pair being titled \"Pure Platinum\". A mix of materials are present on the sneaker\u2019s upper, including leather, nubuck, and rubber. The Swoosh has a translucent gummy-like texture to match the translucent midsole. The tongue tag features an upside-down \"Nike\" logo, a theme that Slam Jam is known for since they flipped the Swoosh on their last Nike Blazer collaboration.\n<br>\n<br>\nThe Nike Dunk Slam Jam Pure Platinum released in October of 2020.", "media": {"smallImageUrl": "https://images.stockx.com/images/Nike-Dunk-High-Slam-Jam-White-Pure-Platinum-Product.jpg?fit=fill&bg=FFFFFF&w=300&h=214&fm=webp&auto=compress&trim=color&q=90&dpr=2&updated_at=1607006185", "thumbUrl": "https://images.stockx.com/images/Nike-Dunk-High-Slam-Jam-White-Pure-Platinum-Product.jpg?fit=fill&bg=FFFFFF&w=140&h=100&fm=webp&auto=compress&trim=color&q=90&dpr=2&updated_at=1607006185"}, "productCategory": "sneakers", "releaseDate": "2020-10-03", "retailPrice": 150, "shoe": "Nike Dunk High", "title": "Nike Dunk High Slam Jam White Pure Platinum", "urlKey": "nike-dunk-high-slam-jam-white-pure-platinum", "market": {"lowestAsk": 190, "salesThisPeriod": 1, "salesLastPeriod": 0, "highestBid": 225, "volatility": 0.10252, "deadstockSold": 189, "pricePremium": 0.627, "averageDeadstockPrice": 240, "lastSale": 244, "changeValue": 32, "changePercentage": 0.150887, "lastLowestAskTime": 1661906408, "lastHighestBidTime": 1662125961, "lastSaleDate": "2022-09-13T18:04:52+00:00"}, "objectID": "53bc519c-bc2a-448a-ad59-072d591a64b6"}]}