{"Pagination": {"query": "nike dunk", "queryID": "7f1d150c637d3ef3818cf9557a651050", "index": "PRODUCTION_PG_FEATURED_DESC", "limit": 40, "page": 21, "total": 1994, "lastPage": "/api/v3/browse?_search=nike%20dunk&dataType=product&facetsToRetrieve=%7B%7D&filterVersion=4&page=25&propsToRetrieve=brand%2CchildId%2Ccolorway%2Ccondition%2Cdescription%2Cid%2Cmarket.averageDeadstockPrice%2Cmarket.bidAskData%2Cmarket.changePercentage%2Cmarket.changeValue%2Cmarket.deadstockSold%2Cmarket.highestBid%2Cmarket.lastHighestBidTime%2Cmarket.lastLowestAskTime%2Cmarket.lastSale%2Cmarket.lastSaleDate%2Cmarket.lastSaleValue%2Cmarket.lowestAsk%2Cmarket.pricePremium%2Cmarket.salesInformation%2Cmarket.salesLastPeriod%2Cmarket.salesThisPeriod%2Cmarket.volatility%2Cmedia.smallImageUrl%2Cmedia.thumbUrl%2CproductCategory%2CreleaseDate%2CretailPrice%2Cshoe%2Ctitle%2CurlKey%2Cuuid", "sort": ["featured"], "order": ["DESC"], "currentPage": "/api/v3/browse?_search=nike%20dunk&dataType=product&facetsToRetrieve=%7B%7D&filterVersion=4&page=21&propsToRetrieve=brand%2CchildId%2Ccolorway%2Ccondition%2Cdescription%2Cid%2Cmarket.averageDeadstockPrice%2Cmarket.bidAskData%2Cmarket.changePercentage%2Cmarket.changeValue%2Cmarket.deadstockSold%2Cmarket.highestBid%2Cmarket.lastHighestBidTime%2Cmarket.lastLowestAskTime%2Cmarket.lastSale%2Cmarket.lastSaleDate%2Cmarket.lastSaleValue%2Cmarket.lowestAsk%2Cmarket.pricePremium%2Cmarket.salesInformation%2Cmarket.salesLastPeriod%2Cmarket.salesThisPeriod%2Cmarket.volatility%2Cmedia.smallImageUrl%2Cmedia.thumbUrl%2CproductCategory%2CreleaseDate%2CretailPrice%2Cshoe%2Ctitle%2CurlKey%2Cuuid", "nextPage": "/api/v3/browse?_search=nike%20dunk&dataType=product&facetsToRetrieve=%7B%7D&filterVersion=4&page=22&propsToRetrieve=brand%2CchildId%2Ccolorway%2Ccondition%2Cdescription%2Cid%2Cmarket.averageDeadstockPrice%2Cmarket.bidAskData%2Cmarket.changePercentage%2Cmarket.changeValue%2Cmarket.deadstockSold%2Cmarket.highestBid%2Cmarket.lastHighestBidTime%2Cmarket.lastLowestAskTime%2Cmarket.lastSale%2Cmarket.lastSaleDate%2Cmarket.lastSaleValue%2Cmarket.lowestAsk%2Cmarket.pricePremium%2Cmarket.salesInformation%2Cmarket.salesLastPeriod%2Cmarket.salesThisPeriod%2Cmarket.volatility%2Cmedia.smallImageUrl%2Cmedia.thumbUrl%2CproductCategory%2CreleaseDate%2CretailPrice%2Cshoe%2Ctitle%2CurlKey%2Cuuid", "previousPage": "/api/v3/browse?_search=nike%20dunk&dataType=product&facetsToRetrieve=%7B%7D&filterVersion=4&page=20&propsToRetrieve=brand%2CchildId%2Ccolorway%2Ccondition%2Cdescription%2Cid%2Cmarket.averageDeadstockPrice%2Cmarket.bidAskData%2Cmarket.changePercentage%2Cmarket.changeValue%2Cmarket.deadstockSold%2Cmarket.highestBid%2Cmarket.lastHighestBidTime%2Cmarket.lastLowestAskTime%2Cmarket.lastSale%2Cmarket.lastSaleDate%2Cmarket.lastSaleValue%2Cmarket.lowestAsk%2Cmarket.pricePremium%2Cmarket.salesInformation%2Cmarket.salesLastPeriod%2Cmarket.salesThisPeriod%2Cmarket.volatility%2Cmedia.smallImageUrl%2Cmedia.thumbUrl%2CproductCategory%2CreleaseDate%2CretailPrice%2Cshoe%2Ctitle%2CurlKey%2Cuuid"}, "Facets": {}, "Products": [{"id": "c922fbd1-fa8c-456f-b20d-fde60ba3b370", "uuid": "c922fbd1-fa8c-456f-b20d-fde60ba3b370", "brand": "Nike", "colorway": "Gold Star/Gum Light Brown-Classic Brown", "condition": "New", "description": "", "media": {"smallImageUrl": "https://images.stockx.com/images/Nike-Dunk-SB-High-Waffle-Product.jpg?fit=fill&bg=FFFFFF&w=300&h=214&fm=webp&auto=compress&trim=color&q=90&dpr=2&updated_at=1607050224", "thumbUrl": "https://images.stockx.com/images/Nike-Dunk-SB-High-Waffle-Product.jpg?fit=fill&bg=FFFFFF&w=140&h=100&fm=webp&auto=compress&trim=color&q=90&dpr=2&updated_at=1607050224"}, "productCategory": "sneakers", "releaseDate": "2016-04-02", "retailPrice": 110, "shoe": "Nike SB Dunk High", "title": "Nike SB Dunk High Waffle", "urlKey": "nike-dunk-sb-high-waffle", "market": {"lowestAsk": 399, "salesThisPeriod": 1, "salesLastPeriod": 0, "highestBid": 420, "volatility": 0.305423, "deadstockSold": 62, "pricePremium": 2.636, "averageDeadstockPrice": 467, "lastSale": 400, "changeValue": 35, "changePercentage": 0.09589, "lastLowestAskTime": 1661530188, "lastHighestBidTime": 1659649047, "lastSaleDate": "2022-09-07T01:25:51+00:00"}, "objectID": "c922fbd1-fa8c-456f-b20d-fde60ba3b370"}, {"id": "37f58b41-c68f-4c20-8268-e29494e9504d", "uuid": "37f58b41-c68f-4c20-8268-e29494e9504d", "brand": "Nike", "colorway": "White/White-White", "condition": "New", "description": "", "media": {"smallImageUrl": "https://images.stockx.com/images/Nike-Dunk-High-Pick-Up.jpg?fit=fill&bg=FFFFFF&w=300&h=214&fm=webp&auto=compress&trim=color&q=90&dpr=2&updated_at=1643138442", "thumbUrl": "https://images.stockx.com/images/Nike-Dunk-High-Pick-Up.jpg?fit=fill&bg=FFFFFF&w=140&h=100&fm=webp&auto=compress&trim=color&q=90&dpr=2&updated_at=1643138442"}, "productCategory": "sneakers", "releaseDate": "2022-05-05", "retailPrice": 150, "shoe": "Nike Dunk High", "title": "Nike Dunk High Pick Up", "urlKey": "nike-dunk-high-pick-up", "market": {"lowestAsk": 106, "salesThisPeriod": 4, "salesLastPeriod": 0, "highestBid": 101, "volatility": 0.108631, "deadstockSold": 116, "pricePremium": -0.24, "averageDeadstockPrice": 132, "lastSale": 114, "changeValue": 14, "changePercentage": 0.14, "lastLowestAskTime": 1663737801, "lastHighestBidTime": 1663472443, "lastSaleDate": "2022-09-20T23:41:52+00:00"}, "objectID": "37f58b41-c68f-4c20-8268-e29494e9504d"}, {"id": "d2b36dcd-4c02-461d-865e-37984da6ee0b", "uuid": "d2b36dcd-4c02-461d-865e-37984da6ee0b", "brand": "Nike", "colorway": "White/Cool Grey-White-White", "condition": "New", "description": "", "media": {"smallImageUrl": "https://images.stockx.com/images/Nike-SB-Dunk-High-Oski-Great-White-TD-Product.jpg?fit=fill&bg=FFFFFF&w=300&h=214&fm=webp&auto=compress&trim=color&q=90&dpr=2&updated_at=1656594235", "thumbUrl": "https://images.stockx.com/images/Nike-SB-Dunk-High-Oski-Great-White-TD-Product.jpg?fit=fill&bg=FFFFFF&w=140&h=100&fm=webp&auto=compress&trim=color&q=90&dpr=2&updated_at=1656594235"}, "productCategory": "sneakers", "releaseDate": "2022-03-12", "retailPrice": 75, "shoe": "Nike SB Dunk Low", "title": "Nike SB Dunk Low Oski Great White (TD)", "urlKey": "nike-sb-dunk-high-oski-great-white-td", "market": {"lowestAsk": 95, "salesThisPeriod": 1, "salesLastPeriod": 0, "highestBid": 100, "volatility": 0.106861, "deadstockSold": 114, "pricePremium": 0.547, "averageDeadstockPrice": 112, "lastSale": 116, "changeValue": 25, "changePercentage": 0.274725, "lastLowestAskTime": 1662949036, "lastHighestBidTime": 1662352249, "lastSaleDate": "2022-09-19T04:13:51+00:00"}, "objectID": "d2b36dcd-4c02-461d-865e-37984da6ee0b"}, {"id": "157d0cfa-b579-4a16-b3ac-f7d5ed5d0de5", "uuid": "157d0cfa-b579-4a16-b3ac-f7d5ed5d0de5", "brand": "Nike", "colorway": "Net/Deep Orange", "condition": "New", "description": "", "media": {"smallImageUrl": "https://images.stockx.com/images/Nike-Dunk-SB-Low-Eire-V1.jpg?fit=fill&bg=FFFFFF&w=300&h=214&fm=webp&auto=compress&trim=color&q=90&dpr=2&updated_at=1609759568", "thumbUrl": "https://images.stockx.com/images/Nike-Dunk-SB-Low-Eire-V1.jpg?fit=fill&bg=FFFFFF&w=140&h=100&fm=webp&auto=compress&trim=color&q=90&dpr=2&updated_at=1609759568"}, "productCategory": "sneakers", "releaseDate": "2006-04-01", "retailPrice": 65, "shoe": "Nike SB Dunk Low", "title": "Nike SB Dunk Low Eire", "urlKey": "nike-dunk-sb-low-eire", "market": {"lowestAsk": 610, "salesThisPeriod": 0, "salesLastPeriod": 0, "highestBid": 680, "volatility": 0.200977, "deadstockSold": 4, "pricePremium": 6.554, "averageDeadstockPrice": 644, "lastSale": 491, "changeValue": -139, "changePercentage": -0.220635, "lastLowestAskTime": 1663689909, "lastHighestBidTime": 1662088634, "lastSaleDate": "2022-09-14T16:25:48+00:00"}, "objectID": "157d0cfa-b579-4a16-b3ac-f7d5ed5d0de5"}, {"id": "d072077c-bb93-4c5b-866e-8656a5789878", "uuid": "d072077c-bb93-4c5b-866e-8656a5789878", "brand": "Nike", "colorway": "Midnight Navy/Midnight Navy", "condition": "New", "description": "", "media": {"smallImageUrl": "https://images.stockx.com/images/Nike-SB-Dunk-High-Reese-Forbes-Denim.png?fit=fill&bg=FFFFFF&w=300&h=214&fm=webp&auto=compress&trim=color&q=90&dpr=2&updated_at=1607647229", "thumbUrl": "https://images.stockx.com/images/Nike-SB-Dunk-High-Reese-Forbes-Denim.png?fit=fill&bg=FFFFFF&w=140&h=100&fm=webp&auto=compress&trim=color&q=90&dpr=2&updated_at=1607647229"}, "productCategory": "sneakers", "releaseDate": "2017-02-23", "retailPrice": 110, "shoe": "Nike SB Dunk High", "title": "Nike SB Dunk High Reese Forbes Denim", "urlKey": "nike-sb-dunk-high-reese-forbes-denim", "market": {"lowestAsk": 188, "salesThisPeriod": 0, "salesLastPeriod": 0, "highestBid": 375, "volatility": 0.21162, "deadstockSold": 77, "pricePremium": 1, "averageDeadstockPrice": 267, "lastSale": 220, "changeValue": 75, "changePercentage": 0.517241, "lastLowestAskTime": 1663736115, "lastHighestBidTime": 1663308226, "lastSaleDate": "2022-09-15T10:31:02+00:00"}, "objectID": "d072077c-bb93-4c5b-866e-8656a5789878"}, {"id": "1b47fe22-067b-4786-adab-49096adeab27", "uuid": "1b47fe22-067b-4786-adab-49096adeab27", "brand": "Nike", "colorway": "Black/Black-Cement Grey", "condition": "New", "description": "When it comes to creating demand for products, no boutique does it better than New York\u2019s Supreme but back when the Supreme x Nike SB Dunk Low \"Black Cement\" released, there was no mass hysteria or police-involved incidents. 2002 was a much simpler time for sneaker releases. In fact, collaborations like the Supreme Nike SB Dunks weren\u2019t as common because they just weren\u2019t a big deal. Back then the 500 pairs that were created were only available at the New York City and Tokyo locations, because back then, those were the only two cities Supreme had stores. It goes without saying that Supreme\u2019s version of the Nike Dunk Low was inspired by the Air Jordan 3. The black leather upper is wrapped in Elephant Print and accented in red, along with the Black/Black-Cement Grey official colorway, are iconic elements strikingly similar to the AJ3, so in hindsight, it\u2019s not a surprise that \"Black Cement\" Supreme Dunk Low is one of the most sought after sneakers to ever come from Nike Skateboarding. Although Supreme may be known today for their over-the-top and hyped collaborations, the SB Dunk collab with Nike SB was the first time the brand officially worked on a shoe and at the time, Nike SB Dunks were under the radar of most sneakerheads because they were made to skate in. The limited production of the Supreme x Nike Dunk SB Low \"Black Cement\" and the fact that many were worn and skated, keeps the Supreme Dunks out of the price range for many collectors.", "media": {"smallImageUrl": "https://images.stockx.com/images/Nike-Dunk-SB-Low-Supreme-Black-Cement-2002-Product.jpg?fit=fill&bg=FFFFFF&w=300&h=214&fm=webp&auto=compress&trim=color&q=90&dpr=2&updated_at=1606322375", "thumbUrl": "https://images.stockx.com/images/Nike-Dunk-SB-Low-Supreme-Black-Cement-2002-Product.jpg?fit=fill&bg=FFFFFF&w=140&h=100&fm=webp&auto=compress&trim=color&q=90&dpr=2&updated_at=1606322375"}, "productCategory": "sneakers", "releaseDate": "2002-09-01", "retailPrice": 65, "shoe": "Nike SB Dunk Low", "title": "Nike SB Dunk Low Supreme  Black Cement (2002)", "urlKey": "nike-dunk-sb-low-supreme-ny-black-cement-2002", "market": {"lowestAsk": 5677, "salesThisPeriod": 0, "salesLastPeriod": 0, "highestBid": 3751, "volatility": 0.244012, "deadstockSold": 6, "pricePremium": 57.462, "averageDeadstockPrice": 4814, "lastSale": 3800, "changeValue": -1800, "changePercentage": -0.321429, "lastLowestAskTime": 1662535145, "lastHighestBidTime": 1662163472, "lastSaleDate": "2022-05-31T18:08:05+00:00"}, "objectID": "1b47fe22-067b-4786-adab-49096adeab27"}, {"id": "7ba0065a-8fdb-4a58-82ce-007846b13d6f", "uuid": "7ba0065a-8fdb-4a58-82ce-007846b13d6f", "brand": "Nike", "childId": null, "colorway": "Dark Grey/Black-White-Dark Grey", "condition": "New", "description": "", "media": {"smallImageUrl": "https://images.stockx.com/images/Nike-SB-Dunk-Low-Dark-Grey-Black-Gum-Product.jpg?fit=fill&bg=FFFFFF&w=300&h=214&fm=webp&auto=compress&trim=color&q=90&dpr=2&updated_at=1607054464", "thumbUrl": "https://images.stockx.com/images/Nike-SB-Dunk-Low-Dark-Grey-Black-Gum-Product.jpg?fit=fill&bg=FFFFFF&w=140&h=100&fm=webp&auto=compress&trim=color&q=90&dpr=2&updated_at=1607054464"}, "productCategory": "sneakers", "releaseDate": "2018-04-11", "retailPrice": 90, "shoe": "Nike SB Dunk Low", "title": "Nike SB Dunk Low Dark Grey Black Gum", "urlKey": "nike-sb-dunk-low-dark-grey-black-gum", "market": {"lowestAsk": 499, "salesThisPeriod": 0, "salesLastPeriod": 0, "highestBid": 650, "volatility": 0.351107, "deadstockSold": 22, "pricePremium": 2.9, "averageDeadstockPrice": 474, "lastSale": 351, "changeValue": 34, "changePercentage": 0.107256, "lastLowestAskTime": 1661324668, "lastHighestBidTime": 1662774256, "lastSaleDate": "2022-08-09T15:32:53+00:00"}, "objectID": "7ba0065a-8fdb-4a58-82ce-007846b13d6f"}, {"id": "108530ce-3db8-4480-b3aa-6795d162533e", "uuid": "108530ce-3db8-4480-b3aa-6795d162533e", "brand": "Nike", "colorway": "Summit White/Magma Orange", "condition": "New", "description": "", "media": {"smallImageUrl": "https://images.stockx.com/images/Nike-Dunk-High-White-Orange-Product.jpg?fit=fill&bg=FFFFFF&w=300&h=214&fm=webp&auto=compress&trim=color&q=90&dpr=2&updated_at=1662705079", "thumbUrl": "https://images.stockx.com/images/Nike-Dunk-High-White-Orange-Product.jpg?fit=fill&bg=FFFFFF&w=140&h=100&fm=webp&auto=compress&trim=color&q=90&dpr=2&updated_at=1662705079"}, "productCategory": "sneakers", "releaseDate": "2022-05-01", "retailPrice": 100, "shoe": "Nike Dunk High", "title": "Nike Dunk High White Magma Orange (W)", "urlKey": "nike-dunk-high-white-orange", "market": {"lowestAsk": 120, "salesThisPeriod": 0, "salesLastPeriod": 0, "highestBid": 96, "volatility": 0.09878, "deadstockSold": 34, "pricePremium": 0.41, "averageDeadstockPrice": 152, "lastSale": 141, "changeValue": -12, "changePercentage": -0.078431, "lastLowestAskTime": 1663490934, "lastHighestBidTime": 1663603054, "lastSaleDate": "2022-09-13T16:50:45+00:00"}, "objectID": "108530ce-3db8-4480-b3aa-6795d162533e"}, {"id": "88eea0cf-399f-47dc-ba67-c15955a5d064", "uuid": "88eea0cf-399f-47dc-ba67-c15955a5d064", "brand": "Nike", "colorway": "Metallic Silver/White", "condition": "New", "description": "", "media": {"smallImageUrl": "https://images.stockx.com/images/Nike-Dunk-High-CLOT-Metallic-Silver.jpg?fit=fill&bg=FFFFFF&w=300&h=214&fm=webp&auto=compress&trim=color&q=90&dpr=2&updated_at=1651364790", "thumbUrl": "https://images.stockx.com/images/Nike-Dunk-High-CLOT-Metallic-Silver.jpg?fit=fill&bg=FFFFFF&w=140&h=100&fm=webp&auto=compress&trim=color&q=90&dpr=2&updated_at=1651364790"}, "productCategory": "sneakers", "releaseDate": "2022-04-01", "retailPrice": 150, "shoe": "Nike Dunk High", "title": "Nike Dunk High CLOT Metallic Silver (With Card)", "urlKey": "nike-dunk-high-clot-metallic-silver-with-card", "market": {"lowestAsk": 112, "salesThisPeriod": 2, "salesLastPeriod": 0, "highestBid": 124, "volatility": 0.238028, "deadstockSold": 61, "pricePremium": -0.3, "averageDeadstockPrice": 143, "lastSale": 105, "changeValue": -11, "changePercentage": -0.09636, "lastLowestAskTime": 1663187015, "lastHighestBidTime": 1663327064, "lastSaleDate": "2022-09-16T15:36:31+00:00"}, "objectID": "88eea0cf-399f-47dc-ba67-c15955a5d064"}, {"id": "5a39d4c2-e510-4619-b551-3e5eb6ab3ba3", "uuid": "5a39d4c2-e510-4619-b551-3e5eb6ab3ba3", "brand": "Nike", "colorway": "White/Black-Cement Grey", "condition": "New", "description": "In late 2002, Supreme in New York\u2019s SOHO collaborated with Nike SB to release the Supreme x Nike Dunk Low SB \"White Cement.\" The first footwear collab for the mega-popular skate streetwear brand was nothing like the craziness of modern day Supreme drops. The Supreme SB Dunk Low was limited to 500 pairs and released alongside of the \"Black Cement\" version, both of which were inspired by the iconic colorways of the Air Jordan 3. The \"White Cement\" Supreme Dunk Low uses a white leather upper, blue lining and is wrapped primarily in the Cement Grey Elephant Print that has become one of the most iconic materials for Nike and Jordan. Without the hype and hysteria, the Supreme SB Dunk Low Pro SB flew under the radar, like most of the SB Dunks of the era, with no Supreme branding on the shoes, because back then collaborations weren\u2019t really something brands did. The release took place at Supreme\u2019s New York and Tokyo stores, which were the only two cities Supreme had store in back in 2002. Despite the low-key (by modern day standards) release, the classic color combination and Elephant Print details have become one of the most sought after Nike SB collaborations of all time. It\u2019s likely if you have a cop list, the Supreme x Nike Dunk Low SB \"White Cement\" is on it, even if you already have a pair.", "media": {"smallImageUrl": "https://images.stockx.com/images/Nike-Dunk-SB-Low-Supreme-White-Cement-2002-Product.jpg?fit=fill&bg=FFFFFF&w=300&h=214&fm=webp&auto=compress&trim=color&q=90&dpr=2&updated_at=1606321836", "thumbUrl": "https://images.stockx.com/images/Nike-Dunk-SB-Low-Supreme-White-Cement-2002-Product.jpg?fit=fill&bg=FFFFFF&w=140&h=100&fm=webp&auto=compress&trim=color&q=90&dpr=2&updated_at=1606321836"}, "productCategory": "sneakers", "releaseDate": "2002-09-01", "retailPrice": 100, "shoe": "Nike SB Dunk Low", "title": "Nike SB Dunk Low Supreme  White Cement (2002)", "urlKey": "nike-dunk-sb-low-supreme-ny-white-cement-2002", "market": {"lowestAsk": 5131, "salesThisPeriod": 0, "salesLastPeriod": 0, "highestBid": 3000, "volatility": 0.34, "deadstockSold": 2, "pricePremium": 0, "averageDeadstockPrice": 2680, "lastSale": 2000, "changeValue": -1360, "changePercentage": -0.404762, "lastLowestAskTime": 1660875017, "lastHighestBidTime": 1663555433, "lastSaleDate": "2022-06-22T10:38:27+00:00"}, "objectID": "5a39d4c2-e510-4619-b551-3e5eb6ab3ba3"}, {"id": "c77b9916-5719-42ed-be74-83b0135fd823", "uuid": "c77b9916-5719-42ed-be74-83b0135fd823", "brand": "Nike", "colorway": "Grey/Sail/Cream", "condition": "New", "description": "", "media": {"smallImageUrl": "https://images.stockx.com/images/Nike-Dunk-High-Grey-Sail-W-Product.jpg?fit=fill&bg=FFFFFF&w=300&h=214&fm=webp&auto=compress&trim=color&q=90&dpr=2&updated_at=1634918111", "thumbUrl": "https://images.stockx.com/images/Nike-Dunk-High-Grey-Sail-W-Product.jpg?fit=fill&bg=FFFFFF&w=140&h=100&fm=webp&auto=compress&trim=color&q=90&dpr=2&updated_at=1634918111"}, "productCategory": "sneakers", "releaseDate": "", "retailPrice": 110, "shoe": "Nike Dunk High", "title": "Nike Dunk High Grey Sail (W)", "urlKey": "nike-dunk-high-grey-sail-w", "market": {"lowestAsk": 95, "salesThisPeriod": 1, "salesLastPeriod": 0, "highestBid": 106, "volatility": 0.103426, "deadstockSold": 556, "pricePremium": 0.636, "averageDeadstockPrice": 137, "lastSale": 180, "changeValue": 53, "changePercentage": 0.417323, "lastLowestAskTime": 1663047882, "lastHighestBidTime": 1662679774, "lastSaleDate": "2022-09-20T17:08:34+00:00"}, "objectID": "c77b9916-5719-42ed-be74-83b0135fd823"}, {"id": "44b1fa12-1d89-4a14-8e1c-6c05ffdf8444", "uuid": "44b1fa12-1d89-4a14-8e1c-6c05ffdf8444", "brand": "Nike", "colorway": "Black/Black-White-Varsity Red", "condition": "New", "description": "MJ never hooped in Nike SB\u2019s, so now its your time to do him the pleasure and purchase the Nike SB High Bred. This Nike SB sports a black upper, black Nike \"Swoosh\", white midsole, and red sole. These sneakers released in November 2018 and retailed for $110. Its always cool to have a sold Nike SB in your shoe game, so grab these on StockX.", "media": {"smallImageUrl": "https://images.stockx.com/images/Nike-SB-Dunk-High-Bred-Product.jpg?fit=fill&bg=FFFFFF&w=300&h=214&fm=webp&auto=compress&trim=color&q=90&dpr=2&updated_at=1607052892", "thumbUrl": "https://images.stockx.com/images/Nike-SB-Dunk-High-Bred-Product.jpg?fit=fill&bg=FFFFFF&w=140&h=100&fm=webp&auto=compress&trim=color&q=90&dpr=2&updated_at=1607052892"}, "productCategory": "sneakers", "releaseDate": "2018-11-23", "retailPrice": 110, "shoe": "Nike SB Dunk High", "title": "Nike SB Dunk High Bred", "urlKey": "nike-sb-dunk-high-bred", "market": {"lowestAsk": 200, "salesThisPeriod": 2, "salesLastPeriod": 0, "highestBid": 220, "volatility": 0.773867, "deadstockSold": 108, "pricePremium": 0.027, "averageDeadstockPrice": 258, "lastSale": 113, "changeValue": -187, "changePercentage": -0.623333, "lastLowestAskTime": 1662058604, "lastHighestBidTime": 1661230003, "lastSaleDate": "2022-09-13T19:36:56+00:00"}, "objectID": "44b1fa12-1d89-4a14-8e1c-6c05ffdf8444"}, {"id": "42ffbe29-6cd5-42df-a2d8-aaba0f544d1a", "uuid": "42ffbe29-6cd5-42df-a2d8-aaba0f544d1a", "brand": "Nike", "colorway": "Medium Blue/Midnight Navy/White", "condition": "New", "description": "", "media": {"smallImageUrl": "https://images.stockx.com/images/Nike-Dunk-High-Medium-Blue-Midnight-Navy-PS.jpg?fit=fill&bg=FFFFFF&w=300&h=214&fm=webp&auto=compress&trim=color&q=90&dpr=2&updated_at=1655833641", "thumbUrl": "https://images.stockx.com/images/Nike-Dunk-High-Medium-Blue-Midnight-Navy-PS.jpg?fit=fill&bg=FFFFFF&w=140&h=100&fm=webp&auto=compress&trim=color&q=90&dpr=2&updated_at=1655833641"}, "productCategory": "sneakers", "releaseDate": "2022-05-17", "retailPrice": 80, "shoe": "Nike Dunk High", "title": "Nike Dunk High Medium Blue Midnight Navy (PS)", "urlKey": "nike-dunk-high-medium-blue-midnight-navy-ps", "market": {"lowestAsk": 80, "salesThisPeriod": 0, "salesLastPeriod": 0, "highestBid": 48, "volatility": 0.299673, "deadstockSold": 11, "pricePremium": 0, "averageDeadstockPrice": 99, "lastSale": 80, "changeValue": -85, "changePercentage": -0.515152, "lastLowestAskTime": 1663701411, "lastHighestBidTime": 1663316142, "lastSaleDate": "2022-09-15T21:56:07+00:00"}, "objectID": "42ffbe29-6cd5-42df-a2d8-aaba0f544d1a"}, {"id": "e22242d7-0f34-4501-8143-db83f204b220", "uuid": "e22242d7-0f34-4501-8143-db83f204b220", "brand": "Nike", "colorway": "Black/White-Ice Blue-Dark Concord", "condition": "New", "description": "", "media": {"smallImageUrl": "https://images.stockx.com/images/Nike-Dunk-SB-Low-Concord-Product.jpg?fit=fill&bg=FFFFFF&w=300&h=214&fm=webp&auto=compress&trim=color&q=90&dpr=2&updated_at=1608514721", "thumbUrl": "https://images.stockx.com/images/Nike-Dunk-SB-Low-Concord-Product.jpg?fit=fill&bg=FFFFFF&w=140&h=100&fm=webp&auto=compress&trim=color&q=90&dpr=2&updated_at=1608514721"}, "productCategory": "sneakers", "releaseDate": "2013-04-20", "retailPrice": 85, "shoe": "Nike SB Dunk Low", "title": "Nike SB Dunk Low Concord", "urlKey": "nike-dunk-sb-low-concord", "market": {"lowestAsk": 425, "salesThisPeriod": 1, "salesLastPeriod": 0, "highestBid": 650, "volatility": 0.180946, "deadstockSold": 22, "pricePremium": 4, "averageDeadstockPrice": 428, "lastSale": 425, "changeValue": 50, "changePercentage": 0.133333, "lastLowestAskTime": 1662744139, "lastHighestBidTime": 1663011821, "lastSaleDate": "2022-09-17T02:41:25+00:00"}, "objectID": "e22242d7-0f34-4501-8143-db83f204b220"}, {"id": "c0ae8078-5d2a-4122-9462-653613f607bd", "uuid": "c0ae8078-5d2a-4122-9462-653613f607bd", "brand": "Nike", "colorway": "Varsity Crimson/Black", "condition": "New", "description": "", "media": {"smallImageUrl": "https://images.stockx.com/images/Nike-Dunk-SB-Low-Milli-Vanilli-Product.jpg?fit=fill&bg=FFFFFF&w=300&h=214&fm=webp&auto=compress&trim=color&q=90&dpr=2&updated_at=1608511898", "thumbUrl": "https://images.stockx.com/images/Nike-Dunk-SB-Low-Milli-Vanilli-Product.jpg?fit=fill&bg=FFFFFF&w=140&h=100&fm=webp&auto=compress&trim=color&q=90&dpr=2&updated_at=1608511898"}, "productCategory": "sneakers", "releaseDate": "2007-02-01", "retailPrice": 65, "shoe": "Nike SB Dunk Low", "title": "Nike SB Dunk Low Milli Vanilli", "urlKey": "nike-dunk-sb-low-milli-vanilli", "market": {"lowestAsk": 475, "salesThisPeriod": 0, "salesLastPeriod": 0, "highestBid": 420, "volatility": 0.213349, "deadstockSold": 12, "pricePremium": 5.154, "averageDeadstockPrice": 525, "lastSale": 400, "changeValue": -99, "changePercentage": -0.198397, "lastLowestAskTime": 1661179265, "lastHighestBidTime": 1662124593, "lastSaleDate": "2022-09-10T02:37:52+00:00"}, "objectID": "c0ae8078-5d2a-4122-9462-653613f607bd"}, {"id": "ca84bc62-0e65-4438-a4b9-413d44c5df7d", "uuid": "ca84bc62-0e65-4438-a4b9-413d44c5df7d", "brand": "Nike", "colorway": "Multicolor/Multicolor", "condition": "New", "description": "", "media": {"smallImageUrl": "https://images.stockx.com/images/Nike-Dunk-Low-Chinese-New-Year-Firecracker-2021-W.png?fit=fill&bg=FFFFFF&w=300&h=214&fm=webp&auto=compress&trim=color&q=90&dpr=2&updated_at=1610700802", "thumbUrl": "https://images.stockx.com/images/Nike-Dunk-Low-Chinese-New-Year-Firecracker-2021-W.png?fit=fill&bg=FFFFFF&w=140&h=100&fm=webp&auto=compress&trim=color&q=90&dpr=2&updated_at=1610700802"}, "productCategory": "sneakers", "releaseDate": "2021-01-22", "retailPrice": 120, "shoe": "Nike Dunk Low", "title": "Nike Dunk Low Chinese New Year Firecracker (2021) (W)", "urlKey": "nike-dunk-low-chinese-new-year-firecracker-2021-w", "market": {"lowestAsk": 132, "salesThisPeriod": 0, "salesLastPeriod": 0, "highestBid": 150, "volatility": 0.216503, "deadstockSold": 44, "pricePremium": 0.517, "averageDeadstockPrice": 218, "lastSale": 182, "changeValue": 25, "changePercentage": 0.159236, "lastLowestAskTime": 1663761646, "lastHighestBidTime": 1662510327, "lastSaleDate": "2022-09-16T02:52:52+00:00"}, "objectID": "ca84bc62-0e65-4438-a4b9-413d44c5df7d"}, {"id": "94722df7-8f99-4aee-ae35-4041e4b88cc9", "uuid": "94722df7-8f99-4aee-ae35-4041e4b88cc9", "brand": "Nike", "colorway": "Metallic Copper/Light Silver-Pueblo Brown-Metallic Silver", "condition": "New", "description": "PLEASE NOTE: This listing is for the regional special box versions of this sneaker release. Any region will be accepted.", "media": {"smallImageUrl": "https://images.stockx.com/images/Nike-Dunk-SB-Low-Street-Hawker-Special-Box.png?fit=fill&bg=FFFFFF&w=300&h=214&fm=webp&auto=compress&trim=color&q=90&dpr=2&updated_at=1610489443", "thumbUrl": "https://images.stockx.com/images/Nike-Dunk-SB-Low-Street-Hawker-Special-Box.png?fit=fill&bg=FFFFFF&w=140&h=100&fm=webp&auto=compress&trim=color&q=90&dpr=2&updated_at=1610489443"}, "productCategory": "sneakers", "releaseDate": "2021-01-22", "retailPrice": 110, "shoe": "Nike SB Dunk Low", "title": "Nike SB Dunk Low Street Hawker (Special Box)", "urlKey": "nike-dunk-sb-low-street-hawker-special-box", "market": {"lowestAsk": 712, "salesThisPeriod": 0, "salesLastPeriod": 0, "highestBid": 500, "volatility": 0.207635, "deadstockSold": 8, "pricePremium": 5.182, "averageDeadstockPrice": 814, "lastSale": 680, "changeValue": 80, "changePercentage": 0.133333, "lastLowestAskTime": 1663522367, "lastHighestBidTime": 1663069785, "lastSaleDate": "2022-09-13T11:58:31+00:00"}, "objectID": "94722df7-8f99-4aee-ae35-4041e4b88cc9"}, {"id": "714e1a4c-883b-4afe-9205-2e7d0ed6bb12", "uuid": "714e1a4c-883b-4afe-9205-2e7d0ed6bb12", "brand": "Nike", "colorway": "Black/Dark-Army", "condition": "New", "description": "", "media": {"smallImageUrl": "https://images.stockx.com/images/Nike-Dunk-SB-Low-Un-Loden-Product.jpg?fit=fill&bg=FFFFFF&w=300&h=214&fm=webp&auto=compress&trim=color&q=90&dpr=2&updated_at=1617290959", "thumbUrl": "https://images.stockx.com/images/Nike-Dunk-SB-Low-Un-Loden-Product.jpg?fit=fill&bg=FFFFFF&w=140&h=100&fm=webp&auto=compress&trim=color&q=90&dpr=2&updated_at=1617290959"}, "productCategory": "sneakers", "releaseDate": "", "retailPrice": 100, "shoe": "Nike SB Dunk Low", "title": "Nike SB Dunk Low Un-Loden", "urlKey": "nike-dunk-sb-low-un-loden", "market": {"lowestAsk": 830, "salesThisPeriod": 0, "salesLastPeriod": 0, "highestBid": 400, "volatility": 0, "deadstockSold": 1, "pricePremium": 0, "averageDeadstockPrice": 450, "lastSale": 450, "changeValue": 0, "changePercentage": 0, "lastLowestAskTime": 1659701505, "lastHighestBidTime": 1661205283, "lastSaleDate": "2022-07-30T10:08:52+00:00"}, "objectID": "714e1a4c-883b-4afe-9205-2e7d0ed6bb12"}, {"id": "f071b0ce-be2d-4735-b1f5-64c16e0aea06", "uuid": "f071b0ce-be2d-4735-b1f5-64c16e0aea06", "brand": "Nike", "colorway": "Legion Pine/Kumquat-Flat Opal", "condition": "New", "description": "", "media": {"smallImageUrl": "https://images.stockx.com/images/Nike-Dunk-SB-Low-Legion-Pine-Kumquat-Product.jpg?fit=fill&bg=FFFFFF&w=300&h=214&fm=webp&auto=compress&trim=color&q=90&dpr=2&updated_at=1607052743", "thumbUrl": "https://images.stockx.com/images/Nike-Dunk-SB-Low-Legion-Pine-Kumquat-Product.jpg?fit=fill&bg=FFFFFF&w=140&h=100&fm=webp&auto=compress&trim=color&q=90&dpr=2&updated_at=1607052743"}, "productCategory": "sneakers", "releaseDate": "2014-02-13", "retailPrice": 85, "shoe": "Nike SB Dunk Low", "title": "Nike SB Dunk Low Legion Pine Kumquat", "urlKey": "nike-dunk-sb-low-legion-pine-kumquat", "market": {"lowestAsk": 928, "salesThisPeriod": 0, "salesLastPeriod": 0, "highestBid": 950, "volatility": 0.865509, "deadstockSold": 11, "pricePremium": 6.353, "averageDeadstockPrice": 920, "lastSale": 625, "changeValue": -903, "changePercentage": -0.591105, "lastLowestAskTime": 1663282750, "lastHighestBidTime": 1662160135, "lastSaleDate": "2022-08-13T16:24:57+00:00"}, "objectID": "f071b0ce-be2d-4735-b1f5-64c16e0aea06"}, {"id": "fd00b771-9bca-4a5d-a092-9884b5e7c2d1", "uuid": "fd00b771-9bca-4a5d-a092-9884b5e7c2d1", "brand": "Nike", "childId": null, "colorway": "White/Blue-Yellow", "condition": "New", "description": "", "media": {"smallImageUrl": "https://images.stockx.com/images/Nike-SB-Dunk-High-Atlas-Lost-At-Sea-Special-Box.jpg?fit=fill&bg=FFFFFF&w=300&h=214&fm=webp&auto=compress&trim=color&q=90&dpr=2&updated_at=1608513841", "thumbUrl": "https://images.stockx.com/images/Nike-SB-Dunk-High-Atlas-Lost-At-Sea-Special-Box.jpg?fit=fill&bg=FFFFFF&w=140&h=100&fm=webp&auto=compress&trim=color&q=90&dpr=2&updated_at=1608513841"}, "productCategory": "sneakers", "releaseDate": "", "retailPrice": 120, "shoe": "Nike SB Dunk High", "title": "Nike SB Dunk High Atlas Lost At Sea (Special Box)", "urlKey": "nike-sb-dunk-high-atlas-lost-at-sea-special-box", "market": {"lowestAsk": 430, "salesThisPeriod": 0, "salesLastPeriod": 0, "highestBid": 400, "volatility": 0.336393, "deadstockSold": 48, "pricePremium": 0, "averageDeadstockPrice": 432, "lastSale": 300, "changeValue": -25, "changePercentage": -0.076923, "lastLowestAskTime": 1663198147, "lastHighestBidTime": 1662730183, "lastSaleDate": "2022-09-14T23:35:01+00:00"}, "objectID": "fd00b771-9bca-4a5d-a092-9884b5e7c2d1"}, {"id": "f3051f03-8d5e-420f-a7ff-44842da00da4", "uuid": "f3051f03-8d5e-420f-a7ff-44842da00da4", "brand": "Nike", "colorway": "White/Classic Green-Del Sol", "condition": "New", "description": "", "media": {"smallImageUrl": "https://images.stockx.com/images/Nike-Dunk-SB-Low-Buck-Product.jpg?fit=fill&bg=FFFFFF&w=300&h=214&fm=webp&auto=compress&trim=color&q=90&dpr=2&updated_at=1608514145", "thumbUrl": "https://images.stockx.com/images/Nike-Dunk-SB-Low-Buck-Product.jpg?fit=fill&bg=FFFFFF&w=140&h=100&fm=webp&auto=compress&trim=color&q=90&dpr=2&updated_at=1608514145"}, "productCategory": "sneakers", "releaseDate": "2003-01-01", "retailPrice": 65, "shoe": "Nike SB Dunk Low", "title": "Nike SB Dunk Low Bucks", "urlKey": "nike-dunk-sb-low-bucks", "market": {"lowestAsk": 1104, "salesThisPeriod": 0, "salesLastPeriod": 0, "highestBid": 1075, "volatility": 0.30903, "deadstockSold": 11, "pricePremium": 16.692, "averageDeadstockPrice": 1320, "lastSale": 1150, "changeValue": -35, "changePercentage": -0.029536, "lastLowestAskTime": 1663719553, "lastHighestBidTime": 1663449035, "lastSaleDate": "2022-09-16T07:25:47+00:00"}, "objectID": "f3051f03-8d5e-420f-a7ff-44842da00da4"}, {"id": "1b1daa28-2a1d-48a1-802f-e3613ec6750f", "uuid": "1b1daa28-2a1d-48a1-802f-e3613ec6750f", "brand": "Nike", "colorway": "White/Photon Gray-Light Lemon Yellow-Green-Coconut Milk White", "condition": "New", "description": "", "media": {"smallImageUrl": "https://images.stockx.com/images/Nike-Dunk-High-Up-Light-Lemon-Yellow-W.jpg?fit=fill&bg=FFFFFF&w=300&h=214&fm=webp&auto=compress&trim=color&q=90&dpr=2&updated_at=1641548936", "thumbUrl": "https://images.stockx.com/images/Nike-Dunk-High-Up-Light-Lemon-Yellow-W.jpg?fit=fill&bg=FFFFFF&w=140&h=100&fm=webp&auto=compress&trim=color&q=90&dpr=2&updated_at=1641548936"}, "productCategory": "sneakers", "releaseDate": "", "retailPrice": 120, "shoe": "Nike Dunk High Up", "title": "Nike Dunk High Up Light Lemon Yellow (W)", "urlKey": "nike-dunk-high-up-light-lemon-yellow-w", "market": {"lowestAsk": 87, "salesThisPeriod": 4, "salesLastPeriod": 0, "highestBid": 64, "volatility": 0.141795, "deadstockSold": 313, "pricePremium": 0.05, "averageDeadstockPrice": 121, "lastSale": 126, "changeValue": 25, "changePercentage": 0.247525, "lastLowestAskTime": 1662395274, "lastHighestBidTime": 1661590084, "lastSaleDate": "2022-09-21T00:58:32+00:00"}, "objectID": "1b1daa28-2a1d-48a1-802f-e3613ec6750f"}, {"id": "e4e2f6e9-732e-47c9-8452-1200da1a84e0", "uuid": "e4e2f6e9-732e-47c9-8452-1200da1a84e0", "brand": "Nike", "colorway": "Light Umber/Hot House", "condition": "New", "description": "", "media": {"smallImageUrl": "https://images.stockx.com/images/Nike-Dunk-SB-High-Three-Bears-Papa-Product.jpg?fit=fill&bg=FFFFFF&w=300&h=214&fm=webp&auto=compress&trim=color&q=90&dpr=2&updated_at=1607052678", "thumbUrl": "https://images.stockx.com/images/Nike-Dunk-SB-High-Three-Bears-Papa-Product.jpg?fit=fill&bg=FFFFFF&w=140&h=100&fm=webp&auto=compress&trim=color&q=90&dpr=2&updated_at=1607052678"}, "productCategory": "sneakers", "releaseDate": "2006-11-01", "retailPrice": 75, "shoe": "Nike SB Dunk High", "title": "Nike SB Dunk High Papa Bear", "urlKey": "nike-dunk-sb-high-papa-bear", "market": {"lowestAsk": 2000, "salesThisPeriod": 0, "salesLastPeriod": 0, "highestBid": 1650, "volatility": 0.320202, "deadstockSold": 16, "pricePremium": 24.1, "averageDeadstockPrice": 1987, "lastSale": 1882, "changeValue": 283, "changePercentage": 0.176558, "lastLowestAskTime": 1661174964, "lastHighestBidTime": 1663020604, "lastSaleDate": "2022-07-19T19:11:02+00:00"}, "objectID": "e4e2f6e9-732e-47c9-8452-1200da1a84e0"}, {"id": "1f94924e-bdcc-4ccd-8384-5ec5b0a6b88a", "uuid": "1f94924e-bdcc-4ccd-8384-5ec5b0a6b88a", "brand": "Nike", "colorway": "Veneer/Autumn Green-Deep Purple", "condition": "New", "description": "", "media": {"smallImageUrl": "https://images.stockx.com/images/Nike-Dunk-Low-Veneer-2020-TD-Product.jpg?fit=fill&bg=FFFFFF&w=300&h=214&fm=webp&auto=compress&trim=color&q=90&dpr=2&updated_at=1609369854", "thumbUrl": "https://images.stockx.com/images/Nike-Dunk-Low-Veneer-2020-TD-Product.jpg?fit=fill&bg=FFFFFF&w=140&h=100&fm=webp&auto=compress&trim=color&q=90&dpr=2&updated_at=1609369854"}, "productCategory": "sneakers", "releaseDate": "2020-11-10", "retailPrice": 60, "shoe": "Nike Dunk Low", "title": "Nike Dunk Low Veneer (2020) (TD)", "urlKey": "nike-dunk-low-veneer-2020-td", "market": {"lowestAsk": 95, "salesThisPeriod": 0, "salesLastPeriod": 0, "highestBid": 101, "volatility": 0.374457, "deadstockSold": 147, "pricePremium": 0.783, "averageDeadstockPrice": 135, "lastSale": 107, "changeValue": 7, "changePercentage": 0.07, "lastLowestAskTime": 1663401373, "lastHighestBidTime": 1662648619, "lastSaleDate": "2022-09-14T04:48:15+00:00"}, "objectID": "1f94924e-bdcc-4ccd-8384-5ec5b0a6b88a"}, {"id": "385db5f0-f003-49d8-95a7-22e19e4034e2", "uuid": "385db5f0-f003-49d8-95a7-22e19e4034e2", "brand": "Nike", "colorway": "Obsdian/Summit White/Sport Grey", "condition": "New", "description": "", "media": {"smallImageUrl": "https://images.stockx.com/images/Nike-Dunk-Low-Retro-PRM-Obsidian-Graffiti-TD.jpg?fit=fill&bg=FFFFFF&w=300&h=214&fm=webp&auto=compress&trim=color&q=90&dpr=2&updated_at=1656058830", "thumbUrl": "https://images.stockx.com/images/Nike-Dunk-Low-Retro-PRM-Obsidian-Graffiti-TD.jpg?fit=fill&bg=FFFFFF&w=140&h=100&fm=webp&auto=compress&trim=color&q=90&dpr=2&updated_at=1656058830"}, "productCategory": "sneakers", "releaseDate": "2022-06-22", "retailPrice": 50, "shoe": "Nike Dunk Low Retro PRM", "title": "Nike Dunk Low Retro PRM Obsidian Graffiti (TD)", "urlKey": "nike-dunk-low-retro-prm-obsidian-graffiti-td", "market": {"lowestAsk": 63, "salesThisPeriod": 1, "salesLastPeriod": 0, "highestBid": 56, "volatility": 0.124893, "deadstockSold": 53, "pricePremium": 0.26, "averageDeadstockPrice": 74, "lastSale": 63, "changeValue": -9, "changePercentage": -0.125, "lastLowestAskTime": 1662904668, "lastHighestBidTime": 1663019474, "lastSaleDate": "2022-09-16T14:00:55+00:00"}, "objectID": "385db5f0-f003-49d8-95a7-22e19e4034e2"}, {"id": "47fac9ef-871c-4d83-8918-df72b9aae18a", "uuid": "47fac9ef-871c-4d83-8918-df72b9aae18a", "brand": "Nike", "colorway": "Varsity Red/White-Varsity Red", "condition": "New", "description": "", "media": {"smallImageUrl": "https://images.stockx.com/images/Nike-SB-Dunk-Low-Girls-Dont-Cry-Product.jpg?fit=fill&bg=FFFFFF&w=300&h=214&fm=webp&auto=compress&trim=color&q=90&dpr=2&updated_at=1607056634", "thumbUrl": "https://images.stockx.com/images/Nike-SB-Dunk-Low-Girls-Dont-Cry-Product.jpg?fit=fill&bg=FFFFFF&w=140&h=100&fm=webp&auto=compress&trim=color&q=90&dpr=2&updated_at=1607056634"}, "productCategory": "sneakers", "releaseDate": "2019-02-09", "retailPrice": 0, "shoe": "Nike SB Dunk Low", "title": "Nike SB Dunk Low Verdy Girls Don't Cry", "urlKey": "nike-sb-dunk-low-girls-dont-cry", "market": {"lowestAsk": 2000, "salesThisPeriod": 0, "salesLastPeriod": 0, "highestBid": 2500, "volatility": 0.220045, "deadstockSold": 2, "pricePremium": 0, "averageDeadstockPrice": 2786, "lastSale": 3572, "changeValue": 1572, "changePercentage": 0.786, "lastLowestAskTime": 1663429535, "lastHighestBidTime": 1663340006, "lastSaleDate": "2022-04-03T08:16:58+00:00"}, "objectID": "47fac9ef-871c-4d83-8918-df72b9aae18a"}, {"id": "9bc73788-5fe6-415d-9e3b-8f7abd0f7f16", "uuid": "9bc73788-5fe6-415d-9e3b-8f7abd0f7f16", "brand": "Nike", "colorway": "Black/Hyper Cobalt/White", "condition": "New", "description": "", "media": {"smallImageUrl": "https://images.stockx.com/images/Nike-Dunk-Low-Hyper-Cobalt-TD.jpg?fit=fill&bg=FFFFFF&w=300&h=214&fm=webp&auto=compress&trim=color&q=90&dpr=2&updated_at=1614228291", "thumbUrl": "https://images.stockx.com/images/Nike-Dunk-Low-Hyper-Cobalt-TD.jpg?fit=fill&bg=FFFFFF&w=140&h=100&fm=webp&auto=compress&trim=color&q=90&dpr=2&updated_at=1614228291"}, "productCategory": "sneakers", "releaseDate": "", "retailPrice": 65, "shoe": "Nike Dunk Low", "title": "Nike Dunk Low Hyper Cobalt (TD)", "urlKey": "nike-dunk-low-hyper-cobalt-td", "market": {"lowestAsk": 69, "salesThisPeriod": 1, "salesLastPeriod": 0, "highestBid": 72, "volatility": 0.239616, "deadstockSold": 579, "pricePremium": 0.215, "averageDeadstockPrice": 78, "lastSale": 79, "changeValue": 10, "changePercentage": 0.144928, "lastLowestAskTime": 1663261694, "lastHighestBidTime": 1661639040, "lastSaleDate": "2022-09-18T23:13:05+00:00"}, "objectID": "9bc73788-5fe6-415d-9e3b-8f7abd0f7f16"}, {"id": "61b07cbc-5e28-4dd9-91e1-5775e50c58a4", "uuid": "61b07cbc-5e28-4dd9-91e1-5775e50c58a4", "brand": "Nike", "colorway": "Midnight Navy/Black/Game Royal", "condition": "New", "description": "", "media": {"smallImageUrl": "https://images.stockx.com/images/Nike-Dunk-Low-Midnight-Navy-TD.jpg?fit=fill&bg=FFFFFF&w=300&h=214&fm=webp&auto=compress&trim=color&q=90&dpr=2&updated_at=1656058831", "thumbUrl": "https://images.stockx.com/images/Nike-Dunk-Low-Midnight-Navy-TD.jpg?fit=fill&bg=FFFFFF&w=140&h=100&fm=webp&auto=compress&trim=color&q=90&dpr=2&updated_at=1656058831"}, "productCategory": "sneakers", "releaseDate": "2022-06-22", "retailPrice": 50, "shoe": "Nike Dunk Low", "title": "Nike Dunk Low Midnight Navy (TD)", "urlKey": "nike-dunk-low-midnight-navy-td", "market": {"lowestAsk": 57, "salesThisPeriod": 1, "salesLastPeriod": 0, "highestBid": 50, "volatility": 0.125813, "deadstockSold": 65, "pricePremium": 0.34, "averageDeadstockPrice": 63, "lastSale": 67, "changeValue": 0, "changePercentage": 0, "lastLowestAskTime": 1663343489, "lastHighestBidTime": 1663756540, "lastSaleDate": "2022-09-20T14:02:48+00:00"}, "objectID": "61b07cbc-5e28-4dd9-91e1-5775e50c58a4"}, {"id": "a9e13682-e125-4190-8422-e179f016dc71", "uuid": "a9e13682-e125-4190-8422-e179f016dc71", "brand": "Nike", "colorway": "Black/Neon Yellow", "condition": "New", "description": "", "media": {"smallImageUrl": "https://images.stockx.com/images/Nike-Dunk-Sb-Low-Skate-or-Die-Product.jpg?fit=fill&bg=FFFFFF&w=300&h=214&fm=webp&auto=compress&trim=color&q=90&dpr=2&updated_at=1608514746", "thumbUrl": "https://images.stockx.com/images/Nike-Dunk-Sb-Low-Skate-or-Die-Product.jpg?fit=fill&bg=FFFFFF&w=140&h=100&fm=webp&auto=compress&trim=color&q=90&dpr=2&updated_at=1608514746"}, "productCategory": "sneakers", "releaseDate": "2008-02-02", "retailPrice": 75, "shoe": "Nike SB Dunk Low", "title": "Nike SB Dunk Low Skate or Die", "urlKey": "nike-dunk-sb-low-skate-or-die", "market": {"lowestAsk": 858, "salesThisPeriod": 0, "salesLastPeriod": 0, "highestBid": 761, "volatility": 0.224464, "deadstockSold": 18, "pricePremium": 9.667, "averageDeadstockPrice": 997, "lastSale": 800, "changeValue": -179, "changePercentage": -0.18284, "lastLowestAskTime": 1663716931, "lastHighestBidTime": 1663223643, "lastSaleDate": "2022-09-17T12:23:46+00:00"}, "objectID": "a9e13682-e125-4190-8422-e179f016dc71"}, {"id": "9cfcb9ca-ed7d-4176-a940-381abbe1bce2", "uuid": "9cfcb9ca-ed7d-4176-a940-381abbe1bce2", "brand": "Nike", "colorway": "Nightshade/Nightshade", "condition": "New", "description": "", "media": {"smallImageUrl": "https://images.stockx.com/images/Nike-Dunk-SB-High-Quagmire.jpg?fit=fill&bg=FFFFFF&w=300&h=214&fm=webp&auto=compress&trim=color&q=90&dpr=2&updated_at=1607054461", "thumbUrl": "https://images.stockx.com/images/Nike-Dunk-SB-High-Quagmire.jpg?fit=fill&bg=FFFFFF&w=140&h=100&fm=webp&auto=compress&trim=color&q=90&dpr=2&updated_at=1607054461"}, "productCategory": "sneakers", "releaseDate": "2009-04-01", "retailPrice": 130, "shoe": "Nike SB Dunk High", "title": "Nike SB Dunk High Quagmire", "urlKey": "nike-dunk-sb-high-quagmire", "market": {"lowestAsk": 575, "salesThisPeriod": 0, "salesLastPeriod": 0, "highestBid": 666, "volatility": 0.130281, "deadstockSold": 5, "pricePremium": 5.377, "averageDeadstockPrice": 631, "lastSale": 829, "changeValue": 329, "changePercentage": 0.658, "lastLowestAskTime": 1663400886, "lastHighestBidTime": 1659625624, "lastSaleDate": "2022-07-11T02:43:06+00:00"}, "objectID": "9cfcb9ca-ed7d-4176-a940-381abbe1bce2"}, {"id": "e3913967-f951-46d5-9dc6-6a04de2f88a1", "uuid": "e3913967-f951-46d5-9dc6-6a04de2f88a1", "brand": "Nike", "colorway": "Blue Spark/White-Black", "condition": "New", "description": "", "media": {"smallImageUrl": "https://images.stockx.com/images/Nike-SB-Dunk-Low-Ishod-Wair-Blue-Spark-Product.jpg?fit=fill&bg=FFFFFF&w=300&h=214&fm=webp&auto=compress&trim=color&q=90&dpr=2&updated_at=1654265827", "thumbUrl": "https://images.stockx.com/images/Nike-SB-Dunk-Low-Ishod-Wair-Blue-Spark-Product.jpg?fit=fill&bg=FFFFFF&w=140&h=100&fm=webp&auto=compress&trim=color&q=90&dpr=2&updated_at=1654265827"}, "productCategory": "sneakers", "releaseDate": "2016-08-01", "retailPrice": 95, "shoe": "Nike SB Dunk Low", "title": "Nike SB Dunk Low Ishod Wair Blue Spark", "urlKey": "nike-sb-dunk-low-ishod-wair-blue-spark", "market": {"lowestAsk": 868, "salesThisPeriod": 0, "salesLastPeriod": 0, "highestBid": 340, "volatility": 0.416407, "deadstockSold": 7, "pricePremium": 3.989, "averageDeadstockPrice": 614, "lastSale": 474, "changeValue": 55, "changePercentage": 0.130926, "lastLowestAskTime": 1658942696, "lastHighestBidTime": 1662684869, "lastSaleDate": "2022-05-29T17:27:58+00:00"}, "objectID": "e3913967-f951-46d5-9dc6-6a04de2f88a1"}, {"id": "e9ace14c-ef06-4e25-b1a2-72c58365211b", "uuid": "e9ace14c-ef06-4e25-b1a2-72c58365211b", "brand": "Nike", "colorway": "Black/Voltage Purple/White", "condition": "New", "description": "DISCLAIMER: Must include Special Box, Guitar Picks, and VIP Pass.", "media": {"smallImageUrl": "https://images.stockx.com/images/Nike-SB-Dunk-Low-Familia-First-Avenue-Special-Box-Product.jpg?fit=fill&bg=FFFFFF&w=300&h=214&fm=webp&auto=compress&trim=color&q=90&dpr=2&updated_at=1641224399", "thumbUrl": "https://images.stockx.com/images/Nike-SB-Dunk-Low-Familia-First-Avenue-Special-Box-Product.jpg?fit=fill&bg=FFFFFF&w=140&h=100&fm=webp&auto=compress&trim=color&q=90&dpr=2&updated_at=1641224399"}, "productCategory": "sneakers", "releaseDate": "2021-12-11", "retailPrice": 100, "shoe": "Nike SB Dunk Low", "title": "Nike SB Dunk Low Familia First Avenue (Special Box)", "urlKey": "nike-sb-dunk-low-familia-first-avenue-special-box", "market": {"lowestAsk": 450, "salesThisPeriod": 4, "salesLastPeriod": 0, "highestBid": 430, "volatility": 0.307498, "deadstockSold": 120, "pricePremium": 2.52, "averageDeadstockPrice": 551, "lastSale": 352, "changeValue": 28, "changePercentage": 0.085916, "lastLowestAskTime": 1663350749, "lastHighestBidTime": 1663178060, "lastSaleDate": "2022-09-17T02:44:55+00:00"}, "objectID": "e9ace14c-ef06-4e25-b1a2-72c58365211b"}, {"id": "76abec67-5be8-4c98-b590-6174f4f37aa5", "uuid": "76abec67-5be8-4c98-b590-6174f4f37aa5", "brand": "Nike", "colorway": "Black/Yellow-Orange", "condition": "New", "description": "", "media": {"smallImageUrl": "https://images.stockx.com/images/Nike-SB-Dunk-High-Truck-It-Product.jpg?fit=fill&bg=FFFFFF&w=300&h=214&fm=webp&auto=compress&trim=color&q=90&dpr=2&updated_at=1607052229", "thumbUrl": "https://images.stockx.com/images/Nike-SB-Dunk-High-Truck-It-Product.jpg?fit=fill&bg=FFFFFF&w=140&h=100&fm=webp&auto=compress&trim=color&q=90&dpr=2&updated_at=1607052229"}, "productCategory": "sneakers", "releaseDate": "2020-02-01", "retailPrice": 120, "shoe": "Nike SB Dunk High", "title": "Nike SB Dunk High Truck It", "urlKey": "nike-sb-dunk-high-truck-it", "market": {"lowestAsk": 120, "salesThisPeriod": 0, "salesLastPeriod": 0, "highestBid": 180, "volatility": 0.14758, "deadstockSold": 147, "pricePremium": 0.883, "averageDeadstockPrice": 186, "lastSale": 226, "changeValue": 101, "changePercentage": 0.806354, "lastLowestAskTime": 1663423255, "lastHighestBidTime": 1662256176, "lastSaleDate": "2022-09-14T19:07:57+00:00"}, "objectID": "76abec67-5be8-4c98-b590-6174f4f37aa5"}, {"id": "5e46fa99-40c2-4f3a-a5e8-85803de65953", "uuid": "5e46fa99-40c2-4f3a-a5e8-85803de65953", "brand": "Nike", "childId": null, "colorway": "Black/Black-Barely Green-White", "condition": "New", "description": "", "media": {"smallImageUrl": "https://images.stockx.com/images/Nike-SB-Dunk-Low-Barely-Green-Productr.jpg?fit=fill&bg=FFFFFF&w=300&h=214&fm=webp&auto=compress&trim=color&q=90&dpr=2&updated_at=1607043236", "thumbUrl": "https://images.stockx.com/images/Nike-SB-Dunk-Low-Barely-Green-Productr.jpg?fit=fill&bg=FFFFFF&w=140&h=100&fm=webp&auto=compress&trim=color&q=90&dpr=2&updated_at=1607043236"}, "productCategory": "sneakers", "releaseDate": "2017-07-01", "retailPrice": 90, "shoe": "Nike SB Dunk Low", "title": "Nike SB Dunk Low Barely Green", "urlKey": "nike-sb-dunk-low-barely-green", "market": {"lowestAsk": 799, "salesThisPeriod": 0, "salesLastPeriod": 0, "highestBid": 290, "volatility": 0.251314, "deadstockSold": 5, "pricePremium": 9.167, "averageDeadstockPrice": 595, "lastSale": 915, "changeValue": 455, "changePercentage": 0.98913, "lastLowestAskTime": 1663666892, "lastHighestBidTime": 1663670210, "lastSaleDate": "2022-07-15T18:43:21+00:00"}, "objectID": "5e46fa99-40c2-4f3a-a5e8-85803de65953"}, {"id": "27c138d6-3998-43cb-97d5-2ecd47a88038", "uuid": "27c138d6-3998-43cb-97d5-2ecd47a88038", "brand": "Nike", "childId": null, "colorway": "Atmosphere Grey/True Berry-Obsidian-Atmosphere Grey", "condition": "New", "description": "", "media": {"smallImageUrl": "https://images.stockx.com/images/Nike-SB-Dunk-Low-Atmosphere-Grey-True-Berry-Product.jpg?fit=fill&bg=FFFFFF&w=300&h=214&fm=webp&auto=compress&trim=color&q=90&dpr=2&updated_at=1607045109", "thumbUrl": "https://images.stockx.com/images/Nike-SB-Dunk-Low-Atmosphere-Grey-True-Berry-Product.jpg?fit=fill&bg=FFFFFF&w=140&h=100&fm=webp&auto=compress&trim=color&q=90&dpr=2&updated_at=1607045109"}, "productCategory": "sneakers", "releaseDate": "2019-01-01", "retailPrice": 90, "shoe": "Nike SB Dunk Low", "title": "Nike SB Dunk Low Atmosphere Grey True Berry", "urlKey": "nike-sb-dunk-low-atmosphere-grey-true-berry", "market": {"lowestAsk": 391, "salesThisPeriod": 0, "salesLastPeriod": 0, "highestBid": 500, "volatility": 0.444207, "deadstockSold": 23, "pricePremium": 3.222, "averageDeadstockPrice": 404, "lastSale": 380, "changeValue": 30, "changePercentage": 0.085714, "lastLowestAskTime": 1663680762, "lastHighestBidTime": 1663388936, "lastSaleDate": "2022-08-23T19:42:58+00:00"}, "objectID": "27c138d6-3998-43cb-97d5-2ecd47a88038"}, {"id": "94b7134f-41d6-4ea1-86cf-7c6fcb96aff5", "uuid": "94b7134f-41d6-4ea1-86cf-7c6fcb96aff5", "brand": "Nike", "colorway": "White/Varsity Red-Black-Varsity Red", "condition": "New", "description": "", "media": {"smallImageUrl": "https://images.stockx.com/images/Nike-Dunk-Low-White-Varsity-Red-2011.png?fit=fill&bg=FFFFFF&w=300&h=214&fm=webp&auto=compress&trim=color&q=90&dpr=2&updated_at=1616556166", "thumbUrl": "https://images.stockx.com/images/Nike-Dunk-Low-White-Varsity-Red-2011.png?fit=fill&bg=FFFFFF&w=140&h=100&fm=webp&auto=compress&trim=color&q=90&dpr=2&updated_at=1616556166"}, "productCategory": "sneakers", "releaseDate": "2011-01-01", "retailPrice": 70, "shoe": "Nike Dunk Low", "title": "Nike Dunk Low White Varsity Red (2011)", "urlKey": "nike-dunk-low-white-varsity-red-2011", "market": {"lowestAsk": 0, "salesThisPeriod": 0, "salesLastPeriod": 0, "highestBid": 140, "volatility": 0, "deadstockSold": 0, "pricePremium": 0, "averageDeadstockPrice": 0, "lastSale": 0, "changeValue": 0, "changePercentage": 0, "lastLowestAskTime": 0, "lastHighestBidTime": 1663261199, "lastSaleDate": ""}, "objectID": "94b7134f-41d6-4ea1-86cf-7c6fcb96aff5"}, {"id": "11be5b6f-09ef-4dbf-ac69-db3fdfaa73a5", "uuid": "11be5b6f-09ef-4dbf-ac69-db3fdfaa73a5", "brand": "Nike", "childId": null, "colorway": "Black/White-Green Gusto", "condition": "New", "description": "", "media": {"smallImageUrl": "https://images.stockx.com/images/Nike-SB-Dunk-Low-Panda-Pigeon-Engraved.jpg?fit=fill&bg=FFFFFF&w=300&h=214&fm=webp&auto=compress&trim=color&q=90&dpr=2&updated_at=1607054476", "thumbUrl": "https://images.stockx.com/images/Nike-SB-Dunk-Low-Panda-Pigeon-Engraved.jpg?fit=fill&bg=FFFFFF&w=140&h=100&fm=webp&auto=compress&trim=color&q=90&dpr=2&updated_at=1607054476"}, "productCategory": "sneakers", "releaseDate": "2019-01-15", "retailPrice": 100, "shoe": "Nike SB Dunk Low", "title": "Nike SB Dunk Low Panda Pigeon (Special Box) (Engraved)", "urlKey": "nike-sb-dunk-low-panda-pigeon-special-box-engraved", "market": {"lowestAsk": 1450, "salesThisPeriod": 0, "salesLastPeriod": 0, "highestBid": 1012, "volatility": 0.040857, "deadstockSold": 2, "pricePremium": 13, "averageDeadstockPrice": 1343, "lastSale": 1400, "changeValue": 115, "changePercentage": 0.088984, "lastLowestAskTime": 1663343687, "lastHighestBidTime": 1661707193, "lastSaleDate": "2022-04-26T02:22:44+00:00"}, "objectID": "11be5b6f-09ef-4dbf-ac69-db3fdfaa73a5"}, {"id": "58ce5d4a-ff29-4184-a3ca-80c97f92aa21", "uuid": "58ce5d4a-ff29-4184-a3ca-80c97f92aa21", "brand": "Nike", "colorway": "Black/Tan-Jade", "condition": "New", "description": "", "media": {"smallImageUrl": "https://images.stockx.com/images/Nike-Dunk-Low-Rooted-in-Peace-Product.jpg?fit=fill&bg=FFFFFF&w=300&h=214&fm=webp&auto=compress&trim=color&q=90&dpr=2&updated_at=1624468220", "thumbUrl": "https://images.stockx.com/images/Nike-Dunk-Low-Rooted-in-Peace-Product.jpg?fit=fill&bg=FFFFFF&w=140&h=100&fm=webp&auto=compress&trim=color&q=90&dpr=2&updated_at=1624468220"}, "productCategory": "sneakers", "releaseDate": "2021-05-31", "retailPrice": 100, "shoe": "Nike Dunk Low", "title": "Nike Dunk Low Rooted in Peace", "urlKey": "nike-dunk-low-rooted-in-peace", "market": {"lowestAsk": 248, "salesThisPeriod": 0, "salesLastPeriod": 0, "highestBid": 312, "volatility": 0.095705, "deadstockSold": 183, "pricePremium": 2.52, "averageDeadstockPrice": 323, "lastSale": 352, "changeValue": 66, "changePercentage": 0.23066, "lastLowestAskTime": 1663073834, "lastHighestBidTime": 1662585732, "lastSaleDate": "2022-09-10T09:35:39+00:00"}, "objectID": "58ce5d4a-ff29-4184-a3ca-80c97f92aa21"}, {"id": "83212767-77f4-4561-9bd2-1d3f11ff9b79", "uuid": "83212767-77f4-4561-9bd2-1d3f11ff9b79", "brand": "Nike", "childId": null, "colorway": "Desert Sand/Mahogany-Summit White", "condition": "New", "description": "", "media": {"smallImageUrl": "https://images.stockx.com/images/Nike-SB-Dunk-Low-Desert-Sand-Mahogany-Product.jpg?fit=fill&bg=FFFFFF&w=300&h=214&fm=webp&auto=compress&trim=color&q=90&dpr=2&updated_at=1642765697", "thumbUrl": "https://images.stockx.com/images/Nike-SB-Dunk-Low-Desert-Sand-Mahogany-Product.jpg?fit=fill&bg=FFFFFF&w=140&h=100&fm=webp&auto=compress&trim=color&q=90&dpr=2&updated_at=1642765697"}, "productCategory": "sneakers", "releaseDate": "2019-06-20", "retailPrice": 90, "shoe": "Nike SB Dunk Low", "title": "Nike SB Dunk Low Desert Sand Mahogany", "urlKey": "nike-sb-dunk-low-desert-sand-mahogany", "market": {"lowestAsk": 540, "salesThisPeriod": 0, "salesLastPeriod": 0, "highestBid": 500, "volatility": 0.23872, "deadstockSold": 21, "pricePremium": 4.233, "averageDeadstockPrice": 457, "lastSale": 471, "changeValue": 81, "changePercentage": 0.207692, "lastLowestAskTime": 1661715723, "lastHighestBidTime": 1663462665, "lastSaleDate": "2022-09-17T09:29:14+00:00"}, "objectID": "83212767-77f4-4561-9bd2-1d3f11ff9b79"}, {"id": "146036fb-26b0-4c10-a2bb-4af807d5ad2a", "uuid": "146036fb-26b0-4c10-a2bb-4af807d5ad2a", "brand": "Nike", "childId": null, "colorway": "White/Clear-Black", "condition": "New", "description": "The Nike Dunk High has seen a strong comeback in 2020 and Italian boutique, Slam Jam, continues to add to that strength with their collaboration. Slam Jam is no stranger to partnering with Nike, as the shop has worked on silhouettes such as the Blazer Mid \u201877 and Air Force 1. In 2020, they came together again to work their magic on one of the most talked about silhouettes of the new decade.\n<br>\n<br>\nThe Nike Dunk Slam Jam White Black features a combination of leather, nubuck, and rubber materials to make up the upper. The signature Swoosh has a translucent gummy-like texture to match the black midsole. To continue their flipped Swoosh theme that they incorporate on earlier Nike projects, Slam Jam adds an upside-down \"Nike\" logo to the tongue tag.\n<br>\n<br>\nThe Nike Dunk Slam Jam White Black released in October of 2020.", "media": {"smallImageUrl": "https://images.stockx.com/images/Nike-Dunk-High-Slam-Jam-White-Black-Product.jpg?fit=fill&bg=FFFFFF&w=300&h=214&fm=webp&auto=compress&trim=color&q=90&dpr=2&updated_at=1641573366", "thumbUrl": "https://images.stockx.com/images/Nike-Dunk-High-Slam-Jam-White-Black-Product.jpg?fit=fill&bg=FFFFFF&w=140&h=100&fm=webp&auto=compress&trim=color&q=90&dpr=2&updated_at=1641573366"}, "productCategory": "sneakers", "releaseDate": "2020-10-30", "retailPrice": 120, "shoe": "Nike Dunk High", "title": "Nike Dunk High Slam Jam White Black", "urlKey": "nike-dunk-high-slam-jam-white-black", "market": {"lowestAsk": 189, "salesThisPeriod": 0, "salesLastPeriod": 0, "highestBid": 225, "volatility": 0.212823, "deadstockSold": 239, "pricePremium": 0.417, "averageDeadstockPrice": 257, "lastSale": 170, "changeValue": 8, "changePercentage": 0.049383, "lastLowestAskTime": 1663744246, "lastHighestBidTime": 1662037469, "lastSaleDate": "2022-09-08T05:26:41+00:00"}, "objectID": "146036fb-26b0-4c10-a2bb-4af807d5ad2a"}]}