{"Pagination": {"query": "nike dunk", "queryID": "9fdce50f6c13d2c3a60703a8c6db6b8a", "index": "PRODUCTION_PG_FEATURED_DESC", "limit": 40, "page": 20, "total": 1960, "lastPage": "/api/v3/browse?_search=nike%20dunk&dataType=product&facetsToRetrieve=%7B%7D&filterVersion=4&page=25&propsToRetrieve=brand%2CchildId%2Ccolorway%2Ccondition%2Cdescription%2Cid%2Cmarket.averageDeadstockPrice%2Cmarket.bidAskData%2Cmarket.changePercentage%2Cmarket.changeValue%2Cmarket.deadstockSold%2Cmarket.highestBid%2Cmarket.lastHighestBidTime%2Cmarket.lastLowestAskTime%2Cmarket.lastSale%2Cmarket.lastSaleDate%2Cmarket.lastSaleValue%2Cmarket.lowestAsk%2Cmarket.pricePremium%2Cmarket.salesInformation%2Cmarket.salesLastPeriod%2Cmarket.salesThisPeriod%2Cmarket.volatility%2Cmedia.smallImageUrl%2Cmedia.thumbUrl%2CproductCategory%2CreleaseDate%2CretailPrice%2Cshoe%2Ctitle%2CurlKey%2Cuuid", "sort": ["featured"], "order": ["DESC"], "currentPage": "/api/v3/browse?_search=nike%20dunk&dataType=product&facetsToRetrieve=%7B%7D&filterVersion=4&page=20&propsToRetrieve=brand%2CchildId%2Ccolorway%2Ccondition%2Cdescription%2Cid%2Cmarket.averageDeadstockPrice%2Cmarket.bidAskData%2Cmarket.changePercentage%2Cmarket.changeValue%2Cmarket.deadstockSold%2Cmarket.highestBid%2Cmarket.lastHighestBidTime%2Cmarket.lastLowestAskTime%2Cmarket.lastSale%2Cmarket.lastSaleDate%2Cmarket.lastSaleValue%2Cmarket.lowestAsk%2Cmarket.pricePremium%2Cmarket.salesInformation%2Cmarket.salesLastPeriod%2Cmarket.salesThisPeriod%2Cmarket.volatility%2Cmedia.smallImageUrl%2Cmedia.thumbUrl%2CproductCategory%2CreleaseDate%2CretailPrice%2Cshoe%2Ctitle%2CurlKey%2Cuuid", "nextPage": "/api/v3/browse?_search=nike%20dunk&dataType=product&facetsToRetrieve=%7B%7D&filterVersion=4&page=21&propsToRetrieve=brand%2CchildId%2Ccolorway%2Ccondition%2Cdescription%2Cid%2Cmarket.averageDeadstockPrice%2Cmarket.bidAskData%2Cmarket.changePercentage%2Cmarket.changeValue%2Cmarket.deadstockSold%2Cmarket.highestBid%2Cmarket.lastHighestBidTime%2Cmarket.lastLowestAskTime%2Cmarket.lastSale%2Cmarket.lastSaleDate%2Cmarket.lastSaleValue%2Cmarket.lowestAsk%2Cmarket.pricePremium%2Cmarket.salesInformation%2Cmarket.salesLastPeriod%2Cmarket.salesThisPeriod%2Cmarket.volatility%2Cmedia.smallImageUrl%2Cmedia.thumbUrl%2CproductCategory%2CreleaseDate%2CretailPrice%2Cshoe%2Ctitle%2CurlKey%2Cuuid", "previousPage": "/api/v3/browse?_search=nike%20dunk&dataType=product&facetsToRetrieve=%7B%7D&filterVersion=4&page=19&propsToRetrieve=brand%2CchildId%2Ccolorway%2Ccondition%2Cdescription%2Cid%2Cmarket.averageDeadstockPrice%2Cmarket.bidAskData%2Cmarket.changePercentage%2Cmarket.changeValue%2Cmarket.deadstockSold%2Cmarket.highestBid%2Cmarket.lastHighestBidTime%2Cmarket.lastLowestAskTime%2Cmarket.lastSale%2Cmarket.lastSaleDate%2Cmarket.lastSaleValue%2Cmarket.lowestAsk%2Cmarket.pricePremium%2Cmarket.salesInformation%2Cmarket.salesLastPeriod%2Cmarket.salesThisPeriod%2Cmarket.volatility%2Cmedia.smallImageUrl%2Cmedia.thumbUrl%2CproductCategory%2CreleaseDate%2CretailPrice%2Cshoe%2Ctitle%2CurlKey%2Cuuid"}, "Facets": {}, "Products": [{"id": "437540a0-10ed-4c84-be3d-9e0e77d0440c", "uuid": "437540a0-10ed-4c84-be3d-9e0e77d0440c", "brand": "Nike", "colorway": "Black/Black-White-Gum Med Brown", "condition": "New", "description": "", "media": {"smallImageUrl": "https://images.stockx.com/images/Nike-Dunk-SB-Low-Nontourage-Product.jpg?fit=fill&bg=FFFFFF&w=300&h=214&fm=webp&auto=compress&trim=color&q=90&dpr=2&updated_at=1607052832", "thumbUrl": "https://images.stockx.com/images/Nike-Dunk-SB-Low-Nontourage-Product.jpg?fit=fill&bg=FFFFFF&w=140&h=100&fm=webp&auto=compress&trim=color&q=90&dpr=2&updated_at=1607052832"}, "productCategory": "sneakers", "releaseDate": "", "retailPrice": 100, "shoe": "Nike SB Dunk Low", "title": "Nike SB Dunk Low Nontourage", "urlKey": "nike-dunk-sb-low-nontourage", "market": {"lowestAsk": 544, "salesThisPeriod": 0, "salesLastPeriod": 0, "highestBid": 350, "volatility": 0.205733, "deadstockSold": 29, "pricePremium": 0, "averageDeadstockPrice": 439, "lastSale": 500, "changeValue": 5, "changePercentage": 0.010101, "lastLowestAskTime": 1663703187, "lastHighestBidTime": 1662883891, "lastSaleDate": "2022-09-13T14:47:17+00:00"}, "objectID": "437540a0-10ed-4c84-be3d-9e0e77d0440c"}, {"id": "b498879c-8fac-415e-8af9-03bff91f0e2f", "uuid": "b498879c-8fac-415e-8af9-03bff91f0e2f", "brand": "Nike", "colorway": "Light Bone/Light Bone/Sail/Green Noise", "condition": "New", "description": "", "media": {"smallImageUrl": "https://images.stockx.com/images/nike-dunk-high-first-use-sail-gs.jpg?fit=fill&bg=FFFFFF&w=300&h=214&fm=webp&auto=compress&trim=color&q=90&dpr=2&updated_at=1625271377", "thumbUrl": "https://images.stockx.com/images/nike-dunk-high-first-use-sail-gs.jpg?fit=fill&bg=FFFFFF&w=140&h=100&fm=webp&auto=compress&trim=color&q=90&dpr=2&updated_at=1625271377"}, "productCategory": "sneakers", "releaseDate": "2021-08-11", "retailPrice": 90, "shoe": "Nike Dunk High SE", "title": "Nike Dunk High SE First Use Sail (GS)", "urlKey": "nike-dunk-high-first-use-sail-gs", "market": {"lowestAsk": 105, "salesThisPeriod": 1, "salesLastPeriod": 0, "highestBid": 130, "volatility": 0.145323, "deadstockSold": 815, "pricePremium": 0.702, "averageDeadstockPrice": 136, "lastSale": 153, "changeValue": -11, "changePercentage": -0.071438, "lastLowestAskTime": 1661873808, "lastHighestBidTime": 1663504171, "lastSaleDate": "2022-09-20T10:32:12+00:00"}, "objectID": "b498879c-8fac-415e-8af9-03bff91f0e2f"}, {"id": "e6db1664-5a22-4c40-a2ce-5314b36dad3d", "uuid": "e6db1664-5a22-4c40-a2ce-5314b36dad3d", "brand": "Nike", "colorway": "Varsity Maize/Midnight Navy-White", "condition": "New", "description": "", "media": {"smallImageUrl": "https://images.stockx.com/images/Nike-Dunk-Low-Michigan-2021-TD-Product.jpg?fit=fill&bg=FFFFFF&w=300&h=214&fm=webp&auto=compress&trim=color&q=90&dpr=2&updated_at=1624468157", "thumbUrl": "https://images.stockx.com/images/Nike-Dunk-Low-Michigan-2021-TD-Product.jpg?fit=fill&bg=FFFFFF&w=140&h=100&fm=webp&auto=compress&trim=color&q=90&dpr=2&updated_at=1624468157"}, "productCategory": "sneakers", "releaseDate": "", "retailPrice": 50, "shoe": "Nike Dunk Low", "title": "Nike Dunk Low Michigan (2021) (TD)", "urlKey": "nike-dunk-low-michigan-2021-td", "market": {"lowestAsk": 80, "salesThisPeriod": 4, "salesLastPeriod": 0, "highestBid": 123, "volatility": 0.258517, "deadstockSold": 387, "pricePremium": 1.78, "averageDeadstockPrice": 97, "lastSale": 139, "changeValue": 49, "changePercentage": 0.544444, "lastLowestAskTime": 1662312889, "lastHighestBidTime": 1663231565, "lastSaleDate": "2022-09-15T01:15:18+00:00"}, "objectID": "e6db1664-5a22-4c40-a2ce-5314b36dad3d"}, {"id": "3c6404aa-96e9-408a-bc9f-b467a0b30a3f", "uuid": "3c6404aa-96e9-408a-bc9f-b467a0b30a3f", "brand": "Nike", "colorway": "Black/White-Nightshade-Shark", "condition": "New", "description": "", "media": {"smallImageUrl": "https://images.stockx.com/images/Nike-Dunk-Low-Pro-SB-Futura-Product.jpg?fit=fill&bg=FFFFFF&w=300&h=214&fm=webp&auto=compress&trim=color&q=90&dpr=2&updated_at=1607052094", "thumbUrl": "https://images.stockx.com/images/Nike-Dunk-Low-Pro-SB-Futura-Product.jpg?fit=fill&bg=FFFFFF&w=140&h=100&fm=webp&auto=compress&trim=color&q=90&dpr=2&updated_at=1607052094"}, "productCategory": "sneakers", "releaseDate": "2003-03-01", "retailPrice": 65, "shoe": "Nike Dunk Low Pro SB", "title": "Nike Dunk Low Pro SB Futura", "urlKey": "nike-dunk-low-pro-sb-futura", "market": {"lowestAsk": 1636, "salesThisPeriod": 0, "salesLastPeriod": 0, "highestBid": 1500, "volatility": 0.164152, "deadstockSold": 3, "pricePremium": 32.315, "averageDeadstockPrice": 1705, "lastSale": 2165, "changeValue": 866, "changePercentage": 0.66573, "lastLowestAskTime": 1661847326, "lastHighestBidTime": 1662048406, "lastSaleDate": "2021-12-30T20:21:28+00:00"}, "objectID": "3c6404aa-96e9-408a-bc9f-b467a0b30a3f"}, {"id": "4c38c07f-5275-4dcd-8f82-8505fe7c3c30", "uuid": "4c38c07f-5275-4dcd-8f82-8505fe7c3c30", "brand": "Nike", "colorway": "Soft Grey/University Red", "condition": "New", "description": "", "media": {"smallImageUrl": "https://images.stockx.com/images/Nike-Dunk-High-UNLV.jpg?fit=fill&bg=FFFFFF&w=300&h=214&fm=webp&auto=compress&trim=color&q=90&dpr=2&updated_at=1608512685", "thumbUrl": "https://images.stockx.com/images/Nike-Dunk-High-UNLV.jpg?fit=fill&bg=FFFFFF&w=140&h=100&fm=webp&auto=compress&trim=color&q=90&dpr=2&updated_at=1608512685"}, "productCategory": "sneakers", "releaseDate": "2016-05-13", "retailPrice": 120, "shoe": "Nike Dunk High", "title": "Nike Dunk High UNLV", "urlKey": "nike-dunk-high-unlv", "market": {"lowestAsk": 300, "salesThisPeriod": 0, "salesLastPeriod": 0, "highestBid": 175, "volatility": 0.403666, "deadstockSold": 12, "pricePremium": 1.825, "averageDeadstockPrice": 401, "lastSale": 339, "changeValue": -122, "changePercentage": -0.265648, "lastLowestAskTime": 1662406383, "lastHighestBidTime": 1662630001, "lastSaleDate": "2022-08-28T14:23:54+00:00"}, "objectID": "4c38c07f-5275-4dcd-8f82-8505fe7c3c30"}, {"id": "cd48a0d2-3515-4d27-aec1-3b10ca08e064", "uuid": "cd48a0d2-3515-4d27-aec1-3b10ca08e064", "brand": "Nike", "colorway": "Canteen/Lemon Frost-Palomino", "condition": "New", "description": "", "media": {"smallImageUrl": "https://images.stockx.com/images/Nike-Dunk-Low-UNDEFEATED-Dunk-vs-AF1-Brown-PS-Product.jpg?fit=fill&bg=FFFFFF&w=300&h=214&fm=webp&auto=compress&trim=color&q=90&dpr=2&updated_at=1626805672", "thumbUrl": "https://images.stockx.com/images/Nike-Dunk-Low-UNDEFEATED-Dunk-vs-AF1-Brown-PS-Product.jpg?fit=fill&bg=FFFFFF&w=140&h=100&fm=webp&auto=compress&trim=color&q=90&dpr=2&updated_at=1626805672"}, "productCategory": "sneakers", "releaseDate": "2021-06-18", "retailPrice": 80, "shoe": "Nike Dunk Low", "title": "Nike Dunk Low Undefeated Canteen Dunk vs. AF1 Pack (PS)", "urlKey": "nike-dunk-low-undefeated-dunk-vs-af1-brown-ps", "market": {"lowestAsk": 160, "salesThisPeriod": 1, "salesLastPeriod": 0, "highestBid": 126, "volatility": 0.281937, "deadstockSold": 61, "pricePremium": 1.35, "averageDeadstockPrice": 173, "lastSale": 188, "changeValue": -42, "changePercentage": -0.182609, "lastLowestAskTime": 1663801963, "lastHighestBidTime": 1663183395, "lastSaleDate": "2022-09-21T17:38:36+00:00"}, "objectID": "cd48a0d2-3515-4d27-aec1-3b10ca08e064"}, {"id": "d7819d5b-70a4-473d-b7ec-c9de386737aa", "uuid": "d7819d5b-70a4-473d-b7ec-c9de386737aa", "brand": "Nike", "childId": null, "colorway": "Blue Frost/Midwest Gold", "condition": "New", "description": "", "media": {"smallImageUrl": "https://images.stockx.com/images/Nike-SB-Dunk-High-Pacman.png?fit=fill&bg=FFFFFF&w=300&h=214&fm=webp&auto=compress&trim=color&q=90&dpr=2&updated_at=1608514765", "thumbUrl": "https://images.stockx.com/images/Nike-SB-Dunk-High-Pacman.png?fit=fill&bg=FFFFFF&w=140&h=100&fm=webp&auto=compress&trim=color&q=90&dpr=2&updated_at=1608514765"}, "productCategory": "sneakers", "releaseDate": "2009-08-01", "retailPrice": 100, "shoe": "Nike SB Dunk High", "title": "Nike SB Dunk High Pacman", "urlKey": "nike-sb-dunk-high-pacman", "market": {"lowestAsk": 1035, "salesThisPeriod": 0, "salesLastPeriod": 0, "highestBid": 911, "volatility": 0.146958, "deadstockSold": 3, "pricePremium": 11.5, "averageDeadstockPrice": 1233, "lastSale": 1250, "changeValue": -199, "changePercentage": -0.137336, "lastLowestAskTime": 1662513611, "lastHighestBidTime": 1661163214, "lastSaleDate": "2022-06-23T00:44:03+00:00"}, "objectID": "d7819d5b-70a4-473d-b7ec-c9de386737aa"}, {"id": "486197a2-c25f-4883-893b-3fe42eb23467", "uuid": "486197a2-c25f-4883-893b-3fe42eb23467", "brand": "Nike", "colorway": "Deep Royal Blue/Deep Royal Blue", "condition": "New", "description": "", "media": {"smallImageUrl": "https://images.stockx.com/images/Nike-SB-Dunk-Low-NBA-Deep-Royal-Blue.png?fit=fill&bg=FFFFFF&w=300&h=214&fm=webp&auto=compress&trim=color&q=90&dpr=2&updated_at=1607054007", "thumbUrl": "https://images.stockx.com/images/Nike-SB-Dunk-Low-NBA-Deep-Royal-Blue.png?fit=fill&bg=FFFFFF&w=140&h=100&fm=webp&auto=compress&trim=color&q=90&dpr=2&updated_at=1607054007"}, "productCategory": "sneakers", "releaseDate": "2018-10-13", "retailPrice": 110, "shoe": "Nike SB Dunk Low", "title": "Nike SB Dunk Low NBA Deep Royal Blue", "urlKey": "nike-sb-dunk-low-nba-deep-royal-blue", "market": {"lowestAsk": 220, "salesThisPeriod": 1, "salesLastPeriod": 0, "highestBid": 180, "volatility": 0.118283, "deadstockSold": 62, "pricePremium": 1.741, "averageDeadstockPrice": 266, "lastSale": 301, "changeValue": 72, "changePercentage": 0.310701, "lastLowestAskTime": 1663516600, "lastHighestBidTime": 1663482924, "lastSaleDate": "2022-09-18T06:35:52+00:00"}, "objectID": "486197a2-c25f-4883-893b-3fe42eb23467"}, {"id": "558ce8ba-f750-4142-9d17-b00b3afbb7f3", "uuid": "558ce8ba-f750-4142-9d17-b00b3afbb7f3", "brand": "Nike", "colorway": "Black/Challenge Red-Metallic Silver", "condition": "New", "description": "", "media": {"smallImageUrl": "https://images.stockx.com/images/Nike-Dunk-SB-High-Spot-Gasparilla-Special-Box-Box.jpg?fit=fill&bg=FFFFFF&w=300&h=214&fm=webp&auto=compress&trim=color&q=90&dpr=2&updated_at=1607060432", "thumbUrl": "https://images.stockx.com/images/Nike-Dunk-SB-High-Spot-Gasparilla-Special-Box-Box.jpg?fit=fill&bg=FFFFFF&w=140&h=100&fm=webp&auto=compress&trim=color&q=90&dpr=2&updated_at=1607060432"}, "productCategory": "sneakers", "releaseDate": "2016-02-25", "retailPrice": 110, "shoe": "Nike SB Dunk High", "title": "Nike SB Dunk High Spot Gasparilla (Special Box)", "urlKey": "nike-dunk-sb-high-spot-gasparilla-special-box", "market": {"lowestAsk": 625, "salesThisPeriod": 0, "salesLastPeriod": 0, "highestBid": 600, "volatility": 0.191157, "deadstockSold": 9, "pricePremium": 9.9, "averageDeadstockPrice": 728, "lastSale": 1199, "changeValue": 223, "changePercentage": 0.228484, "lastLowestAskTime": 1663710305, "lastHighestBidTime": 1663587171, "lastSaleDate": "2022-08-25T05:03:16+00:00"}, "objectID": "558ce8ba-f750-4142-9d17-b00b3afbb7f3"}, {"id": "d9f47702-94d7-4149-a99a-bfc0f9a314a7", "uuid": "d9f47702-94d7-4149-a99a-bfc0f9a314a7", "brand": "Nike", "colorway": "Black/Black-Reflective Silver", "condition": "New", "description": "", "media": {"smallImageUrl": "https://images.stockx.com/images/Nike-Dunk-SB-Low-Quartersnacks-Product.jpg?fit=fill&bg=FFFFFF&w=300&h=214&fm=webp&auto=compress&trim=color&q=90&dpr=2&updated_at=1607047944", "thumbUrl": "https://images.stockx.com/images/Nike-Dunk-SB-Low-Quartersnacks-Product.jpg?fit=fill&bg=FFFFFF&w=140&h=100&fm=webp&auto=compress&trim=color&q=90&dpr=2&updated_at=1607047944"}, "productCategory": "sneakers", "releaseDate": "2014-08-23", "retailPrice": 98, "shoe": "Nike SB Dunk Low", "title": "Nike SB Dunk Low Quartersnacks", "urlKey": "nike-dunk-sb-low-quartersnacks", "market": {"lowestAsk": 389, "salesThisPeriod": 0, "salesLastPeriod": 0, "highestBid": 400, "volatility": 0.184351, "deadstockSold": 24, "pricePremium": 3.694, "averageDeadstockPrice": 365, "lastSale": 460, "changeValue": 215, "changePercentage": 0.877551, "lastLowestAskTime": 1663805086, "lastHighestBidTime": 1663342136, "lastSaleDate": "2022-09-18T04:12:47+00:00"}, "objectID": "d9f47702-94d7-4149-a99a-bfc0f9a314a7"}, {"id": "54e6e928-e406-4001-aede-12ebfdcd4435", "uuid": "54e6e928-e406-4001-aede-12ebfdcd4435", "brand": "Nike", "colorway": "Midnight Navy/Black/White/Midnight Navy", "condition": "New", "description": "", "media": {"smallImageUrl": "https://images.stockx.com/images/Nike-Dunk-SB-High-Orange-Label-Midnight-Navy-Product.jpg?fit=fill&bg=FFFFFF&w=300&h=214&fm=webp&auto=compress&trim=color&q=90&dpr=2&updated_at=1616611964", "thumbUrl": "https://images.stockx.com/images/Nike-Dunk-SB-High-Orange-Label-Midnight-Navy-Product.jpg?fit=fill&bg=FFFFFF&w=140&h=100&fm=webp&auto=compress&trim=color&q=90&dpr=2&updated_at=1616611964"}, "productCategory": "sneakers", "releaseDate": "2020-12-06", "retailPrice": 100, "shoe": "Nike SB Dunk High", "title": "Nike SB Dunk High Orange Label Midnight Navy", "urlKey": "nike-dunk-sb-high-orange-label-midnight-navy", "market": {"lowestAsk": 159, "salesThisPeriod": 1, "salesLastPeriod": 0, "highestBid": 275, "volatility": 0.350972, "deadstockSold": 220, "pricePremium": 1.2, "averageDeadstockPrice": 219, "lastSale": 220, "changeValue": 4, "changePercentage": 0.016098, "lastLowestAskTime": 1663510418, "lastHighestBidTime": 1660723609, "lastSaleDate": "2022-09-20T21:14:25+00:00"}, "objectID": "54e6e928-e406-4001-aede-12ebfdcd4435"}, {"id": "7e30bf7d-888e-4931-ac01-e8fa0c100a85", "uuid": "7e30bf7d-888e-4931-ac01-e8fa0c100a85", "brand": "Nike", "colorway": "Ice Blue/White-Metallic Gold-Metallic Silver", "condition": "New", "description": "", "media": {"smallImageUrl": "https://images.stockx.com/images/Nike-SB-Dunk-Low-Sean-Cliver-PS-Product.jpg?fit=fill&bg=FFFFFF&w=300&h=214&fm=webp&auto=compress&trim=color&q=90&dpr=2&updated_at=1643888770", "thumbUrl": "https://images.stockx.com/images/Nike-SB-Dunk-Low-Sean-Cliver-PS-Product.jpg?fit=fill&bg=FFFFFF&w=140&h=100&fm=webp&auto=compress&trim=color&q=90&dpr=2&updated_at=1643888770"}, "productCategory": "sneakers", "releaseDate": "2020-12-19", "retailPrice": 90, "shoe": "Nike SB Dunk Low", "title": "Nike SB Dunk Low Sean Cliver (PS)", "urlKey": "nike-sb-dunk-low-sean-cliver-ps", "market": {"lowestAsk": 223, "salesThisPeriod": 0, "salesLastPeriod": 0, "highestBid": 432, "volatility": 0.198607, "deadstockSold": 175, "pricePremium": 4.067, "averageDeadstockPrice": 326, "lastSale": 456, "changeValue": 57, "changePercentage": 0.142857, "lastLowestAskTime": 1662580232, "lastHighestBidTime": 1662124431, "lastSaleDate": "2022-09-07T22:18:27+00:00"}, "objectID": "7e30bf7d-888e-4931-ac01-e8fa0c100a85"}, {"id": "caee7deb-a5cb-4392-8458-f6676602be8d", "uuid": "caee7deb-a5cb-4392-8458-f6676602be8d", "brand": "Nike", "colorway": "Black/Grey/White", "condition": "New", "description": "", "media": {"smallImageUrl": "https://images.stockx.com/images/Nike-Dunk-Low-Chenille-Swoosh-Black-Grey.jpg?fit=fill&bg=FFFFFF&w=300&h=214&fm=webp&auto=compress&trim=color&q=90&dpr=2&updated_at=1658427636", "thumbUrl": "https://images.stockx.com/images/Nike-Dunk-Low-Chenille-Swoosh-Black-Grey.jpg?fit=fill&bg=FFFFFF&w=140&h=100&fm=webp&auto=compress&trim=color&q=90&dpr=2&updated_at=1658427636"}, "productCategory": "sneakers", "releaseDate": "", "retailPrice": 0, "shoe": "Nike Dunk Low", "title": "Nike Dunk Low Chenille Swoosh Black Grey", "urlKey": "nike-dunk-low-chenille-swoosh-black-grey", "market": {"lowestAsk": 126, "salesThisPeriod": 17, "salesLastPeriod": 0, "highestBid": 147, "volatility": 0.065205, "deadstockSold": 29, "pricePremium": 0, "averageDeadstockPrice": 179, "lastSale": 146, "changeValue": -9, "changePercentage": -0.062164, "lastLowestAskTime": 1663805260, "lastHighestBidTime": 1663757829, "lastSaleDate": "2022-09-22T00:07:02+00:00"}, "objectID": "caee7deb-a5cb-4392-8458-f6676602be8d"}, {"id": "7e1c2c4e-1e4d-4f10-a056-c8a13b700a0a", "uuid": "7e1c2c4e-1e4d-4f10-a056-c8a13b700a0a", "brand": "Nike", "childId": null, "colorway": "Barley/Barley-Khaki-Dark Loden", "condition": "New", "description": "", "media": {"smallImageUrl": "https://images.stockx.com/images/Nike-Dunk-High-Coraline-Special-Box.jpg?fit=fill&bg=FFFFFF&w=300&h=214&fm=webp&auto=compress&trim=color&q=90&dpr=2&updated_at=1617297589", "thumbUrl": "https://images.stockx.com/images/Nike-Dunk-High-Coraline-Special-Box.jpg?fit=fill&bg=FFFFFF&w=140&h=100&fm=webp&auto=compress&trim=color&q=90&dpr=2&updated_at=1617297589"}, "productCategory": "sneakers", "releaseDate": "2009-01-15", "retailPrice": 0, "shoe": "Nike Dunk High", "title": "Nike Dunk High Coraline (Special Box)", "urlKey": "nike-dunk-high-coraline-special-box", "market": {"lowestAsk": 7000, "salesThisPeriod": 0, "salesLastPeriod": 0, "highestBid": 6000, "volatility": 0, "deadstockSold": 0, "pricePremium": 0, "averageDeadstockPrice": 0, "lastSale": 0, "changeValue": 0, "changePercentage": 0, "lastLowestAskTime": 0, "lastHighestBidTime": 1663653520, "lastSaleDate": ""}, "objectID": "7e1c2c4e-1e4d-4f10-a056-c8a13b700a0a"}, {"id": "fd8eaa86-af8b-4298-8eea-e1a4510f6ddb", "uuid": "fd8eaa86-af8b-4298-8eea-e1a4510f6ddb", "brand": "Nike", "childId": null, "colorway": "Black/Acid", "condition": "New", "description": "", "media": {"smallImageUrl": "https://images.stockx.com/images/Nike-SB-Dunk-Low-CK-Product.jpg?fit=fill&bg=FFFFFF&w=300&h=214&fm=webp&auto=compress&trim=color&q=90&dpr=2&updated_at=1608513323", "thumbUrl": "https://images.stockx.com/images/Nike-SB-Dunk-Low-CK-Product.jpg?fit=fill&bg=FFFFFF&w=140&h=100&fm=webp&auto=compress&trim=color&q=90&dpr=2&updated_at=1608513323"}, "productCategory": "sneakers", "releaseDate": "2007-06-01", "retailPrice": 90, "shoe": "Nike SB Dunk Low", "title": "Nike SB Dunk Low C&K", "urlKey": "nike-sb-dunk-low-ck", "market": {"lowestAsk": 950, "salesThisPeriod": 0, "salesLastPeriod": 0, "highestBid": 900, "volatility": 0.333999, "deadstockSold": 12, "pricePremium": 7.211, "averageDeadstockPrice": 877, "lastSale": 739, "changeValue": -282, "changePercentage": -0.2762, "lastLowestAskTime": 1663761010, "lastHighestBidTime": 1663555135, "lastSaleDate": "2022-08-11T01:17:38+00:00"}, "objectID": "fd8eaa86-af8b-4298-8eea-e1a4510f6ddb"}, {"id": "a4d13eed-43bb-437b-a3c6-6753c75fa58c", "uuid": "a4d13eed-43bb-437b-a3c6-6753c75fa58c", "brand": "Nike", "childId": null, "colorway": "Binary Blue/White-Gum Light Brown", "condition": "New", "description": "", "media": {"smallImageUrl": "https://images.stockx.com/images/Nike-SB-Dunk-Low-East-West-Pack-Biggie-Product.jpg?fit=fill&bg=FFFFFF&w=300&h=214&fm=webp&auto=compress&trim=color&q=90&dpr=2&updated_at=1608515691", "thumbUrl": "https://images.stockx.com/images/Nike-SB-Dunk-Low-East-West-Pack-Biggie-Product.jpg?fit=fill&bg=FFFFFF&w=140&h=100&fm=webp&auto=compress&trim=color&q=90&dpr=2&updated_at=1608515691"}, "productCategory": "sneakers", "releaseDate": "2018-05-12", "retailPrice": 100, "shoe": "Nike SB Dunk Low", "title": "Nike SB Dunk Low Rivals Pack (East)", "urlKey": "nike-sb-dunk-low-east-west-pack-biggie", "market": {"lowestAsk": 300, "salesThisPeriod": 0, "salesLastPeriod": 0, "highestBid": 284, "volatility": 0.214635, "deadstockSold": 40, "pricePremium": 2.66, "averageDeadstockPrice": 315, "lastSale": 366, "changeValue": 27, "changePercentage": 0.079646, "lastLowestAskTime": 1661987584, "lastHighestBidTime": 1663796575, "lastSaleDate": "2022-09-18T17:24:27+00:00"}, "objectID": "a4d13eed-43bb-437b-a3c6-6753c75fa58c"}, {"id": "3b1fb219-1c96-4978-bcfd-67a6620bcf06", "uuid": "3b1fb219-1c96-4978-bcfd-67a6620bcf06", "brand": "Nike", "colorway": "Fir/University Gold-Metallic Gold", "condition": "New", "description": "The Nike Doernbecher series continues to gives hits year after year, so grab the Nike SB Dunk Low Doernbecher (2018) and witness the tradition. This Nike SB Dunk Low comes with a green upper plus gold accents, orange Nike \"Swoosh\", green midsole, and a translucent sole. These sneakers released in December 2018 and retailed for $90. Grab these on StockX now while its hot, or your pockets will burn more than KD leaving OKC for Golden State.", "media": {"smallImageUrl": "https://images.stockx.com/images/Nike-SB-Dunk-Low-Doernbecher-2018-Product.jpg?fit=fill&bg=FFFFFF&w=300&h=214&fm=webp&auto=compress&trim=color&q=90&dpr=2&updated_at=1607056907", "thumbUrl": "https://images.stockx.com/images/Nike-SB-Dunk-Low-Doernbecher-2018-Product.jpg?fit=fill&bg=FFFFFF&w=140&h=100&fm=webp&auto=compress&trim=color&q=90&dpr=2&updated_at=1607056907"}, "productCategory": "sneakers", "releaseDate": "2018-12-14", "retailPrice": 90, "shoe": "Nike SB Dunk Low", "title": "Nike SB Dunk Low Doernbecher (2018)", "urlKey": "nike-sb-dunk-low-doernbecher-2018", "market": {"lowestAsk": 600, "salesThisPeriod": 1, "salesLastPeriod": 0, "highestBid": 515, "volatility": 0.138911, "deadstockSold": 51, "pricePremium": 5.056, "averageDeadstockPrice": 604, "lastSale": 545, "changeValue": 1, "changePercentage": 0.001838, "lastLowestAskTime": 1662068875, "lastHighestBidTime": 1662302582, "lastSaleDate": "2022-09-16T18:54:55+00:00"}, "objectID": "3b1fb219-1c96-4978-bcfd-67a6620bcf06"}, {"id": "ea5762a8-833e-4e45-90d1-8728ee24adb5", "uuid": "ea5762a8-833e-4e45-90d1-8728ee24adb5", "brand": "Nike", "childId": null, "colorway": "Black/Pine Green-White", "condition": "New", "description": "", "media": {"smallImageUrl": "https://images.stockx.com/images/Nike-SB-Dunk-Low-Pro-Black-Pine-Green-Product.jpg?fit=fill&bg=FFFFFF&w=300&h=214&fm=webp&auto=compress&trim=color&q=90&dpr=2&updated_at=1607056668", "thumbUrl": "https://images.stockx.com/images/Nike-SB-Dunk-Low-Pro-Black-Pine-Green-Product.jpg?fit=fill&bg=FFFFFF&w=140&h=100&fm=webp&auto=compress&trim=color&q=90&dpr=2&updated_at=1607056668"}, "productCategory": "sneakers", "releaseDate": "2019-06-15", "retailPrice": 90, "shoe": "Nike SB Dunk Low Pro", "title": "Nike SB Dunk Low Pro J Pack Black Pine Green", "urlKey": "nike-sb-dunk-low-pro-black-pine-green", "market": {"lowestAsk": 389, "salesThisPeriod": 0, "salesLastPeriod": 0, "highestBid": 305, "volatility": 0.120041, "deadstockSold": 63, "pricePremium": 4.456, "averageDeadstockPrice": 372, "lastSale": 491, "changeValue": 76, "changePercentage": 0.183133, "lastLowestAskTime": 1663258073, "lastHighestBidTime": 1661308391, "lastSaleDate": "2022-09-04T02:40:09+00:00"}, "objectID": "ea5762a8-833e-4e45-90d1-8728ee24adb5"}, {"id": "204517d6-f5cd-4e21-8b88-22fc0d9bbef9", "uuid": "204517d6-f5cd-4e21-8b88-22fc0d9bbef9", "brand": "Nike", "colorway": "White/Dark Sulfur-White", "condition": "New", "description": "", "media": {"smallImageUrl": "https://images.stockx.com/images/Nike-Dunk-High-Dark-Sulfur.jpg?fit=fill&bg=FFFFFF&w=300&h=214&fm=webp&auto=compress&trim=color&q=90&dpr=2&updated_at=1660912421", "thumbUrl": "https://images.stockx.com/images/Nike-Dunk-High-Dark-Sulfur.jpg?fit=fill&bg=FFFFFF&w=140&h=100&fm=webp&auto=compress&trim=color&q=90&dpr=2&updated_at=1660912421"}, "productCategory": "sneakers", "releaseDate": "", "retailPrice": 110, "shoe": "Nike Dunk High", "title": "Nike Dunk High Dark Sulfur (W)", "urlKey": "nike-dunk-high-dark-sulfur-w", "market": {"lowestAsk": 131, "salesThisPeriod": 1, "salesLastPeriod": 0, "highestBid": 180, "volatility": 0.19668, "deadstockSold": 495, "pricePremium": 3.273, "averageDeadstockPrice": 201, "lastSale": 470, "changeValue": 320, "changePercentage": 2.13333, "lastLowestAskTime": 1662522552, "lastHighestBidTime": 1663174190, "lastSaleDate": "2022-09-18T02:40:45+00:00"}, "objectID": "204517d6-f5cd-4e21-8b88-22fc0d9bbef9"}, {"id": "fd41bf73-bc3a-4818-a176-1748d79e2844", "uuid": "fd41bf73-bc3a-4818-a176-1748d79e2844", "brand": "Nike", "colorway": "Black/Pine Green", "condition": "New", "description": "", "media": {"smallImageUrl": "https://images.stockx.com/images/Nike-SB-Dunk-Low-Black-Pine-Green-Product.jpg?fit=fill&bg=FFFFFF&w=300&h=214&fm=webp&auto=compress&trim=color&q=90&dpr=2&updated_at=1612831132", "thumbUrl": "https://images.stockx.com/images/Nike-SB-Dunk-Low-Black-Pine-Green-Product.jpg?fit=fill&bg=FFFFFF&w=140&h=100&fm=webp&auto=compress&trim=color&q=90&dpr=2&updated_at=1612831132"}, "productCategory": "sneakers", "releaseDate": "2011-04-01", "retailPrice": 90, "shoe": "Nike SB Dunk Low", "title": "Nike SB Dunk Low Black Pine Green", "urlKey": "nike-sb-dunk-low-black-pine-green", "market": {"lowestAsk": 999, "salesThisPeriod": 0, "salesLastPeriod": 0, "highestBid": 431, "volatility": 0.797014, "deadstockSold": 4, "pricePremium": 3.5, "averageDeadstockPrice": 788, "lastSale": 405, "changeValue": -145, "changePercentage": -0.263636, "lastLowestAskTime": 1662295016, "lastHighestBidTime": 1660426045, "lastSaleDate": "2022-07-22T01:01:24+00:00"}, "objectID": "fd41bf73-bc3a-4818-a176-1748d79e2844"}, {"id": "05358a14-8995-463a-ba21-14a079fd9c5b", "uuid": "05358a14-8995-463a-ba21-14a079fd9c5b", "brand": "Nike", "colorway": "Red/White-Blue", "condition": "New", "description": "", "media": {"smallImageUrl": "https://images.stockx.com/images/Nike-Dunk-High-4th-of-July-2022-Product.jpg?fit=fill&bg=FFFFFF&w=300&h=214&fm=webp&auto=compress&trim=color&q=90&dpr=2&updated_at=1660025278", "thumbUrl": "https://images.stockx.com/images/Nike-Dunk-High-4th-of-July-2022-Product.jpg?fit=fill&bg=FFFFFF&w=140&h=100&fm=webp&auto=compress&trim=color&q=90&dpr=2&updated_at=1660025278"}, "productCategory": "sneakers", "releaseDate": "", "retailPrice": 0, "shoe": "Nike Dunk High", "title": "Nike Dunk High 4th of July (2022)", "urlKey": "nike-dunk-high-4th-of-july-2022", "market": {"lowestAsk": 121, "salesThisPeriod": 2, "salesLastPeriod": 0, "highestBid": 115, "volatility": 0.162042, "deadstockSold": 17, "pricePremium": 0, "averageDeadstockPrice": 145, "lastSale": 110, "changeValue": -53, "changePercentage": -0.325153, "lastLowestAskTime": 1663273788, "lastHighestBidTime": 1663273505, "lastSaleDate": "2022-09-19T07:53:47+00:00"}, "objectID": "05358a14-8995-463a-ba21-14a079fd9c5b"}, {"id": "21c4df7b-d299-413a-bebe-e633fa93f4ad", "uuid": "21c4df7b-d299-413a-bebe-e633fa93f4ad", "brand": "Nike", "colorway": "Boulder/Black", "condition": "New", "description": "", "media": {"smallImageUrl": "https://images.stockx.com/images/Nike-Dunk-SB-High-Ferris-Bueller.jpg?fit=fill&bg=FFFFFF&w=300&h=214&fm=webp&auto=compress&trim=color&q=90&dpr=2&updated_at=1607059805", "thumbUrl": "https://images.stockx.com/images/Nike-Dunk-SB-High-Ferris-Bueller.jpg?fit=fill&bg=FFFFFF&w=140&h=100&fm=webp&auto=compress&trim=color&q=90&dpr=2&updated_at=1607059805"}, "productCategory": "sneakers", "releaseDate": "2008-05-01", "retailPrice": 120, "shoe": "Nike SB Dunk High", "title": "Nike SB Dunk High Ferris Bueller", "urlKey": "nike-dunk-sb-high-ferris-bueller", "market": {"lowestAsk": 1300, "salesThisPeriod": 0, "salesLastPeriod": 0, "highestBid": 950, "volatility": 0.239948, "deadstockSold": 11, "pricePremium": 0, "averageDeadstockPrice": 1093, "lastSale": 1000, "changeValue": 52, "changePercentage": 0.054852, "lastLowestAskTime": 1661704525, "lastHighestBidTime": 1662250584, "lastSaleDate": "2022-09-06T21:44:56+00:00"}, "objectID": "21c4df7b-d299-413a-bebe-e633fa93f4ad"}, {"id": "ae7ae415-64d0-47bd-b88a-a4267a6d251b", "uuid": "ae7ae415-64d0-47bd-b88a-a4267a6d251b", "brand": "Nike", "colorway": "Dark Raisin/Off Noir-Wheat", "condition": "New", "description": "", "media": {"smallImageUrl": "https://images.stockx.com/images/Nike-Dunk-Low-N7-2021-Product.jpg?fit=fill&bg=FFFFFF&w=300&h=214&fm=webp&auto=compress&trim=color&q=90&dpr=2&updated_at=1626289733", "thumbUrl": "https://images.stockx.com/images/Nike-Dunk-Low-N7-2021-Product.jpg?fit=fill&bg=FFFFFF&w=140&h=100&fm=webp&auto=compress&trim=color&q=90&dpr=2&updated_at=1626289733"}, "productCategory": "sneakers", "releaseDate": "", "retailPrice": 130, "shoe": "Nike Dunk Low", "title": "Nike Dunk Low N7 (2021)", "urlKey": "nike-dunk-low-n7-2021", "market": {"lowestAsk": 170, "salesThisPeriod": 0, "salesLastPeriod": 0, "highestBid": 175, "volatility": 0.162925, "deadstockSold": 379, "pricePremium": 0.792, "averageDeadstockPrice": 193, "lastSale": 233, "changeValue": 132, "changePercentage": 1.30693, "lastLowestAskTime": 1663567802, "lastHighestBidTime": 1663205100, "lastSaleDate": "2022-09-14T23:57:50+00:00"}, "objectID": "ae7ae415-64d0-47bd-b88a-a4267a6d251b"}, {"id": "5e96fba2-0758-4c75-98f2-306e8d85615b", "uuid": "5e96fba2-0758-4c75-98f2-306e8d85615b", "brand": "Nike", "colorway": "White/College Orange", "condition": "New", "description": "", "media": {"smallImageUrl": "https://images.stockx.com/images/Nike-SB-Dunk-High-Supreme-Orange.png?fit=fill&bg=FFFFFF&w=300&h=214&fm=webp&auto=compress&trim=color&q=90&dpr=2&updated_at=1607055994", "thumbUrl": "https://images.stockx.com/images/Nike-SB-Dunk-High-Supreme-Orange.png?fit=fill&bg=FFFFFF&w=140&h=100&fm=webp&auto=compress&trim=color&q=90&dpr=2&updated_at=1607055994"}, "productCategory": "sneakers", "releaseDate": "2003-01-01", "retailPrice": 65, "shoe": "Nike SB Dunk High", "title": "Nike SB Dunk High Supreme Orange", "urlKey": "nike-sb-dunk-high-supreme-orange", "market": {"lowestAsk": 5690, "salesThisPeriod": 0, "salesLastPeriod": 0, "highestBid": 3420, "volatility": 0.697038, "deadstockSold": 6, "pricePremium": 46.765, "averageDeadstockPrice": 5019, "lastSale": 3105, "changeValue": -4695, "changePercentage": -0.60196, "lastLowestAskTime": 1663581962, "lastHighestBidTime": 1662145665, "lastSaleDate": "2022-05-14T18:12:09+00:00"}, "objectID": "5e96fba2-0758-4c75-98f2-306e8d85615b"}, {"id": "65fa651c-408a-4dc2-bf75-fa129a8bd4ca", "uuid": "65fa651c-408a-4dc2-bf75-fa129a8bd4ca", "brand": "Nike", "colorway": "Denim/Denim", "condition": "New", "description": "", "media": {"smallImageUrl": "https://images.stockx.com/images/Nike-SB-Dunk-Low-Reese-Forbes-Denim-Product.jpg?fit=fill&bg=FFFFFF&w=300&h=214&fm=webp&auto=compress&trim=color&q=90&dpr=2&updated_at=1608514203", "thumbUrl": "https://images.stockx.com/images/Nike-SB-Dunk-Low-Reese-Forbes-Denim-Product.jpg?fit=fill&bg=FFFFFF&w=140&h=100&fm=webp&auto=compress&trim=color&q=90&dpr=2&updated_at=1608514203"}, "productCategory": "sneakers", "releaseDate": "2002-12-01", "retailPrice": 65, "shoe": "Nike SB Dunk Low", "title": "Nike SB Dunk Low Reese Forbes Denim", "urlKey": "nike-sb-dunk-low-reese-forbes-denim", "market": {"lowestAsk": 17142, "salesThisPeriod": 0, "salesLastPeriod": 0, "highestBid": 8500, "volatility": 0, "deadstockSold": 0, "pricePremium": 0, "averageDeadstockPrice": 0, "lastSale": 6050, "changeValue": -2449, "changePercentage": -0.288152, "lastLowestAskTime": 1663155894, "lastHighestBidTime": 1661173252, "lastSaleDate": "2020-03-18T20:43:07+00:00"}, "objectID": "65fa651c-408a-4dc2-bf75-fa129a8bd4ca"}, {"id": "d650ff0b-ef40-481c-8ff9-1eacf35973bf", "uuid": "d650ff0b-ef40-481c-8ff9-1eacf35973bf", "brand": "Nike", "colorway": "Cinncinati Reds", "condition": "New", "description": "", "media": {"smallImageUrl": "https://images.stockx.com/images/Nike-Dunk-SB-Low-Nasty-Boys-Product.jpg?fit=fill&bg=FFFFFF&w=300&h=214&fm=webp&auto=compress&trim=color&q=90&dpr=2&updated_at=1608514477", "thumbUrl": "https://images.stockx.com/images/Nike-Dunk-SB-Low-Nasty-Boys-Product.jpg?fit=fill&bg=FFFFFF&w=140&h=100&fm=webp&auto=compress&trim=color&q=90&dpr=2&updated_at=1608514477"}, "productCategory": "sneakers", "releaseDate": "2015-12-04", "retailPrice": 90, "shoe": "Nike SB Dunk Low", "title": "Nike SB Dunk Low Nasty Boys", "urlKey": "nike-dunk-sb-low-nasty-boys", "market": {"lowestAsk": 840, "salesThisPeriod": 0, "salesLastPeriod": 0, "highestBid": 702, "volatility": 0.505134, "deadstockSold": 29, "pricePremium": 7.278, "averageDeadstockPrice": 782, "lastSale": 745, "changeValue": -30, "changePercentage": -0.03871, "lastLowestAskTime": 1660050685, "lastHighestBidTime": 1663514207, "lastSaleDate": "2022-09-15T03:09:46+00:00"}, "objectID": "d650ff0b-ef40-481c-8ff9-1eacf35973bf"}, {"id": "ebcb4f9f-0526-426b-be93-944eeebc05ba", "uuid": "ebcb4f9f-0526-426b-be93-944eeebc05ba", "brand": "Nike", "colorway": "White/Midnight Navy-Total Orange", "condition": "New", "description": "", "media": {"smallImageUrl": "https://images.stockx.com/images/Nike-Dunk-High-Championship-Navy-PS-Product.jpg?fit=fill&bg=FFFFFF&w=300&h=214&fm=webp&auto=compress&trim=color&q=90&dpr=2&updated_at=1634318117", "thumbUrl": "https://images.stockx.com/images/Nike-Dunk-High-Championship-Navy-PS-Product.jpg?fit=fill&bg=FFFFFF&w=140&h=100&fm=webp&auto=compress&trim=color&q=90&dpr=2&updated_at=1634318117"}, "productCategory": "sneakers", "releaseDate": "2021-09-23", "retailPrice": 75, "shoe": "Nike Dunk High", "title": "Nike Dunk High Championship Navy (PS)", "urlKey": "nike-dunk-high-championship-navy-ps", "market": {"lowestAsk": 84, "salesThisPeriod": 2, "salesLastPeriod": 0, "highestBid": 60, "volatility": 0.154597, "deadstockSold": 543, "pricePremium": 1.299, "averageDeadstockPrice": 87, "lastSale": 172, "changeValue": 72, "changePercentage": 0.707501, "lastLowestAskTime": 1663121871, "lastHighestBidTime": 1661820201, "lastSaleDate": "2022-09-16T11:59:00+00:00"}, "objectID": "ebcb4f9f-0526-426b-be93-944eeebc05ba"}, {"id": "6545f8d8-03db-4503-840e-22b28c8ea868", "uuid": "6545f8d8-03db-4503-840e-22b28c8ea868", "brand": "Nike", "colorway": "Baroque Brown/Altitude Green", "condition": "New", "description": "", "media": {"smallImageUrl": "https://images.stockx.com/images/Nike-Dunk-SB-High-De-La-Soul-Product.jpg?fit=fill&bg=FFFFFF&w=300&h=214&fm=webp&auto=compress&trim=color&q=90&dpr=2&updated_at=1607059572", "thumbUrl": "https://images.stockx.com/images/Nike-Dunk-SB-High-De-La-Soul-Product.jpg?fit=fill&bg=FFFFFF&w=140&h=100&fm=webp&auto=compress&trim=color&q=90&dpr=2&updated_at=1607059572"}, "productCategory": "sneakers", "releaseDate": "2005-11-01", "retailPrice": 120, "shoe": "Nike SB Dunk High", "title": "Nike SB Dunk High De La Soul (2005)", "urlKey": "nike-dunk-sb-high-de-la-soul-2005", "market": {"lowestAsk": 725, "salesThisPeriod": 0, "salesLastPeriod": 0, "highestBid": 597, "volatility": 0.369566, "deadstockSold": 26, "pricePremium": 0, "averageDeadstockPrice": 714, "lastSale": 600, "changeValue": -399, "changePercentage": -0.399399, "lastLowestAskTime": 1662057955, "lastHighestBidTime": 1660045645, "lastSaleDate": "2022-09-17T04:52:34+00:00"}, "objectID": "6545f8d8-03db-4503-840e-22b28c8ea868"}, {"id": "157d0cfa-b579-4a16-b3ac-f7d5ed5d0de5", "uuid": "157d0cfa-b579-4a16-b3ac-f7d5ed5d0de5", "brand": "Nike", "colorway": "Net/Deep Orange", "condition": "New", "description": "", "media": {"smallImageUrl": "https://images.stockx.com/images/Nike-Dunk-SB-Low-Eire-V1.jpg?fit=fill&bg=FFFFFF&w=300&h=214&fm=webp&auto=compress&trim=color&q=90&dpr=2&updated_at=1609759568", "thumbUrl": "https://images.stockx.com/images/Nike-Dunk-SB-Low-Eire-V1.jpg?fit=fill&bg=FFFFFF&w=140&h=100&fm=webp&auto=compress&trim=color&q=90&dpr=2&updated_at=1609759568"}, "productCategory": "sneakers", "releaseDate": "2006-04-01", "retailPrice": 65, "shoe": "Nike SB Dunk Low", "title": "Nike SB Dunk Low Eire", "urlKey": "nike-dunk-sb-low-eire", "market": {"lowestAsk": 610, "salesThisPeriod": 0, "salesLastPeriod": 0, "highestBid": 680, "volatility": 0.200977, "deadstockSold": 4, "pricePremium": 6.554, "averageDeadstockPrice": 644, "lastSale": 491, "changeValue": -139, "changePercentage": -0.220635, "lastLowestAskTime": 1663689909, "lastHighestBidTime": 1662088634, "lastSaleDate": "2022-09-14T16:25:48+00:00"}, "objectID": "157d0cfa-b579-4a16-b3ac-f7d5ed5d0de5"}, {"id": "1b47fe22-067b-4786-adab-49096adeab27", "uuid": "1b47fe22-067b-4786-adab-49096adeab27", "brand": "Nike", "colorway": "Black/Black-Cement Grey", "condition": "New", "description": "When it comes to creating demand for products, no boutique does it better than New York\u2019s Supreme but back when the Supreme x Nike SB Dunk Low \"Black Cement\" released, there was no mass hysteria or police-involved incidents. 2002 was a much simpler time for sneaker releases. In fact, collaborations like the Supreme Nike SB Dunks weren\u2019t as common because they just weren\u2019t a big deal. Back then the 500 pairs that were created were only available at the New York City and Tokyo locations, because back then, those were the only two cities Supreme had stores. It goes without saying that Supreme\u2019s version of the Nike Dunk Low was inspired by the Air Jordan 3. The black leather upper is wrapped in Elephant Print and accented in red, along with the Black/Black-Cement Grey official colorway, are iconic elements strikingly similar to the AJ3, so in hindsight, it\u2019s not a surprise that \"Black Cement\" Supreme Dunk Low is one of the most sought after sneakers to ever come from Nike Skateboarding. Although Supreme may be known today for their over-the-top and hyped collaborations, the SB Dunk collab with Nike SB was the first time the brand officially worked on a shoe and at the time, Nike SB Dunks were under the radar of most sneakerheads because they were made to skate in. The limited production of the Supreme x Nike Dunk SB Low \"Black Cement\" and the fact that many were worn and skated, keeps the Supreme Dunks out of the price range for many collectors.", "media": {"smallImageUrl": "https://images.stockx.com/images/Nike-Dunk-SB-Low-Supreme-Black-Cement-2002-Product.jpg?fit=fill&bg=FFFFFF&w=300&h=214&fm=webp&auto=compress&trim=color&q=90&dpr=2&updated_at=1606322375", "thumbUrl": "https://images.stockx.com/images/Nike-Dunk-SB-Low-Supreme-Black-Cement-2002-Product.jpg?fit=fill&bg=FFFFFF&w=140&h=100&fm=webp&auto=compress&trim=color&q=90&dpr=2&updated_at=1606322375"}, "productCategory": "sneakers", "releaseDate": "2002-09-01", "retailPrice": 65, "shoe": "Nike SB Dunk Low", "title": "Nike SB Dunk Low Supreme  Black Cement (2002)", "urlKey": "nike-dunk-sb-low-supreme-ny-black-cement-2002", "market": {"lowestAsk": 5677, "salesThisPeriod": 0, "salesLastPeriod": 0, "highestBid": 3751, "volatility": 0.244012, "deadstockSold": 6, "pricePremium": 57.462, "averageDeadstockPrice": 4814, "lastSale": 3800, "changeValue": -1800, "changePercentage": -0.321429, "lastLowestAskTime": 1662535145, "lastHighestBidTime": 1662163472, "lastSaleDate": "2022-05-31T18:08:05+00:00"}, "objectID": "1b47fe22-067b-4786-adab-49096adeab27"}, {"id": "7654fb4e-a5a0-45bb-91ae-806e2bc03f42", "uuid": "7654fb4e-a5a0-45bb-91ae-806e2bc03f42", "brand": "Nike", "colorway": "Varsity Maize/Midnight Navy", "condition": "New", "description": "", "media": {"smallImageUrl": "https://images.stockx.com/images/Nike-Dunk-High-Michigan-Product.jpg?fit=fill&bg=FFFFFF&w=300&h=214&fm=webp&auto=compress&trim=color&q=90&dpr=2&updated_at=1608513234", "thumbUrl": "https://images.stockx.com/images/Nike-Dunk-High-Michigan-Product.jpg?fit=fill&bg=FFFFFF&w=140&h=100&fm=webp&auto=compress&trim=color&q=90&dpr=2&updated_at=1608513234"}, "productCategory": "sneakers", "releaseDate": "2016-05-13", "retailPrice": 120, "shoe": "Nike Dunk High", "title": "Nike Dunk High Michigan", "urlKey": "nike-dunk-high-michigan", "market": {"lowestAsk": 317, "salesThisPeriod": 0, "salesLastPeriod": 0, "highestBid": 205, "volatility": 0.228749, "deadstockSold": 3, "pricePremium": 2.125, "averageDeadstockPrice": 432, "lastSale": 375, "changeValue": 8, "changePercentage": 0.021798, "lastLowestAskTime": 1662641473, "lastHighestBidTime": 1662858060, "lastSaleDate": "2021-12-17T10:28:09+00:00"}, "objectID": "7654fb4e-a5a0-45bb-91ae-806e2bc03f42"}, {"id": "88544a6e-f762-4b78-acf7-5a5b49b08fd2", "uuid": "88544a6e-f762-4b78-acf7-5a5b49b08fd2", "brand": "Nike", "colorway": "Wine/Black-White", "condition": "New", "description": "", "media": {"smallImageUrl": "https://images.stockx.com/images/Nike-Dunk-High-fragment-design-Bejing-2021-PS-Product.jpg?fit=fill&bg=FFFFFF&w=300&h=214&fm=webp&auto=compress&trim=color&q=90&dpr=2&updated_at=1649259228", "thumbUrl": "https://images.stockx.com/images/Nike-Dunk-High-fragment-design-Bejing-2021-PS-Product.jpg?fit=fill&bg=FFFFFF&w=140&h=100&fm=webp&auto=compress&trim=color&q=90&dpr=2&updated_at=1649259228"}, "productCategory": "sneakers", "releaseDate": "", "retailPrice": 100, "shoe": "Nike Dunk High", "title": "Nike Dunk High Fragment Bejing (2021) (PS)", "urlKey": "nike-dunk-high-fragment-design-bejing-2021-ps", "market": {"lowestAsk": 75, "salesThisPeriod": 1, "salesLastPeriod": 0, "highestBid": 63, "volatility": 0.148238, "deadstockSold": 199, "pricePremium": -0.16, "averageDeadstockPrice": 77, "lastSale": 84, "changeValue": 19, "changePercentage": 0.292308, "lastLowestAskTime": 1663615558, "lastHighestBidTime": 1663254519, "lastSaleDate": "2022-09-18T19:05:47+00:00"}, "objectID": "88544a6e-f762-4b78-acf7-5a5b49b08fd2"}, {"id": "88eea0cf-399f-47dc-ba67-c15955a5d064", "uuid": "88eea0cf-399f-47dc-ba67-c15955a5d064", "brand": "Nike", "colorway": "Metallic Silver/White", "condition": "New", "description": "", "media": {"smallImageUrl": "https://images.stockx.com/images/Nike-Dunk-High-CLOT-Metallic-Silver.jpg?fit=fill&bg=FFFFFF&w=300&h=214&fm=webp&auto=compress&trim=color&q=90&dpr=2&updated_at=1651364790", "thumbUrl": "https://images.stockx.com/images/Nike-Dunk-High-CLOT-Metallic-Silver.jpg?fit=fill&bg=FFFFFF&w=140&h=100&fm=webp&auto=compress&trim=color&q=90&dpr=2&updated_at=1651364790"}, "productCategory": "sneakers", "releaseDate": "2022-04-01", "retailPrice": 150, "shoe": "Nike Dunk High", "title": "Nike Dunk High CLOT Metallic Silver (With Card)", "urlKey": "nike-dunk-high-clot-metallic-silver-with-card", "market": {"lowestAsk": 112, "salesThisPeriod": 2, "salesLastPeriod": 0, "highestBid": 124, "volatility": 0.238028, "deadstockSold": 61, "pricePremium": -0.3, "averageDeadstockPrice": 143, "lastSale": 105, "changeValue": -11, "changePercentage": -0.09636, "lastLowestAskTime": 1663187015, "lastHighestBidTime": 1663327064, "lastSaleDate": "2022-09-16T15:36:31+00:00"}, "objectID": "88eea0cf-399f-47dc-ba67-c15955a5d064"}, {"id": "94722df7-8f99-4aee-ae35-4041e4b88cc9", "uuid": "94722df7-8f99-4aee-ae35-4041e4b88cc9", "brand": "Nike", "colorway": "Metallic Copper/Light Silver-Pueblo Brown-Metallic Silver", "condition": "New", "description": "PLEASE NOTE: This listing is for the regional special box versions of this sneaker release. Any region will be accepted.", "media": {"smallImageUrl": "https://images.stockx.com/images/Nike-Dunk-SB-Low-Street-Hawker-Special-Box.png?fit=fill&bg=FFFFFF&w=300&h=214&fm=webp&auto=compress&trim=color&q=90&dpr=2&updated_at=1610489443", "thumbUrl": "https://images.stockx.com/images/Nike-Dunk-SB-Low-Street-Hawker-Special-Box.png?fit=fill&bg=FFFFFF&w=140&h=100&fm=webp&auto=compress&trim=color&q=90&dpr=2&updated_at=1610489443"}, "productCategory": "sneakers", "releaseDate": "2021-01-22", "retailPrice": 110, "shoe": "Nike SB Dunk Low", "title": "Nike SB Dunk Low Street Hawker (Special Box)", "urlKey": "nike-dunk-sb-low-street-hawker-special-box", "market": {"lowestAsk": 712, "salesThisPeriod": 0, "salesLastPeriod": 0, "highestBid": 500, "volatility": 0.207635, "deadstockSold": 8, "pricePremium": 5.182, "averageDeadstockPrice": 814, "lastSale": 680, "changeValue": 80, "changePercentage": 0.133333, "lastLowestAskTime": 1663522367, "lastHighestBidTime": 1663069785, "lastSaleDate": "2022-09-13T11:58:31+00:00"}, "objectID": "94722df7-8f99-4aee-ae35-4041e4b88cc9"}, {"id": "e4f3bd3c-ec42-4d94-a8bc-3042d95dc22e", "uuid": "e4f3bd3c-ec42-4d94-a8bc-3042d95dc22e", "brand": "Nike", "colorway": "Green Glow-Summit White/Black", "condition": "New", "description": "", "media": {"smallImageUrl": "https://images.stockx.com/images/Nike-Dunk-SB-Low-Sea-Crystal.png?fit=fill&bg=FFFFFF&w=300&h=214&fm=webp&auto=compress&trim=color&q=90&dpr=2&updated_at=1607059549", "thumbUrl": "https://images.stockx.com/images/Nike-Dunk-SB-Low-Sea-Crystal.png?fit=fill&bg=FFFFFF&w=140&h=100&fm=webp&auto=compress&trim=color&q=90&dpr=2&updated_at=1607059549"}, "productCategory": "sneakers", "releaseDate": "2016-10-22", "retailPrice": 90, "shoe": "Nike SB Dunk Low", "title": "Nike SB Dunk Low Sea Crystal", "urlKey": "nike-dunk-sb-low-sea-crystal", "market": {"lowestAsk": 610, "salesThisPeriod": 0, "salesLastPeriod": 0, "highestBid": 700, "volatility": 0.271761, "deadstockSold": 18, "pricePremium": 6.222, "averageDeadstockPrice": 576, "lastSale": 650, "changeValue": 350, "changePercentage": 1.16667, "lastLowestAskTime": 1663302882, "lastHighestBidTime": 1662924918, "lastSaleDate": "2022-07-18T22:09:26+00:00"}, "objectID": "e4f3bd3c-ec42-4d94-a8bc-3042d95dc22e"}, {"id": "c69b8043-a921-4e66-ab43-f66cb24f1696", "uuid": "c69b8043-a921-4e66-ab43-f66cb24f1696", "brand": "Nike", "colorway": "White/Varsity Royal", "condition": "New", "description": "", "media": {"smallImageUrl": "https://images.stockx.com/images/Nike-Dunk-High-Kentucky-2016-Product.jpg?fit=fill&bg=FFFFFF&w=300&h=214&fm=webp&auto=compress&trim=color&q=90&dpr=2&updated_at=1608512670", "thumbUrl": "https://images.stockx.com/images/Nike-Dunk-High-Kentucky-2016-Product.jpg?fit=fill&bg=FFFFFF&w=140&h=100&fm=webp&auto=compress&trim=color&q=90&dpr=2&updated_at=1608512670"}, "productCategory": "sneakers", "releaseDate": "2016-04-08", "retailPrice": 120, "shoe": "Nike Dunk High", "title": "Nike Dunk High Kentucky (2016)", "urlKey": "nike-dunk-high-kentucky-2016", "market": {"lowestAsk": 374, "salesThisPeriod": 0, "salesLastPeriod": 0, "highestBid": 127, "volatility": 0.343064, "deadstockSold": 12, "pricePremium": 0.701, "averageDeadstockPrice": 330, "lastSale": 204, "changeValue": 5, "changePercentage": 0.020662, "lastLowestAskTime": 1662406329, "lastHighestBidTime": 1663420832, "lastSaleDate": "2022-09-06T07:44:47+00:00"}, "objectID": "c69b8043-a921-4e66-ab43-f66cb24f1696"}, {"id": "5a39d4c2-e510-4619-b551-3e5eb6ab3ba3", "uuid": "5a39d4c2-e510-4619-b551-3e5eb6ab3ba3", "brand": "Nike", "colorway": "White/Black-Cement Grey", "condition": "New", "description": "In late 2002, Supreme in New York\u2019s SOHO collaborated with Nike SB to release the Supreme x Nike Dunk Low SB \"White Cement.\" The first footwear collab for the mega-popular skate streetwear brand was nothing like the craziness of modern day Supreme drops. The Supreme SB Dunk Low was limited to 500 pairs and released alongside of the \"Black Cement\" version, both of which were inspired by the iconic colorways of the Air Jordan 3. The \"White Cement\" Supreme Dunk Low uses a white leather upper, blue lining and is wrapped primarily in the Cement Grey Elephant Print that has become one of the most iconic materials for Nike and Jordan. Without the hype and hysteria, the Supreme SB Dunk Low Pro SB flew under the radar, like most of the SB Dunks of the era, with no Supreme branding on the shoes, because back then collaborations weren\u2019t really something brands did. The release took place at Supreme\u2019s New York and Tokyo stores, which were the only two cities Supreme had store in back in 2002. Despite the low-key (by modern day standards) release, the classic color combination and Elephant Print details have become one of the most sought after Nike SB collaborations of all time. It\u2019s likely if you have a cop list, the Supreme x Nike Dunk Low SB \"White Cement\" is on it, even if you already have a pair.", "media": {"smallImageUrl": "https://images.stockx.com/images/Nike-Dunk-SB-Low-Supreme-White-Cement-2002-Product.jpg?fit=fill&bg=FFFFFF&w=300&h=214&fm=webp&auto=compress&trim=color&q=90&dpr=2&updated_at=1606321836", "thumbUrl": "https://images.stockx.com/images/Nike-Dunk-SB-Low-Supreme-White-Cement-2002-Product.jpg?fit=fill&bg=FFFFFF&w=140&h=100&fm=webp&auto=compress&trim=color&q=90&dpr=2&updated_at=1606321836"}, "productCategory": "sneakers", "releaseDate": "2002-09-01", "retailPrice": 100, "shoe": "Nike SB Dunk Low", "title": "Nike SB Dunk Low Supreme  White Cement (2002)", "urlKey": "nike-dunk-sb-low-supreme-ny-white-cement-2002", "market": {"lowestAsk": 5131, "salesThisPeriod": 0, "salesLastPeriod": 0, "highestBid": 3000, "volatility": 0.34, "deadstockSold": 2, "pricePremium": 0, "averageDeadstockPrice": 2680, "lastSale": 2000, "changeValue": -1360, "changePercentage": -0.404762, "lastLowestAskTime": 1660875017, "lastHighestBidTime": 1663555433, "lastSaleDate": "2022-06-22T10:38:27+00:00"}, "objectID": "5a39d4c2-e510-4619-b551-3e5eb6ab3ba3"}, {"id": "db6dbb55-f610-41ed-babf-36b3a576a11d", "uuid": "db6dbb55-f610-41ed-babf-36b3a576a11d", "brand": "Nike", "childId": null, "colorway": "Team Red/Metallic Gold", "condition": "New", "description": "", "media": {"smallImageUrl": "https://images.stockx.com/images/Nike-SB-Dunk-Low-Anchorman-Product.jpg?fit=fill&bg=FFFFFF&w=300&h=214&fm=webp&auto=compress&trim=color&q=90&dpr=2&updated_at=1608511941", "thumbUrl": "https://images.stockx.com/images/Nike-SB-Dunk-Low-Anchorman-Product.jpg?fit=fill&bg=FFFFFF&w=140&h=100&fm=webp&auto=compress&trim=color&q=90&dpr=2&updated_at=1608511941"}, "productCategory": "sneakers", "releaseDate": "2009-08-01", "retailPrice": 85, "shoe": "Nike SB Dunk Low", "title": "Nike SB Dunk Low Anchorman", "urlKey": "nike-sb-dunk-low-anchorman", "market": {"lowestAsk": 800, "salesThisPeriod": 0, "salesLastPeriod": 0, "highestBid": 650, "volatility": 0.306858, "deadstockSold": 4, "pricePremium": 5.235, "averageDeadstockPrice": 620, "lastSale": 530, "changeValue": -270, "changePercentage": -0.3375, "lastLowestAskTime": 1659720662, "lastHighestBidTime": 1661309310, "lastSaleDate": "2022-08-05T21:12:40+00:00"}, "objectID": "db6dbb55-f610-41ed-babf-36b3a576a11d"}, {"id": "43d1fac4-5f8b-4bde-b4be-a174a3c7c4da", "uuid": "43d1fac4-5f8b-4bde-b4be-a174a3c7c4da", "brand": "Nike", "colorway": "Black/Vivid Sulfur-Wolf Grey", "condition": "New", "description": "", "media": {"smallImageUrl": "https://images.stockx.com/images/Nike-Dunk-SB-High-Mcrad-Product.jpg?fit=fill&bg=FFFFFF&w=300&h=214&fm=webp&auto=compress&trim=color&q=90&dpr=2&updated_at=1608512688", "thumbUrl": "https://images.stockx.com/images/Nike-Dunk-SB-High-Mcrad-Product.jpg?fit=fill&bg=FFFFFF&w=140&h=100&fm=webp&auto=compress&trim=color&q=90&dpr=2&updated_at=1608512688"}, "productCategory": "sneakers", "releaseDate": "", "retailPrice": 120, "shoe": "Nike SB Dunk High", "title": "Nike SB Dunk High Mcrad", "urlKey": "nike-dunk-sb-high-mcrad", "market": {"lowestAsk": 400, "salesThisPeriod": 0, "salesLastPeriod": 0, "highestBid": 555, "volatility": 0.245366, "deadstockSold": 24, "pricePremium": 0, "averageDeadstockPrice": 529, "lastSale": 870, "changeValue": 320, "changePercentage": 0.581818, "lastLowestAskTime": 1662506843, "lastHighestBidTime": 1652266004, "lastSaleDate": "2022-08-17T02:02:45+00:00"}, "objectID": "43d1fac4-5f8b-4bde-b4be-a174a3c7c4da"}, {"id": "df353d50-6671-4d18-91a6-a7d5b372bf54", "uuid": "df353d50-6671-4d18-91a6-a7d5b372bf54", "brand": "Nike", "colorway": "White/Orange Blaze-Midnight Navy", "condition": "New", "description": "", "media": {"smallImageUrl": "https://images.stockx.com/images/Nike-SB-Dunk-Low-Broncos-Product.jpg?fit=fill&bg=FFFFFF&w=300&h=214&fm=webp&auto=compress&trim=color&q=90&dpr=2&updated_at=1624633731", "thumbUrl": "https://images.stockx.com/images/Nike-SB-Dunk-Low-Broncos-Product.jpg?fit=fill&bg=FFFFFF&w=140&h=100&fm=webp&auto=compress&trim=color&q=90&dpr=2&updated_at=1624633731"}, "productCategory": "sneakers", "releaseDate": "2003-09-01", "retailPrice": 65, "shoe": "Nike SB Dunk Low", "title": "Nike SB Dunk Low Broncos", "urlKey": "nike-sb-dunk-low-broncos", "market": {"lowestAsk": 700, "salesThisPeriod": 0, "salesLastPeriod": 0, "highestBid": 600, "volatility": 0.187576, "deadstockSold": 5, "pricePremium": 12.846, "averageDeadstockPrice": 746, "lastSale": 900, "changeValue": -43, "changePercentage": -0.045599, "lastLowestAskTime": 1660941992, "lastHighestBidTime": 1663645615, "lastSaleDate": "2022-06-17T09:08:49+00:00"}, "objectID": "df353d50-6671-4d18-91a6-a7d5b372bf54"}]}