{"Pagination": {"query": "nike dunk", "queryID": "7a764b743ffbc40bb1aa8913d77f7fcc", "index": "PRODUCTION_PG_FEATURED_DESC", "limit": 40, "page": 2, "total": 2110, "lastPage": "/api/v3/browse?_search=nike%20dunk&dataType=product&facetsToRetrieve=%7B%7D&filterVersion=4&page=25&propsToRetrieve=brand%2CchildId%2Ccolorway%2Ccondition%2Cdescription%2Cid%2Cmarket.averageDeadstockPrice%2Cmarket.bidAskData%2Cmarket.changePercentage%2Cmarket.changeValue%2Cmarket.deadstockSold%2Cmarket.highestBid%2Cmarket.lastHighestBidTime%2Cmarket.lastLowestAskTime%2Cmarket.lastSale%2Cmarket.lastSaleDate%2Cmarket.lastSaleValue%2Cmarket.lowestAsk%2Cmarket.pricePremium%2Cmarket.salesInformation%2Cmarket.salesLastPeriod%2Cmarket.salesThisPeriod%2Cmarket.volatility%2Cmedia.smallImageUrl%2Cmedia.thumbUrl%2CproductCategory%2CreleaseDate%2CretailPrice%2Cshoe%2Ctitle%2CurlKey%2Cuuid", "sort": ["featured"], "order": ["DESC"], "currentPage": "/api/v3/browse?_search=nike%20dunk&dataType=product&facetsToRetrieve=%7B%7D&filterVersion=4&page=2&propsToRetrieve=brand%2CchildId%2Ccolorway%2Ccondition%2Cdescription%2Cid%2Cmarket.averageDeadstockPrice%2Cmarket.bidAskData%2Cmarket.changePercentage%2Cmarket.changeValue%2Cmarket.deadstockSold%2Cmarket.highestBid%2Cmarket.lastHighestBidTime%2Cmarket.lastLowestAskTime%2Cmarket.lastSale%2Cmarket.lastSaleDate%2Cmarket.lastSaleValue%2Cmarket.lowestAsk%2Cmarket.pricePremium%2Cmarket.salesInformation%2Cmarket.salesLastPeriod%2Cmarket.salesThisPeriod%2Cmarket.volatility%2Cmedia.smallImageUrl%2Cmedia.thumbUrl%2CproductCategory%2CreleaseDate%2CretailPrice%2Cshoe%2Ctitle%2CurlKey%2Cuuid", "nextPage": "/api/v3/browse?_search=nike%20dunk&dataType=product&facetsToRetrieve=%7B%7D&filterVersion=4&page=3&propsToRetrieve=brand%2CchildId%2Ccolorway%2Ccondition%2Cdescription%2Cid%2Cmarket.averageDeadstockPrice%2Cmarket.bidAskData%2Cmarket.changePercentage%2Cmarket.changeValue%2Cmarket.deadstockSold%2Cmarket.highestBid%2Cmarket.lastHighestBidTime%2Cmarket.lastLowestAskTime%2Cmarket.lastSale%2Cmarket.lastSaleDate%2Cmarket.lastSaleValue%2Cmarket.lowestAsk%2Cmarket.pricePremium%2Cmarket.salesInformation%2Cmarket.salesLastPeriod%2Cmarket.salesThisPeriod%2Cmarket.volatility%2Cmedia.smallImageUrl%2Cmedia.thumbUrl%2CproductCategory%2CreleaseDate%2CretailPrice%2Cshoe%2Ctitle%2CurlKey%2Cuuid", "previousPage": "/api/v3/browse?_search=nike%20dunk&dataType=product&facetsToRetrieve=%7B%7D&filterVersion=4&page=1&propsToRetrieve=brand%2CchildId%2Ccolorway%2Ccondition%2Cdescription%2Cid%2Cmarket.averageDeadstockPrice%2Cmarket.bidAskData%2Cmarket.changePercentage%2Cmarket.changeValue%2Cmarket.deadstockSold%2Cmarket.highestBid%2Cmarket.lastHighestBidTime%2Cmarket.lastLowestAskTime%2Cmarket.lastSale%2Cmarket.lastSaleDate%2Cmarket.lastSaleValue%2Cmarket.lowestAsk%2Cmarket.pricePremium%2Cmarket.salesInformation%2Cmarket.salesLastPeriod%2Cmarket.salesThisPeriod%2Cmarket.volatility%2Cmedia.smallImageUrl%2Cmedia.thumbUrl%2CproductCategory%2CreleaseDate%2CretailPrice%2Cshoe%2Ctitle%2CurlKey%2Cuuid"}, "Facets": {}, "Products": [{"id": "0e5c6c88-509f-4edc-9714-88f7d24b44bb", "uuid": "0e5c6c88-509f-4edc-9714-88f7d24b44bb", "brand": "Nike", "colorway": "White/Black", "condition": "New", "description": "The women's Nike Dunk Low Next Nature White Black is constructed of 50% recycled materials. Two-tone black and white Flyleather composes the upper in a simple, color blocked look similar to some of the most popular Dunks to release. From there, matching soles and woven tongue labels add a finishing touch.\n<br>\n<br>\nThe women's Nike Dunk Low Next Nature White Black released in November of 2021 and retailed for $100.", "media": {"smallImageUrl": "https://images.stockx.com/images/Nike-Dunk-Low-Next-Nature-White-Black-W-Product.jpg?fit=fill&bg=FFFFFF&w=300&h=214&fm=webp&auto=compress&trim=color&q=90&dpr=2&updated_at=1643118805", "thumbUrl": "https://images.stockx.com/images/Nike-Dunk-Low-Next-Nature-White-Black-W-Product.jpg?fit=fill&bg=FFFFFF&w=140&h=100&fm=webp&auto=compress&trim=color&q=90&dpr=2&updated_at=1643118805"}, "productCategory": "sneakers", "releaseDate": "2021-11-03", "retailPrice": 100, "shoe": "Nike Dunk Low", "title": "Nike Dunk Low Next Nature White Black (W)", "urlKey": "nike-dunk-low-next-nature-white-black-w", "market": {"lowestAsk": 153, "salesThisPeriod": 81, "salesLastPeriod": 0, "highestBid": 170, "volatility": 0.045931, "deadstockSold": 17431, "pricePremium": 0.56, "averageDeadstockPrice": 197, "lastSale": 156, "changeValue": -11, "changePercentage": -0.065868, "lastLowestAskTime": 1663789921, "lastHighestBidTime": 1663496680, "lastSaleDate": "2022-09-21T20:33:34+00:00"}, "objectID": "0e5c6c88-509f-4edc-9714-88f7d24b44bb"}, {"id": "0228b912-a85a-4169-8eb4-51102a0f90be", "uuid": "0228b912-a85a-4169-8eb4-51102a0f90be", "brand": "Nike", "colorway": "White/Sail-Coconut Milk", "condition": "New", "description": "", "media": {"smallImageUrl": "https://images.stockx.com/images/Nike-Dunk-Low-Retro-Coconut-Milk-W.jpg?fit=fill&bg=FFFFFF&w=300&h=214&fm=webp&auto=compress&trim=color&q=90&dpr=2&updated_at=1661741673", "thumbUrl": "https://images.stockx.com/images/Nike-Dunk-Low-Retro-Coconut-Milk-W.jpg?fit=fill&bg=FFFFFF&w=140&h=100&fm=webp&auto=compress&trim=color&q=90&dpr=2&updated_at=1661741673"}, "productCategory": "sneakers", "releaseDate": "2022-08-26", "retailPrice": 100, "shoe": "Nike Dunk Low Retro", "title": "Nike Dunk Low Retro Coconut Milk (W)", "urlKey": "nike-dunk-low-retro-coconut-milk-w", "market": {"lowestAsk": 111, "salesThisPeriod": 74, "salesLastPeriod": 0, "highestBid": 127, "volatility": 0.110685, "deadstockSold": 1044, "pricePremium": 0.17, "averageDeadstockPrice": 129, "lastSale": 117, "changeValue": 1, "changePercentage": 0.008621, "lastLowestAskTime": 1663743222, "lastHighestBidTime": 1663753472, "lastSaleDate": "2022-09-21T20:04:27+00:00"}, "objectID": "0228b912-a85a-4169-8eb4-51102a0f90be"}, {"id": "e0fef9ee-6d11-41f4-be0d-d206e56241c2", "uuid": "e0fef9ee-6d11-41f4-be0d-d206e56241c2", "brand": "Nike", "colorway": "Grey Fog/Light Crimson", "condition": "New", "description": "", "media": {"smallImageUrl": "https://images.stockx.com/images/Nike-Dunk-Low-SE-Jackpot-GS-Product.jpg?fit=fill&bg=FFFFFF&w=300&h=214&fm=webp&auto=compress&trim=color&q=90&dpr=2&updated_at=1662733606", "thumbUrl": "https://images.stockx.com/images/Nike-Dunk-Low-SE-Jackpot-GS-Product.jpg?fit=fill&bg=FFFFFF&w=140&h=100&fm=webp&auto=compress&trim=color&q=90&dpr=2&updated_at=1662733606"}, "productCategory": "sneakers", "releaseDate": "", "retailPrice": 80, "shoe": "Nike Dunk Low SE", "title": "Nike Dunk Low SE Jackpot (GS)", "urlKey": "nike-dunk-low-se-jackpot-gs", "market": {"lowestAsk": 112, "salesThisPeriod": 71, "salesLastPeriod": 0, "highestBid": 138, "volatility": 0.043211, "deadstockSold": 822, "pricePremium": 0.763, "averageDeadstockPrice": 141, "lastSale": 141, "changeValue": -9, "changePercentage": -0.06, "lastLowestAskTime": 1663717664, "lastHighestBidTime": 1663709612, "lastSaleDate": "2022-09-21T17:51:27+00:00"}, "objectID": "e0fef9ee-6d11-41f4-be0d-d206e56241c2"}, {"id": "29d62e5f-5950-4db5-88f4-6b2ae571b963", "uuid": "29d62e5f-5950-4db5-88f4-6b2ae571b963", "brand": "Nike", "colorway": "Dark Beetroot/Maroon-White", "condition": "New", "description": "", "media": {"smallImageUrl": "https://images.stockx.com/images/Nike-Dunk-Low-Dark-Beetroot.jpg?fit=fill&bg=FFFFFF&w=300&h=214&fm=webp&auto=compress&trim=color&q=90&dpr=2&updated_at=1660682144", "thumbUrl": "https://images.stockx.com/images/Nike-Dunk-Low-Dark-Beetroot.jpg?fit=fill&bg=FFFFFF&w=140&h=100&fm=webp&auto=compress&trim=color&q=90&dpr=2&updated_at=1660682144"}, "productCategory": "sneakers", "releaseDate": "", "retailPrice": 120, "shoe": "Nike Dunk Low", "title": "Nike Dunk Low Dark Beetroot", "urlKey": "nike-dunk-low-dark-beetroot", "market": {"lowestAsk": 106, "salesThisPeriod": 71, "salesLastPeriod": 0, "highestBid": 114, "volatility": 0.081615, "deadstockSold": 122, "pricePremium": -0.058, "averageDeadstockPrice": 115, "lastSale": 113, "changeValue": 1, "changePercentage": 0.008929, "lastLowestAskTime": 1663795626, "lastHighestBidTime": 1663785893, "lastSaleDate": "2022-09-22T00:06:18+00:00"}, "objectID": "29d62e5f-5950-4db5-88f4-6b2ae571b963"}, {"id": "a861cf10-6267-45d0-9190-1bcb4dea8183", "uuid": "a861cf10-6267-45d0-9190-1bcb4dea8183", "brand": "Nike", "colorway": "Habanero Red/White-Blue Hero", "condition": "New", "description": "While the Nike SB Dunk Low Bart Simpson is not an official collaboration with The Simpsons, it channels color inspiration to the rambunctious character and follows a similar format to the Nike SB Dunk High Marge Simpson and the Nike SB Dunk Low Homer Simpson.\n<br>\n<br>\nThe Nike SB Dunk Low Bart Simpson features a yellow leather upper with orange Durabuck overlays and a white Swoosh. Hits of blue on the sock liner and outsole add a cool-toned contrast to the shoe's warm palette. At the base, a Zoom sole provides comfort and support.\n<br>\n<br>\nThe Nike SB Dunk Low Bart Simpson released in May of 2022 and retailed for $100.", "media": {"smallImageUrl": "https://images.stockx.com/images/Nike-SB-Dunk-Low-Pro-Bart-Simpson-Product.jpg?fit=fill&bg=FFFFFF&w=300&h=214&fm=webp&auto=compress&trim=color&q=90&dpr=2&updated_at=1650655298", "thumbUrl": "https://images.stockx.com/images/Nike-SB-Dunk-Low-Pro-Bart-Simpson-Product.jpg?fit=fill&bg=FFFFFF&w=140&h=100&fm=webp&auto=compress&trim=color&q=90&dpr=2&updated_at=1650655298"}, "productCategory": "sneakers", "releaseDate": "2022-06-29", "retailPrice": 110, "shoe": "Nike SB Dunk Low Pro", "title": "Nike SB Dunk Low Pro Bart Simpson", "urlKey": "nike-sb-dunk-low-pro-bart-simpson", "market": {"lowestAsk": 186, "salesThisPeriod": 69, "salesLastPeriod": 0, "highestBid": 320, "volatility": 0.145201, "deadstockSold": 7747, "pricePremium": 1.045, "averageDeadstockPrice": 251, "lastSale": 225, "changeValue": -50, "changePercentage": -0.181818, "lastLowestAskTime": 1663769923, "lastHighestBidTime": 1663349757, "lastSaleDate": "2022-09-21T11:56:22+00:00"}, "objectID": "a861cf10-6267-45d0-9190-1bcb4dea8183"}, {"id": "d03e0096-d39d-491d-8733-818be6f88247", "uuid": "d03e0096-d39d-491d-8733-818be6f88247", "brand": "Nike", "colorway": "University Blue/White-Royal Blue", "condition": "New", "description": "The Nike Dunk Low Reverse UNC (Women) has a bright blue sole matched with a white midsole. A majority of the shoe is made out of leather. \n<br>\n<br>\nThe base color is white, with bright blue details layered on top. The swoosh symbol is made from white leather. There are perforated holes on the bright blue toe box. White laces can be found on top of a white tongue that has blue detailing, including the Nike logo.\u00a0\n<br>\n<br>\nThe Nike Dunk Low Reverse UNC (Women) was first made available for purchase in summer of 2022. This item\u2019s initial retail price was set at $100.", "media": {"smallImageUrl": "https://images.stockx.com/images/Nike-Dunk-Low-Reverse-UNC-W-Product.jpg?fit=fill&bg=FFFFFF&w=300&h=214&fm=webp&auto=compress&trim=color&q=90&dpr=2&updated_at=1662733559", "thumbUrl": "https://images.stockx.com/images/Nike-Dunk-Low-Reverse-UNC-W-Product.jpg?fit=fill&bg=FFFFFF&w=140&h=100&fm=webp&auto=compress&trim=color&q=90&dpr=2&updated_at=1662733559"}, "productCategory": "sneakers", "releaseDate": "", "retailPrice": 100, "shoe": "Nike Dunk Low", "title": "Nike Dunk Low Reverse UNC (W)", "urlKey": "nike-dunk-low-reverse-unc-w", "market": {"lowestAsk": 134, "salesThisPeriod": 69, "salesLastPeriod": 0, "highestBid": 250, "volatility": 0.163493, "deadstockSold": 2468, "pricePremium": 0.7, "averageDeadstockPrice": 166, "lastSale": 170, "changeValue": 36, "changePercentage": 0.268657, "lastLowestAskTime": 1663768885, "lastHighestBidTime": 1663208065, "lastSaleDate": "2022-09-21T22:07:06+00:00"}, "objectID": "d03e0096-d39d-491d-8733-818be6f88247"}, {"id": "3211fa8d-9da1-4a6d-ab0c-17453cdfa96a", "uuid": "3211fa8d-9da1-4a6d-ab0c-17453cdfa96a", "brand": "Nike", "colorway": "Black/Black-Metallic Gold", "condition": "New", "description": "", "media": {"smallImageUrl": "https://images.stockx.com/images/Nike-SB-Dunk-High-FAUST-Black-Gold-Product.jpg?fit=fill&bg=FFFFFF&w=300&h=214&fm=webp&auto=compress&trim=color&q=90&dpr=2&updated_at=1662389271", "thumbUrl": "https://images.stockx.com/images/Nike-SB-Dunk-High-FAUST-Black-Gold-Product.jpg?fit=fill&bg=FFFFFF&w=140&h=100&fm=webp&auto=compress&trim=color&q=90&dpr=2&updated_at=1662389271"}, "productCategory": "sneakers", "releaseDate": "2022-08-29", "retailPrice": 130, "shoe": "Nike SB Dunk High", "title": "Nike SB Dunk High FAUST Black Gold", "urlKey": "nike-sb-dunk-high-faust-black-gold", "market": {"lowestAsk": 132, "salesThisPeriod": 65, "salesLastPeriod": 0, "highestBid": 300, "volatility": 0.067565, "deadstockSold": 1133, "pricePremium": 0.077, "averageDeadstockPrice": 163, "lastSale": 140, "changeValue": 0, "changePercentage": 0, "lastLowestAskTime": 1663715280, "lastHighestBidTime": 1663620729, "lastSaleDate": "2022-09-21T16:04:09+00:00"}, "objectID": "3211fa8d-9da1-4a6d-ab0c-17453cdfa96a"}, {"id": "252974a0-43da-4c2e-821e-0bb85cfe726b", "uuid": "252974a0-43da-4c2e-821e-0bb85cfe726b", "brand": "Nike", "colorway": "White/Mint", "condition": "New", "description": "Composed of 50% recycled materials, the women's Nike Dunk Low Next Nature White Mint (W) offers a more sustainable way to wear Dunks. The upper arrives in a simple white and Mint two-tone, color blocked look similar to some of the most popular Dunks to ever release. From there, matching soles and woven tongue labels complete the design.\n<br>\n<br>\nThe women's Nike Dunk Low Next Nature White Mint (W) released in the Spring of 2022 and retailed for $100.", "media": {"smallImageUrl": "https://images.stockx.com/images/Nike-Dunk-Low-Next-Nature-White-Mint-W-Product.jpg?fit=fill&bg=FFFFFF&w=300&h=214&fm=webp&auto=compress&trim=color&q=90&dpr=2&updated_at=1650654943", "thumbUrl": "https://images.stockx.com/images/Nike-Dunk-Low-Next-Nature-White-Mint-W-Product.jpg?fit=fill&bg=FFFFFF&w=140&h=100&fm=webp&auto=compress&trim=color&q=90&dpr=2&updated_at=1650654943"}, "productCategory": "sneakers", "releaseDate": "2022-03-11", "retailPrice": 100, "shoe": "Nike Dunk Low", "title": "Nike Dunk Low Next Nature White Mint (W)", "urlKey": "nike-dunk-low-next-nature-white-mint-w", "market": {"lowestAsk": 139, "salesThisPeriod": 63, "salesLastPeriod": 0, "highestBid": 187, "volatility": 0.083774, "deadstockSold": 11645, "pricePremium": 0.728, "averageDeadstockPrice": 157, "lastSale": 173, "changeValue": 35, "changePercentage": 0.252291, "lastLowestAskTime": 1663773572, "lastHighestBidTime": 1663720168, "lastSaleDate": "2022-09-21T15:08:23+00:00"}, "objectID": "252974a0-43da-4c2e-821e-0bb85cfe726b"}, {"id": "20e348e7-c717-4864-b5e7-f7d2764d145a", "uuid": "20e348e7-c717-4864-b5e7-f7d2764d145a", "brand": "Nike", "colorway": "Sail/Khaki-Light Chocolate", "condition": "New", "description": "Composed of tonal brown and Sail hues, the Nike Dunk High Light Chocolate can be dressed up or dressed down depending on the occasion. Its premium suede and leather construction gives its timeless silhouette a luxe touch, elevating the design. From there, hits of green on the woven tongue label and heel tab add a subtle contrast. \n<br>\n<br>\nThe Nike Dunk High Light Chocolate released in February of 2022 and retailed for $125.", "media": {"smallImageUrl": "https://images.stockx.com/images/Nike-Dunk-High-Light-Chocolate-Product.jpg?fit=fill&bg=FFFFFF&w=300&h=214&fm=webp&auto=compress&trim=color&q=90&dpr=2&updated_at=1633027334", "thumbUrl": "https://images.stockx.com/images/Nike-Dunk-High-Light-Chocolate-Product.jpg?fit=fill&bg=FFFFFF&w=140&h=100&fm=webp&auto=compress&trim=color&q=90&dpr=2&updated_at=1633027334"}, "productCategory": "sneakers", "releaseDate": "2022-02-23", "retailPrice": 125, "shoe": "Nike Dunk High", "title": "Nike Dunk High Light Chocolate", "urlKey": "nike-dunk-high-light-chocolate", "market": {"lowestAsk": 135, "salesThisPeriod": 61, "salesLastPeriod": 0, "highestBid": 200, "volatility": 0.114591, "deadstockSold": 6314, "pricePremium": 0.533, "averageDeadstockPrice": 202, "lastSale": 192, "changeValue": 67, "changePercentage": 0.527713, "lastLowestAskTime": 1663430491, "lastHighestBidTime": 1663769291, "lastSaleDate": "2022-09-21T16:02:23+00:00"}, "objectID": "20e348e7-c717-4864-b5e7-f7d2764d145a"}, {"id": "d20a0726-94b8-483b-a81c-6293b2ca6b22", "uuid": "d20a0726-94b8-483b-a81c-6293b2ca6b22", "brand": "Nike", "colorway": "White/Washed Teal-Beach Coral-Black", "condition": "New", "description": "The Nike Dunk Low Snakeskin is a retro-release Snakeskin look, honoring the South Beach color scheme. The low collar shoe has infused summery Washed Teal.\n<br>\n<br>\nThe Nike Dunk Low Snakeskin has a white leather base in the upper with a perforated toe box. The overlays and heels have a Green Teal snakeskin. The green Teal extends to the tongue tags, laces, and sock liner. There\u2019s a pink Swoosh on the panels. The midsole is white and made of rubber. The treaded outsole is also rubber but pink in color.\n<br>\n<br>\nThis Nike Dunk Low Snakeskin debuted on 27th July 2022. It retailed at $120.", "media": {"smallImageUrl": "https://images.stockx.com/images/Nike-Dunk-Low-Snakeskin-Washed-Teal-Bleached-Coral-Product.jpg?fit=fill&bg=FFFFFF&w=300&h=214&fm=webp&auto=compress&trim=color&q=90&dpr=2&updated_at=1658500669", "thumbUrl": "https://images.stockx.com/images/Nike-Dunk-Low-Snakeskin-Washed-Teal-Bleached-Coral-Product.jpg?fit=fill&bg=FFFFFF&w=140&h=100&fm=webp&auto=compress&trim=color&q=90&dpr=2&updated_at=1658500669"}, "productCategory": "sneakers", "releaseDate": "2022-07-27", "retailPrice": 120, "shoe": "Nike Dunk Low", "title": "Nike Dunk Low Snakeskin Washed Teal Bleached Coral", "urlKey": "nike-dunk-low-snakeskin-washed-teal-bleached-coral", "market": {"lowestAsk": 117, "salesThisPeriod": 60, "salesLastPeriod": 0, "highestBid": 155, "volatility": 0.12099, "deadstockSold": 2992, "pricePremium": 0.367, "averageDeadstockPrice": 148, "lastSale": 164, "changeValue": 45, "changePercentage": 0.366988, "lastLowestAskTime": 1663759565, "lastHighestBidTime": 1663723273, "lastSaleDate": "2022-09-21T20:57:34+00:00"}, "objectID": "d20a0726-94b8-483b-a81c-6293b2ca6b22"}, {"id": "794b194b-94c1-4fe1-8bc2-5dd41252420e", "uuid": "794b194b-94c1-4fe1-8bc2-5dd41252420e", "brand": "Nike", "colorway": "Sail/Harvest Moon", "condition": "New", "description": "The women's Nike Dunk Low Harvest Moon (W) features a white leather upper with light brown overlays and Swooshes. From there, a matching woven tongue label and sole complete the design.\n<br>\n<br>\nThe women's Nike Dunk Low Harvest Moon (W) releases in 2022 and retails for $100.", "media": {"smallImageUrl": "https://images.stockx.com/images/Nike-Dunk-Low-Harvest-Moon-W-Product.jpg?fit=fill&bg=FFFFFF&w=300&h=214&fm=webp&auto=compress&trim=color&q=90&dpr=2&updated_at=1644827833", "thumbUrl": "https://images.stockx.com/images/Nike-Dunk-Low-Harvest-Moon-W-Product.jpg?fit=fill&bg=FFFFFF&w=140&h=100&fm=webp&auto=compress&trim=color&q=90&dpr=2&updated_at=1644827833"}, "productCategory": "sneakers", "releaseDate": "2022-02-02", "retailPrice": 100, "shoe": "Nike Dunk Low", "title": "Nike Dunk Low Harvest Moon (W)", "urlKey": "nike-dunk-low-harvest-moon-w", "market": {"lowestAsk": 162, "salesThisPeriod": 59, "salesLastPeriod": 0, "highestBid": 185, "volatility": 0.055199, "deadstockSold": 9060, "pricePremium": 0.85, "averageDeadstockPrice": 225, "lastSale": 185, "changeValue": 3, "changePercentage": 0.016484, "lastLowestAskTime": 1663733552, "lastHighestBidTime": 1663686801, "lastSaleDate": "2022-09-21T19:04:16+00:00"}, "objectID": "794b194b-94c1-4fe1-8bc2-5dd41252420e"}, {"id": "84389034-5978-4f28-bd49-bd1495256a35", "uuid": "84389034-5978-4f28-bd49-bd1495256a35", "brand": "Nike", "colorway": "Off Noir/Cider-Dark Chocolate-Wild Berry", "condition": "New", "description": "The Nike Dunk Low PRM Cider features a dark navy and Cider nubuck and suede upper with Dark Chocolate smooth leather overlays and Swooshes. At the heel, a Wild Berry leather patch boasts Nike embroidery. At the base, an Off Noir and Dark Chocolate Air sole completes the design.\n<br>\n<br>\nThe Nike Dunk Low PRM Cider released in May of 2022 and retailed for $110.", "media": {"smallImageUrl": "https://images.stockx.com/images/Nike-Dunk-Low-PRM-Cider-Product.jpg?fit=fill&bg=FFFFFF&w=300&h=214&fm=webp&auto=compress&trim=color&q=90&dpr=2&updated_at=1639166602", "thumbUrl": "https://images.stockx.com/images/Nike-Dunk-Low-PRM-Cider-Product.jpg?fit=fill&bg=FFFFFF&w=140&h=100&fm=webp&auto=compress&trim=color&q=90&dpr=2&updated_at=1639166602"}, "productCategory": "sneakers", "releaseDate": "2022-05-10", "retailPrice": 110, "shoe": "Nike Dunk Low", "title": "Nike Dunk Low Cider", "urlKey": "nike-dunk-low-prm-cider", "market": {"lowestAsk": 126, "salesThisPeriod": 57, "salesLastPeriod": 0, "highestBid": 145, "volatility": 0.062775, "deadstockSold": 5968, "pricePremium": 0.364, "averageDeadstockPrice": 166, "lastSale": 150, "changeValue": 1, "changePercentage": 0.006711, "lastLowestAskTime": 1663639390, "lastHighestBidTime": 1663757179, "lastSaleDate": "2022-09-21T08:22:52+00:00"}, "objectID": "84389034-5978-4f28-bd49-bd1495256a35"}, {"id": "c772b0f7-54c3-4c9a-b41f-a859bf5d6ee7", "uuid": "c772b0f7-54c3-4c9a-b41f-a859bf5d6ee7", "brand": "Nike", "colorway": "White/Neutral Grey", "condition": "New", "description": "", "media": {"smallImageUrl": "https://images.stockx.com/images/Nike-Dunk-Low-Retro-White-Grey.jpg?fit=fill&bg=FFFFFF&w=300&h=214&fm=webp&auto=compress&trim=color&q=90&dpr=2&updated_at=1660682141", "thumbUrl": "https://images.stockx.com/images/Nike-Dunk-Low-Retro-White-Grey.jpg?fit=fill&bg=FFFFFF&w=140&h=100&fm=webp&auto=compress&trim=color&q=90&dpr=2&updated_at=1660682141"}, "productCategory": "sneakers", "releaseDate": "", "retailPrice": 110, "shoe": "Nike Dunk Low Retro", "title": "Nike Dunk Low Retro White Grey", "urlKey": "nike-dunk-low-retro-white-grey", "market": {"lowestAsk": 158, "salesThisPeriod": 56, "salesLastPeriod": 0, "highestBid": 165, "volatility": 0.071071, "deadstockSold": 99, "pricePremium": 0.555, "averageDeadstockPrice": 171, "lastSale": 171, "changeValue": 12, "changePercentage": 0.070805, "lastLowestAskTime": 1663777764, "lastHighestBidTime": 1663716500, "lastSaleDate": "2022-09-21T13:49:19+00:00"}, "objectID": "c772b0f7-54c3-4c9a-b41f-a859bf5d6ee7"}, {"id": "06438148-4265-4f27-9107-68ab187f3b0d", "uuid": "06438148-4265-4f27-9107-68ab187f3b0d", "brand": "Nike", "colorway": "White/Pink Prime", "condition": "New", "description": "The women's Nike Dunk High Pink Prime (W) features a smooth white leather upper with Pink Prime overlays and Swooshes. From there, a woven Nike tongue label and matching sole complete the design.\n<br>\n<br>\nThe women's Nike Dunk High Pink Prime (W) releases in May of 2022 and retails for $115.", "media": {"smallImageUrl": "https://images.stockx.com/images/Nike-Dunk-High-Pink-Prime-W-Product.jpg?fit=fill&bg=FFFFFF&w=300&h=214&fm=webp&auto=compress&trim=color&q=90&dpr=2&updated_at=1641573308", "thumbUrl": "https://images.stockx.com/images/Nike-Dunk-High-Pink-Prime-W-Product.jpg?fit=fill&bg=FFFFFF&w=140&h=100&fm=webp&auto=compress&trim=color&q=90&dpr=2&updated_at=1641573308"}, "productCategory": "sneakers", "releaseDate": "2022-05-05", "retailPrice": 115, "shoe": "Nike Dunk High", "title": "Nike Dunk High Pink Prime (W)", "urlKey": "nike-dunk-high-pink-prime-w", "market": {"lowestAsk": 144, "salesThisPeriod": 54, "salesLastPeriod": 0, "highestBid": 165, "volatility": 0.100649, "deadstockSold": 11125, "pricePremium": 0.6, "averageDeadstockPrice": 160, "lastSale": 184, "changeValue": 48, "changePercentage": 0.352941, "lastLowestAskTime": 1663501111, "lastHighestBidTime": 1663246971, "lastSaleDate": "2022-09-20T20:55:58+00:00"}, "objectID": "06438148-4265-4f27-9107-68ab187f3b0d"}, {"id": "810b56b2-6c1e-47d6-b772-dea9e258366a", "uuid": "810b56b2-6c1e-47d6-b772-dea9e258366a", "brand": "Nike", "colorway": "White/White-White", "condition": "New", "description": "Everything is white in the monochromatic Nike Dunk Low Triple White 2021 (W).\n<br>\n<br>\nThe women's Nike Dunk Low Triple White 2021 (W) features leather uppers, supple leathers making up the side paneling, and a breathable mesh is used for the tongue. Touches of black are served on the Nike branding atop the tongue and insoles, with everything else clad in a crisp white hue. The midsole and treading below also add to its appeal, with everything served up with colorless finishes.\u00a0\n<br>\n<br>\nThe women's Nike Dunk Low Triple White 2021 (W) was released in August 2021 and retailed for $100.", "media": {"smallImageUrl": "https://images.stockx.com/images/Nike-Dunk-Low-Triple-White-2021-W-Product.jpg?fit=fill&bg=FFFFFF&w=300&h=214&fm=webp&auto=compress&trim=color&q=90&dpr=2&updated_at=1631303124", "thumbUrl": "https://images.stockx.com/images/Nike-Dunk-Low-Triple-White-2021-W-Product.jpg?fit=fill&bg=FFFFFF&w=140&h=100&fm=webp&auto=compress&trim=color&q=90&dpr=2&updated_at=1631303124"}, "productCategory": "sneakers", "releaseDate": "2021-08-18", "retailPrice": 100, "shoe": "Nike Dunk Low", "title": "Nike Dunk Low Triple White (2021) (W)", "urlKey": "nike-dunk-low-triple-white-2021-w", "market": {"lowestAsk": 113, "salesThisPeriod": 54, "salesLastPeriod": 0, "highestBid": 150, "volatility": 0.083088, "deadstockSold": 9907, "pricePremium": 0.46, "averageDeadstockPrice": 133, "lastSale": 146, "changeValue": 0, "changePercentage": -0.002303, "lastLowestAskTime": 1663787379, "lastHighestBidTime": 1663685691, "lastSaleDate": "2022-09-21T17:25:22+00:00"}, "objectID": "810b56b2-6c1e-47d6-b772-dea9e258366a"}, {"id": "2de7583b-3525-4f63-a4b1-5bc78c175bcb", "uuid": "2de7583b-3525-4f63-a4b1-5bc78c175bcb", "brand": "Nike", "colorway": "University Gold/Court Purple/White", "condition": "New", "description": "", "media": {"smallImageUrl": "https://images.stockx.com/images/Nike-Dunk-High-Lakers.jpg?fit=fill&bg=FFFFFF&w=300&h=214&fm=webp&auto=compress&trim=color&q=90&dpr=2&updated_at=1660799213", "thumbUrl": "https://images.stockx.com/images/Nike-Dunk-High-Lakers.jpg?fit=fill&bg=FFFFFF&w=140&h=100&fm=webp&auto=compress&trim=color&q=90&dpr=2&updated_at=1660799213"}, "productCategory": "sneakers", "releaseDate": "2022-08-16", "retailPrice": 110, "shoe": "Nike Dunk High", "title": "Nike Dunk High Lakers", "urlKey": "nike-dunk-high-lakers", "market": {"lowestAsk": 119, "salesThisPeriod": 54, "salesLastPeriod": 0, "highestBid": 150, "volatility": 0.045558, "deadstockSold": 514, "pricePremium": 0.182, "averageDeadstockPrice": 140, "lastSale": 130, "changeValue": 5, "changePercentage": 0.04, "lastLowestAskTime": 1663768536, "lastHighestBidTime": 1661708048, "lastSaleDate": "2022-09-21T13:07:29+00:00"}, "objectID": "2de7583b-3525-4f63-a4b1-5bc78c175bcb"}, {"id": "a9532713-0d0b-4a92-9f02-8c8217297a6c", "uuid": "a9532713-0d0b-4a92-9f02-8c8217297a6c", "brand": "Nike", "colorway": "Valor Blue/Team Maroon/White/Gum", "condition": "New", "description": "Paying homage to the Philadelphia Phillies, the Nike SB Dunk Low Philadelphia Phillies, boasts a Valor blue Durabuck and suede upper, Team Maroon Swooshes, and woven tongue labels with graphics depicting two Philly staples: the Liberty Bell and a Philly cheese steak sandwich. From there, a white and gum brown Nike Zoom sole completes the design.\n<br>\n<br>\nThe Nike SB Dunk Low Philadelphia Phillies released in July of 2022 and retailed for $115.", "media": {"smallImageUrl": "https://images.stockx.com/images/Nike-SB-Dunk-Low-Valour-Blue-Team-Maroon-Product.jpg?fit=fill&bg=FFFFFF&w=300&h=214&fm=webp&auto=compress&trim=color&q=90&dpr=2&updated_at=1654859404", "thumbUrl": "https://images.stockx.com/images/Nike-SB-Dunk-Low-Valour-Blue-Team-Maroon-Product.jpg?fit=fill&bg=FFFFFF&w=140&h=100&fm=webp&auto=compress&trim=color&q=90&dpr=2&updated_at=1654859404"}, "productCategory": "sneakers", "releaseDate": "2022-07-26", "retailPrice": 115, "shoe": "Nike SB Dunk Low", "title": "Nike SB Dunk Low Philadelphia Phillies", "urlKey": "nike-sb-dunk-low-valour-blue-team-maroon", "market": {"lowestAsk": 196, "salesThisPeriod": 53, "salesLastPeriod": 0, "highestBid": 305, "volatility": 0.141492, "deadstockSold": 6532, "pricePremium": 0.974, "averageDeadstockPrice": 221, "lastSale": 227, "changeValue": 0, "changePercentage": 0, "lastLowestAskTime": 1663263163, "lastHighestBidTime": 1663382286, "lastSaleDate": "2022-09-17T01:14:35+00:00"}, "objectID": "a9532713-0d0b-4a92-9f02-8c8217297a6c"}, {"id": "d8e4af3f-7451-4db4-bf8e-d90ac76d2860", "uuid": "d8e4af3f-7451-4db4-bf8e-d90ac76d2860", "brand": "Nike", "colorway": "White/Orange-White", "condition": "New", "description": "As part of the 2022 Nike Dunk Low Paisley Pack, the Nike Dunk Low Paisley Pack Orange features a white leather upper with orange leather overlays and paisley textile Swooshes. From there, a paisley heel tab, woven Nike tongue label, and matching Air sole complete the design.\n<br>\n<br>\nThe Nike Dunk Low Paisley Pack Orange released in May of 2022 and retailed for $120.", "media": {"smallImageUrl": "https://images.stockx.com/images/Nike-Dunk-Low-Essential-Paisley-Pack-Orange-Product.jpg?fit=fill&bg=FFFFFF&w=300&h=214&fm=webp&auto=compress&trim=color&q=90&dpr=2&updated_at=1651513357", "thumbUrl": "https://images.stockx.com/images/Nike-Dunk-Low-Essential-Paisley-Pack-Orange-Product.jpg?fit=fill&bg=FFFFFF&w=140&h=100&fm=webp&auto=compress&trim=color&q=90&dpr=2&updated_at=1651513357"}, "productCategory": "sneakers", "releaseDate": "2022-05-01", "retailPrice": 120, "shoe": "Nike Dunk Low Essential", "title": "Nike Dunk Low Essential Paisley Pack Orange (W)", "urlKey": "nike-dunk-low-essential-paisley-pack-orange", "market": {"lowestAsk": 125, "salesThisPeriod": 52, "salesLastPeriod": 0, "highestBid": 265, "volatility": 0.309143, "deadstockSold": 5759, "pricePremium": 0.279, "averageDeadstockPrice": 182, "lastSale": 153, "changeValue": 20, "changePercentage": 0.145359, "lastLowestAskTime": 1663748125, "lastHighestBidTime": 1661278254, "lastSaleDate": "2022-09-21T07:11:13+00:00"}, "objectID": "d8e4af3f-7451-4db4-bf8e-d90ac76d2860"}, {"id": "99761f06-6f2d-455c-99cb-1ee03c25a879", "uuid": "99761f06-6f2d-455c-99cb-1ee03c25a879", "brand": "Nike", "colorway": "Pink/Pink", "condition": "New", "description": "Since its first release, the Nike Dunk Low Triple Pink (Preschool)\u00a0remains one of the high-selling variants of the Nike Dunk Low series.\n<br>\n<br>\nThe upper of Nike Dunk Low Triple Pink (Preschool) is constructed with white-based leather featuring pink overlays of synthetic leather made from recycled polyester material. The toe box is made of white perforated leather. Its pull tab, which is embroidered with the symbol of \"NIKE,\" is also constructed using pink synthetic leather. The midsole and outsole of the Nike Dunk Low Triple Pink (Preschool) are made of pink and white rubber.\n<br>\n<br>\nNike Dunk Low Triple Pink (Preschool) was first released on September 13, 2022, at a price of $85.", "media": {"smallImageUrl": "https://images.stockx.com/images/Nike-Dunk-Low-Triple-Pink-PS-Product.jpg?fit=fill&bg=FFFFFF&w=300&h=214&fm=webp&auto=compress&trim=color&q=90&dpr=2&updated_at=1661784100", "thumbUrl": "https://images.stockx.com/images/Nike-Dunk-Low-Triple-Pink-PS-Product.jpg?fit=fill&bg=FFFFFF&w=140&h=100&fm=webp&auto=compress&trim=color&q=90&dpr=2&updated_at=1661784100"}, "productCategory": "sneakers", "releaseDate": "", "retailPrice": 65, "shoe": "Nike Dunk Low", "title": "Nike Dunk Low Triple Pink (PS)", "urlKey": "nike-dunk-low-triple-pink-ps", "market": {"lowestAsk": 81, "salesThisPeriod": 52, "salesLastPeriod": 0, "highestBid": 85, "volatility": 0.044764, "deadstockSold": 2291, "pricePremium": 0.338, "averageDeadstockPrice": 95, "lastSale": 87, "changeValue": 2, "changePercentage": 0.023529, "lastLowestAskTime": 1663660801, "lastHighestBidTime": 1663455224, "lastSaleDate": "2022-09-21T22:57:26+00:00"}, "objectID": "99761f06-6f2d-455c-99cb-1ee03c25a879"}, {"id": "5e0dcac0-49eb-48a6-b9fe-da199ee50574", "uuid": "5e0dcac0-49eb-48a6-b9fe-da199ee50574", "brand": "Nike", "colorway": "Pure Platinum/White-Wolf Grey", "condition": "New", "description": "Nike Sportswear added to their Dunk Low lineup with this Nike Dunk Low Two Toned Grey with grade school sizing (GS) colorway, arriving in a mix of gray tones. The Nike Dunk Low Two Toned Grey (GS) comes constructed in a full leather build featuring light and dark shades of gray. The clean two-toned Grey colorway sees the slightly darker shade of neutral overlaying the base layer, while the white Swoosh logo, laces, and midsole complete the two-tone look. A gray rubber outsole completes the design. \n<br>\n<br>\nThe Nike Dunk Low Two Toned Grey (GS) was released in March of 2022 at a retail price of $85.", "media": {"smallImageUrl": "https://images.stockx.com/images/Nike-Dunk-Low-Two-Toned-Grey-GS-Product.jpg?fit=fill&bg=FFFFFF&w=300&h=214&fm=webp&auto=compress&trim=color&q=90&dpr=2&updated_at=1649690607", "thumbUrl": "https://images.stockx.com/images/Nike-Dunk-Low-Two-Toned-Grey-GS-Product.jpg?fit=fill&bg=FFFFFF&w=140&h=100&fm=webp&auto=compress&trim=color&q=90&dpr=2&updated_at=1649690607"}, "productCategory": "sneakers", "releaseDate": "2022-03-01", "retailPrice": 85, "shoe": "Nike Dunk Low", "title": "Nike Dunk Low Two-Toned Grey (GS)", "urlKey": "nike-dunk-low-two-toned-grey-gs", "market": {"lowestAsk": 118, "salesThisPeriod": 51, "salesLastPeriod": 0, "highestBid": 153, "volatility": 0.073843, "deadstockSold": 12764, "pricePremium": 0.812, "averageDeadstockPrice": 140, "lastSale": 154, "changeValue": 24, "changePercentage": 0.184615, "lastLowestAskTime": 1663471073, "lastHighestBidTime": 1663517849, "lastSaleDate": "2022-09-19T04:01:36+00:00"}, "objectID": "5e0dcac0-49eb-48a6-b9fe-da199ee50574"}, {"id": "e358ceff-9838-4700-b293-171b0bccab20", "uuid": "e358ceff-9838-4700-b293-171b0bccab20", "brand": "Nike", "colorway": "White/University Red", "condition": "New", "description": "Similar to classic Dunks from the mid-1980's, the Nike Dunk High Championship White Red carries a more traditional look with a two-tone color blocked leather upper. At the base, a matching Air sole completes the design.\n<br>\n<br>\nThe Nike Dunk High Championship White Red released in May of 2022 and retailed for $115.", "media": {"smallImageUrl": "https://images.stockx.com/images/Nike-Dunk-High-University-Red-Product.jpg?fit=fill&bg=FFFFFF&w=300&h=214&fm=webp&auto=compress&trim=color&q=90&dpr=2&updated_at=1645116295", "thumbUrl": "https://images.stockx.com/images/Nike-Dunk-High-University-Red-Product.jpg?fit=fill&bg=FFFFFF&w=140&h=100&fm=webp&auto=compress&trim=color&q=90&dpr=2&updated_at=1645116295"}, "productCategory": "sneakers", "releaseDate": "2022-05-17", "retailPrice": 115, "shoe": "Nike Dunk High", "title": "Nike Dunk High Championship White Red", "urlKey": "nike-dunk-high-university-red", "market": {"lowestAsk": 121, "salesThisPeriod": 51, "salesLastPeriod": 0, "highestBid": 135, "volatility": 0.05963, "deadstockSold": 9705, "pricePremium": 0.27, "averageDeadstockPrice": 151, "lastSale": 146, "changeValue": 17, "changePercentage": 0.131782, "lastLowestAskTime": 1663752782, "lastHighestBidTime": 1663688153, "lastSaleDate": "2022-09-21T21:12:13+00:00"}, "objectID": "e358ceff-9838-4700-b293-171b0bccab20"}, {"id": "1e37ccad-fff9-429f-9752-25033b16a5ee", "uuid": "1e37ccad-fff9-429f-9752-25033b16a5ee", "brand": "Nike", "colorway": "Sail/Starfish-Black", "condition": "New", "description": "The Nike Dunk Low PRM Halloween features a Sail leather upper with black overlays and orange Swooshes. On the black overlays, subtle graphics of eyes from creatures of the night are painted that can glow in the dark. A glow-in-the-dark outsole and woven tongue tag complete this Halloween design.\n<br>\n<br>\nThe Nike Dunk Low PRM Halloween released in October of 2021 and retailed for $110.", "media": {"smallImageUrl": "https://images.stockx.com/images/Nike-Dunk-Low-PRM-Halloween-2021-Product.jpg?fit=fill&bg=FFFFFF&w=300&h=214&fm=webp&auto=compress&trim=color&q=90&dpr=2&updated_at=1635781868", "thumbUrl": "https://images.stockx.com/images/Nike-Dunk-Low-PRM-Halloween-2021-Product.jpg?fit=fill&bg=FFFFFF&w=140&h=100&fm=webp&auto=compress&trim=color&q=90&dpr=2&updated_at=1635781868"}, "productCategory": "sneakers", "releaseDate": "2022-04-01", "retailPrice": 110, "shoe": "Nike Dunk Low PRM", "title": "Nike Dunk Low PRM Halloween (2021)", "urlKey": "nike-dunk-low-prm-halloween-2021", "market": {"lowestAsk": 190, "salesThisPeriod": 50, "salesLastPeriod": 0, "highestBid": 241, "volatility": 0.113423, "deadstockSold": 14113, "pricePremium": 0.736, "averageDeadstockPrice": 223, "lastSale": 191, "changeValue": -29, "changePercentage": -0.131818, "lastLowestAskTime": 1663789093, "lastHighestBidTime": 1663800882, "lastSaleDate": "2022-09-21T23:37:52+00:00"}, "objectID": "1e37ccad-fff9-429f-9752-25033b16a5ee"}, {"id": "68231983-357a-4430-808a-8b795e8af9f4", "uuid": "68231983-357a-4430-808a-8b795e8af9f4", "brand": "Nike", "colorway": "Pure Platinum/White-Wolf Grey", "condition": "New", "description": "", "media": {"smallImageUrl": "https://images.stockx.com/images/Nike-Dunk-Low-Wolf-Grey-Pure-Platinum.jpg?fit=fill&bg=FFFFFF&w=300&h=214&fm=webp&auto=compress&trim=color&q=90&dpr=2&updated_at=1660248390", "thumbUrl": "https://images.stockx.com/images/Nike-Dunk-Low-Wolf-Grey-Pure-Platinum.jpg?fit=fill&bg=FFFFFF&w=140&h=100&fm=webp&auto=compress&trim=color&q=90&dpr=2&updated_at=1660248390"}, "productCategory": "sneakers", "releaseDate": "2022-09-23", "retailPrice": 160, "shoe": "Nike Dunk Low", "title": "Nike Dunk Low Wolf Grey Pure Platinum", "urlKey": "nike-dunk-low-wolf-grey-pure-platinum", "market": {"lowestAsk": 173, "salesThisPeriod": 49, "salesLastPeriod": 0, "highestBid": 210, "volatility": 0.084742, "deadstockSold": 402, "pricePremium": 0.263, "averageDeadstockPrice": 187, "lastSale": 202, "changeValue": 10, "changePercentage": 0.052083, "lastLowestAskTime": 1663682117, "lastHighestBidTime": 1663776754, "lastSaleDate": "2022-09-21T18:01:22+00:00"}, "objectID": "68231983-357a-4430-808a-8b795e8af9f4"}, {"id": "1e4be5b4-cbc4-4245-b4bc-14ab87286019", "uuid": "1e4be5b4-cbc4-4245-b4bc-14ab87286019", "brand": "Nike", "colorway": "Sail/Lapis/Off Noir/Neptune Green", "condition": "New", "description": "", "media": {"smallImageUrl": "https://images.stockx.com/images/Nike-Dunk-Low-SE-85-Neptune-Green-Product.jpg?fit=fill&bg=FFFFFF&w=300&h=214&fm=webp&auto=compress&trim=color&q=90&dpr=2&updated_at=1660143666", "thumbUrl": "https://images.stockx.com/images/Nike-Dunk-Low-SE-85-Neptune-Green-Product.jpg?fit=fill&bg=FFFFFF&w=140&h=100&fm=webp&auto=compress&trim=color&q=90&dpr=2&updated_at=1660143666"}, "productCategory": "sneakers", "releaseDate": "", "retailPrice": 100, "shoe": "Nike Dunk Low SE 85", "title": "Nike Dunk Low SE 85 Neptune Green (W)", "urlKey": "nike-dunk-low-se-85-neptune-green", "market": {"lowestAsk": 131, "salesThisPeriod": 48, "salesLastPeriod": 0, "highestBid": 185, "volatility": 0.085072, "deadstockSold": 1100, "pricePremium": 0.3, "averageDeadstockPrice": 152, "lastSale": 130, "changeValue": -37, "changePercentage": -0.221557, "lastLowestAskTime": 1663611242, "lastHighestBidTime": 1663252591, "lastSaleDate": "2022-09-20T14:20:07+00:00"}, "objectID": "1e4be5b4-cbc4-4245-b4bc-14ab87286019"}, {"id": "a5dff77e-9d87-4c19-bd48-e7fed3e9de25", "uuid": "a5dff77e-9d87-4c19-bd48-e7fed3e9de25", "brand": "Nike", "colorway": "Black/Pure Platinum-White", "condition": "New", "description": "", "media": {"smallImageUrl": "https://images.stockx.com/images/Nike-Dunk-Low-Disrupt-2-Panda-W-Product.jpg?fit=fill&bg=FFFFFF&w=300&h=214&fm=webp&auto=compress&trim=color&q=90&dpr=2&updated_at=1661437298", "thumbUrl": "https://images.stockx.com/images/Nike-Dunk-Low-Disrupt-2-Panda-W-Product.jpg?fit=fill&bg=FFFFFF&w=140&h=100&fm=webp&auto=compress&trim=color&q=90&dpr=2&updated_at=1661437298"}, "productCategory": "sneakers", "releaseDate": "", "retailPrice": 120, "shoe": "Nike Dunk Low Disrupt 2", "title": "Nike Dunk Low Disrupt 2 Panda (W)", "urlKey": "nike-dunk-low-disrupt-2-panda-w", "market": {"lowestAsk": 126, "salesThisPeriod": 47, "salesLastPeriod": 0, "highestBid": 135, "volatility": 0.136237, "deadstockSold": 797, "pricePremium": 0.325, "averageDeadstockPrice": 160, "lastSale": 159, "changeValue": -20, "changePercentage": -0.112808, "lastLowestAskTime": 1663512810, "lastHighestBidTime": 1663525164, "lastSaleDate": "2022-09-21T19:40:19+00:00"}, "objectID": "a5dff77e-9d87-4c19-bd48-e7fed3e9de25"}, {"id": "0d6972be-05c6-49f2-9068-1738b3dadec8", "uuid": "0d6972be-05c6-49f2-9068-1738b3dadec8", "brand": "Nike", "colorway": "Phantom/Fossil Rose-Aura-Summit White", "condition": "New", "description": "The Nike Dunk Low Fossil Rose features a Fossil grey premium suede upper with Rose suede Swooshes and heel wraps. A woven Nike tongue label and contrasting white and rose Air sole add the finishing touch.\n<br>\n<br>\nThe Nike Dunk Low Fossil Rose released in May of 2022 and retailed for $110.", "media": {"smallImageUrl": "https://images.stockx.com/images/Nike-Dunk-Low-Fossil-Rose-Product.jpg?fit=fill&bg=FFFFFF&w=300&h=214&fm=webp&auto=compress&trim=color&q=90&dpr=2&updated_at=1649428473", "thumbUrl": "https://images.stockx.com/images/Nike-Dunk-Low-Fossil-Rose-Product.jpg?fit=fill&bg=FFFFFF&w=140&h=100&fm=webp&auto=compress&trim=color&q=90&dpr=2&updated_at=1649428473"}, "productCategory": "sneakers", "releaseDate": "2022-05-04", "retailPrice": 110, "shoe": "Nike Dunk Low", "title": "Nike Dunk Low Fossil Rose", "urlKey": "nike-dunk-low-fossil-rose", "market": {"lowestAsk": 141, "salesThisPeriod": 46, "salesLastPeriod": 0, "highestBid": 171, "volatility": 0.078728, "deadstockSold": 9241, "pricePremium": 0.627, "averageDeadstockPrice": 184, "lastSale": 179, "changeValue": -22, "changePercentage": -0.109453, "lastLowestAskTime": 1663763260, "lastHighestBidTime": 1663678492, "lastSaleDate": "2022-09-21T23:15:48+00:00"}, "objectID": "0d6972be-05c6-49f2-9068-1738b3dadec8"}, {"id": "48ca6f89-f4d2-45e0-ae0e-b2efa5c95de1", "uuid": "48ca6f89-f4d2-45e0-ae0e-b2efa5c95de1", "brand": "Nike", "colorway": "Green/Metallic Gold-White-Light Gum", "condition": "New", "description": "The Nike SB Dunk Low St. Patrick's Day 2022 features a green suede upper with metallic gold Swooshes and white four leaf clover embroideries at the heel. A stuffed tongue achieves SB's signature Dunk styling. From there, a white Zoom Air cushioned midsole and a gum outsole add the finishing touch.\n<br>\n<br>\nThe Nike SB Dunk Low St. Patrick's Day 2022 released in March of 2022 and retailed for $110.", "media": {"smallImageUrl": "https://images.stockx.com/images/Nike-SB-Dunk-Low-Pro-St-Patricks-Day-2022-Product.jpg?fit=fill&bg=FFFFFF&w=300&h=214&fm=webp&auto=compress&trim=color&q=90&dpr=2&updated_at=1653401220", "thumbUrl": "https://images.stockx.com/images/Nike-SB-Dunk-Low-Pro-St-Patricks-Day-2022-Product.jpg?fit=fill&bg=FFFFFF&w=140&h=100&fm=webp&auto=compress&trim=color&q=90&dpr=2&updated_at=1653401220"}, "productCategory": "sneakers", "releaseDate": "2022-03-05", "retailPrice": 110, "shoe": "Nike SB Dunk Low Pro", "title": "Nike SB Dunk Low Pro St. Patrick's Day (2022)", "urlKey": "nike-sb-dunk-low-pro-st-patricks-day-2022", "market": {"lowestAsk": 150, "salesThisPeriod": 43, "salesLastPeriod": 0, "highestBid": 240, "volatility": 0.09388, "deadstockSold": 5148, "pricePremium": 0.598, "averageDeadstockPrice": 206, "lastSale": 176, "changeValue": 19, "changePercentage": 0.114372, "lastLowestAskTime": 1663772181, "lastHighestBidTime": 1662888538, "lastSaleDate": "2022-09-21T16:16:21+00:00"}, "objectID": "48ca6f89-f4d2-45e0-ae0e-b2efa5c95de1"}, {"id": "a9333b9b-20f0-416b-a6ca-04803d8006b1", "uuid": "a9333b9b-20f0-416b-a6ca-04803d8006b1", "brand": "Nike", "colorway": "Light Blue/Argon/White", "condition": "New", "description": "Commemorating Chris Gibbs' rarest Dunk pick-ups from his travels to Japan in the early 2000s, the Nike Dunk Low Union LA Passport Pack Argon takes cues from the 2001 Nike Dunk Low CO.JP Argon. It arrives with a tonal blue smooth leather construction that is wrapped in a tear-away, semi-translucent ripstop nylon covering. From there, a Union LA Frontman logo on the heel and \"UN|LA\" quarter panel tabs add the finishing touch.\n<br>\n<br>\nThe Nike Dunk Low Union LA Passport Pack Argon released in April of 2022 and retailed for $150.", "media": {"smallImageUrl": "https://images.stockx.com/images/Nike-Dunk-Low-Union-Blue-Product.jpg?fit=fill&bg=FFFFFF&w=300&h=214&fm=webp&auto=compress&trim=color&q=90&dpr=2&updated_at=1641505075", "thumbUrl": "https://images.stockx.com/images/Nike-Dunk-Low-Union-Blue-Product.jpg?fit=fill&bg=FFFFFF&w=140&h=100&fm=webp&auto=compress&trim=color&q=90&dpr=2&updated_at=1641505075"}, "productCategory": "sneakers", "releaseDate": "2022-04-02", "retailPrice": 150, "shoe": "Nike Dunk Low", "title": "Nike Dunk Low Union Passport Pack Argon", "urlKey": "nike-dunk-low-union-argon", "market": {"lowestAsk": 214, "salesThisPeriod": 42, "salesLastPeriod": 0, "highestBid": 325, "volatility": 0.120615, "deadstockSold": 8914, "pricePremium": 0.96, "averageDeadstockPrice": 325, "lastSale": 294, "changeValue": -37, "changePercentage": -0.111782, "lastLowestAskTime": 1663596414, "lastHighestBidTime": 1663716809, "lastSaleDate": "2022-09-20T20:49:25+00:00"}, "objectID": "a9333b9b-20f0-416b-a6ca-04803d8006b1"}, {"id": "29959197-95be-429c-a30c-47190cfa4323", "uuid": "29959197-95be-429c-a30c-47190cfa4323", "brand": "Nike", "colorway": "Brown/Muli-Color-White-Gum", "condition": "New", "description": "The Nike SB Dunk Low Pro Paisley Brown features a brown, green, and red paisley-patterned textile upper with matching leather overlays and contrasting Swooshes. Nike SB woven tongue tags and white heel embroideries add further detailing. At the base, a white Zoom sole with a gum outsole completes the design.\n<br>\n<br>\nThe Nike SB Dunk Low Pro Paisley Brown releases in May of 2022 and retails for $130.", "media": {"smallImageUrl": "https://images.stockx.com/images/Nike-SB-Dunk-Low-Pro-Paisley-Brown-Product.jpg?fit=fill&bg=FFFFFF&w=300&h=214&fm=webp&auto=compress&trim=color&q=90&dpr=2&updated_at=1649082481", "thumbUrl": "https://images.stockx.com/images/Nike-SB-Dunk-Low-Pro-Paisley-Brown-Product.jpg?fit=fill&bg=FFFFFF&w=140&h=100&fm=webp&auto=compress&trim=color&q=90&dpr=2&updated_at=1649082481"}, "productCategory": "sneakers", "releaseDate": "2022-05-01", "retailPrice": 130, "shoe": "Nike SB Dunk Low Pro", "title": "Nike SB Dunk Low Pro Paisley Brown", "urlKey": "nike-sb-dunk-low-pro-paisley-brown", "market": {"lowestAsk": 160, "salesThisPeriod": 42, "salesLastPeriod": 0, "highestBid": 225, "volatility": 0.191022, "deadstockSold": 6181, "pricePremium": 0.222, "averageDeadstockPrice": 220, "lastSale": 159, "changeValue": -61, "changePercentage": -0.279279, "lastLowestAskTime": 1663699416, "lastHighestBidTime": 1663698239, "lastSaleDate": "2022-09-21T22:53:12+00:00"}, "objectID": "29959197-95be-429c-a30c-47190cfa4323"}, {"id": "c660234d-bdda-4ab1-928c-9166f77b71df", "uuid": "c660234d-bdda-4ab1-928c-9166f77b71df", "brand": "Nike", "colorway": "Sail/Wheat Grass/Orange/Sanded Gold", "condition": "New", "description": "The Nike Dunk Low Sun Club Wheat Grass Orange features an off-white textile upper with light orange leather overlays a stylized Swoosh that depicts an ocean wave. At the collar, hits of Wheat Grass add subtle contrast. From there, a woven tongue label and matching Air Sole add the finishing touch.\n<br>\n<br>\nThe Nike Dunk Low Sun Club Wheat Grass Orange released in May of 2022 and retailed for $100.", "media": {"smallImageUrl": "https://images.stockx.com/images/Nike-Dunk-Low-Retro-Sun-Club-Wheat-Grass-Orange-Product.jpg?fit=fill&bg=FFFFFF&w=300&h=214&fm=webp&auto=compress&trim=color&q=90&dpr=2&updated_at=1651610594", "thumbUrl": "https://images.stockx.com/images/Nike-Dunk-Low-Retro-Sun-Club-Wheat-Grass-Orange-Product.jpg?fit=fill&bg=FFFFFF&w=140&h=100&fm=webp&auto=compress&trim=color&q=90&dpr=2&updated_at=1651610594"}, "productCategory": "sneakers", "releaseDate": "2022-05-01", "retailPrice": 100, "shoe": "Nike Dunk Low Retro", "title": "Nike Dunk Low Retro Sun Club Wheat Grass Orange", "urlKey": "nike-dunk-low-retro-sun-club-wheat-grass-orange", "market": {"lowestAsk": 119, "salesThisPeriod": 42, "salesLastPeriod": 0, "highestBid": 195, "volatility": 0.179174, "deadstockSold": 5198, "pricePremium": 0.23, "averageDeadstockPrice": 159, "lastSale": 123, "changeValue": -11, "changePercentage": -0.086724, "lastLowestAskTime": 1663701929, "lastHighestBidTime": 1663632333, "lastSaleDate": "2022-09-21T10:06:42+00:00"}, "objectID": "c660234d-bdda-4ab1-928c-9166f77b71df"}, {"id": "545c47a1-fa54-48a8-9725-81ecca33fc25", "uuid": "545c47a1-fa54-48a8-9725-81ecca33fc25", "brand": "Nike", "colorway": "Black/Black-Summit White-Red Orbit", "condition": "New", "description": "The Nike Dunk Low Graffiti Pink features mismatched\u00a0right and left shoes, each with a canvas upper with a perforated toebox and a mottled pattern of pink, purple, green, black, and red.\n<br>\n<br>\nThe toe cap, eyestays, forefoot, and collar overlay of the same mottled canvas with frayed edging. The leather swoosh, laces, sock lining, and tongue tag with red Nike and swoosh are all black. There is also black Nike branding on one mostly green and one mostly purple heel tab. The insole is black with a white Nike and swoosh superimposed over a white \"Pink.\" The midsole is white and the outsole is black.\u00a0\u00a0\n<br>\n<br>\nThe Nike Dunk Low Graffiti Pink was released on May 1, 2022 for $110 retail.", "media": {"smallImageUrl": "https://images.stockx.com/images/Nike-Dunk-Low-Graffiti-Product.jpg?fit=fill&bg=FFFFFF&w=300&h=214&fm=webp&auto=compress&trim=color&q=90&dpr=2&updated_at=1653401025", "thumbUrl": "https://images.stockx.com/images/Nike-Dunk-Low-Graffiti-Product.jpg?fit=fill&bg=FFFFFF&w=140&h=100&fm=webp&auto=compress&trim=color&q=90&dpr=2&updated_at=1653401025"}, "productCategory": "sneakers", "releaseDate": "2022-05-01", "retailPrice": 110, "shoe": "Nike Dunk Low", "title": "Nike Dunk Low Graffiti Pink", "urlKey": "nike-dunk-low-graffiti", "market": {"lowestAsk": 102, "salesThisPeriod": 42, "salesLastPeriod": 0, "highestBid": 185, "volatility": 0.225926, "deadstockSold": 3359, "pricePremium": 0.173, "averageDeadstockPrice": 126, "lastSale": 129, "changeValue": 26, "changePercentage": 0.252427, "lastLowestAskTime": 1663800800, "lastHighestBidTime": 1662809232, "lastSaleDate": "2022-09-21T22:51:18+00:00"}, "objectID": "545c47a1-fa54-48a8-9725-81ecca33fc25"}, {"id": "2af4f7ac-ed7c-4010-98af-59a2fb50f9aa", "uuid": "2af4f7ac-ed7c-4010-98af-59a2fb50f9aa", "brand": "Nike", "colorway": "Cool Grey/Medium Grey/White", "condition": "New", "description": "The Nike Dunk Low Two Tone Grey arrives with a light grey leather upper with darker tonal overlays and white Swooshes. A nylon tongue with a woven Nike label offers flexibility and comfort. At the base, a white and grey Air sole completes the design.\n<br>\n<br>\nThe Nike Dunk Low Two Tone Grey released in 2022 and retailed for $100.", "media": {"smallImageUrl": "https://images.stockx.com/images/Nike-Dunk-Low-Two-Tone-Grey-Product.jpg?fit=fill&bg=FFFFFF&w=300&h=214&fm=webp&auto=compress&trim=color&q=90&dpr=2&updated_at=1646168372", "thumbUrl": "https://images.stockx.com/images/Nike-Dunk-Low-Two-Tone-Grey-Product.jpg?fit=fill&bg=FFFFFF&w=140&h=100&fm=webp&auto=compress&trim=color&q=90&dpr=2&updated_at=1646168372"}, "productCategory": "sneakers", "releaseDate": "2022-03-01", "retailPrice": 100, "shoe": "Nike Dunk Low", "title": "Nike Dunk Low Two Tone Grey", "urlKey": "nike-dunk-low-two-tone-grey", "market": {"lowestAsk": 200, "salesThisPeriod": 41, "salesLastPeriod": 0, "highestBid": 245, "volatility": 0.149788, "deadstockSold": 11350, "pricePremium": 1.08, "averageDeadstockPrice": 207, "lastSale": 208, "changeValue": -1, "changePercentage": -0.004785, "lastLowestAskTime": 1663789057, "lastHighestBidTime": 1663495691, "lastSaleDate": "2022-09-21T19:00:45+00:00"}, "objectID": "2af4f7ac-ed7c-4010-98af-59a2fb50f9aa"}, {"id": "76dda00a-bd8d-4c2d-b8e9-ce06a92f426e", "uuid": "76dda00a-bd8d-4c2d-b8e9-ce06a92f426e", "brand": "Nike", "colorway": "Grey/White/Teal", "condition": "New", "description": "The Nike Dunk Low LE Barbershop Grey features a light grey suede upper with beige patterned collar overlays and a white textile Swoosh. Red and blue striped detailing along the overlays and heels nod to classic Barbershop poles. At the base, a white and light blue Air sole completes the design.\n<br>\n<br>\nThe Nike Dunk Low LE Barbershop Grey released in 2022 and retailed for $110.", "media": {"smallImageUrl": "https://images.stockx.com/images/Nike-Dunk-Low-Barbershop-Grey-Product.jpg?fit=fill&bg=FFFFFF&w=300&h=214&fm=webp&auto=compress&trim=color&q=90&dpr=2&updated_at=1651610541", "thumbUrl": "https://images.stockx.com/images/Nike-Dunk-Low-Barbershop-Grey-Product.jpg?fit=fill&bg=FFFFFF&w=140&h=100&fm=webp&auto=compress&trim=color&q=90&dpr=2&updated_at=1651610541"}, "productCategory": "sneakers", "releaseDate": "2022-05-01", "retailPrice": 110, "shoe": "Nike Dunk Low SE", "title": "Nike Dunk Low SE Barber Shop Grey", "urlKey": "nike-dunk-low-barbershop-grey", "market": {"lowestAsk": 111, "salesThisPeriod": 41, "salesLastPeriod": 0, "highestBid": 180, "volatility": 0.159145, "deadstockSold": 7144, "pricePremium": 0.218, "averageDeadstockPrice": 145, "lastSale": 134, "changeValue": -12, "changePercentage": -0.086315, "lastLowestAskTime": 1663802152, "lastHighestBidTime": 1663089682, "lastSaleDate": "2022-09-21T23:03:06+00:00"}, "objectID": "76dda00a-bd8d-4c2d-b8e9-ce06a92f426e"}, {"id": "988d4692-904f-4987-af96-b7bf2fac2381", "uuid": "988d4692-904f-4987-af96-b7bf2fac2381", "brand": "Nike", "colorway": "Blue/Purple-Pink", "condition": "New", "description": "Arriving in a pastel palette similar to Easter Eggs, the women's Nike Dunk Low Easter features a light grey smooth leather upper with light purple overlays and faint pink Swooshes. A woven Nike tongue tag and embroidered heel tab adds a vintage look. From there, an off-white and purple foam sole completes the design.\n<br>\n<br>\nThe women's Nike Dunk Low Easter released in April of 2022 and retailed for $110.", "media": {"smallImageUrl": "https://images.stockx.com/images/Nike-Dunk-Low-Easter-2022-W-Product.jpg?fit=fill&bg=FFFFFF&w=300&h=214&fm=webp&auto=compress&trim=color&q=90&dpr=2&updated_at=1648741007", "thumbUrl": "https://images.stockx.com/images/Nike-Dunk-Low-Easter-2022-W-Product.jpg?fit=fill&bg=FFFFFF&w=140&h=100&fm=webp&auto=compress&trim=color&q=90&dpr=2&updated_at=1648741007"}, "productCategory": "sneakers", "releaseDate": "2022-04-17", "retailPrice": 110, "shoe": "Nike Dunk Low", "title": "Nike Dunk Low Easter 2022 (W)", "urlKey": "nike-dunk-low-easter-2022-w", "market": {"lowestAsk": 129, "salesThisPeriod": 41, "salesLastPeriod": 0, "highestBid": 135, "volatility": 0.089959, "deadstockSold": 4646, "pricePremium": 0.227, "averageDeadstockPrice": 142, "lastSale": 135, "changeValue": -17, "changePercentage": -0.117372, "lastLowestAskTime": 1663780018, "lastHighestBidTime": 1663513728, "lastSaleDate": "2022-09-21T21:38:07+00:00"}, "objectID": "988d4692-904f-4987-af96-b7bf2fac2381"}, {"id": "509cd60e-6174-4bcc-8fce-e01f08f0d33c", "uuid": "509cd60e-6174-4bcc-8fce-e01f08f0d33c", "brand": "Nike", "colorway": "Dark Grey Heather/Off Noir-Wolf Grey", "condition": "New", "description": "The Nike Dunk Low SE \u2018Copy/Paste\u2019 are made of gray mesh on the lower part of the upper, which features the Nike logo on the entire upper. The same motif is found on the shoe\u2019s insoles.\n<br>\n<br>\nMultiple shades of gray are used for the leather overlays, while the rubber outsole, inner lining, heel tabs, and Swooshes are decorated with black detailing. The Nike Dunk Low SE \u2018Copy/Paste\u2019 are finished with white detailing on the midsole, heel logo, tongue, and laces.\n<br>\n<br>\nThe Nike Dunk Low SE \u2018Copy/Paste were made available for $100 at the time of its debut on May 1, 2022.", "media": {"smallImageUrl": "https://images.stockx.com/images/Nike-Dunk-Low-Copy-Paste-Product.jpg?fit=fill&bg=FFFFFF&w=300&h=214&fm=webp&auto=compress&trim=color&q=90&dpr=2&updated_at=1652464034", "thumbUrl": "https://images.stockx.com/images/Nike-Dunk-Low-Copy-Paste-Product.jpg?fit=fill&bg=FFFFFF&w=140&h=100&fm=webp&auto=compress&trim=color&q=90&dpr=2&updated_at=1652464034"}, "productCategory": "sneakers", "releaseDate": "2022-05-01", "retailPrice": 100, "shoe": "Nike Dunk Low SE", "title": "Nike Dunk Low SE Copy Paste", "urlKey": "nike-dunk-low-copy-paste", "market": {"lowestAsk": 86, "salesThisPeriod": 41, "salesLastPeriod": 0, "highestBid": 107, "volatility": 0.143734, "deadstockSold": 1238, "pricePremium": -0.106, "averageDeadstockPrice": 118, "lastSale": 89, "changeValue": -10, "changePercentage": -0.106123, "lastLowestAskTime": 1663774201, "lastHighestBidTime": 1663354749, "lastSaleDate": "2022-09-21T15:34:55+00:00"}, "objectID": "509cd60e-6174-4bcc-8fce-e01f08f0d33c"}, {"id": "605872a4-1da8-44c9-9e5f-c6d9252e1e27", "uuid": "605872a4-1da8-44c9-9e5f-c6d9252e1e27", "brand": "Nike", "colorway": "Light Smoke Grey/Grey Fog-Sail-Pink Foam", "condition": "New", "description": "", "media": {"smallImageUrl": "https://images.stockx.com/images/Nike-Dunk-High-Premium-Certified-Fresh-Grey-Fog-Product.jpg?fit=fill&bg=FFFFFF&w=300&h=214&fm=webp&auto=compress&trim=color&q=90&dpr=2&updated_at=1662558827", "thumbUrl": "https://images.stockx.com/images/Nike-Dunk-High-Premium-Certified-Fresh-Grey-Fog-Product.jpg?fit=fill&bg=FFFFFF&w=140&h=100&fm=webp&auto=compress&trim=color&q=90&dpr=2&updated_at=1662558827"}, "productCategory": "sneakers", "releaseDate": "2022-08-30", "retailPrice": 135, "shoe": "Nike Dunk High Premium", "title": "Nike Dunk High Premium Certified Fresh Particle Grey", "urlKey": "nike-dunk-high-premium-certified-fresh-grey-fog", "market": {"lowestAsk": 107, "salesThisPeriod": 41, "salesLastPeriod": 0, "highestBid": 170, "volatility": 0.144105, "deadstockSold": 292, "pricePremium": -0.133, "averageDeadstockPrice": 152, "lastSale": 117, "changeValue": -3, "changePercentage": -0.025, "lastLowestAskTime": 1663799827, "lastHighestBidTime": 1662136560, "lastSaleDate": "2022-09-21T22:28:44+00:00"}, "objectID": "605872a4-1da8-44c9-9e5f-c6d9252e1e27"}, {"id": "25dec062-a8f3-4e76-bfc0-776fc74729f7", "uuid": "25dec062-a8f3-4e76-bfc0-776fc74729f7", "brand": "Nike", "colorway": "White/Grey Fog", "condition": "New", "description": "The Nike Dunk Low Grey Fog features a white leather upper with Grey Fog leather overlays and Swooshes. From there, a matching woven tongue label, heel tab, and sole completes the design.\n<br>\n<br>\nThe Nike Dunk Low Grey Fog released in September of 2021 and retailed for $100.", "media": {"smallImageUrl": "https://images.stockx.com/images/Nike-Dunk-Low-Grey-Fog-Product.jpg?fit=fill&bg=FFFFFF&w=300&h=214&fm=webp&auto=compress&trim=color&q=90&dpr=2&updated_at=1632232056", "thumbUrl": "https://images.stockx.com/images/Nike-Dunk-Low-Grey-Fog-Product.jpg?fit=fill&bg=FFFFFF&w=140&h=100&fm=webp&auto=compress&trim=color&q=90&dpr=2&updated_at=1632232056"}, "productCategory": "sneakers", "releaseDate": "2021-09-21", "retailPrice": 100, "shoe": "Nike Dunk Low", "title": "Nike Dunk Low Grey Fog", "urlKey": "nike-dunk-low-grey-fog", "market": {"lowestAsk": 274, "salesThisPeriod": 40, "salesLastPeriod": 0, "highestBid": 363, "volatility": 0.150566, "deadstockSold": 21825, "pricePremium": 2.707, "averageDeadstockPrice": 285, "lastSale": 371, "changeValue": 86, "changePercentage": 0.299034, "lastLowestAskTime": 1663499803, "lastHighestBidTime": 1663707922, "lastSaleDate": "2022-09-21T08:35:47+00:00"}, "objectID": "25dec062-a8f3-4e76-bfc0-776fc74729f7"}, {"id": "bf9de8ac-4056-4134-a89a-3b59f8421522", "uuid": "bf9de8ac-4056-4134-a89a-3b59f8421522", "brand": "Nike", "colorway": "White/Orange Blaze", "condition": "New", "description": "Nike continues to revive their famed Be True To Your School pack with the retro release of the Nike Dunk High Syracuse. The Nike Dunk High Syracuse first retroed in 2016 as a women\u2019s exclusive, alongside other pack-mates, like the Villanovas, Kentuckys, and Michigans. Following the Syracuse-themed colorway releasing in Dunk Low form in 2020, the orange hue returns again in its original Dunk High form. \n<br>\n<br>\nThe Nike Dunk High Syracuse is constructed in familiar Dunk High color blocking. Hits of orange leather add a bright contrast to white leather panels. From there, a white tongue tag with orange Nike branding and a vibrant orange outsole completes the design, making it a true OG return. \n<br>\n<br>\nThe Nike Dunk High Syracuse released in March of 2021 for $120. ", "media": {"smallImageUrl": "https://images.stockx.com/images/Nike-Dunk-High-Syracuse-2021-Product.jpg?fit=fill&bg=FFFFFF&w=300&h=214&fm=webp&auto=compress&trim=color&q=90&dpr=2&updated_at=1616520900", "thumbUrl": "https://images.stockx.com/images/Nike-Dunk-High-Syracuse-2021-Product.jpg?fit=fill&bg=FFFFFF&w=140&h=100&fm=webp&auto=compress&trim=color&q=90&dpr=2&updated_at=1616520900"}, "productCategory": "sneakers", "releaseDate": "2021-03-10", "retailPrice": 110, "shoe": "Nike Dunk High", "title": "Nike Dunk High Syracuse (2021)", "urlKey": "nike-dunk-high-syracuse-2021", "market": {"lowestAsk": 153, "salesThisPeriod": 40, "salesLastPeriod": 0, "highestBid": 215, "volatility": 0.158009, "deadstockSold": 6871, "pricePremium": 0.878, "averageDeadstockPrice": 203, "lastSale": 207, "changeValue": 30, "changePercentage": 0.167146, "lastLowestAskTime": 1663793825, "lastHighestBidTime": 1663768405, "lastSaleDate": "2022-09-21T22:56:43+00:00"}, "objectID": "bf9de8ac-4056-4134-a89a-3b59f8421522"}, {"id": "6e749dd5-8901-4dde-94ac-1058016c9c02", "uuid": "6e749dd5-8901-4dde-94ac-1058016c9c02", "brand": "Nike", "colorway": "Black/Teal-White", "condition": "New", "description": "At the top of its black tongue, the Nike Dunk Low Barbershop Black has the brand\u2019s red logo. An abstract print appears on the side of the shoe, just above the Swoosh.\n<br>\n<br>\nThis model has an ice blue sole with a white midsole. Next to the midsole, you will see the black base, composed of pebbled leather. The lining of the shoe and the Nike swoosh logo are both made out of the same ice blue.\n<br>\n<br>\nThe Nike Dunk Low Barbershop Black was first put on the market in June of 2022. It had a retail price that started at $110 for men\u2019s sizes.", "media": {"smallImageUrl": "https://images.stockx.com/images/Nike-Dunk-Low-Barbershop-Black-Product.jpg?fit=fill&bg=FFFFFF&w=300&h=214&fm=webp&auto=compress&trim=color&q=90&dpr=2&updated_at=1654800013", "thumbUrl": "https://images.stockx.com/images/Nike-Dunk-Low-Barbershop-Black-Product.jpg?fit=fill&bg=FFFFFF&w=140&h=100&fm=webp&auto=compress&trim=color&q=90&dpr=2&updated_at=1654800013"}, "productCategory": "sneakers", "releaseDate": "2022-03-01", "retailPrice": 110, "shoe": "Nike Dunk Low SE", "title": "Nike Dunk Low SE Barber Shop Black", "urlKey": "nike-dunk-low-barbershop-black", "market": {"lowestAsk": 99, "salesThisPeriod": 40, "salesLastPeriod": 0, "highestBid": 130, "volatility": 0.058141, "deadstockSold": 1819, "pricePremium": -0.118, "averageDeadstockPrice": 140, "lastSale": 97, "changeValue": 0, "changePercentage": 0, "lastLowestAskTime": 1663751881, "lastHighestBidTime": 1663429297, "lastSaleDate": "2022-09-21T22:55:00+00:00"}, "objectID": "6e749dd5-8901-4dde-94ac-1058016c9c02"}, {"id": "c276a2cf-a5b0-4675-ac41-9c196b264f97", "uuid": "c276a2cf-a5b0-4675-ac41-9c196b264f97", "brand": "Nike", "colorway": "Pink/Pink", "condition": "New", "description": "From the time of its first release, the toddler Nike Dunk Low Triple Pink remains one of the top-selling Nike Dunk Low variations.\n<br>\n<br>\nDark and light pink components combine across the upper of Nike Dunk Low Triple Pink, which is made purely of leather, with a pink Nike Swoosh. The perforated toe box and heel counter are all white, constructed with synthetic leather that is made from recycled polyester. The outsole and midsole of Nike Dunk Low Triple Pink (Toddler) are made of rubber, appearing in light shades of pink.\n<br>\n<br>\nNike Dunk Low Triple Pink (Toddler) debuted on January 1, 2022. At the time of its first release, the price of the shoe was $55.", "media": {"smallImageUrl": "https://images.stockx.com/images/Nike-Dunk-Low-Triple-Pink-TD-Product.jpg?fit=fill&bg=FFFFFF&w=300&h=214&fm=webp&auto=compress&trim=color&q=90&dpr=2&updated_at=1662705109", "thumbUrl": "https://images.stockx.com/images/Nike-Dunk-Low-Triple-Pink-TD-Product.jpg?fit=fill&bg=FFFFFF&w=140&h=100&fm=webp&auto=compress&trim=color&q=90&dpr=2&updated_at=1662705109"}, "productCategory": "sneakers", "releaseDate": "", "retailPrice": 55, "shoe": "Nike Dunk Low", "title": "Nike Dunk Low Triple Pink (TD)", "urlKey": "nike-dunk-low-triple-pink-td", "market": {"lowestAsk": 59, "salesThisPeriod": 40, "salesLastPeriod": 0, "highestBid": 66, "volatility": 0.088532, "deadstockSold": 1630, "pricePremium": 0.182, "averageDeadstockPrice": 75, "lastSale": 65, "changeValue": 1, "changePercentage": 0.015625, "lastLowestAskTime": 1663791089, "lastHighestBidTime": 1662677582, "lastSaleDate": "2022-09-21T17:06:58+00:00"}, "objectID": "c276a2cf-a5b0-4675-ac41-9c196b264f97"}]}