{"Pagination": {"query": "nike dunk", "queryID": "d32328a7cd6096802d3d5cc1bfb9d548", "index": "PRODUCTION_PG_FEATURED_DESC", "limit": 40, "page": 7, "total": 3786, "lastPage": "/api/v3/browse?_search=nike%20dunk&dataType=product&facetsToRetrieve=%7B%7D&filterVersion=4&page=25&propsToRetrieve=brand%2CchildId%2Ccolorway%2Ccondition%2Cdescription%2Cid%2Cmarket.averageDeadstockPrice%2Cmarket.bidAskData%2Cmarket.changePercentage%2Cmarket.changeValue%2Cmarket.deadstockSold%2Cmarket.highestBid%2Cmarket.lastHighestBidTime%2Cmarket.lastLowestAskTime%2Cmarket.lastSale%2Cmarket.lastSaleDate%2Cmarket.lastSaleValue%2Cmarket.lowestAsk%2Cmarket.pricePremium%2Cmarket.salesInformation%2Cmarket.salesLastPeriod%2Cmarket.salesThisPeriod%2Cmarket.volatility%2Cmedia.smallImageUrl%2Cmedia.thumbUrl%2CproductCategory%2CreleaseDate%2CretailPrice%2Cshoe%2Ctitle%2CurlKey%2Cuuid", "sort": ["featured"], "order": ["DESC"], "currentPage": "/api/v3/browse?_search=nike%20dunk&dataType=product&facetsToRetrieve=%7B%7D&filterVersion=4&page=7&propsToRetrieve=brand%2CchildId%2Ccolorway%2Ccondition%2Cdescription%2Cid%2Cmarket.averageDeadstockPrice%2Cmarket.bidAskData%2Cmarket.changePercentage%2Cmarket.changeValue%2Cmarket.deadstockSold%2Cmarket.highestBid%2Cmarket.lastHighestBidTime%2Cmarket.lastLowestAskTime%2Cmarket.lastSale%2Cmarket.lastSaleDate%2Cmarket.lastSaleValue%2Cmarket.lowestAsk%2Cmarket.pricePremium%2Cmarket.salesInformation%2Cmarket.salesLastPeriod%2Cmarket.salesThisPeriod%2Cmarket.volatility%2Cmedia.smallImageUrl%2Cmedia.thumbUrl%2CproductCategory%2CreleaseDate%2CretailPrice%2Cshoe%2Ctitle%2CurlKey%2Cuuid", "nextPage": "/api/v3/browse?_search=nike%20dunk&dataType=product&facetsToRetrieve=%7B%7D&filterVersion=4&page=8&propsToRetrieve=brand%2CchildId%2Ccolorway%2Ccondition%2Cdescription%2Cid%2Cmarket.averageDeadstockPrice%2Cmarket.bidAskData%2Cmarket.changePercentage%2Cmarket.changeValue%2Cmarket.deadstockSold%2Cmarket.highestBid%2Cmarket.lastHighestBidTime%2Cmarket.lastLowestAskTime%2Cmarket.lastSale%2Cmarket.lastSaleDate%2Cmarket.lastSaleValue%2Cmarket.lowestAsk%2Cmarket.pricePremium%2Cmarket.salesInformation%2Cmarket.salesLastPeriod%2Cmarket.salesThisPeriod%2Cmarket.volatility%2Cmedia.smallImageUrl%2Cmedia.thumbUrl%2CproductCategory%2CreleaseDate%2CretailPrice%2Cshoe%2Ctitle%2CurlKey%2Cuuid", "previousPage": "/api/v3/browse?_search=nike%20dunk&dataType=product&facetsToRetrieve=%7B%7D&filterVersion=4&page=6&propsToRetrieve=brand%2CchildId%2Ccolorway%2Ccondition%2Cdescription%2Cid%2Cmarket.averageDeadstockPrice%2Cmarket.bidAskData%2Cmarket.changePercentage%2Cmarket.changeValue%2Cmarket.deadstockSold%2Cmarket.highestBid%2Cmarket.lastHighestBidTime%2Cmarket.lastLowestAskTime%2Cmarket.lastSale%2Cmarket.lastSaleDate%2Cmarket.lastSaleValue%2Cmarket.lowestAsk%2Cmarket.pricePremium%2Cmarket.salesInformation%2Cmarket.salesLastPeriod%2Cmarket.salesThisPeriod%2Cmarket.volatility%2Cmedia.smallImageUrl%2Cmedia.thumbUrl%2CproductCategory%2CreleaseDate%2CretailPrice%2Cshoe%2Ctitle%2CurlKey%2Cuuid"}, "Facets": {}, "Products": [{"id": "19adf1e1-d259-4980-9cd8-387de5731018", "uuid": "19adf1e1-d259-4980-9cd8-387de5731018", "brand": "Nike", "colorway": "Black/Vachetta Tan-White-Black", "condition": "New", "description": "Nike SB and Japan\u2019s Medicom Toy brought their collaborative partnership into a new decade with the Nike SB Dunk Low Medicom Toy 2020. Medicom is known for its robust catalog of collectible toys. The Bearbrick figure is one of the most recognizable toys in their product line and is usually the focal point of collaboration for the brand. Nike SB and Medicom started their joint efforts in the early 2000s co-designing SB Dunk Lows and Bearbrick figures. After four releases, a fifth SB Dunk was announced.\n<br>\n<br>\nThe Nike SB Dunk Low Medicom Toy channels a bear in literal terms. A black hairy textile covers the entire upper while white appears at the heel. From there, Medicom branding on the tongue, white midsoles, and a grey outsole accentuate the silhouette\u2019s primarily dark features.\n<br>\n<br>\nThe Nike SB Dunk Low Medicom Toy 2020 released in August of 2020 and retailed for $100.", "media": {"smallImageUrl": "https://images.stockx.com/images/Nike-SB-Dunk-Low-Medicom-Toy-2020-Product.jpg?fit=fill&bg=FFFFFF&w=300&h=214&fm=webp&auto=compress&trim=color&q=90&dpr=2&updated_at=1607059648", "thumbUrl": "https://images.stockx.com/images/Nike-SB-Dunk-Low-Medicom-Toy-2020-Product.jpg?fit=fill&bg=FFFFFF&w=140&h=100&fm=webp&auto=compress&trim=color&q=90&dpr=2&updated_at=1607059648"}, "productCategory": "sneakers", "releaseDate": "2020-08-25", "retailPrice": 125, "shoe": "Nike SB Dunk Low", "title": "Nike SB Dunk Low Medicom Toy (2020)", "urlKey": "nike-sb-dunk-low-medicom-toy-2020", "market": {"lowestAsk": 186, "salesThisPeriod": 9, "salesLastPeriod": 0, "highestBid": 243, "volatility": 0.125956, "deadstockSold": 1041, "pricePremium": 0.824, "averageDeadstockPrice": 221, "lastSale": 228, "changeValue": 28, "changePercentage": 0.14, "lastLowestAskTime": 1662923375, "lastHighestBidTime": 1663681919, "lastSaleDate": "2022-09-20T13:25:45+00:00"}, "objectID": "19adf1e1-d259-4980-9cd8-387de5731018"}, {"id": "73bbba3b-0808-49b1-9f6e-0e797519e0dc", "uuid": "73bbba3b-0808-49b1-9f6e-0e797519e0dc", "brand": "Nike", "colorway": "Chocolate Brown/Brown-White", "condition": "New", "description": "", "media": {"smallImageUrl": "https://images.stockx.com/images/Nike-Dunk-High-Chocolate-Product.jpg?fit=fill&bg=FFFFFF&w=300&h=214&fm=webp&auto=compress&trim=color&q=90&dpr=2&updated_at=1657781886", "thumbUrl": "https://images.stockx.com/images/Nike-Dunk-High-Chocolate-Product.jpg?fit=fill&bg=FFFFFF&w=140&h=100&fm=webp&auto=compress&trim=color&q=90&dpr=2&updated_at=1657781886"}, "productCategory": "sneakers", "releaseDate": "", "retailPrice": 110, "shoe": "Nike Dunk High", "title": "Nike Dunk High Chocolate", "urlKey": "nike-dunk-high-chocolate", "market": {"lowestAsk": 109, "salesThisPeriod": 9, "salesLastPeriod": 0, "highestBid": 130, "volatility": 0.136718, "deadstockSold": 432, "pricePremium": 0.236, "averageDeadstockPrice": 141, "lastSale": 136, "changeValue": -26, "changePercentage": -0.160494, "lastLowestAskTime": 1663748302, "lastHighestBidTime": 1660368092, "lastSaleDate": "2022-09-21T06:52:24+00:00"}, "objectID": "73bbba3b-0808-49b1-9f6e-0e797519e0dc"}, {"id": "69062dd2-a0c1-4a89-ac8e-a66cdf876a46", "uuid": "69062dd2-a0c1-4a89-ac8e-a66cdf876a46", "brand": "Nike", "colorway": "Summit White/Pure Platinum", "condition": "New", "description": "", "media": {"smallImageUrl": "https://images.stockx.com/images/Nike-Dunk-High-Summit-White-Pure-Platinum-Product.jpg?fit=fill&bg=FFFFFF&w=300&h=214&fm=webp&auto=compress&trim=color&q=90&dpr=2&updated_at=1659421136", "thumbUrl": "https://images.stockx.com/images/Nike-Dunk-High-Summit-White-Pure-Platinum-Product.jpg?fit=fill&bg=FFFFFF&w=140&h=100&fm=webp&auto=compress&trim=color&q=90&dpr=2&updated_at=1659421136"}, "productCategory": "sneakers", "releaseDate": "", "retailPrice": 110, "shoe": "Nike Dunk High", "title": "Nike Dunk High Summit White Pure Platinum", "urlKey": "nike-dunk-high-summit-white-pure-platinum", "market": {"lowestAsk": 130, "salesThisPeriod": 9, "salesLastPeriod": 0, "highestBid": 125, "volatility": 0.170079, "deadstockSold": 404, "pricePremium": 0.255, "averageDeadstockPrice": 138, "lastSale": 138, "changeValue": 0, "changePercentage": -0.000393, "lastLowestAskTime": 1663765650, "lastHighestBidTime": 1663767728, "lastSaleDate": "2022-09-21T23:04:32+00:00"}, "objectID": "69062dd2-a0c1-4a89-ac8e-a66cdf876a46"}, {"id": "afd25108-b587-4975-8a34-cd4526225406", "uuid": "afd25108-b587-4975-8a34-cd4526225406", "brand": "Nike", "colorway": "White/Racer Blue/Atomic Green/Black", "condition": "New", "description": "", "media": {"smallImageUrl": "https://images.stockx.com/images/Nike-Dunk-High-Blue-Satin-W.jpg?fit=fill&bg=FFFFFF&w=300&h=214&fm=webp&auto=compress&trim=color&q=90&dpr=2&updated_at=1656091843", "thumbUrl": "https://images.stockx.com/images/Nike-Dunk-High-Blue-Satin-W.jpg?fit=fill&bg=FFFFFF&w=140&h=100&fm=webp&auto=compress&trim=color&q=90&dpr=2&updated_at=1656091843"}, "productCategory": "sneakers", "releaseDate": "2022-07-22", "retailPrice": 125, "shoe": "Nike Dunk High", "title": "Nike Dunk High Blue Satin (W)", "urlKey": "nike-dunk-high-blue-satin-w", "market": {"lowestAsk": 120, "salesThisPeriod": 9, "salesLastPeriod": 0, "highestBid": 135, "volatility": 0.149834, "deadstockSold": 231, "pricePremium": 0.12, "averageDeadstockPrice": 140, "lastSale": 140, "changeValue": 18, "changePercentage": 0.147541, "lastLowestAskTime": 1663708088, "lastHighestBidTime": 1663535825, "lastSaleDate": "2022-09-19T17:51:44+00:00"}, "objectID": "afd25108-b587-4975-8a34-cd4526225406"}, {"id": "04065105-01bf-4825-828c-0ddf5f354997", "uuid": "04065105-01bf-4825-828c-0ddf5f354997", "brand": "Nike", "colorway": "Medium Soft Pink/Black-Coconut Milk-Pink Glaze", "condition": "New", "description": "", "media": {"smallImageUrl": "https://images.stockx.com/images/Nike-Dunk-High-Hoops-Pack-Pink-W.jpg?fit=fill&bg=FFFFFF&w=300&h=214&fm=webp&auto=compress&trim=color&q=90&dpr=2&updated_at=1660598459", "thumbUrl": "https://images.stockx.com/images/Nike-Dunk-High-Hoops-Pack-Pink-W.jpg?fit=fill&bg=FFFFFF&w=140&h=100&fm=webp&auto=compress&trim=color&q=90&dpr=2&updated_at=1660598459"}, "productCategory": "sneakers", "releaseDate": "", "retailPrice": 130, "shoe": "Nike Dunk High", "title": "Nike Dunk High Hoops Pack Pink (W)", "urlKey": "nike-dunk-high-hoops-pack-pink-w", "market": {"lowestAsk": 120, "salesThisPeriod": 9, "salesLastPeriod": 0, "highestBid": 141, "volatility": 0.086973, "deadstockSold": 129, "pricePremium": 0.162, "averageDeadstockPrice": 142, "lastSale": 151, "changeValue": 16, "changePercentage": 0.118519, "lastLowestAskTime": 1663733438, "lastHighestBidTime": 1662032194, "lastSaleDate": "2022-09-21T07:44:37+00:00"}, "objectID": "04065105-01bf-4825-828c-0ddf5f354997"}, {"id": "70c21323-cfa2-441f-9e0f-29b0daa415aa", "uuid": "70c21323-cfa2-441f-9e0f-29b0daa415aa", "brand": "Nike", "colorway": "Rift Blue/Grey Fog/Sail/Cave Purple", "condition": "New", "description": "The Nike Dunk Low Next Nature Toasty Rift Blue arrives with a Grey Fog quilted upper made up of 100% recycled polyester with Rift Blue Durabuck overlays and black Swooshes. A blue fleece lined interior offers a winterized feel. From there, a white and gum Air sole adds the finishing touch.\n<br>\n<br>\nThe Nike Dunk Low Next Nature Toasty Rift Blue released in February of 2022 and retailed for $110.\n", "media": {"smallImageUrl": "https://images.stockx.com/images/Nike-Dunk-Low-Toasty-Grey-Blue-Product.jpg?fit=fill&bg=FFFFFF&w=300&h=214&fm=webp&auto=compress&trim=color&q=90&dpr=2&updated_at=1646233554", "thumbUrl": "https://images.stockx.com/images/Nike-Dunk-Low-Toasty-Grey-Blue-Product.jpg?fit=fill&bg=FFFFFF&w=140&h=100&fm=webp&auto=compress&trim=color&q=90&dpr=2&updated_at=1646233554"}, "productCategory": "sneakers", "releaseDate": "2022-02-01", "retailPrice": 110, "shoe": "Nike Dunk Low SE", "title": "Nike Dunk Low SE Next Nature Rift Blue", "urlKey": "nike-dunk-low-toasty-grey-blue", "market": {"lowestAsk": 168, "salesThisPeriod": 8, "salesLastPeriod": 0, "highestBid": 230, "volatility": 0.172169, "deadstockSold": 4240, "pricePremium": 0.909, "averageDeadstockPrice": 190, "lastSale": 210, "changeValue": 19, "changePercentage": 0.099476, "lastLowestAskTime": 1663682406, "lastHighestBidTime": 1661528208, "lastSaleDate": "2022-09-20T19:34:35+00:00"}, "objectID": "70c21323-cfa2-441f-9e0f-29b0daa415aa"}, {"id": "2eb5ab03-ccca-4c72-9517-3a3174494a1c", "uuid": "2eb5ab03-ccca-4c72-9517-3a3174494a1c", "brand": "Nike", "colorway": "Orange Pearl/White", "condition": "New", "description": "Nike delivered a warm-paletted women\u2019s exclusive with the Nike Dunk Low Retro Orange Pearl. The Orange Pearl follows traditional Nike Dunk color-blocking, a design with panels of the shoe\u2019s upper saturated by a designated color.\n\nThe upper Nike Dunk Low Retro Orange Pearl is composed of white leather with Orange Pearl leather overlays and Swooshes. Classic Nike Air branding is featured on the nylon tongue, nodding to classic Dunk design elements. A white midsole and Orange Pearl outsole wrap up the design.\n\nThe women's Nike Dunk Low Retro Orange Pearl released in January of 2021 and retailed for $100.", "media": {"smallImageUrl": "https://images.stockx.com/images/Nike-Dunk-Low-Orange-Pearl-Product.jpg?fit=fill&bg=FFFFFF&w=300&h=214&fm=webp&auto=compress&trim=color&q=90&dpr=2&updated_at=1613671259", "thumbUrl": "https://images.stockx.com/images/Nike-Dunk-Low-Orange-Pearl-Product.jpg?fit=fill&bg=FFFFFF&w=140&h=100&fm=webp&auto=compress&trim=color&q=90&dpr=2&updated_at=1613671259"}, "productCategory": "sneakers", "releaseDate": "2021-03-15", "retailPrice": 100, "shoe": "Nike Dunk Low", "title": "Nike Dunk Low Orange Pearl (W)", "urlKey": "nike-dunk-low-orange-pearl", "market": {"lowestAsk": 180, "salesThisPeriod": 8, "salesLastPeriod": 0, "highestBid": 228, "volatility": 0.117128, "deadstockSold": 4209, "pricePremium": 1.49, "averageDeadstockPrice": 227, "lastSale": 249, "changeValue": 50, "changePercentage": 0.251256, "lastLowestAskTime": 1663293480, "lastHighestBidTime": 1663802705, "lastSaleDate": "2022-09-21T20:16:11+00:00"}, "objectID": "2eb5ab03-ccca-4c72-9517-3a3174494a1c"}, {"id": "af971174-11a3-4578-a4e5-099b7df9d2fb", "uuid": "af971174-11a3-4578-a4e5-099b7df9d2fb", "brand": "Nike", "colorway": "White/Midnight Navy-Total Orange", "condition": "New", "description": "The Nike Dunk High Championship Navy (GS) features a leather, suede, and synthetic upper. It has a chunky midsole that adds support and cushioning to the shoe, while the rubber sole with a herringbone traction pattern provides durability and traction. The Nike swoosh is augmented with a midnight navy outline.\n<br>\n<br>\nIts white base is overlaid with Midnight Navy and complemented with a nylon tongue, and padded high-cut collar. The grade school size Nike Dunk High Championship features perforated panels on the front and side of the shoe.\n<br>\n<br>\nThe Nike Dunk High Championship Navy GS originally retailed for $90 after its release on September 3, 2021.", "media": {"smallImageUrl": "https://images.stockx.com/images/Nike-Dunk-High-Championship-Navy-GS-Product.jpg?fit=fill&bg=FFFFFF&w=300&h=214&fm=webp&auto=compress&trim=color&q=90&dpr=2&updated_at=1632510171", "thumbUrl": "https://images.stockx.com/images/Nike-Dunk-High-Championship-Navy-GS-Product.jpg?fit=fill&bg=FFFFFF&w=140&h=100&fm=webp&auto=compress&trim=color&q=90&dpr=2&updated_at=1632510171"}, "productCategory": "sneakers", "releaseDate": "2021-09-03", "retailPrice": 90, "shoe": "Nike Dunk High", "title": "Nike Dunk High Championship Navy (GS)", "urlKey": "nike-dunk-high-championship-navy-gs", "market": {"lowestAsk": 98, "salesThisPeriod": 8, "salesLastPeriod": 0, "highestBid": 96, "volatility": 0.13077, "deadstockSold": 4047, "pricePremium": 0.322, "averageDeadstockPrice": 121, "lastSale": 119, "changeValue": 4, "changePercentage": 0.034783, "lastLowestAskTime": 1663469128, "lastHighestBidTime": 1663537677, "lastSaleDate": "2022-09-21T14:54:36+00:00"}, "objectID": "af971174-11a3-4578-a4e5-099b7df9d2fb"}, {"id": "7130a69d-a969-4d5d-be8a-42edf18184b6", "uuid": "7130a69d-a969-4d5d-be8a-42edf18184b6", "brand": "Nike", "colorway": "Maroon/Navy-Gold", "condition": "New", "description": "The Nike SB Dunk Low Barcelona is a skateboard sneaker that borrows its colors from the Spanish soccer club FC Barcelona.\n<br>\n<br>\nThe right shoe of this Nike SB Dunk Low Barcelona features a red suede quarter panel, collar, and heel, with a blue suede toe cap, perforated toe box, eyestays, and heel tab. The right shoe also has a blue mesh tongue.\u00a0On the left shoe, the placement of blue and red are reversed. However, both feet have a gold swoosh and gold branding on the heel tab and tongue. The midsole is white rubber with Zoom Air cushioning and the outsole is a brown synthetic rubber.\n<br>\n<br>\u00a0\nThe Nike SB Dunk Low Barcelona had a retail price of $110 when it was released in 2021.", "media": {"smallImageUrl": "https://images.stockx.com/images/Nike-SB-Dunk-Low-Barcelona-Product.jpg?fit=fill&bg=FFFFFF&w=300&h=214&fm=webp&auto=compress&trim=color&q=90&dpr=2&updated_at=1633115002", "thumbUrl": "https://images.stockx.com/images/Nike-SB-Dunk-Low-Barcelona-Product.jpg?fit=fill&bg=FFFFFF&w=140&h=100&fm=webp&auto=compress&trim=color&q=90&dpr=2&updated_at=1633115002"}, "productCategory": "sneakers", "releaseDate": "2021-08-14", "retailPrice": 110, "shoe": "Nike SB Dunk Low", "title": "Nike SB Dunk Low Barcelona", "urlKey": "nike-sb-dunk-low-barcelona", "market": {"lowestAsk": 142, "salesThisPeriod": 8, "salesLastPeriod": 0, "highestBid": 240, "volatility": 0.163942, "deadstockSold": 2626, "pricePremium": 0.878, "averageDeadstockPrice": 190, "lastSale": 207, "changeValue": 7, "changePercentage": 0.031351, "lastLowestAskTime": 1663783503, "lastHighestBidTime": 1663472123, "lastSaleDate": "2022-09-21T16:18:58+00:00"}, "objectID": "7130a69d-a969-4d5d-be8a-42edf18184b6"}, {"id": "b747f28a-7045-4bbd-a19e-9dbd7a9cbb1d", "uuid": "b747f28a-7045-4bbd-a19e-9dbd7a9cbb1d", "brand": "Nike", "colorway": "Deep Royal Blue/White-Pale Ivory-Black", "condition": "New", "description": "Adding to their collection of idiosyncratic Nike Dunks, Nike and AMBUSH bring a Deep Royal colorway to the unique silhouette. An exaggerated black Swoosh extends towards the heel and from there, bold AMBUSH branding projects off an elevated heel cap. Lastly, Deep Royal leather overlays are stacked on white leather panels to complete the design.\n<br>\n<br>\nThe Nike Dunk High AMBUSH Deep Royal released in June of 2021 for $150.", "media": {"smallImageUrl": "https://images.stockx.com/images/Nike-Dunk-High-AMBUSH-Deep-Royal-Product.jpg?fit=fill&bg=FFFFFF&w=300&h=214&fm=webp&auto=compress&trim=color&q=90&dpr=2&updated_at=1645432118", "thumbUrl": "https://images.stockx.com/images/Nike-Dunk-High-AMBUSH-Deep-Royal-Product.jpg?fit=fill&bg=FFFFFF&w=140&h=100&fm=webp&auto=compress&trim=color&q=90&dpr=2&updated_at=1645432118"}, "productCategory": "sneakers", "releaseDate": "2021-05-18", "retailPrice": 180, "shoe": "Nike Dunk High", "title": "Nike Dunk High AMBUSH Deep Royal", "urlKey": "nike-dunk-high-ambush-deep-royal", "market": {"lowestAsk": 199, "salesThisPeriod": 8, "salesLastPeriod": 0, "highestBid": 280, "volatility": 0.082162, "deadstockSold": 2608, "pricePremium": 0.717, "averageDeadstockPrice": 311, "lastSale": 309, "changeValue": 9, "changePercentage": 0.03, "lastLowestAskTime": 1663714320, "lastHighestBidTime": 1662090361, "lastSaleDate": "2022-09-21T02:11:35+00:00"}, "objectID": "b747f28a-7045-4bbd-a19e-9dbd7a9cbb1d"}, {"id": "04e722ab-9596-47df-a8f5-ef7c17347665", "uuid": "04e722ab-9596-47df-a8f5-ef7c17347665", "brand": "Nike", "colorway": "White/Vast Grey", "condition": "New", "description": "The Nike Dunk High Retro White Vast Grey 2021 delivers an understated two-tone colorway of the vintage \u201880s basketball sneaker. The classic color blocking on the Nike Dunk High Retro White Vast Grey 2021 is reminiscent of the Be True to Your School series, featuring a crisp white base with subtle grey overlays and a matching grey Swoosh. The same neutral tones are duplicated on the sneaker\u2019s tooling and finished off by a low-profile midsole and a rubber outsole. \n<br>\n<br>\nThe Nike Dunk High Retro White Vast Grey 2021was released in February 2021 and retailed for $120.", "media": {"smallImageUrl": "https://images.stockx.com/images/Nike-Dunk-High-Retro-White-Vast-Grey-2021-Product.jpg?fit=fill&bg=FFFFFF&w=300&h=214&fm=webp&auto=compress&trim=color&q=90&dpr=2&updated_at=1611953522", "thumbUrl": "https://images.stockx.com/images/Nike-Dunk-High-Retro-White-Vast-Grey-2021-Product.jpg?fit=fill&bg=FFFFFF&w=140&h=100&fm=webp&auto=compress&trim=color&q=90&dpr=2&updated_at=1611953522"}, "productCategory": "sneakers", "releaseDate": "2021-02-25", "retailPrice": 120, "shoe": "Nike Dunk High", "title": "Nike Dunk High Retro White Vast Grey (2021)", "urlKey": "nike-dunk-high-retro-white-vast-grey-2021", "market": {"lowestAsk": 190, "salesThisPeriod": 8, "salesLastPeriod": 0, "highestBid": 210, "volatility": 0.051504, "deadstockSold": 2067, "pricePremium": 1.124, "averageDeadstockPrice": 250, "lastSale": 255, "changeValue": 38, "changePercentage": 0.172906, "lastLowestAskTime": 1663482122, "lastHighestBidTime": 1663257990, "lastSaleDate": "2022-09-17T19:59:34+00:00"}, "objectID": "04e722ab-9596-47df-a8f5-ef7c17347665"}, {"id": "0f3ea00d-d480-4b2b-888a-9493918a5da1", "uuid": "0f3ea00d-d480-4b2b-888a-9493918a5da1", "brand": "Nike", "colorway": "Metallic Silver/White", "condition": "New", "description": "PLEASE NOTE: Card is not required to pass. Veteran Nike collaborator CLOT explored optical illusion with the Nike Dunk High CLOT Flux.\n<br>\n<br>\nPaying homage to the \"Yin-Yang\" philosophy of fluidity and harmony, the Nike Dunk High CLOT Flux is constructed with an all-over lenticular material that gives off a metallic silver shimmer throughout its exterior. The innovative nature of the design is prominent on the tongue, where both Nike and CLOT logos are present in a holographic styling. To frame the optical illusion that is the upper, white soles and waxed laces add the finishing touches.\n<br>\n<br>\nThe Nike Dunk High CLOT Flux released in March of 2022 and retailed for $150.", "media": {"smallImageUrl": "https://images.stockx.com/images/Nike-Dunk-High-CLOT-Metallic-Silver.jpg?fit=fill&bg=FFFFFF&w=300&h=214&fm=webp&auto=compress&trim=color&q=90&dpr=2&updated_at=1647536797", "thumbUrl": "https://images.stockx.com/images/Nike-Dunk-High-CLOT-Metallic-Silver.jpg?fit=fill&bg=FFFFFF&w=140&h=100&fm=webp&auto=compress&trim=color&q=90&dpr=2&updated_at=1647536797"}, "productCategory": "sneakers", "releaseDate": "2022-03-18", "retailPrice": 150, "shoe": "Nike Dunk High", "title": "Nike Dunk High CLOT Flux", "urlKey": "nike-dunk-high-clot-metallic-silver", "market": {"lowestAsk": 91, "salesThisPeriod": 8, "salesLastPeriod": 0, "highestBid": 139, "volatility": 0.133095, "deadstockSold": 1769, "pricePremium": 0.06, "averageDeadstockPrice": 185, "lastSale": 159, "changeValue": 76, "changePercentage": 0.915663, "lastLowestAskTime": 1663595881, "lastHighestBidTime": 1663273447, "lastSaleDate": "2022-09-19T01:13:01+00:00"}, "objectID": "0f3ea00d-d480-4b2b-888a-9493918a5da1"}, {"id": "ab22c2fc-dfe6-4704-8736-b967d010ea50", "uuid": "ab22c2fc-dfe6-4704-8736-b967d010ea50", "brand": "Nike", "colorway": "Blue Chill/Safety Orange-Black-White", "condition": "New", "description": "This light blue Nike SB Dunk Low Club 58 Gulf adds to the Dunk SB range of race car-inspired sneakers. The Nike SB Dunk Low Club 58 Gulf features a Blue Chill suede upper, with black laces and a white leather Swoosh contrasting the silhouette. A patch with the number 58 is embroidered near the heel, and the same digits are repeated on the woven tag affixed to the stuffed mesh tongue. The design is finished with a two-tone sole: white with an orange outsole.\n<br>\n<br>\nThe Nike SB Dunk Low Club 58 Gulf was released in March 2021 and retailed for $100.", "media": {"smallImageUrl": "https://images.stockx.com/images/Nike-SB-Dunk-Low-Club-58-Gulf-Product.jpg?fit=fill&bg=FFFFFF&w=300&h=214&fm=webp&auto=compress&trim=color&q=90&dpr=2&updated_at=1612295293", "thumbUrl": "https://images.stockx.com/images/Nike-SB-Dunk-Low-Club-58-Gulf-Product.jpg?fit=fill&bg=FFFFFF&w=140&h=100&fm=webp&auto=compress&trim=color&q=90&dpr=2&updated_at=1612295293"}, "productCategory": "sneakers", "releaseDate": "2021-03-01", "retailPrice": 100, "shoe": "Nike SB Dunk Low", "title": "Nike SB Dunk Low Club 58 Gulf", "urlKey": "nike-sb-dunk-low-club-58-gulf", "market": {"lowestAsk": 243, "salesThisPeriod": 8, "salesLastPeriod": 0, "highestBid": 425, "volatility": 0.415335, "deadstockSold": 1536, "pricePremium": 1.851, "averageDeadstockPrice": 343, "lastSale": 285, "changeValue": -52, "changePercentage": -0.156607, "lastLowestAskTime": 1663211036, "lastHighestBidTime": 1663710605, "lastSaleDate": "2022-09-21T18:04:04+00:00"}, "objectID": "ab22c2fc-dfe6-4704-8736-b967d010ea50"}, {"id": "2ee65bc9-1ba8-4505-8150-bf8e271b6e12", "uuid": "2ee65bc9-1ba8-4505-8150-bf8e271b6e12", "brand": "Nike", "childId": null, "colorway": "Active Fuchsia/Lethal Pink", "condition": "New", "description": "After a preview at New York Fashion Week, Tokyo fashion label AMBUSH and Nike teamed up once again to deliver a new colorway with the Nike Dunk High Ambush Active Fuchsia. The collaboration nods to the culture surrounding transportation in Japan, which explains the re-imagined proportions on the silhouette that almost make it look aerodynamic.<br><br>The Nike Dunk High Ambush Fuchsia arrives with an Active Fuschia leather upper and an exaggerated Swoosh that protrudes the heel. Aside from the re-imagined Swoosh, other features differentiate this design from traditional Nike Dunks like a raised heel counter with significant separation on the back of the shoe, revealing a larger amount of Active Fuschia leather paneling, and an extended plastic unit donning Ambush branding encapsulates the heel. An exposed foam tongue, Active Fuchsia sole, and co-branded tongue tag add the finishing touches to the avant-garde design.<br><br>The Nike Dunk High Ambush Fuchsia released in February of 2021 and retailed for $180.", "media": {"smallImageUrl": "https://images.stockx.com/images/Nike-Dunk-High-Ambush-Active-Fuchsia-Product.jpg?fit=fill&bg=FFFFFF&w=300&h=214&fm=webp&auto=compress&trim=color&q=90&dpr=2&updated_at=1611778261", "thumbUrl": "https://images.stockx.com/images/Nike-Dunk-High-Ambush-Active-Fuchsia-Product.jpg?fit=fill&bg=FFFFFF&w=140&h=100&fm=webp&auto=compress&trim=color&q=90&dpr=2&updated_at=1611778261"}, "productCategory": "sneakers", "releaseDate": "2021-02-04", "retailPrice": 180, "shoe": "Nike Dunk High", "title": "Nike Dunk High Ambush Active Fuchsia", "urlKey": "nike-dunk-high-ambush-active-fuchsia", "market": {"lowestAsk": 200, "salesThisPeriod": 8, "salesLastPeriod": 0, "highestBid": 210, "volatility": 0.136263, "deadstockSold": 1347, "pricePremium": 0.502, "averageDeadstockPrice": 252, "lastSale": 270, "changeValue": -32, "changePercentage": -0.106351, "lastLowestAskTime": 1663299369, "lastHighestBidTime": 1663073150, "lastSaleDate": "2022-09-16T16:07:46+00:00"}, "objectID": "2ee65bc9-1ba8-4505-8150-bf8e271b6e12"}, {"id": "bdfbbf53-43c7-4f53-b99c-4ed54fe119b7", "uuid": "bdfbbf53-43c7-4f53-b99c-4ed54fe119b7", "brand": "Nike", "colorway": "Red/White-Black", "condition": "New", "description": "The latest Nike SB Dunk J-Pack Chicago keeps Jordan Brand\u2019s relationship with skateboarding strong. For those that don\u2019t know, before the plethora of options for proper skateboarding footwear, skaters in the 80s and 90s preferred boarding in Air Jordan 1s. The sneaker\u2019s high top construction provided the proper amount of ankle support needed to bare various skateboarding tricks. The recent addition to the Nike SB Dunk J-Pack pays homage to Air Jordan 1\u2019s involvement with early skate culture.\n<br>\n<br>\nThis Nike SB Dunk Low J-Pack Chicago has something that both Jordan and SB heads will enjoy. The classic SB Dunk Low silhouette is dressed in a Chicago Jordan 1 red, white, and black leather colorway. From there, a fat tongue and oval laces introduce the skateboarding aspect of the sneaker.\n<br>\n<br>\nThe Nike SB Dunk Low J-Pack Chicago release in September 2020 for $95.", "media": {"smallImageUrl": "https://images.stockx.com/images/Nike-SB-Dunk-Low-J-Pack-Chicago.png?fit=fill&bg=FFFFFF&w=300&h=214&fm=webp&auto=compress&trim=color&q=90&dpr=2&updated_at=1607045802", "thumbUrl": "https://images.stockx.com/images/Nike-SB-Dunk-Low-J-Pack-Chicago.png?fit=fill&bg=FFFFFF&w=140&h=100&fm=webp&auto=compress&trim=color&q=90&dpr=2&updated_at=1607045802"}, "productCategory": "sneakers", "releaseDate": "2020-09-01", "retailPrice": 95, "shoe": "Nike SB Dunk Low", "title": "Nike SB Dunk Low J-Pack Chicago", "urlKey": "nike-sb-dunk-low-j-pack-chicago", "market": {"lowestAsk": 375, "salesThisPeriod": 8, "salesLastPeriod": 0, "highestBid": 550, "volatility": 0.20792, "deadstockSold": 1163, "pricePremium": 2.684, "averageDeadstockPrice": 525, "lastSale": 350, "changeValue": -230, "changePercentage": -0.396552, "lastLowestAskTime": 1663683176, "lastHighestBidTime": 1663368047, "lastSaleDate": "2022-09-20T14:14:12+00:00"}, "objectID": "bdfbbf53-43c7-4f53-b99c-4ed54fe119b7"}, {"id": "273a2f3d-4171-4306-bde6-704636036b2c", "uuid": "273a2f3d-4171-4306-bde6-704636036b2c", "brand": "Nike", "colorway": "Prism Pink/Prism Pink", "condition": "New", "description": "The Nike Dunk Low Prism Pink (2017/2022) (GS) is a grade school-sized shoe that features a light pink upper made of soft leather with a feathery texture.\n<br>\n<br>\nThe Nike Dunk Low Prism Pink (2017/2022) (GS) has perforated tox box. Smooth pink leather overlays appear on the heel, collar, Swoosh, eyestays, and toe cap. The nylon tongue has a pink tag with pink Nike branding and Swoosh. Embroidered Nike branding also appears pink-on-pink on the heel tab. The sock lining and midsole are matching light pink textured fabric. The midsole and outsole are matching pink rubber.\n<br>\n<br>\nNike Dunk Low Prism Pink (2017/2022) (GS) was released on July 1, 2017 for $85 retail.", "media": {"smallImageUrl": "https://images.stockx.com/images/Nike-Dunk-Low-Pink-GS-Product.jpg?fit=fill&bg=FFFFFF&w=300&h=214&fm=webp&auto=compress&trim=color&q=90&dpr=2&updated_at=1648741018", "thumbUrl": "https://images.stockx.com/images/Nike-Dunk-Low-Pink-GS-Product.jpg?fit=fill&bg=FFFFFF&w=140&h=100&fm=webp&auto=compress&trim=color&q=90&dpr=2&updated_at=1648741018"}, "productCategory": "sneakers", "releaseDate": "2017-07-01", "retailPrice": 85, "shoe": "Nike Dunk Low", "title": "Nike Dunk Low Prism Pink (2017/2022) (GS)", "urlKey": "nike-dunk-low-pink-gs", "market": {"lowestAsk": 80, "salesThisPeriod": 8, "salesLastPeriod": 0, "highestBid": 98, "volatility": 0.109611, "deadstockSold": 1078, "pricePremium": 0.416, "averageDeadstockPrice": 99, "lastSale": 120, "changeValue": 26, "changePercentage": 0.267269, "lastLowestAskTime": 1663753303, "lastHighestBidTime": 1663754629, "lastSaleDate": "2022-09-21T10:03:32+00:00"}, "objectID": "273a2f3d-4171-4306-bde6-704636036b2c"}, {"id": "8fa6e259-0026-4070-ba70-1dea6821a9d6", "uuid": "8fa6e259-0026-4070-ba70-1dea6821a9d6", "brand": "Nike", "colorway": "White/Black-Green-Yellow", "condition": "New", "description": "Designed by Zoe Taaffe as part of the Nike Doernbecher 2022 collection, the Nike Dunk Low Doernbecher Freestyle Zoe features a white and yellow leather upper with zebra patterned overlays and green eyestays. A white Swoosh with \"One In A Million\" text embossed on it wraps both sides of the upper. From there, a glow in the dark outsole completes the design.\n<br>\n<br>\nThe Nike Dunk Low Doernbecher Freestyle Zoe released in April of 2022 and retailed for $100.", "media": {"smallImageUrl": "https://images.stockx.com/images/Nike-Dunk-Low-Doernbecher-Zoev-Product.jpg?fit=fill&bg=FFFFFF&w=300&h=214&fm=webp&auto=compress&trim=color&q=90&dpr=2&updated_at=1651844783", "thumbUrl": "https://images.stockx.com/images/Nike-Dunk-Low-Doernbecher-Zoev-Product.jpg?fit=fill&bg=FFFFFF&w=140&h=100&fm=webp&auto=compress&trim=color&q=90&dpr=2&updated_at=1651844783"}, "productCategory": "sneakers", "releaseDate": "2022-04-30", "retailPrice": 100, "shoe": "Nike Dunk Low", "title": "Nike Dunk Low Doernbecher Zoe", "urlKey": "nike-dunk-low-doernbecher-zoe", "market": {"lowestAsk": 249, "salesThisPeriod": 8, "salesLastPeriod": 0, "highestBid": 285, "volatility": 0.091748, "deadstockSold": 784, "pricePremium": 2.4, "averageDeadstockPrice": 333, "lastSale": 340, "changeValue": 47, "changePercentage": 0.160161, "lastLowestAskTime": 1662662824, "lastHighestBidTime": 1663668353, "lastSaleDate": "2022-09-21T12:50:05+00:00"}, "objectID": "8fa6e259-0026-4070-ba70-1dea6821a9d6"}, {"id": "983e203b-a04b-4d99-a823-4373289de38a", "uuid": "983e203b-a04b-4d99-a823-4373289de38a", "brand": "Nike", "colorway": "White/Pink-Blue", "condition": "New", "description": "The Nike Dunk Low Oxidized made its debut as a multi-colored take on Nike\u2019s Dunk Low silhouette in June 2022.\n<br>\n<br>\n\u00a0The Nike Dunk Low Oxidized sneakers\u2019 design features a crisp white leather base and a multi-colored suede overlay that is dressed in an oxidized fade. The sneaker\u2019s side heel tab and Swoosh are baby pink colored. The shoe\u2019s laces arrive in a muted blue tone color. In addition, the tongue tabs feature a colored sketch logo. Its heel collar is made of white canvas materials. The design is completed by a speckled Nike grind outsole.\n<br>\n<br>\nWhen making its debut in June 2022, the Nike Dunk Low Oxidized retailed at $100.", "media": {"smallImageUrl": "https://images.stockx.com/images/Nike-Dunk-Low-Oxidized-Product.jpg?fit=fill&bg=FFFFFF&w=300&h=214&fm=webp&auto=compress&trim=color&q=90&dpr=2&updated_at=1656421861", "thumbUrl": "https://images.stockx.com/images/Nike-Dunk-Low-Oxidized-Product.jpg?fit=fill&bg=FFFFFF&w=140&h=100&fm=webp&auto=compress&trim=color&q=90&dpr=2&updated_at=1656421861"}, "productCategory": "sneakers", "releaseDate": "2022-06-01", "retailPrice": 100, "shoe": "Nike Dunk Low", "title": "Nike Dunk Low Oxidized", "urlKey": "nike-dunk-low-oxidized", "market": {"lowestAsk": 140, "salesThisPeriod": 8, "salesLastPeriod": 0, "highestBid": 151, "volatility": 0.110118, "deadstockSold": 605, "pricePremium": 0.768, "averageDeadstockPrice": 146, "lastSale": 177, "changeValue": 32, "changePercentage": 0.219234, "lastLowestAskTime": 1663793259, "lastHighestBidTime": 1663455397, "lastSaleDate": "2022-09-21T11:07:17+00:00"}, "objectID": "983e203b-a04b-4d99-a823-4373289de38a"}, {"id": "47b09350-afb6-4697-9e78-52efca82c087", "uuid": "47b09350-afb6-4697-9e78-52efca82c087", "brand": "Nike", "colorway": "Black/White/Chile Red/Copa", "condition": "New", "description": "", "media": {"smallImageUrl": "https://images.stockx.com/images/Nike-Dunk-Low-Barbershop-Black-GS.jpg?fit=fill&bg=FFFFFF&w=300&h=214&fm=webp&auto=compress&trim=color&q=90&dpr=2&updated_at=1648623581", "thumbUrl": "https://images.stockx.com/images/Nike-Dunk-Low-Barbershop-Black-GS.jpg?fit=fill&bg=FFFFFF&w=140&h=100&fm=webp&auto=compress&trim=color&q=90&dpr=2&updated_at=1648623581"}, "productCategory": "sneakers", "releaseDate": "", "retailPrice": 95, "shoe": "Nike Dunk Low SE", "title": "Nike Dunk Low SE Barber Shop Black (GS)", "urlKey": "nike-dunk-low-barbershop-black-gs", "market": {"lowestAsk": 70, "salesThisPeriod": 8, "salesLastPeriod": 0, "highestBid": 65, "volatility": 0.105657, "deadstockSold": 200, "pricePremium": -0.189, "averageDeadstockPrice": 89, "lastSale": 77, "changeValue": 13, "changePercentage": 0.203125, "lastLowestAskTime": 1662988487, "lastHighestBidTime": 1662687596, "lastSaleDate": "2022-09-21T18:43:48+00:00"}, "objectID": "47b09350-afb6-4697-9e78-52efca82c087"}, {"id": "b3473ef6-ced2-41a4-8311-0c92c60f837c", "uuid": "b3473ef6-ced2-41a4-8311-0c92c60f837c", "brand": "Nike", "colorway": "Taupe/Chrome", "condition": "New", "description": "", "media": {"smallImageUrl": "https://images.stockx.com/images/Nike-Dunk-SB-Low-Freddy-Krueger.jpg?fit=fill&bg=FFFFFF&w=300&h=214&fm=webp&auto=compress&trim=color&q=90&dpr=2&updated_at=1607045341", "thumbUrl": "https://images.stockx.com/images/Nike-Dunk-SB-Low-Freddy-Krueger.jpg?fit=fill&bg=FFFFFF&w=140&h=100&fm=webp&auto=compress&trim=color&q=90&dpr=2&updated_at=1607045341"}, "productCategory": "sneakers", "releaseDate": "2007-01-01", "retailPrice": 0, "shoe": "Nike SB Dunk Low", "title": "Nike SB Dunk Low Freddy Krueger", "urlKey": "nike-dunk-sb-low-freddy-krueger", "market": {"lowestAsk": 32000, "salesThisPeriod": 8, "salesLastPeriod": 0, "highestBid": 42000, "volatility": 9.27783, "deadstockSold": 8, "pricePremium": 0, "averageDeadstockPrice": 10065, "lastSale": 858, "changeValue": -91, "changePercentage": -0.096464, "lastLowestAskTime": 1663639809, "lastHighestBidTime": 1663688420, "lastSaleDate": "2022-09-20T05:04:54+00:00"}, "objectID": "b3473ef6-ced2-41a4-8311-0c92c60f837c"}, {"id": "541d77c9-7423-46cb-aab3-5652e07ccf83", "uuid": "541d77c9-7423-46cb-aab3-5652e07ccf83", "brand": "Nike", "colorway": "White/Aluminum", "condition": "New", "description": "Arriving with a smooth white leather upper with Aluminum overlays, the women's Nike Dunk High Aluminum (W) offers a comparable color-blocked look to the UNC in a high-cut silhouette. Like all Nike Dunks, signature star traction is featured on the sole beneath the toe.\n<br>\n<br>\nThe women's Nike Dunk High Aluminum (W) released in September of 2021 and retailed for $110.", "media": {"smallImageUrl": "https://images.stockx.com/images/Nike-Dunk-High-Aluminum-W-Product.jpg?fit=fill&bg=FFFFFF&w=300&h=214&fm=webp&auto=compress&trim=color&q=90&dpr=2&updated_at=1629131552", "thumbUrl": "https://images.stockx.com/images/Nike-Dunk-High-Aluminum-W-Product.jpg?fit=fill&bg=FFFFFF&w=140&h=100&fm=webp&auto=compress&trim=color&q=90&dpr=2&updated_at=1629131552"}, "productCategory": "sneakers", "releaseDate": "2021-09-30", "retailPrice": 110, "shoe": "Nike Dunk High", "title": "Nike Dunk High Aluminum (W)", "urlKey": "nike-dunk-high-aluminum-w", "market": {"lowestAsk": 210, "salesThisPeriod": 7, "salesLastPeriod": 0, "highestBid": 210, "volatility": 0.170825, "deadstockSold": 8637, "pricePremium": 0.636, "averageDeadstockPrice": 203, "lastSale": 180, "changeValue": 6, "changePercentage": 0.034483, "lastLowestAskTime": 1663770382, "lastHighestBidTime": 1663043665, "lastSaleDate": "2022-09-21T14:44:20+00:00"}, "objectID": "541d77c9-7423-46cb-aab3-5652e07ccf83"}, {"id": "ac5e8e25-e1ed-4bc7-9a81-9902825a86e7", "uuid": "ac5e8e25-e1ed-4bc7-9a81-9902825a86e7", "brand": "Nike", "colorway": "Thunder Blue/Metallic Gold", "condition": "New", "description": "", "media": {"smallImageUrl": "https://images.stockx.com/images/Nike-Dunk-SB-High-Gundam-Black-Thunder-Blue-Product.jpg?fit=fill&bg=FFFFFF&w=300&h=214&fm=webp&auto=compress&trim=color&q=90&dpr=2&updated_at=1636482379", "thumbUrl": "https://images.stockx.com/images/Nike-Dunk-SB-High-Gundam-Black-Thunder-Blue-Product.jpg?fit=fill&bg=FFFFFF&w=140&h=100&fm=webp&auto=compress&trim=color&q=90&dpr=2&updated_at=1636482379"}, "productCategory": "sneakers", "releaseDate": "2021-10-09", "retailPrice": 110, "shoe": "Nike SB Dunk High", "title": "Nike SB Dunk High RX-0 Unicorn Gundam 02 Banshee", "urlKey": "nike-dunk-sb-high-gundam-black-thunder-blue", "market": {"lowestAsk": 151, "salesThisPeriod": 7, "salesLastPeriod": 0, "highestBid": 310, "volatility": 0.909671, "deadstockSold": 4336, "pricePremium": -0.091, "averageDeadstockPrice": 293, "lastSale": 100, "changeValue": -245, "changePercentage": -0.710145, "lastLowestAskTime": 1663152425, "lastHighestBidTime": 1659730183, "lastSaleDate": "2022-09-19T05:13:44+00:00"}, "objectID": "ac5e8e25-e1ed-4bc7-9a81-9902825a86e7"}, {"id": "79cde224-297f-4c4a-9bd9-1d075bf810bc", "uuid": "79cde224-297f-4c4a-9bd9-1d075bf810bc", "brand": "Nike", "colorway": "Navy/Red-White", "condition": "New", "description": "The Nike SB Dunk High Supreme By Any Means Navy is reminiscent of the Nike Dunk Low Varsity Red Navy, a Japanese-exclusive Nike Dunk CO.JP colorway that was released in 2002. In a simple two-tone color blocking, it features a smooth red leather upper with navy overlays and Swooshes. At the tongue, customized \"SUP\" woven tongue labels add a novelty touch. From there, \"By Any Means\"  and Nike NYC heel embroideries, \"Supreme Team\" collar embroidery, and a \"No Love\" toe embroidery add the finishing touches.\n<br>\n<br>\nThe Nike SB Dunk High Supreme By Any Means Navy released in March of 2022.", "media": {"smallImageUrl": "https://images.stockx.com/images/Nike-SB-Dunk-High-Supreme-By-Any-Means-Navy-Product.jpg?fit=fill&bg=FFFFFF&w=300&h=214&fm=webp&auto=compress&trim=color&q=90&dpr=2&updated_at=1646935866", "thumbUrl": "https://images.stockx.com/images/Nike-SB-Dunk-High-Supreme-By-Any-Means-Navy-Product.jpg?fit=fill&bg=FFFFFF&w=140&h=100&fm=webp&auto=compress&trim=color&q=90&dpr=2&updated_at=1646935866"}, "productCategory": "sneakers", "releaseDate": "2022-03-03", "retailPrice": 128, "shoe": "Nike SB Dunk High", "title": "Nike SB Dunk High Supreme By Any Means Navy", "urlKey": "nike-sb-dunk-high-supreme-by-any-means-navy", "market": {"lowestAsk": 162, "salesThisPeriod": 7, "salesLastPeriod": 0, "highestBid": 193, "volatility": 0.150106, "deadstockSold": 2603, "pricePremium": 0.602, "averageDeadstockPrice": 228, "lastSale": 205, "changeValue": 25, "changePercentage": 0.138889, "lastLowestAskTime": 1663764784, "lastHighestBidTime": 1663556124, "lastSaleDate": "2022-09-20T00:15:23+00:00"}, "objectID": "79cde224-297f-4c4a-9bd9-1d075bf810bc"}, {"id": "8a832bed-9d30-4546-acf5-7f6a89e82540", "uuid": "8a832bed-9d30-4546-acf5-7f6a89e82540", "brand": "Nike", "childId": null, "colorway": "White/Light Chocolate-Roma Green", "condition": "New", "description": "The Nike Dunk Low Free.99 White features a white leather upper with multi-colored overlays and a Light Chocolate Swoosh. On the insole, price sticker graphics are printed with \"Free.99\" text showing on the sticker. A white and light orange sole adds the finishing touches.\n<br>\n<br>\nThe Nike Dunk Low Free.99 White released in June of 2021 and retailed for $110.", "media": {"smallImageUrl": "https://images.stockx.com/images/Nike-Dunk-Low-Free-99-White-Product.jpg?fit=fill&bg=FFFFFF&w=300&h=214&fm=webp&auto=compress&trim=color&q=90&dpr=2&updated_at=1644311999", "thumbUrl": "https://images.stockx.com/images/Nike-Dunk-Low-Free-99-White-Product.jpg?fit=fill&bg=FFFFFF&w=140&h=100&fm=webp&auto=compress&trim=color&q=90&dpr=2&updated_at=1644311999"}, "productCategory": "sneakers", "releaseDate": "2021-06-25", "retailPrice": 110, "shoe": "Nike Dunk Low", "title": "Nike Dunk Low Free 99 White", "urlKey": "nike-dunk-low-free-99-white", "market": {"lowestAsk": 191, "salesThisPeriod": 7, "salesLastPeriod": 0, "highestBid": 220, "volatility": 0.309091, "deadstockSold": 2473, "pricePremium": 0.736, "averageDeadstockPrice": 212, "lastSale": 191, "changeValue": -33, "changePercentage": -0.147321, "lastLowestAskTime": 1663805407, "lastHighestBidTime": 1663470993, "lastSaleDate": "2022-09-21T18:13:33+00:00"}, "objectID": "8a832bed-9d30-4546-acf5-7f6a89e82540"}, {"id": "84138791-8158-476e-b543-99c41e822ec2", "uuid": "84138791-8158-476e-b543-99c41e822ec2", "brand": "Nike", "colorway": "Sail/Crimson Tint-Sail", "condition": "New", "description": "The women's Nike Dunk High Sail Crimson Tint (W) features a Sail leather upper with Crimson Tint overlays atop a Sail and Crimson Tint sole. A woven tongue label adds the finishing touches to the retro design.\n\nThe women's Nike Dunk High Sail Crimson Tint (W) released in June of 2021 and retailed for $110.", "media": {"smallImageUrl": "https://images.stockx.com/images/Nike-Dunk-High-Sail-Crimson-Tint-W-Product.jpg?fit=fill&bg=FFFFFF&w=300&h=214&fm=webp&auto=compress&trim=color&q=90&dpr=2&updated_at=1649959304", "thumbUrl": "https://images.stockx.com/images/Nike-Dunk-High-Sail-Crimson-Tint-W-Product.jpg?fit=fill&bg=FFFFFF&w=140&h=100&fm=webp&auto=compress&trim=color&q=90&dpr=2&updated_at=1649959304"}, "productCategory": "sneakers", "releaseDate": "2021-06-26", "retailPrice": 110, "shoe": "Nike Dunk High", "title": "Nike Dunk High Sail Crimson Tint (W)", "urlKey": "nike-dunk-high-sail-crimson-tint-w", "market": {"lowestAsk": 100, "salesThisPeriod": 7, "salesLastPeriod": 0, "highestBid": 100, "volatility": 0.224241, "deadstockSold": 2405, "pricePremium": -0.155, "averageDeadstockPrice": 130, "lastSale": 93, "changeValue": 3, "changePercentage": 0.033333, "lastLowestAskTime": 1663610469, "lastHighestBidTime": 1663049055, "lastSaleDate": "2022-09-19T21:29:18+00:00"}, "objectID": "84138791-8158-476e-b543-99c41e822ec2"}, {"id": "ac386cd5-64a1-40f4-a233-731a4e5a8b3f", "uuid": "ac386cd5-64a1-40f4-a233-731a4e5a8b3f", "brand": "Nike", "colorway": "Black/Varsity Maize", "condition": "New", "description": "Another one of the first Nike Dunk colorways from the 1985 \"Be True To Your School\" returned in 2020, this time in the form of the Nike Dunk High Varsity Maize. The Varsity Maize colorway pays homage to the University of Iowa, one of the first universities to partner with Nike. Also known as the \"Golden Rod\", the Nike Dunk High Iowa has inspired a few renowned Dunks, most notably the 2005 Nike SB Dunk High Golden Rod and the Wu-Tang Dunk High.\n<br>\n<br>\nThe Nike Dunk High Varsity Maize arrives in its original form, featuring a black and yellow leather upper with traditional Dunk color blocking. A woven black and yellow Nike Swoosh tongue tag, white midsole, and Varsity Maize outsole finalize this latest Dunk re-issue.\n<br>\n<br>\nThe Nike Dunk High Varsity Maize released in December of 2020 and retailed for $120.", "media": {"smallImageUrl": "https://images.stockx.com/images/Nike-Dunk-High-Black-Varsity-Maize-Product.jpg?fit=fill&bg=FFFFFF&w=300&h=214&fm=webp&auto=compress&trim=color&q=90&dpr=2&updated_at=1609445259", "thumbUrl": "https://images.stockx.com/images/Nike-Dunk-High-Black-Varsity-Maize-Product.jpg?fit=fill&bg=FFFFFF&w=140&h=100&fm=webp&auto=compress&trim=color&q=90&dpr=2&updated_at=1609445259"}, "productCategory": "sneakers", "releaseDate": "2020-12-09", "retailPrice": 120, "shoe": "Nike Dunk High", "title": "Nike Dunk High Varsity Maize", "urlKey": "nike-dunk-high-black-varsity-maize", "market": {"lowestAsk": 137, "salesThisPeriod": 7, "salesLastPeriod": 0, "highestBid": 140, "volatility": 0.153409, "deadstockSold": 2283, "pricePremium": 0.269, "averageDeadstockPrice": 186, "lastSale": 152, "changeValue": 3, "changePercentage": 0.015383, "lastLowestAskTime": 1663317683, "lastHighestBidTime": 1663495329, "lastSaleDate": "2022-09-20T00:21:54+00:00"}, "objectID": "ac386cd5-64a1-40f4-a233-731a4e5a8b3f"}, {"id": "d9e964ed-88d6-4637-ad4c-f6ecf984b824", "uuid": "d9e964ed-88d6-4637-ad4c-f6ecf984b824", "brand": "Nike", "colorway": "White/Gypsy Rose", "condition": "New", "description": "The Nike Dunk Low White Gypsy Rose (Preschool) has red laces that lay on a red and white tongue. The shoe\u2019s symbol is included at the highest point of the tongue in red.\n<br>\n<br>\nThe sole of this shoe is a bright red, with a white midsole on top. The body of this model is made from a mixture of smooth and pebbled leather, some of which is red and some of which is white. \n<br>\n<br>\nThe Nike Dunk Low White Gypsy Rose PS was first released on the market in December of 2021. This model had a starting retail price of $65 for children\u2019s sizing.", "media": {"smallImageUrl": "https://images.stockx.com/images/Nike-Dunk-Low-White-Gypsy-Rose-PS-Product.jpg?fit=fill&bg=FFFFFF&w=300&h=214&fm=webp&auto=compress&trim=color&q=90&dpr=2&updated_at=1641394410", "thumbUrl": "https://images.stockx.com/images/Nike-Dunk-Low-White-Gypsy-Rose-PS-Product.jpg?fit=fill&bg=FFFFFF&w=140&h=100&fm=webp&auto=compress&trim=color&q=90&dpr=2&updated_at=1641394410"}, "productCategory": "sneakers", "releaseDate": "2021-12-13", "retailPrice": 65, "shoe": "Nike Dunk Low", "title": "Nike Dunk Low White Gypsy Rose (PS)", "urlKey": "nike-dunk-low-white-gypsy-rose-ps", "market": {"lowestAsk": 72, "salesThisPeriod": 7, "salesLastPeriod": 0, "highestBid": 100, "volatility": 0.150719, "deadstockSold": 2184, "pricePremium": 0.246, "averageDeadstockPrice": 84, "lastSale": 81, "changeValue": 13, "changePercentage": 0.191176, "lastLowestAskTime": 1663694417, "lastHighestBidTime": 1663725254, "lastSaleDate": "2022-09-21T16:44:14+00:00"}, "objectID": "d9e964ed-88d6-4637-ad4c-f6ecf984b824"}, {"id": "76e2ed20-ca3c-4c59-bd4e-7552f2c4ef2a", "uuid": "76e2ed20-ca3c-4c59-bd4e-7552f2c4ef2a", "brand": "Nike", "colorway": "Fossil Stone/Fossil Stone/Multi-Color", "condition": "New", "description": "The women's Nike Dunk Low SE Primal Pink (W) arrives with monochromatic smooth pink leather upper and mixed material Swooshes that consist of cheetah print suede, black snakeskin-textured leather, and cracked metallic leather. A triple white sole and Nike branded woven tongue labels add the finishing touches.<br><br>The women's Nike Dunk Low SE Primal Pink (W) released in December of 2021 and retailed for $110. ", "media": {"smallImageUrl": "https://images.stockx.com/images/Nike-Dunk-Low-SE-Animal-Insrinct-Fossil-Stone-W-Product.jpg?fit=fill&bg=FFFFFF&w=300&h=214&fm=webp&auto=compress&trim=color&q=90&dpr=2&updated_at=1641585154", "thumbUrl": "https://images.stockx.com/images/Nike-Dunk-Low-SE-Animal-Insrinct-Fossil-Stone-W-Product.jpg?fit=fill&bg=FFFFFF&w=140&h=100&fm=webp&auto=compress&trim=color&q=90&dpr=2&updated_at=1641585154"}, "productCategory": "sneakers", "releaseDate": "2021-12-22", "retailPrice": 110, "shoe": "Nike Dunk Low SE", "title": "Nike Dunk Low SE Primal Pink (W)", "urlKey": "nike-dunk-low-se-animal-instinct-fossil-stone-w", "market": {"lowestAsk": 70, "salesThisPeriod": 7, "salesLastPeriod": 0, "highestBid": 65, "volatility": 0.133129, "deadstockSold": 1858, "pricePremium": -0.2, "averageDeadstockPrice": 105, "lastSale": 88, "changeValue": 4, "changePercentage": 0.047619, "lastLowestAskTime": 1663509037, "lastHighestBidTime": 1663605905, "lastSaleDate": "2022-09-20T17:14:48+00:00"}, "objectID": "76e2ed20-ca3c-4c59-bd4e-7552f2c4ef2a"}, {"id": "50c22357-e40b-4339-ac88-360ae147bcbb", "uuid": "50c22357-e40b-4339-ac88-360ae147bcbb", "brand": "Nike", "colorway": "Sail/Blue-Green Aqua", "condition": "New", "description": "Nike SB offers a tropical take on one of their most renowned silhouettes with the Nike SB Dunk High Hawaii. The Hawaiian theme of this colorway references the cannabis strain Maui Wowie, similarly to how other 4/20 releases have referenced cannabis strain names, like the 2018 Nike SB Dunk Mid White Widow.\n<br>\n<br>\nThe upper of the Nike SB Dunk High Hawaii is covered in a blue, green, and pink floral fabric with a Sail textile Swoosh and tongue. With plenty of hard usage over time, the top layer of the upper wears away to reveal an orange floral fabric upper with shaggy green suede overlays. From there, a hidden stash pocket is located in the tongue. A bright orange Nike SB tongue tag, white midsole, and Sail outsole wrap up this island-themed design.\n<br>\n<br>\nThe Nike SB Dunk High Hawaii released in April of 2021 and retailed for $120.", "media": {"smallImageUrl": "https://images.stockx.com/images/Nike-SB-Dunk-High-Hawaii-Product.jpg?fit=fill&bg=FFFFFF&w=300&h=214&fm=webp&auto=compress&trim=color&q=90&dpr=2&updated_at=1619204997", "thumbUrl": "https://images.stockx.com/images/Nike-SB-Dunk-High-Hawaii-Product.jpg?fit=fill&bg=FFFFFF&w=140&h=100&fm=webp&auto=compress&trim=color&q=90&dpr=2&updated_at=1619204997"}, "productCategory": "sneakers", "releaseDate": "2021-04-23", "retailPrice": 120, "shoe": "Nike SB Dunk High", "title": "Nike SB Dunk High Hawaii", "urlKey": "nike-sb-dunk-high-hawaii", "market": {"lowestAsk": 179, "salesThisPeriod": 7, "salesLastPeriod": 0, "highestBid": 450, "volatility": 0.297375, "deadstockSold": 1836, "pricePremium": 0.458, "averageDeadstockPrice": 252, "lastSale": 175, "changeValue": -1, "changePercentage": -0.005682, "lastLowestAskTime": 1663680181, "lastHighestBidTime": 1662434683, "lastSaleDate": "2022-09-21T14:31:41+00:00"}, "objectID": "50c22357-e40b-4339-ac88-360ae147bcbb"}, {"id": "163ed0f9-cdb1-46ad-8d7b-ba791cdf1fba", "uuid": "163ed0f9-cdb1-46ad-8d7b-ba791cdf1fba", "brand": "Nike", "colorway": "Medium Grey/Black-White-Clear Jade", "condition": "New", "description": "Nike SB paid homage to the Air Max 1 atmos and added the iconic elephant print to the Dunk with the Nike SB Dunk Low atmos Elephant. While this SB Dunk is not an official atmos collaboration, it definitely looks the part.\n<br>\n<br>\nThe Nike SB Dunk Low atmos Elephant features a white leather and black nubuck upper with Cement Grey Elephant print overlays and a Clear Jade Swoosh. A padded SB tongue, Elephant print heel tab with Nike embroidery, white midsole, and black outsole complete the design.\n<br>\n<br>\nThe Nike SB Dunk Low atmos Elephant released in November of 2020 and retailed for $100.\n", "media": {"smallImageUrl": "https://images.stockx.com/images/Nike-SB-Dunk-Low-atmos-Elephant-Product.jpg?fit=fill&bg=FFFFFF&w=300&h=214&fm=webp&auto=compress&trim=color&q=90&dpr=2&updated_at=1653400056", "thumbUrl": "https://images.stockx.com/images/Nike-SB-Dunk-Low-atmos-Elephant-Product.jpg?fit=fill&bg=FFFFFF&w=140&h=100&fm=webp&auto=compress&trim=color&q=90&dpr=2&updated_at=1653400056"}, "productCategory": "sneakers", "releaseDate": "2020-11-11", "retailPrice": 110, "shoe": "Nike SB Dunk Low", "title": "Nike SB Dunk Low atmos Elephant", "urlKey": "nike-sb-dunk-low-atmos-elephant", "market": {"lowestAsk": 239, "salesThisPeriod": 7, "salesLastPeriod": 0, "highestBid": 330, "volatility": 0.14661, "deadstockSold": 1490, "pricePremium": 2.182, "averageDeadstockPrice": 332, "lastSale": 350, "changeValue": 30, "changePercentage": 0.09375, "lastLowestAskTime": 1663695645, "lastHighestBidTime": 1663602856, "lastSaleDate": "2022-09-21T17:27:11+00:00"}, "objectID": "163ed0f9-cdb1-46ad-8d7b-ba791cdf1fba"}, {"id": "5e684aa9-3f4c-4b91-ace7-140a0c4b17fb", "uuid": "5e684aa9-3f4c-4b91-ace7-140a0c4b17fb", "brand": "Nike", "colorway": "Veneer/Autumn Green-Deep Purple", "condition": "New", "description": "Following February 2020\u2019s release of the Nike Dunk Low Plum, Nike made the next step to completely retro the 2001 CO.JP Ugly Duckling Pack with the re-release of the Nike Dunk Low Veneer. Similar to the Plum Dunk Low, the Veneer colorway had never seen a retro until this 2020. \n<br>\n<br>\nThe Nike Dunk Low Veneer arrived in its OG form. Premium suede wraps the upper in shades of brown, green, and purple, providing nostalgic appeal for those who missed out on the 2001 issue. A mesh tongue, embroidered Nike lettering on the heel, and a white and purple sole add finishing touches to this cult classic.\n<br>\n<br>\nThe Nike Dunk Low CO.JP Veneer released in November of 2020 and retailed for $100.\n", "media": {"smallImageUrl": "https://images.stockx.com/images/Nike-Dunk-Low-Veneer-2020-Product.jpg?fit=fill&bg=FFFFFF&w=300&h=214&fm=webp&auto=compress&trim=color&q=90&dpr=2&updated_at=1635269034", "thumbUrl": "https://images.stockx.com/images/Nike-Dunk-Low-Veneer-2020-Product.jpg?fit=fill&bg=FFFFFF&w=140&h=100&fm=webp&auto=compress&trim=color&q=90&dpr=2&updated_at=1635269034"}, "productCategory": "sneakers", "releaseDate": "2020-11-10", "retailPrice": 100, "shoe": "Nike Dunk Low", "title": "Nike Dunk Low Veneer (2020)", "urlKey": "nike-dunk-low-veneer-2020", "market": {"lowestAsk": 275, "salesThisPeriod": 7, "salesLastPeriod": 0, "highestBid": 332, "volatility": 0.179199, "deadstockSold": 1445, "pricePremium": 1.44, "averageDeadstockPrice": 316, "lastSale": 244, "changeValue": -56, "changePercentage": -0.186667, "lastLowestAskTime": 1663740039, "lastHighestBidTime": 1661766974, "lastSaleDate": "2022-09-21T06:43:44+00:00"}, "objectID": "5e684aa9-3f4c-4b91-ace7-140a0c4b17fb"}, {"id": "4c132212-0f59-4d8c-a1fe-619ae32c0239", "uuid": "4c132212-0f59-4d8c-a1fe-619ae32c0239", "brand": "Nike", "colorway": "Wolf Grey/White/University Red", "condition": "New", "description": "The Nike Dunk Low White Grey Red (GS) for grade schoolers has gray shoelaces that are on top of a white tongue. This shoe works well for minimal exercise and walking on a daily basis.\n<br>\n<br>\nThis low-top model has a bright white base with patches of gray pebbled leather on the ankle and toes. The Nike swoosh symbol appears in bright red, and the Nike logo on the back of the ankle.\n<br>\n<br>\nThe initial release date of the Nike Dunk Low White Grey Red (GS) for grade schoolers was in May 2022. This model was released at a retail price of $90.", "media": {"smallImageUrl": "https://images.stockx.com/images/Nike-Dunk-Low-White-Grey-Red-GS-Product.jpg?fit=fill&bg=FFFFFF&w=300&h=214&fm=webp&auto=compress&trim=color&q=90&dpr=2&updated_at=1652712381", "thumbUrl": "https://images.stockx.com/images/Nike-Dunk-Low-White-Grey-Red-GS-Product.jpg?fit=fill&bg=FFFFFF&w=140&h=100&fm=webp&auto=compress&trim=color&q=90&dpr=2&updated_at=1652712381"}, "productCategory": "sneakers", "releaseDate": "2022-05-10", "retailPrice": 85, "shoe": "Nike Dunk Low", "title": "Nike Dunk Low White Grey Red (GS)", "urlKey": "nike-dunk-low-white-grey-red-gs", "market": {"lowestAsk": 130, "salesThisPeriod": 7, "salesLastPeriod": 0, "highestBid": 157, "volatility": 0.120129, "deadstockSold": 1311, "pricePremium": 0.8, "averageDeadstockPrice": 131, "lastSale": 153, "changeValue": -8, "changePercentage": -0.049689, "lastLowestAskTime": 1663488896, "lastHighestBidTime": 1663714075, "lastSaleDate": "2022-09-21T11:18:00+00:00"}, "objectID": "4c132212-0f59-4d8c-a1fe-619ae32c0239"}, {"id": "f5084b32-3336-4150-b5a8-32737685847e", "uuid": "f5084b32-3336-4150-b5a8-32737685847e", "brand": "Nike", "colorway": "Metallic Copper/Light Silver-Pueblo Brown-Metallic Silver", "condition": "New", "description": "The Nike Dunk Low continues its reign into the new year with the Street Hawker colorway. Originally thought to be a design to celebrate Chinese New Year, the story behind the upper is unique in itself, reflecting on the world-wide love for Chinese food. \n<br>\n<br>\nThe Nike Dunk Low Street Hawker is a piece of artwork in itself, as the upper features mismatched watercolors on a majority canvas, leather, and suede construction. From there, Chinese characters replace traditional \"Nike\" heel embroidery. Additionally, a stitched copper coin pays homage to Eastern culinary culture. \n<br>\n<br>\nThe Nike Dunk Low releases in January 2021 and retails for $110.", "media": {"smallImageUrl": "https://images.stockx.com/images/Nike-SB-Dunk-Low-CNY-Chinese-New-Year-2021-Product.jpg?fit=fill&bg=FFFFFF&w=300&h=214&fm=webp&auto=compress&trim=color&q=90&dpr=2&updated_at=1611767778", "thumbUrl": "https://images.stockx.com/images/Nike-SB-Dunk-Low-CNY-Chinese-New-Year-2021-Product.jpg?fit=fill&bg=FFFFFF&w=140&h=100&fm=webp&auto=compress&trim=color&q=90&dpr=2&updated_at=1611767778"}, "productCategory": "sneakers", "releaseDate": "2021-01-22", "retailPrice": 110, "shoe": "Nike SB Dunk Low", "title": "Nike SB Dunk Low Street Hawker (2021)", "urlKey": "nike-sb-dunk-low-street-hawker", "market": {"lowestAsk": 379, "salesThisPeriod": 7, "salesLastPeriod": 0, "highestBid": 435, "volatility": 0.220365, "deadstockSold": 1186, "pricePremium": 2.277, "averageDeadstockPrice": 468, "lastSale": 360, "changeValue": -65, "changePercentage": -0.153766, "lastLowestAskTime": 1663768256, "lastHighestBidTime": 1663290243, "lastSaleDate": "2022-09-21T13:50:14+00:00"}, "objectID": "f5084b32-3336-4150-b5a8-32737685847e"}, {"id": "43fe606a-b1c7-4249-8d1e-2935bb892f73", "uuid": "43fe606a-b1c7-4249-8d1e-2935bb892f73", "brand": "Nike", "colorway": "Copa/University Blue/White/Game Royal", "condition": "New", "description": "This Nike shoe is the first edition of the company\u2019s \"I Got Next\" series, a collection made just for kids to inspire the next generation of basketball players. These particular Nike Dunks have a high-top design with a blue-themed colorway that mirrors the 2001 Argon.\n<br>\n<br>\nThe Nike Dunk High I Got Next sneakers have white laces, a light-blue overlay, and white midsoles that blend beautifully with the blue outsole. The shoe has prominent Nike branding, with a dark-blue Swoosh on the outside and white on the inside. Finally, the sneaker features the text \"I GOT NEXT\" on each heel's lateral side.\n<br>\n<br>\nThe Nike Dunk High I Got Next was released in July, 2022, at $125 retail price.", "media": {"smallImageUrl": "https://images.stockx.com/images/Nike-Dunk-High-I-Got-Next-Product.jpg?fit=fill&bg=FFFFFF&w=300&h=214&fm=webp&auto=compress&trim=color&q=90&dpr=2&updated_at=1658152776", "thumbUrl": "https://images.stockx.com/images/Nike-Dunk-High-I-Got-Next-Product.jpg?fit=fill&bg=FFFFFF&w=140&h=100&fm=webp&auto=compress&trim=color&q=90&dpr=2&updated_at=1658152776"}, "productCategory": "sneakers", "releaseDate": "2022-07-06", "retailPrice": 125, "shoe": "Nike Dunk High", "title": "Nike Dunk High I Got Next", "urlKey": "nike-dunk-high-i-got-next", "market": {"lowestAsk": 130, "salesThisPeriod": 7, "salesLastPeriod": 0, "highestBid": 170, "volatility": 0.14645, "deadstockSold": 1142, "pricePremium": 0.864, "averageDeadstockPrice": 143, "lastSale": 233, "changeValue": 26, "changePercentage": 0.122469, "lastLowestAskTime": 1663728646, "lastHighestBidTime": 1663803808, "lastSaleDate": "2022-09-21T23:27:25+00:00"}, "objectID": "43fe606a-b1c7-4249-8d1e-2935bb892f73"}, {"id": "4085cf95-8d7b-4931-a8e7-02e14ad139b1", "uuid": "4085cf95-8d7b-4931-a8e7-02e14ad139b1", "brand": "Nike", "colorway": "Red/White-Ice", "condition": "New", "description": "Skateboarder Daniel Kim\u2019s brand, Stingwater, teamed up with Nike SB to release the Nike SB Dunk Low Stingwater Magic Mushroom. The collaboration draws inspiration from one of Stingwater\u2019s central motifs: psilocybin mushrooms, and their mythical properties.\n<br>\n<br>\nThe Nike SB Dunk Low Stingwater Magic Mushroom features a University Red leather upper with safari print overlays and cream corduroy lining, nodding to the gills of a mushroom. A mini jewel Swoosh is set on the quarter panel alongside Stingwater branding. On the inside of the tongue there is a hidden stash pocket to carry whatever you\u2019d like to keep secret, and an \"icy\" translucent sole adds the finishing touch.\n<br>\n<br>\nThe Nike SB Dunk Low Stingwater Magic Mushroom released in May of 2021 and retailed for $125.", "media": {"smallImageUrl": "https://images.stockx.com/images/Nike-Dunk-SB-Low-Stingwater-Magic-Mushroom-Product.jpg?fit=fill&bg=FFFFFF&w=300&h=214&fm=webp&auto=compress&trim=color&q=90&dpr=2&updated_at=1620417153", "thumbUrl": "https://images.stockx.com/images/Nike-Dunk-SB-Low-Stingwater-Magic-Mushroom-Product.jpg?fit=fill&bg=FFFFFF&w=140&h=100&fm=webp&auto=compress&trim=color&q=90&dpr=2&updated_at=1620417153"}, "productCategory": "sneakers", "releaseDate": "2021-05-10", "retailPrice": 125, "shoe": "Nike SB Dunk Low", "title": "Nike SB Dunk Low Stingwater Magic Mushroom", "urlKey": "nike-dunk-sb-low-stingwater-magic-mushroom", "market": {"lowestAsk": 175, "salesThisPeriod": 7, "salesLastPeriod": 0, "highestBid": 340, "volatility": 0.164163, "deadstockSold": 1131, "pricePremium": 1.485, "averageDeadstockPrice": 277, "lastSale": 311, "changeValue": 93, "changePercentage": 0.424863, "lastLowestAskTime": 1663656180, "lastHighestBidTime": 1663606953, "lastSaleDate": "2022-09-20T15:48:30+00:00"}, "objectID": "4085cf95-8d7b-4931-a8e7-02e14ad139b1"}, {"id": "4fe880a0-3edc-447b-9d8a-815e3651bac3", "uuid": "4fe880a0-3edc-447b-9d8a-815e3651bac3", "brand": "Nike", "colorway": "Latte/Maroon/White-Khaki", "condition": "New", "description": "Nike adds the familiar shades of chocolate brown with a muted pink, with touches of pecan brown and latte cream white in the 2022 Nike Dunk Low Scrap Latte.\n<br>\n<br>\nThe Nike Dunk Low Scrap Latte comes constructed in a mix of mesh, leather, and suede materials detailed with patchwork overlays and exposed stitching. Branding takes the form of double Swooshes and Nike embroidery on the heel tab and tongue tag. A white midsole atop a beige rubber outsole completes the design.\n<br>\n<br>\nThe Nike Dunk Low Scrap Latte was released in May 2022 and retailed for $110.", "media": {"smallImageUrl": "https://images.stockx.com/images/Nike-Dunk-Low-Scrap-Latte-Product.jpg?fit=fill&bg=FFFFFF&w=300&h=214&fm=webp&auto=compress&trim=color&q=90&dpr=2&updated_at=1652121010", "thumbUrl": "https://images.stockx.com/images/Nike-Dunk-Low-Scrap-Latte-Product.jpg?fit=fill&bg=FFFFFF&w=140&h=100&fm=webp&auto=compress&trim=color&q=90&dpr=2&updated_at=1652121010"}, "productCategory": "sneakers", "releaseDate": "2022-05-01", "retailPrice": 110, "shoe": "Nike Dunk Low Scrap", "title": "Nike Dunk Low Scrap Latte", "urlKey": "nike-dunk-low-scrap-latte", "market": {"lowestAsk": 114, "salesThisPeriod": 7, "salesLastPeriod": 0, "highestBid": 156, "volatility": 0.113856, "deadstockSold": 1105, "pricePremium": 0.382, "averageDeadstockPrice": 144, "lastSale": 152, "changeValue": -23, "changePercentage": -0.135893, "lastLowestAskTime": 1663751827, "lastHighestBidTime": 1661285910, "lastSaleDate": "2022-09-20T22:35:14+00:00"}, "objectID": "4fe880a0-3edc-447b-9d8a-815e3651bac3"}, {"id": "53abe72f-8baa-40c1-ae70-eaa3894ca6fe", "uuid": "53abe72f-8baa-40c1-ae70-eaa3894ca6fe", "brand": "Nike", "colorway": "Multi-Color/Multi-Color", "condition": "New", "description": "Nike SB and Ben & Jerry\u2019s joined forces to add a new animated release to SB history with the Nike SB Dunk Low Ben & Jerry\u2019s Chunky Dunky, now available on StockX. Drawing inspiration from Ben & Jerry\u2019s colorful ice cream pint packaging, this release goes beyond a simple new colorway and features unique detailing that has never been used on the Dunk Low silhouette.\n<br>\n<br>\nThis Nike SB Dunk Low is composed of a cloudy blue sky and green meadow leather upper with faux cowhide on the overlays and tongues. Yellow Swooshes on the side resemble melting ice cream with leather protruding the standard pattern in a drip-like fashion. Tie-dye interiors, Ben & Jerry\u2019s style Nike branding on the heel tab, and a white and green sole completes the design. These sneakers released in May of 2020 and retailed for $100 USD.", "media": {"smallImageUrl": "https://images.stockx.com/images/Nike-SB-Dunk-Low-Ben-Jerrys-Chunky-Dunky-Product.jpg?fit=fill&bg=FFFFFF&w=300&h=214&fm=webp&auto=compress&trim=color&q=90&dpr=2&updated_at=1607043246", "thumbUrl": "https://images.stockx.com/images/Nike-SB-Dunk-Low-Ben-Jerrys-Chunky-Dunky-Product.jpg?fit=fill&bg=FFFFFF&w=140&h=100&fm=webp&auto=compress&trim=color&q=90&dpr=2&updated_at=1607043246"}, "productCategory": "sneakers", "releaseDate": "2020-05-26", "retailPrice": 100, "shoe": "Nike SB Dunk Low", "title": "Nike SB Dunk Low Ben & Jerry's Chunky Dunky", "urlKey": "nike-sb-dunk-low-ben-jerrys-chunky-dunky", "market": {"lowestAsk": 1264, "salesThisPeriod": 7, "salesLastPeriod": 0, "highestBid": 2200, "volatility": 0.22613, "deadstockSold": 951, "pricePremium": 10.05, "averageDeadstockPrice": 1515, "lastSale": 1105, "changeValue": -134, "changePercentage": -0.108518, "lastLowestAskTime": 1663582799, "lastHighestBidTime": 1663751309, "lastSaleDate": "2022-09-21T21:20:05+00:00"}, "objectID": "53abe72f-8baa-40c1-ae70-eaa3894ca6fe"}, {"id": "1cd9958a-a90f-4652-8592-b9677e2119cd", "uuid": "1cd9958a-a90f-4652-8592-b9677e2119cd", "brand": "Nike", "colorway": "Black/Multi-Color-Black", "condition": "New", "description": "", "media": {"smallImageUrl": "https://images.stockx.com/images/Nike-Dunk-Low-Animal-Instinct-Black-W-Product.jpg?fit=fill&bg=FFFFFF&w=300&h=214&fm=webp&auto=compress&trim=color&q=90&dpr=2&updated_at=1643118752", "thumbUrl": "https://images.stockx.com/images/Nike-Dunk-Low-Animal-Instinct-Black-W-Product.jpg?fit=fill&bg=FFFFFF&w=140&h=100&fm=webp&auto=compress&trim=color&q=90&dpr=2&updated_at=1643118752"}, "productCategory": "sneakers", "releaseDate": "", "retailPrice": 110, "shoe": "Nike Dunk Low SE", "title": "Nike Dunk Low SE Primal Black (W)", "urlKey": "nike-dunk-low-animal-instinct-black-w", "market": {"lowestAsk": 48, "salesThisPeriod": 7, "salesLastPeriod": 0, "highestBid": 65, "volatility": 0.168748, "deadstockSold": 891, "pricePremium": -0.168, "averageDeadstockPrice": 79, "lastSale": 91, "changeValue": 40, "changePercentage": 0.759246, "lastLowestAskTime": 1663701997, "lastHighestBidTime": 1663675115, "lastSaleDate": "2022-09-20T18:02:32+00:00"}, "objectID": "1cd9958a-a90f-4652-8592-b9677e2119cd"}, {"id": "bb6380ec-9cd1-43ed-9097-8844a948ec8f", "uuid": "bb6380ec-9cd1-43ed-9097-8844a948ec8f", "brand": "Nike", "colorway": "Light Soft Pink/Pale Coral", "condition": "New", "description": "", "media": {"smallImageUrl": "https://images.stockx.com/images/Nike-Dunk-Low-Disrupt-W-Product.jpg?fit=fill&bg=FFFFFF&w=300&h=214&fm=webp&auto=compress&trim=color&q=90&dpr=2&updated_at=1633366220", "thumbUrl": "https://images.stockx.com/images/Nike-Dunk-Low-Disrupt-W-Product.jpg?fit=fill&bg=FFFFFF&w=140&h=100&fm=webp&auto=compress&trim=color&q=90&dpr=2&updated_at=1633366220"}, "productCategory": "sneakers", "releaseDate": "2021-08-03", "retailPrice": 110, "shoe": "Nike Dunk Low Disrupt", "title": "Nike Dunk Low Disrupt Light Soft Pink (W)", "urlKey": "nike-dunk-low-disrupt-light-soft-pink-w", "market": {"lowestAsk": 84, "salesThisPeriod": 7, "salesLastPeriod": 0, "highestBid": 109, "volatility": 0.13575, "deadstockSold": 768, "pricePremium": -0.164, "averageDeadstockPrice": 108, "lastSale": 92, "changeValue": 0, "changePercentage": 0, "lastLowestAskTime": 1663778637, "lastHighestBidTime": 1662981097, "lastSaleDate": "2022-09-20T19:04:55+00:00"}, "objectID": "bb6380ec-9cd1-43ed-9097-8844a948ec8f"}, {"id": "a89f9183-9f6d-4ff7-bffc-e31f4f0fe388", "uuid": "a89f9183-9f6d-4ff7-bffc-e31f4f0fe388", "brand": "Nike", "colorway": "Wolf Grey/Neutral Grey-Sail", "condition": "New", "description": "The Nike Dunk High Premium Culture Day was designed and manufactured by Nike and inspired by the extinct Naumann's elephant species.\n<br>\n<br>\nNike Dunk High Premium Culture Day features a gray suede overlay. The underlay is made of crumbled leather. Additionally, the shoe\u2019s Swoosh is made of smooth white leather and its tongue from traditional nylon. The shoes also include the Nike logo on the side, in light gray, with a black collar. The overall design is light blue and gray shoe with a touch of white.\n<br>\n<br>\nNike Dunk High Premium Culture Day was released on April 27, 2022, and retailed at $110.", "media": {"smallImageUrl": "https://images.stockx.com/images/Nike-Dunk-High-Premium-Culture-Day.jpg?fit=fill&bg=FFFFFF&w=300&h=214&fm=webp&auto=compress&trim=color&q=90&dpr=2&updated_at=1650530433", "thumbUrl": "https://images.stockx.com/images/Nike-Dunk-High-Premium-Culture-Day.jpg?fit=fill&bg=FFFFFF&w=140&h=100&fm=webp&auto=compress&trim=color&q=90&dpr=2&updated_at=1650530433"}, "productCategory": "sneakers", "releaseDate": "2022-04-27", "retailPrice": 110, "shoe": "Nike Dunk High Premium", "title": "Nike Dunk High Premium Culture Day", "urlKey": "nike-dunk-high-premium-culture-day", "market": {"lowestAsk": 83, "salesThisPeriod": 7, "salesLastPeriod": 0, "highestBid": 85, "volatility": 0.13788, "deadstockSold": 427, "pricePremium": -0.145, "averageDeadstockPrice": 104, "lastSale": 94, "changeValue": 9, "changePercentage": 0.105882, "lastLowestAskTime": 1663394040, "lastHighestBidTime": 1663342165, "lastSaleDate": "2022-09-19T21:13:05+00:00"}, "objectID": "a89f9183-9f6d-4ff7-bffc-e31f4f0fe388"}]}