{"Pagination": {"query": "nike dunk", "queryID": "101b323b5874b83af88a728f5e0c7a4e", "index": "PRODUCTION_PG_FEATURED_DESC", "limit": 40, "page": 18, "total": 2031, "lastPage": "/api/v3/browse?_search=nike%20dunk&dataType=product&facetsToRetrieve=%7B%7D&filterVersion=4&page=25&propsToRetrieve=brand%2CchildId%2Ccolorway%2Ccondition%2Cdescription%2Cid%2Cmarket.averageDeadstockPrice%2Cmarket.bidAskData%2Cmarket.changePercentage%2Cmarket.changeValue%2Cmarket.deadstockSold%2Cmarket.highestBid%2Cmarket.lastHighestBidTime%2Cmarket.lastLowestAskTime%2Cmarket.lastSale%2Cmarket.lastSaleDate%2Cmarket.lastSaleValue%2Cmarket.lowestAsk%2Cmarket.pricePremium%2Cmarket.salesInformation%2Cmarket.salesLastPeriod%2Cmarket.salesThisPeriod%2Cmarket.volatility%2Cmedia.smallImageUrl%2Cmedia.thumbUrl%2CproductCategory%2CreleaseDate%2CretailPrice%2Cshoe%2Ctitle%2CurlKey%2Cuuid", "sort": ["featured"], "order": ["DESC"], "currentPage": "/api/v3/browse?_search=nike%20dunk&dataType=product&facetsToRetrieve=%7B%7D&filterVersion=4&page=18&propsToRetrieve=brand%2CchildId%2Ccolorway%2Ccondition%2Cdescription%2Cid%2Cmarket.averageDeadstockPrice%2Cmarket.bidAskData%2Cmarket.changePercentage%2Cmarket.changeValue%2Cmarket.deadstockSold%2Cmarket.highestBid%2Cmarket.lastHighestBidTime%2Cmarket.lastLowestAskTime%2Cmarket.lastSale%2Cmarket.lastSaleDate%2Cmarket.lastSaleValue%2Cmarket.lowestAsk%2Cmarket.pricePremium%2Cmarket.salesInformation%2Cmarket.salesLastPeriod%2Cmarket.salesThisPeriod%2Cmarket.volatility%2Cmedia.smallImageUrl%2Cmedia.thumbUrl%2CproductCategory%2CreleaseDate%2CretailPrice%2Cshoe%2Ctitle%2CurlKey%2Cuuid", "nextPage": "/api/v3/browse?_search=nike%20dunk&dataType=product&facetsToRetrieve=%7B%7D&filterVersion=4&page=19&propsToRetrieve=brand%2CchildId%2Ccolorway%2Ccondition%2Cdescription%2Cid%2Cmarket.averageDeadstockPrice%2Cmarket.bidAskData%2Cmarket.changePercentage%2Cmarket.changeValue%2Cmarket.deadstockSold%2Cmarket.highestBid%2Cmarket.lastHighestBidTime%2Cmarket.lastLowestAskTime%2Cmarket.lastSale%2Cmarket.lastSaleDate%2Cmarket.lastSaleValue%2Cmarket.lowestAsk%2Cmarket.pricePremium%2Cmarket.salesInformation%2Cmarket.salesLastPeriod%2Cmarket.salesThisPeriod%2Cmarket.volatility%2Cmedia.smallImageUrl%2Cmedia.thumbUrl%2CproductCategory%2CreleaseDate%2CretailPrice%2Cshoe%2Ctitle%2CurlKey%2Cuuid", "previousPage": "/api/v3/browse?_search=nike%20dunk&dataType=product&facetsToRetrieve=%7B%7D&filterVersion=4&page=17&propsToRetrieve=brand%2CchildId%2Ccolorway%2Ccondition%2Cdescription%2Cid%2Cmarket.averageDeadstockPrice%2Cmarket.bidAskData%2Cmarket.changePercentage%2Cmarket.changeValue%2Cmarket.deadstockSold%2Cmarket.highestBid%2Cmarket.lastHighestBidTime%2Cmarket.lastLowestAskTime%2Cmarket.lastSale%2Cmarket.lastSaleDate%2Cmarket.lastSaleValue%2Cmarket.lowestAsk%2Cmarket.pricePremium%2Cmarket.salesInformation%2Cmarket.salesLastPeriod%2Cmarket.salesThisPeriod%2Cmarket.volatility%2Cmedia.smallImageUrl%2Cmedia.thumbUrl%2CproductCategory%2CreleaseDate%2CretailPrice%2Cshoe%2Ctitle%2CurlKey%2Cuuid"}, "Facets": {}, "Products": [{"id": "8608f6fb-78e3-4740-bb3b-cf0859ef04a9", "uuid": "8608f6fb-78e3-4740-bb3b-cf0859ef04a9", "brand": "Nike", "colorway": "White/Sea Glass", "condition": "New", "description": "", "media": {"smallImageUrl": "https://images.stockx.com/images/Nike-Dunk-Low-Disrupt-Sea-Glass-White-W-Product.jpg?fit=fill&bg=FFFFFF&w=300&h=214&fm=webp&auto=compress&trim=color&q=90&dpr=2&updated_at=1648050203", "thumbUrl": "https://images.stockx.com/images/Nike-Dunk-Low-Disrupt-Sea-Glass-White-W-Product.jpg?fit=fill&bg=FFFFFF&w=140&h=100&fm=webp&auto=compress&trim=color&q=90&dpr=2&updated_at=1648050203"}, "productCategory": "sneakers", "releaseDate": "2021-04-28", "retailPrice": 110, "shoe": "Nike Dunk Low Disrupt", "title": "Nike Dunk Low Disrupt Sea Glass White (W)", "urlKey": "nike-dunk-low-disrupt-sea-glass-white-w", "market": {"lowestAsk": 230, "salesThisPeriod": 0, "salesLastPeriod": 0, "highestBid": 200, "volatility": 0.167933, "deadstockSold": 1334, "pricePremium": 1.682, "averageDeadstockPrice": 177, "lastSale": 295, "changeValue": 80, "changePercentage": 0.366376, "lastLowestAskTime": 1662555939, "lastHighestBidTime": 1663263040, "lastSaleDate": "2022-09-16T00:07:20+00:00"}, "objectID": "8608f6fb-78e3-4740-bb3b-cf0859ef04a9"}, {"id": "d0623612-9231-419c-a76c-1e9017bc23a1", "uuid": "d0623612-9231-419c-a76c-1e9017bc23a1", "brand": "Nike", "colorway": "University Gold/University Gold-Black", "condition": "New", "description": "", "media": {"smallImageUrl": "https://images.stockx.com/images/Nike-Air-Rubber-Dunk-Off-White-University-Gold-TD.png?fit=fill&bg=FFFFFF&w=300&h=214&fm=webp&auto=compress&trim=color&q=90&dpr=2&updated_at=1607060584", "thumbUrl": "https://images.stockx.com/images/Nike-Air-Rubber-Dunk-Off-White-University-Gold-TD.png?fit=fill&bg=FFFFFF&w=140&h=100&fm=webp&auto=compress&trim=color&q=90&dpr=2&updated_at=1607060584"}, "productCategory": "sneakers", "releaseDate": "2020-10-01", "retailPrice": 80, "shoe": "Nike Air Rubber Dunk", "title": "Nike Air Rubber Dunk Off-White University Gold (TD)", "urlKey": "nike-air-rubber-dunk-off-white-university-gold-td", "market": {"lowestAsk": 114, "salesThisPeriod": 1, "salesLastPeriod": 0, "highestBid": 224, "volatility": 0.19715, "deadstockSold": 136, "pricePremium": 1.8, "averageDeadstockPrice": 139, "lastSale": 224, "changeValue": 99, "changePercentage": 0.792, "lastLowestAskTime": 1663516362, "lastHighestBidTime": 1663725763, "lastSaleDate": "2022-09-21T02:02:23+00:00"}, "objectID": "d0623612-9231-419c-a76c-1e9017bc23a1"}, {"id": "23ce146f-6f69-4346-b607-910e20200316", "uuid": "23ce146f-6f69-4346-b607-910e20200316", "brand": "Nike", "childId": null, "colorway": "Light Orewood Brown/White/Red", "condition": "New", "description": "", "media": {"smallImageUrl": "https://images.stockx.com/images/Nike-Dunk-High-Notre-Light-Orewood-Brown-Product.jpg?fit=fill&bg=FFFFFF&w=300&h=214&fm=webp&auto=compress&trim=color&q=90&dpr=2&updated_at=1611094352", "thumbUrl": "https://images.stockx.com/images/Nike-Dunk-High-Notre-Light-Orewood-Brown-Product.jpg?fit=fill&bg=FFFFFF&w=140&h=100&fm=webp&auto=compress&trim=color&q=90&dpr=2&updated_at=1611094352"}, "productCategory": "sneakers", "releaseDate": "2021-01-21", "retailPrice": 150, "shoe": "Nike Dunk High", "title": "Nike Dunk High Notre Light Orewood Brown", "urlKey": "nike-dunk-high-notre-light-orewood-brown", "market": {"lowestAsk": 210, "salesThisPeriod": 1, "salesLastPeriod": 0, "highestBid": 250, "volatility": 0.268636, "deadstockSold": 242, "pricePremium": 0.4, "averageDeadstockPrice": 278, "lastSale": 210, "changeValue": -85, "changePercentage": -0.288136, "lastLowestAskTime": 1663523498, "lastHighestBidTime": 1663193428, "lastSaleDate": "2022-09-16T23:19:20+00:00"}, "objectID": "23ce146f-6f69-4346-b607-910e20200316"}, {"id": "10b414d3-bfae-428e-a9e5-b2e29439054a", "uuid": "10b414d3-bfae-428e-a9e5-b2e29439054a", "brand": "Nike", "colorway": "Black/White", "condition": "New", "description": "Comme des Gar\u00e7ons and Nike teamed up once again to deliver the women's Nike Comme des Gar\u00e7ons Dunk Low Black (W), now available on StockX. In 2017, the two companies released their first collaborative Dunk High which featured a transparent upper. Three years later, two variations of a CDG Dunk Low were revealed in the Nike Comme des Gar\u00e7ons Spring / Summer 2020 women\u2019s runway show.\n\nThis women's Dunk Low is composed of a tonal black transparent upper made of Nexkin with translucent and lightweight stretch-woven fabric and waxed laces. A black rubber sole, black Swoosh, exposed heel tab completes the design. These sneakers released in May of 2020 and retailed for $260 USD.\n\nNote: This release is in Women\u2019s US sizing.", "media": {"smallImageUrl": "https://images.stockx.com/images/Nike-Dunk-Low-Comme-des-Garcons-Black-W-Product.jpg?fit=fill&bg=FFFFFF&w=300&h=214&fm=webp&auto=compress&trim=color&q=90&dpr=2&updated_at=1609369783", "thumbUrl": "https://images.stockx.com/images/Nike-Dunk-Low-Comme-des-Garcons-Black-W-Product.jpg?fit=fill&bg=FFFFFF&w=140&h=100&fm=webp&auto=compress&trim=color&q=90&dpr=2&updated_at=1609369783"}, "productCategory": "sneakers", "releaseDate": "2020-05-14", "retailPrice": 260, "shoe": "Nike Dunk Low", "title": "Nike Dunk Low Comme des Garcons Black (W)", "urlKey": "nike-dunk-low-comme-des-garcons-black-w", "market": {"lowestAsk": 160, "salesThisPeriod": 1, "salesLastPeriod": 0, "highestBid": 162, "volatility": 0.25734, "deadstockSold": 220, "pricePremium": -0.266, "averageDeadstockPrice": 175, "lastSale": 191, "changeValue": 0, "changePercentage": -0.001491, "lastLowestAskTime": 1662418812, "lastHighestBidTime": 1662199441, "lastSaleDate": "2022-09-18T16:08:21+00:00"}, "objectID": "10b414d3-bfae-428e-a9e5-b2e29439054a"}, {"id": "b048957b-007f-4bc8-8a67-a8bef2d517b7", "uuid": "b048957b-007f-4bc8-8a67-a8bef2d517b7", "brand": "Nike", "childId": null, "colorway": "Black/Black-White-Varsity Royal", "condition": "New", "description": "", "media": {"smallImageUrl": "https://images.stockx.com/images/Nike-SB-Dunk-High-Space-Jam-Product.jpg?fit=fill&bg=FFFFFF&w=300&h=214&fm=webp&auto=compress&trim=color&q=90&dpr=2&updated_at=1641482451", "thumbUrl": "https://images.stockx.com/images/Nike-SB-Dunk-High-Space-Jam-Product.jpg?fit=fill&bg=FFFFFF&w=140&h=100&fm=webp&auto=compress&trim=color&q=90&dpr=2&updated_at=1641482451"}, "productCategory": "sneakers", "releaseDate": "2019-11-27", "retailPrice": 110, "shoe": "Nike SB Dunk High", "title": "Nike SB Dunk High Space Jam", "urlKey": "nike-sb-dunk-high-space-jam", "market": {"lowestAsk": 123, "salesThisPeriod": 1, "salesLastPeriod": 0, "highestBid": 201, "volatility": 0.454594, "deadstockSold": 167, "pricePremium": 0.064, "averageDeadstockPrice": 213, "lastSale": 117, "changeValue": -90, "changePercentage": -0.434783, "lastLowestAskTime": 1663793557, "lastHighestBidTime": 1660192159, "lastSaleDate": "2022-09-21T15:56:26+00:00"}, "objectID": "b048957b-007f-4bc8-8a67-a8bef2d517b7"}, {"id": "d2396214-35be-41e3-965d-1a91fe4c88bb", "uuid": "d2396214-35be-41e3-965d-1a91fe4c88bb", "brand": "Nike", "childId": null, "colorway": "Sail/Black", "condition": "New", "description": "", "media": {"smallImageUrl": "https://images.stockx.com/images/Nike-SB-Dunk-Low-un-Hemp.png?fit=fill&bg=FFFFFF&w=300&h=214&fm=webp&auto=compress&trim=color&q=90&dpr=2&updated_at=1607048048", "thumbUrl": "https://images.stockx.com/images/Nike-SB-Dunk-Low-un-Hemp.png?fit=fill&bg=FFFFFF&w=140&h=100&fm=webp&auto=compress&trim=color&q=90&dpr=2&updated_at=1607048048"}, "productCategory": "sneakers", "releaseDate": "2009-10-01", "retailPrice": 75, "shoe": "Nike SB Dunk Low", "title": "Nike SB Dunk Low Un-Hemp", "urlKey": "nike-sb-dunk-low-un-hemp", "market": {"lowestAsk": 1109, "salesThisPeriod": 0, "salesLastPeriod": 0, "highestBid": 800, "volatility": 0.170894, "deadstockSold": 11, "pricePremium": 15.232, "averageDeadstockPrice": 800, "lastSale": 1217, "changeValue": 219, "changePercentage": 0.21863, "lastLowestAskTime": 1660688647, "lastHighestBidTime": 1662928272, "lastSaleDate": "2022-08-23T21:12:39+00:00"}, "objectID": "d2396214-35be-41e3-965d-1a91fe4c88bb"}, {"id": "e09463b8-10e9-40a6-9e3d-08a908ed02ad", "uuid": "e09463b8-10e9-40a6-9e3d-08a908ed02ad", "brand": "Nike", "colorway": "White/Arctic Orange/Sail", "condition": "New", "description": "", "media": {"smallImageUrl": "https://images.stockx.com/images/Nike-Dunk-High-1985-Arctic-Orange-W.jpg?fit=fill&bg=FFFFFF&w=300&h=214&fm=webp&auto=compress&trim=color&q=90&dpr=2&updated_at=1661892792", "thumbUrl": "https://images.stockx.com/images/Nike-Dunk-High-1985-Arctic-Orange-W.jpg?fit=fill&bg=FFFFFF&w=140&h=100&fm=webp&auto=compress&trim=color&q=90&dpr=2&updated_at=1661892792"}, "productCategory": "sneakers", "releaseDate": "2022-09-27", "retailPrice": 140, "shoe": "Nike Dunk High 1985", "title": "Nike Dunk High 1985 Arctic Orange (W)", "urlKey": "nike-dunk-high-1985-arctic-orange-w", "market": {"lowestAsk": 139, "salesThisPeriod": 1, "salesLastPeriod": 0, "highestBid": 140, "volatility": 0.140118, "deadstockSold": 11, "pricePremium": 0.265, "averageDeadstockPrice": 194, "lastSale": 177, "changeValue": -7, "changePercentage": -0.042934, "lastLowestAskTime": 1663773406, "lastHighestBidTime": 1663756951, "lastSaleDate": "2022-09-20T16:23:11+00:00"}, "objectID": "e09463b8-10e9-40a6-9e3d-08a908ed02ad"}, {"id": "bb711fb6-83ba-4969-a970-73c5fba5f30d", "uuid": "bb711fb6-83ba-4969-a970-73c5fba5f30d", "brand": "Nike", "colorway": "Metallic Cool Grey/Metallic Cool Grey", "condition": "New", "description": "", "media": {"smallImageUrl": "https://images.stockx.com/images/Nike-Dunk-Low-6-0-Delorean-DMC-12-Product.jpg?fit=fill&bg=FFFFFF&w=300&h=214&fm=webp&auto=compress&trim=color&q=90&dpr=2&updated_at=1607667546", "thumbUrl": "https://images.stockx.com/images/Nike-Dunk-Low-6-0-Delorean-DMC-12-Product.jpg?fit=fill&bg=FFFFFF&w=140&h=100&fm=webp&auto=compress&trim=color&q=90&dpr=2&updated_at=1607667546"}, "productCategory": "sneakers", "releaseDate": "2010-11-26", "retailPrice": 90, "shoe": "Nike Dunk Low 6.0 SE", "title": "Nike Dunk Low 6.0 SE Delorean DMC-12", "urlKey": "nike-dunk-low-6-0-se-delorean-dmc-12", "market": {"lowestAsk": 900, "salesThisPeriod": 0, "salesLastPeriod": 0, "highestBid": 420, "volatility": 0.190739, "deadstockSold": 12, "pricePremium": 9.222, "averageDeadstockPrice": 591, "lastSale": 920, "changeValue": 470, "changePercentage": 1.04444, "lastLowestAskTime": 1662483258, "lastHighestBidTime": 1660941428, "lastSaleDate": "2022-08-22T02:46:11+00:00"}, "objectID": "bb711fb6-83ba-4969-a970-73c5fba5f30d"}, {"id": "8a77d504-5847-42aa-9e7f-6990a8b8309d", "uuid": "8a77d504-5847-42aa-9e7f-6990a8b8309d", "brand": "Nike", "colorway": "White/Blue-Yellow", "condition": "New", "description": "In 2020, west coast skate shop Atlas and Nike SB came together once again to work their magic to the Nike SB Dunk High. Dubbed \"Lost At Sea,\" the skateboard sneaker brings attention to the \"The Great Spill of 1990\" where a cargo ship from Korea to the U.S. spilled out over 61,000 pairs of Nike sneakers into the sea after a storm. Some of the sneakers washed up on a Californian shore, including pairs of the Air Flight 90. This collaboration takes cues from the retro sneaker.\n<br>\n<br>\nIf a sneaker were to ever mimic a washed-up pair of Air Flight 90s, the Nike SB Dunk High Atlas does it very well. For starters, the embroidery on the tongue pays homage to enough to the cross-training shoe, showing off the Atlas brand name while miming the sneaker\u2019s similar script. Moving down to the upper, it is entirely covered in faint sail and blue colors that are chipping away, adding to its distressed motif. Lastly, the yellowing midsole wraps up the collaboration to complete the old look to the new collaboration. A boat key float hangtag ensures these pairs will find their way to safety if they suffer the same wet fate as the pairs that inspired them.\n<br>\n<br>\nThe Nike SB Dunk High Atlas Lost At Sea released in October of 2020.", "media": {"smallImageUrl": "https://images.stockx.com/images/Nike-SB-Dunk-High-Atlas-2020-Product.jpg?fit=fill&bg=FFFFFF&w=300&h=214&fm=webp&auto=compress&trim=color&q=90&dpr=2&updated_at=1607008113", "thumbUrl": "https://images.stockx.com/images/Nike-SB-Dunk-High-Atlas-2020-Product.jpg?fit=fill&bg=FFFFFF&w=140&h=100&fm=webp&auto=compress&trim=color&q=90&dpr=2&updated_at=1607008113"}, "productCategory": "sneakers", "releaseDate": "2020-10-02", "retailPrice": 110, "shoe": "Nike SB Dunk High", "title": "Nike SB Dunk High Atlas Lost at Sea (2020)", "urlKey": "nike-sb-dunk-high-atlas-2020", "market": {"lowestAsk": 279, "salesThisPeriod": 1, "salesLastPeriod": 0, "highestBid": 340, "volatility": 0.126657, "deadstockSold": 194, "pricePremium": 2.436, "averageDeadstockPrice": 353, "lastSale": 378, "changeValue": 128, "changePercentage": 0.512, "lastLowestAskTime": 1663209407, "lastHighestBidTime": 1663506632, "lastSaleDate": "2022-09-17T22:50:08+00:00"}, "objectID": "8a77d504-5847-42aa-9e7f-6990a8b8309d"}, {"id": "8d50ca2f-d889-4eaf-aa5e-9b8dbeb9820f", "uuid": "8d50ca2f-d889-4eaf-aa5e-9b8dbeb9820f", "brand": "Nike", "colorway": "Legion Green/White-Black", "condition": "New", "description": "", "media": {"smallImageUrl": "https://images.stockx.com/images/Nike-Dunk-SB-Low-Camo-Legion-Green.png?fit=fill&bg=FFFFFF&w=300&h=214&fm=webp&auto=compress&trim=color&q=90&dpr=2&updated_at=1608513297", "thumbUrl": "https://images.stockx.com/images/Nike-Dunk-SB-Low-Camo-Legion-Green.png?fit=fill&bg=FFFFFF&w=140&h=100&fm=webp&auto=compress&trim=color&q=90&dpr=2&updated_at=1608513297"}, "productCategory": "sneakers", "releaseDate": "2016-12-20", "retailPrice": 90, "shoe": "Nike SB Dunk Low", "title": "Nike SB Dunk Low Camo Legion Green", "urlKey": "nike-dunk-sb-low-camo-legion-green", "market": {"lowestAsk": 627, "salesThisPeriod": 0, "salesLastPeriod": 0, "highestBid": 620, "volatility": 0.119012, "deadstockSold": 21, "pricePremium": 11.5, "averageDeadstockPrice": 693, "lastSale": 1125, "changeValue": 389, "changePercentage": 0.526976, "lastLowestAskTime": 1662108720, "lastHighestBidTime": 1661024977, "lastSaleDate": "2022-08-31T07:11:44+00:00"}, "objectID": "8d50ca2f-d889-4eaf-aa5e-9b8dbeb9820f"}, {"id": "b5dfad38-4169-42f4-8b74-42cb467f9685", "uuid": "b5dfad38-4169-42f4-8b74-42cb467f9685", "brand": "Nike", "colorway": "Summit White/Summit White/Pure Platinum/Pure Platinum", "condition": "New", "description": "", "media": {"smallImageUrl": "https://images.stockx.com/images/Nike-Dunk-High-Summit-White-Pure-Platinum-PS.jpg?fit=fill&bg=FFFFFF&w=300&h=214&fm=webp&auto=compress&trim=color&q=90&dpr=2&updated_at=1656001857", "thumbUrl": "https://images.stockx.com/images/Nike-Dunk-High-Summit-White-Pure-Platinum-PS.jpg?fit=fill&bg=FFFFFF&w=140&h=100&fm=webp&auto=compress&trim=color&q=90&dpr=2&updated_at=1656001857"}, "productCategory": "sneakers", "releaseDate": "2022-06-28", "retailPrice": 80, "shoe": "Nike Dunk High", "title": "Nike Dunk High Summit White Pure Platinum (PS)", "urlKey": "nike-dunk-high-summit-white-pure-platinum-ps", "market": {"lowestAsk": 75, "salesThisPeriod": 0, "salesLastPeriod": 0, "highestBid": 68, "volatility": 0.34917, "deadstockSold": 62, "pricePremium": -0.25, "averageDeadstockPrice": 86, "lastSale": 60, "changeValue": 0, "changePercentage": 0, "lastLowestAskTime": 1663687049, "lastHighestBidTime": 1662158555, "lastSaleDate": "2022-09-13T14:43:15+00:00"}, "objectID": "b5dfad38-4169-42f4-8b74-42cb467f9685"}, {"id": "052eebc1-4d6a-45e4-8a1f-b4a12c6cf421", "uuid": "052eebc1-4d6a-45e4-8a1f-b4a12c6cf421", "brand": "Nike", "colorway": "BORDER BLUE/WHITE", "condition": "New", "description": "", "media": {"smallImageUrl": "https://images.stockx.com/images/Nike-Dunk-SB-Low-Border-Blue.jpg?fit=fill&bg=FFFFFF&w=300&h=214&fm=webp&auto=compress&trim=color&q=90&dpr=2&updated_at=1608511636", "thumbUrl": "https://images.stockx.com/images/Nike-Dunk-SB-Low-Border-Blue.jpg?fit=fill&bg=FFFFFF&w=140&h=100&fm=webp&auto=compress&trim=color&q=90&dpr=2&updated_at=1608511636"}, "productCategory": "sneakers", "releaseDate": "2007-05-01", "retailPrice": 65, "shoe": "Nike SB Dunk Low", "title": "Nike SB Dunk Low Border Blue", "urlKey": "nike-dunk-sb-low-border-blue", "market": {"lowestAsk": 630, "salesThisPeriod": 0, "salesLastPeriod": 0, "highestBid": 500, "volatility": 0.375988, "deadstockSold": 11, "pricePremium": 5.154, "averageDeadstockPrice": 559, "lastSale": 400, "changeValue": -207, "changePercentage": -0.341021, "lastLowestAskTime": 1662513795, "lastHighestBidTime": 1663561614, "lastSaleDate": "2022-08-30T13:52:37+00:00"}, "objectID": "052eebc1-4d6a-45e4-8a1f-b4a12c6cf421"}, {"id": "2652a011-2d6d-4de4-955b-3f4edf8c6d22", "uuid": "2652a011-2d6d-4de4-955b-3f4edf8c6d22", "brand": "Nike", "colorway": "Yellow/Bordeaux", "condition": "New", "description": "", "media": {"smallImageUrl": "https://images.stockx.com/images/Nike-Dunk-Low-Arizona-State.jpg?fit=fill&bg=FFFFFF&w=300&h=214&fm=webp&auto=compress&trim=color&q=90&dpr=2&updated_at=1656705072", "thumbUrl": "https://images.stockx.com/images/Nike-Dunk-Low-Arizona-State.jpg?fit=fill&bg=FFFFFF&w=140&h=100&fm=webp&auto=compress&trim=color&q=90&dpr=2&updated_at=1656705072"}, "productCategory": "sneakers", "releaseDate": "", "retailPrice": 100, "shoe": "Nike Dunk Low", "title": "Nike Dunk Low Arizona State", "urlKey": "nike-dunk-low-arizona-state", "market": {"lowestAsk": 6400, "salesThisPeriod": 0, "salesLastPeriod": 0, "highestBid": 201, "volatility": 0, "deadstockSold": 1, "pricePremium": 0.74, "averageDeadstockPrice": 174, "lastSale": 174, "changeValue": 0, "changePercentage": 0, "lastLowestAskTime": 1662397370, "lastHighestBidTime": 1662818908, "lastSaleDate": "2022-07-03T22:55:33+00:00"}, "objectID": "2652a011-2d6d-4de4-955b-3f4edf8c6d22"}, {"id": "a44b5b62-2f47-4ebb-9d41-6ee7b523b711", "uuid": "a44b5b62-2f47-4ebb-9d41-6ee7b523b711", "brand": "Nike", "colorway": "Sail/University Red/Hot Curry/Game Royal", "condition": "New", "description": "", "media": {"smallImageUrl": "https://images.stockx.com/images/Nike-Dunk-Low-Hot-Curry-Game-Royal-TD.jpg?fit=fill&bg=FFFFFF&w=300&h=214&fm=webp&auto=compress&trim=color&q=90&dpr=2&updated_at=1661758889", "thumbUrl": "https://images.stockx.com/images/Nike-Dunk-Low-Hot-Curry-Game-Royal-TD.jpg?fit=fill&bg=FFFFFF&w=140&h=100&fm=webp&auto=compress&trim=color&q=90&dpr=2&updated_at=1661758889"}, "productCategory": "sneakers", "releaseDate": "", "retailPrice": 50, "shoe": "Nike Dunk Low", "title": "Nike Dunk Low Hot Curry Game Royal (TD)", "urlKey": "nike-dunk-low-hot-curry-game-royal-td", "market": {"lowestAsk": 57, "salesThisPeriod": 7, "salesLastPeriod": 0, "highestBid": 55, "volatility": 0.102661, "deadstockSold": 78, "pricePremium": 0.22, "averageDeadstockPrice": 63, "lastSale": 61, "changeValue": 5, "changePercentage": 0.089286, "lastLowestAskTime": 1663786069, "lastHighestBidTime": 1663372894, "lastSaleDate": "2022-09-21T16:44:17+00:00"}, "objectID": "a44b5b62-2f47-4ebb-9d41-6ee7b523b711"}, {"id": "8d80837e-6def-4de5-84f0-833886ed8ef3", "uuid": "8d80837e-6def-4de5-84f0-833886ed8ef3", "brand": "Nike", "childId": null, "colorway": "Black/White-Red-Blue", "condition": "New", "description": "", "media": {"smallImageUrl": "https://images.stockx.com/images/Nike-Dunk-Low-Seoul-Special-Gift.jpg?fit=fill&bg=FFFFFF&w=300&h=214&fm=webp&auto=compress&trim=color&q=90&dpr=2&updated_at=1629777771", "thumbUrl": "https://images.stockx.com/images/Nike-Dunk-Low-Seoul-Special-Gift.jpg?fit=fill&bg=FFFFFF&w=140&h=100&fm=webp&auto=compress&trim=color&q=90&dpr=2&updated_at=1629777771"}, "productCategory": "sneakers", "releaseDate": "2021-08-12", "retailPrice": 110, "shoe": "Nike Dunk Low", "title": "Nike Dunk Low Seoul (Special Gift)", "urlKey": "nike-dunk-low-seoul-special-gift", "market": {"lowestAsk": 331, "salesThisPeriod": 0, "salesLastPeriod": 0, "highestBid": 300, "volatility": 0.162433, "deadstockSold": 138, "pricePremium": 4.909, "averageDeadstockPrice": 343, "lastSale": 650, "changeValue": 146, "changePercentage": 0.289683, "lastLowestAskTime": 1660495102, "lastHighestBidTime": 1663764162, "lastSaleDate": "2022-08-29T04:57:33+00:00"}, "objectID": "8d80837e-6def-4de5-84f0-833886ed8ef3"}, {"id": "542ba1c6-5262-480c-a70b-c8a74a133230", "uuid": "542ba1c6-5262-480c-a70b-c8a74a133230", "brand": "Nike", "colorway": "Prism Pink/Black-White", "condition": "New", "description": "", "media": {"smallImageUrl": "https://images.stockx.com/images/Nike-Dunk-SB-Low-Pink-Box-Product.jpg?fit=fill&bg=FFFFFF&w=300&h=214&fm=webp&auto=compress&trim=color&q=90&dpr=2&updated_at=1648661700", "thumbUrl": "https://images.stockx.com/images/Nike-Dunk-SB-Low-Pink-Box-Product.jpg?fit=fill&bg=FFFFFF&w=140&h=100&fm=webp&auto=compress&trim=color&q=90&dpr=2&updated_at=1648661700"}, "productCategory": "sneakers", "releaseDate": "2016-11-26", "retailPrice": 120, "shoe": "Nike SB Dunk Low", "title": "Nike SB Dunk Low Pink Box", "urlKey": "nike-dunk-sb-high-pink-box", "market": {"lowestAsk": 435, "salesThisPeriod": 0, "salesLastPeriod": 0, "highestBid": 400, "volatility": 0.219211, "deadstockSold": 60, "pricePremium": 1.5, "averageDeadstockPrice": 471, "lastSale": 300, "changeValue": 40, "changePercentage": 0.153846, "lastLowestAskTime": 1661663573, "lastHighestBidTime": 1662816154, "lastSaleDate": "2022-09-06T12:07:50+00:00"}, "objectID": "542ba1c6-5262-480c-a70b-c8a74a133230"}, {"id": "60805f4c-a60d-43ff-a83f-cc4a92ed2a17", "uuid": "60805f4c-a60d-43ff-a83f-cc4a92ed2a17", "brand": "Nike", "childId": null, "colorway": "Multi-Color/Black-Gum", "condition": "New", "description": "The Nike SB Dunk High Spectrum features a multicolor, black, and Gum suede upper, with the multicolor aspect changing the color scheme for different parts of each shoe. From there, \"Nike SB\" lettering brands the tongue tags and black Nike \"Swooshes\" that sweep around in a connecting arc on both sides complete the design.\n<br>\n<br>\nThe Nike SB Dunk High Spectrum released in March of 2020 and retailed for $110.", "media": {"smallImageUrl": "https://images.stockx.com/images/Nike-SB-Dunk-High-Spectrum-Product.jpg?fit=fill&bg=FFFFFF&w=300&h=214&fm=webp&auto=compress&trim=color&q=90&dpr=2&updated_at=1607057317", "thumbUrl": "https://images.stockx.com/images/Nike-SB-Dunk-High-Spectrum-Product.jpg?fit=fill&bg=FFFFFF&w=140&h=100&fm=webp&auto=compress&trim=color&q=90&dpr=2&updated_at=1607057317"}, "productCategory": "sneakers", "releaseDate": "2020-01-31", "retailPrice": 110, "shoe": "Nike SB Dunk High", "title": "Nike SB Dunk High Spectrum", "urlKey": "nike-sb-dunk-high-spectrum", "market": {"lowestAsk": 171, "salesThisPeriod": 2, "salesLastPeriod": 0, "highestBid": 300, "volatility": 0.183875, "deadstockSold": 348, "pricePremium": 0.591, "averageDeadstockPrice": 232, "lastSale": 175, "changeValue": -44, "changePercentage": -0.200913, "lastLowestAskTime": 1663801708, "lastHighestBidTime": 1662462655, "lastSaleDate": "2022-09-21T13:53:40+00:00"}, "objectID": "60805f4c-a60d-43ff-a83f-cc4a92ed2a17"}, {"id": "e4d24976-eceb-4b7e-b0ef-59592770ef03", "uuid": "e4d24976-eceb-4b7e-b0ef-59592770ef03", "brand": "Nike", "colorway": "Black/Off Noir/White", "condition": "New", "description": "", "media": {"smallImageUrl": "https://images.stockx.com/images/Nike-Dunk-Low-Black-White-2022-TD-Product.jpg?fit=fill&bg=FFFFFF&w=300&h=214&fm=webp&auto=compress&trim=color&q=90&dpr=2&updated_at=1661437239", "thumbUrl": "https://images.stockx.com/images/Nike-Dunk-Low-Black-White-2022-TD-Product.jpg?fit=fill&bg=FFFFFF&w=140&h=100&fm=webp&auto=compress&trim=color&q=90&dpr=2&updated_at=1661437239"}, "productCategory": "sneakers", "releaseDate": "2022-07-12", "retailPrice": 55, "shoe": "Nike Dunk Low", "title": "Nike Dunk Low Black White (2022) (TD)", "urlKey": "nike-dunk-low-black-white-2022-td", "market": {"lowestAsk": 45, "salesThisPeriod": 13, "salesLastPeriod": 0, "highestBid": 41, "volatility": 0.155728, "deadstockSold": 73, "pricePremium": -0.143, "averageDeadstockPrice": 60, "lastSale": 47, "changeValue": -2, "changePercentage": -0.057296, "lastLowestAskTime": 1663749753, "lastHighestBidTime": 1662210745, "lastSaleDate": "2022-09-21T15:21:20+00:00"}, "objectID": "e4d24976-eceb-4b7e-b0ef-59592770ef03"}, {"id": "dc4089ee-14d4-4e0d-91c7-c7b1070fc4aa", "uuid": "dc4089ee-14d4-4e0d-91c7-c7b1070fc4aa", "brand": "Nike", "colorway": "Black/Black-Team Red", "condition": "New", "description": "", "media": {"smallImageUrl": "https://images.stockx.com/images/Nike-SB-Dunk-Low-Mafia.png?fit=fill&bg=FFFFFF&w=300&h=214&fm=webp&auto=compress&trim=color&q=90&dpr=2&updated_at=1607059624", "thumbUrl": "https://images.stockx.com/images/Nike-SB-Dunk-Low-Mafia.png?fit=fill&bg=FFFFFF&w=140&h=100&fm=webp&auto=compress&trim=color&q=90&dpr=2&updated_at=1607059624"}, "productCategory": "sneakers", "releaseDate": "2006-11-01", "retailPrice": 100, "shoe": "Nike SB Dunk Low", "title": "Nike SB Dunk Low Mafia", "urlKey": "nike-sb-dunk-low-mafia", "market": {"lowestAsk": 499, "salesThisPeriod": 0, "salesLastPeriod": 0, "highestBid": 400, "volatility": 0.610201, "deadstockSold": 5, "pricePremium": 0, "averageDeadstockPrice": 525, "lastSale": 250, "changeValue": -231, "changePercentage": -0.480662, "lastLowestAskTime": 1663370802, "lastHighestBidTime": 1663445756, "lastSaleDate": "2022-06-23T07:33:09+00:00"}, "objectID": "dc4089ee-14d4-4e0d-91c7-c7b1070fc4aa"}, {"id": "8b24d01a-4853-496d-9891-f4ef1ddcab08", "uuid": "8b24d01a-4853-496d-9891-f4ef1ddcab08", "brand": "Nike", "childId": null, "colorway": "Gold/Atlantic Blue", "condition": "New", "description": "", "media": {"smallImageUrl": "https://images.stockx.com/images/Nike-SB-Dunk-Low-Newcastle-Brown-Ale-Product.jpg?fit=fill&bg=FFFFFF&w=300&h=214&fm=webp&auto=compress&trim=color&q=90&dpr=2&updated_at=1637089926", "thumbUrl": "https://images.stockx.com/images/Nike-SB-Dunk-Low-Newcastle-Brown-Ale-Product.jpg?fit=fill&bg=FFFFFF&w=140&h=100&fm=webp&auto=compress&trim=color&q=90&dpr=2&updated_at=1637089926"}, "productCategory": "sneakers", "releaseDate": "2008-06-01", "retailPrice": 90, "shoe": "Nike SB Dunk Low", "title": "Nike SB Dunk Low Newcastle Brown Ale", "urlKey": "nike-sb-dunk-low-newcastle-brown-ale", "market": {"lowestAsk": 997, "salesThisPeriod": 0, "salesLastPeriod": 0, "highestBid": 870, "volatility": 0.134085, "deadstockSold": 28, "pricePremium": 12.367, "averageDeadstockPrice": 1015, "lastSale": 1203, "changeValue": 303, "changePercentage": 0.336667, "lastLowestAskTime": 1663247448, "lastHighestBidTime": 1663377704, "lastSaleDate": "2022-08-18T00:24:53+00:00"}, "objectID": "8b24d01a-4853-496d-9891-f4ef1ddcab08"}, {"id": "9cd76719-b11f-4769-9d0e-20d42d350fc3", "uuid": "9cd76719-b11f-4769-9d0e-20d42d350fc3", "brand": "Nike", "childId": null, "colorway": "Black/White-Green Gusto", "condition": "New", "description": "", "media": {"smallImageUrl": "https://images.stockx.com/images/Nike-SB-Dunk-Low-Panda-Pigeon-Special-Box.jpg?fit=fill&bg=FFFFFF&w=300&h=214&fm=webp&auto=compress&trim=color&q=90&dpr=2&updated_at=1607045863", "thumbUrl": "https://images.stockx.com/images/Nike-SB-Dunk-Low-Panda-Pigeon-Special-Box.jpg?fit=fill&bg=FFFFFF&w=140&h=100&fm=webp&auto=compress&trim=color&q=90&dpr=2&updated_at=1607045863"}, "productCategory": "sneakers", "releaseDate": "2019-01-25", "retailPrice": 100, "shoe": "Nike SB Dunk Low", "title": "Nike SB Dunk Low Panda Pigeon (Special Box)", "urlKey": "nike-sb-dunk-low-panda-pigeon-special-box", "market": {"lowestAsk": 2235, "salesThisPeriod": 0, "salesLastPeriod": 0, "highestBid": 999, "volatility": 0.082704, "deadstockSold": 4, "pricePremium": 0, "averageDeadstockPrice": 1342, "lastSale": 1225, "changeValue": -125, "changePercentage": -0.092593, "lastLowestAskTime": 1663737027, "lastHighestBidTime": 1660873967, "lastSaleDate": "2022-08-12T08:40:47+00:00"}, "objectID": "9cd76719-b11f-4769-9d0e-20d42d350fc3"}, {"id": "ce2719d6-2bc2-45e4-a4e1-b2848b2ed4cb", "uuid": "ce2719d6-2bc2-45e4-a4e1-b2848b2ed4cb", "brand": "Nike", "colorway": "Black/Neutral Grey-University Red-White", "condition": "New", "description": "", "media": {"smallImageUrl": "https://images.stockx.com/images/Nike-Dunk-Scrap-Black-Grey-University-Red-Product.jpg?fit=fill&bg=FFFFFF&w=300&h=214&fm=webp&auto=compress&trim=color&q=90&dpr=2&updated_at=1637089283", "thumbUrl": "https://images.stockx.com/images/Nike-Dunk-Scrap-Black-Grey-University-Red-Product.jpg?fit=fill&bg=FFFFFF&w=140&h=100&fm=webp&auto=compress&trim=color&q=90&dpr=2&updated_at=1637089283"}, "productCategory": "sneakers", "releaseDate": "2021-09-28", "retailPrice": 110, "shoe": "Nike Dunk Low Scrap", "title": "Nike Dunk Low Scrap Black Grey University Red", "urlKey": "nike-dunk-scrap-black-grey-university-red", "market": {"lowestAsk": 193, "salesThisPeriod": 1, "salesLastPeriod": 0, "highestBid": 260, "volatility": 0.32065, "deadstockSold": 522, "pricePremium": 0.18, "averageDeadstockPrice": 196, "lastSale": 130, "changeValue": -19, "changePercentage": -0.133334, "lastLowestAskTime": 1661167899, "lastHighestBidTime": 1663733550, "lastSaleDate": "2022-09-19T22:20:59+00:00"}, "objectID": "ce2719d6-2bc2-45e4-a4e1-b2848b2ed4cb"}, {"id": "af284b10-4ea6-4e68-b4ea-8d703d3c6610", "uuid": "af284b10-4ea6-4e68-b4ea-8d703d3c6610", "brand": "Nike", "colorway": "Black/Pink Foil-White", "condition": "New", "description": "", "media": {"smallImageUrl": "https://images.stockx.com/images/Nike-Dunk-SB-Low-Disposable-Product.jpg?fit=fill&bg=FFFFFF&w=300&h=214&fm=webp&auto=compress&trim=color&q=90&dpr=2&updated_at=1607056871", "thumbUrl": "https://images.stockx.com/images/Nike-Dunk-SB-Low-Disposable-Product.jpg?fit=fill&bg=FFFFFF&w=140&h=100&fm=webp&auto=compress&trim=color&q=90&dpr=2&updated_at=1607056871"}, "productCategory": "sneakers", "releaseDate": "2014-11-19", "retailPrice": 105, "shoe": "Nike SB Dunk Low", "title": "Nike SB Dunk Low Disposable", "urlKey": "nike-dunk-sb-low-disposable", "market": {"lowestAsk": 483, "salesThisPeriod": 0, "salesLastPeriod": 0, "highestBid": 550, "volatility": 0.155507, "deadstockSold": 29, "pricePremium": 4, "averageDeadstockPrice": 456, "lastSale": 525, "changeValue": -15, "changePercentage": -0.027778, "lastLowestAskTime": 1663156422, "lastHighestBidTime": 1662016012, "lastSaleDate": "2022-08-02T17:35:17+00:00"}, "objectID": "af284b10-4ea6-4e68-b4ea-8d703d3c6610"}, {"id": "fff5dfb5-cc67-4e97-80fc-00e0b46efede", "uuid": "fff5dfb5-cc67-4e97-80fc-00e0b46efede", "brand": "Nike", "colorway": "Black/Varsity Purple-Baltic Blue", "condition": "New", "description": "", "media": {"smallImageUrl": "https://images.stockx.com/images/Nike-Dunk-SB-Low-Skeletor-Product.jpg?fit=fill&bg=FFFFFF&w=300&h=214&fm=webp&auto=compress&trim=color&q=90&dpr=2&updated_at=1634318400", "thumbUrl": "https://images.stockx.com/images/Nike-Dunk-SB-Low-Skeletor-Product.jpg?fit=fill&bg=FFFFFF&w=140&h=100&fm=webp&auto=compress&trim=color&q=90&dpr=2&updated_at=1634318400"}, "productCategory": "sneakers", "releaseDate": "", "retailPrice": 100, "shoe": "Nike SB Dunk Low", "title": "Nike SB Dunk Low Skeletor", "urlKey": "nike-dunk-sb-low-skeletor", "market": {"lowestAsk": 3147, "salesThisPeriod": 0, "salesLastPeriod": 0, "highestBid": 800, "volatility": 0.471585, "deadstockSold": 6, "pricePremium": 0, "averageDeadstockPrice": 1569, "lastSale": 1675, "changeValue": -322, "changePercentage": -0.161532, "lastLowestAskTime": 1662805159, "lastHighestBidTime": 1661416730, "lastSaleDate": "2022-06-24T13:44:43+00:00"}, "objectID": "fff5dfb5-cc67-4e97-80fc-00e0b46efede"}, {"id": "5e679e18-70b1-4363-bbd8-a65bcbaf7807", "uuid": "5e679e18-70b1-4363-bbd8-a65bcbaf7807", "brand": "Nike", "colorway": "Pine Green/Sail-Light Mint", "condition": "New", "description": "", "media": {"smallImageUrl": "https://images.stockx.com/images/Nike-SB-Dunk-Low-Pro-Wallenberg-Product.jpg?fit=fill&bg=FFFFFF&w=300&h=214&fm=webp&auto=compress&trim=color&q=90&dpr=2&updated_at=1607057591", "thumbUrl": "https://images.stockx.com/images/Nike-SB-Dunk-Low-Pro-Wallenberg-Product.jpg?fit=fill&bg=FFFFFF&w=140&h=100&fm=webp&auto=compress&trim=color&q=90&dpr=2&updated_at=1607057591"}, "productCategory": "sneakers", "releaseDate": "2010-01-01", "retailPrice": 83, "shoe": "Nike SB Dunk Low Pro", "title": "Nike SB Dunk Low Pro Wallenberg", "urlKey": "nike-sb-dunk-low-pro-wallenberg", "market": {"lowestAsk": 1000, "salesThisPeriod": 0, "salesLastPeriod": 0, "highestBid": 350, "volatility": 0.390828, "deadstockSold": 9, "pricePremium": 4.422, "averageDeadstockPrice": 590, "lastSale": 450, "changeValue": -150, "changePercentage": -0.25, "lastLowestAskTime": 1663104743, "lastHighestBidTime": 1660816915, "lastSaleDate": "2022-03-13T01:09:55+00:00"}, "objectID": "5e679e18-70b1-4363-bbd8-a65bcbaf7807"}, {"id": "cbd3bb1e-7107-41ca-9326-8675ba1ec697", "uuid": "cbd3bb1e-7107-41ca-9326-8675ba1ec697", "brand": "Nike", "colorway": "Phantom/Black-Sail", "condition": "New", "description": "", "media": {"smallImageUrl": "https://images.stockx.com/images/Nike-Dunk-High-Retro-PRM-Year-of-the-Tiger-Product.jpg?fit=fill&bg=FFFFFF&w=300&h=214&fm=webp&auto=compress&trim=color&q=90&dpr=2&updated_at=1654799470", "thumbUrl": "https://images.stockx.com/images/Nike-Dunk-High-Retro-PRM-Year-of-the-Tiger-Product.jpg?fit=fill&bg=FFFFFF&w=140&h=100&fm=webp&auto=compress&trim=color&q=90&dpr=2&updated_at=1654799470"}, "productCategory": "sneakers", "releaseDate": "2022-02-12", "retailPrice": 110, "shoe": "Nike Dunk High Retro PRM", "title": "Nike Dunk High Retro PRM Year of the Tiger", "urlKey": "nike-dunk-high-retro-prm-year-of-the-tiger", "market": {"lowestAsk": 111, "salesThisPeriod": 2, "salesLastPeriod": 0, "highestBid": 160, "volatility": 0.128811, "deadstockSold": 798, "pricePremium": 0.239, "averageDeadstockPrice": 154, "lastSale": 136, "changeValue": 11, "changePercentage": 0.081806, "lastLowestAskTime": 1661217415, "lastHighestBidTime": 1661349318, "lastSaleDate": "2022-09-20T13:33:57+00:00"}, "objectID": "cbd3bb1e-7107-41ca-9326-8675ba1ec697"}, {"id": "8f377f6b-4451-4d6d-8b27-6d2c4f451f08", "uuid": "8f377f6b-4451-4d6d-8b27-6d2c4f451f08", "brand": "Nike", "colorway": "White/Varsity Red", "condition": "New", "description": "", "media": {"smallImageUrl": "https://images.stockx.com/images/Dunk-High-Pro-SB-Supreme-Red-Stars-Product.jpg?fit=fill&bg=FFFFFF&w=300&h=214&fm=webp&auto=compress&trim=color&q=90&dpr=2&updated_at=1606318425", "thumbUrl": "https://images.stockx.com/images/Dunk-High-Pro-SB-Supreme-Red-Stars-Product.jpg?fit=fill&bg=FFFFFF&w=140&h=100&fm=webp&auto=compress&trim=color&q=90&dpr=2&updated_at=1606318425"}, "productCategory": "sneakers", "releaseDate": "2003-08-08", "retailPrice": 75, "shoe": "Nike Dunk High Pro SB", "title": "Nike Dunk High Pro SB Supreme Red Stars", "urlKey": "dunk-high-pro-sb-supreme-red-stars", "market": {"lowestAsk": 6799, "salesThisPeriod": 0, "salesLastPeriod": 0, "highestBid": 12000, "volatility": 0.221058, "deadstockSold": 3, "pricePremium": 132.333, "averageDeadstockPrice": 6900, "lastSale": 10000, "changeValue": 4300, "changePercentage": 0.754386, "lastLowestAskTime": 1663770924, "lastHighestBidTime": 1662734157, "lastSaleDate": "2022-01-01T00:21:15+00:00"}, "objectID": "8f377f6b-4451-4d6d-8b27-6d2c4f451f08"}, {"id": "04908fd7-68da-4b1f-8934-f84bd2dc3d92", "uuid": "04908fd7-68da-4b1f-8934-f84bd2dc3d92", "brand": "Nike", "colorway": "Pearl White/Blue Void-Grand Purple", "condition": "New", "description": "Chicago-based boutique Notre teamed up with Nike Sportwear to tell their story of Midwest grit through the Nike Dunk High Notre Blue Void.\n<br>\n<br>\nThe Nike Dunk High Notre Blue Void features a light grey leather and canvas upper with shaggy Blue Void suede overlays. Notre\u2019s \"Handshake\" motif, which was prominently featured in their most recent release with Vans, is incorporated into the navy medial Swoosh. A name-tag-styled detachable patch donning Notre script on the tongue resembles something you would find on a mechanic\u2019s coveralls. A faded canvas heel tab and yellowed midsole provide the feeling of wear and tear as a result of a hard day of work.\n<br>\n<br>\nThe Nike Dunk High Notre Blue Void released in January of 2021 and retailed for $150.", "media": {"smallImageUrl": "https://images.stockx.com/images/Nike-Dunk-High-AB-Notre-Pearl-White-Product.jpg?fit=fill&bg=FFFFFF&w=300&h=214&fm=webp&auto=compress&trim=color&q=90&dpr=2&updated_at=1611094056", "thumbUrl": "https://images.stockx.com/images/Nike-Dunk-High-AB-Notre-Pearl-White-Product.jpg?fit=fill&bg=FFFFFF&w=140&h=100&fm=webp&auto=compress&trim=color&q=90&dpr=2&updated_at=1611094056"}, "productCategory": "sneakers", "releaseDate": "2021-01-23", "retailPrice": 150, "shoe": "Nike Dunk High", "title": "Nike Dunk High AB Notre Midnight Navy", "urlKey": "nike-dunk-high-ab-notre-blue-void", "market": {"lowestAsk": 155, "salesThisPeriod": 2, "salesLastPeriod": 0, "highestBid": 200, "volatility": 0.15979, "deadstockSold": 497, "pricePremium": -0.053, "averageDeadstockPrice": 213, "lastSale": 142, "changeValue": -42, "changePercentage": -0.228261, "lastLowestAskTime": 1663789546, "lastHighestBidTime": 1663407860, "lastSaleDate": "2022-09-21T07:27:58+00:00"}, "objectID": "04908fd7-68da-4b1f-8934-f84bd2dc3d92"}, {"id": "8260fe95-3cd4-4bc0-a00d-ddb44ec06433", "uuid": "8260fe95-3cd4-4bc0-a00d-ddb44ec06433", "brand": "Nike", "childId": null, "colorway": "Sail/Neutral Grey", "condition": "New", "description": "", "media": {"smallImageUrl": "https://images.stockx.com/images/Nike-Dunk-Low-Off-White-Lot-46.jpg?fit=fill&bg=FFFFFF&w=300&h=214&fm=webp&auto=compress&trim=color&q=90&dpr=2&updated_at=1628509272", "thumbUrl": "https://images.stockx.com/images/Nike-Dunk-Low-Off-White-Lot-46.jpg?fit=fill&bg=FFFFFF&w=140&h=100&fm=webp&auto=compress&trim=color&q=90&dpr=2&updated_at=1628509272"}, "productCategory": "sneakers", "releaseDate": "2021-08-09", "retailPrice": 180, "shoe": "Nike Dunk Low", "title": "Nike Dunk Low Off-White Lot 46", "urlKey": "nike-dunk-low-off-white-lot-46", "market": {"lowestAsk": 485, "salesThisPeriod": 0, "salesLastPeriod": 0, "highestBid": 550, "volatility": 0.192419, "deadstockSold": 79, "pricePremium": 1.333, "averageDeadstockPrice": 509, "lastSale": 420, "changeValue": -30, "changePercentage": -0.066667, "lastLowestAskTime": 1663672565, "lastHighestBidTime": 1660818292, "lastSaleDate": "2022-09-07T17:32:01+00:00"}, "objectID": "8260fe95-3cd4-4bc0-a00d-ddb44ec06433"}, {"id": "77692f4c-b7a7-47e7-930d-2d713fa6921f", "uuid": "77692f4c-b7a7-47e7-930d-2d713fa6921f", "brand": "Nike", "colorway": "Siren Red/Siren Red-White", "condition": "New", "description": "", "media": {"smallImageUrl": "https://images.stockx.com/images/Nike-Dunk-Low-Disrupt-Siren-Red-W.jpg?fit=fill&bg=FFFFFF&w=300&h=214&fm=webp&auto=compress&trim=color&q=90&dpr=2&updated_at=1613038501", "thumbUrl": "https://images.stockx.com/images/Nike-Dunk-Low-Disrupt-Siren-Red-W.jpg?fit=fill&bg=FFFFFF&w=140&h=100&fm=webp&auto=compress&trim=color&q=90&dpr=2&updated_at=1613038501"}, "productCategory": "sneakers", "releaseDate": "", "retailPrice": 110, "shoe": "Nike Dunk Low Disrupt", "title": "Nike Dunk Low Disrupt Siren Red (W)", "urlKey": "nike-dunk-low-disrupt-siren-red-w", "market": {"lowestAsk": 116, "salesThisPeriod": 5, "salesLastPeriod": 0, "highestBid": 120, "volatility": 0.132386, "deadstockSold": 657, "pricePremium": 0.136, "averageDeadstockPrice": 152, "lastSale": 125, "changeValue": -39, "changePercentage": -0.237805, "lastLowestAskTime": 1663268480, "lastHighestBidTime": 1663378510, "lastSaleDate": "2022-09-21T03:08:35+00:00"}, "objectID": "77692f4c-b7a7-47e7-930d-2d713fa6921f"}, {"id": "c66e7cba-fabd-474b-b5c0-9493ba78b30d", "uuid": "c66e7cba-fabd-474b-b5c0-9493ba78b30d", "brand": "Nike", "colorway": "Sail/Team Red-Pale Ivory", "condition": "New", "description": "", "media": {"smallImageUrl": "https://images.stockx.com/images/Nike-Dunk-High-Sail-Team-Red-W-Product.jpg?fit=fill&bg=FFFFFF&w=300&h=214&fm=webp&auto=compress&trim=color&q=90&dpr=2&updated_at=1614264344", "thumbUrl": "https://images.stockx.com/images/Nike-Dunk-High-Sail-Team-Red-W-Product.jpg?fit=fill&bg=FFFFFF&w=140&h=100&fm=webp&auto=compress&trim=color&q=90&dpr=2&updated_at=1614264344"}, "productCategory": "sneakers", "releaseDate": "", "retailPrice": 100, "shoe": "Nike Dunk High", "title": "Nike Dunk High Sail Team Red (W)", "urlKey": "nike-dunk-high-sail-team-red-w", "market": {"lowestAsk": 118, "salesThisPeriod": 3, "salesLastPeriod": 0, "highestBid": 230, "volatility": 0.138405, "deadstockSold": 615, "pricePremium": 0.83, "averageDeadstockPrice": 210, "lastSale": 183, "changeValue": -25, "changePercentage": -0.120192, "lastLowestAskTime": 1663288828, "lastHighestBidTime": 1650538134, "lastSaleDate": "2022-09-19T16:07:45+00:00"}, "objectID": "c66e7cba-fabd-474b-b5c0-9493ba78b30d"}, {"id": "3a5b6859-57eb-4b4c-bf90-ceb903db2601", "uuid": "3a5b6859-57eb-4b4c-bf90-ceb903db2601", "brand": "Nike", "colorway": "Barley/Barley-Khaki-Dark Loden", "condition": "New", "description": "", "media": {"smallImageUrl": "https://images.stockx.com/images/Nike-Dunk-High-Coraline-2009-Product.jpg?fit=fill&bg=FFFFFF&w=300&h=214&fm=webp&auto=compress&trim=color&q=90&dpr=2&updated_at=1608513576", "thumbUrl": "https://images.stockx.com/images/Nike-Dunk-High-Coraline-2009-Product.jpg?fit=fill&bg=FFFFFF&w=140&h=100&fm=webp&auto=compress&trim=color&q=90&dpr=2&updated_at=1608513576"}, "productCategory": "sneakers", "releaseDate": "2009-01-15", "retailPrice": 95, "shoe": "Nike Dunk High", "title": "Nike Dunk High Coraline", "urlKey": "nike-dunk-high-coraline", "market": {"lowestAsk": 2200, "salesThisPeriod": 0, "salesLastPeriod": 0, "highestBid": 1000, "volatility": 0.513123, "deadstockSold": 7, "pricePremium": 0, "averageDeadstockPrice": 1761, "lastSale": 1400, "changeValue": 27, "changePercentage": 0.019577, "lastLowestAskTime": 1662135288, "lastHighestBidTime": 1660167605, "lastSaleDate": "2022-08-09T22:28:54+00:00"}, "objectID": "3a5b6859-57eb-4b4c-bf90-ceb903db2601"}, {"id": "6f769642-f40a-4a25-82e7-ac7db8a0abe9", "uuid": "6f769642-f40a-4a25-82e7-ac7db8a0abe9", "brand": "Nike", "childId": null, "colorway": "Dark Russet/Cedar/Summit White", "condition": "New", "description": "", "media": {"smallImageUrl": "https://images.stockx.com/images/Nike-SB-Dunk-Low-Pro-Dark-Russet-Cedar-1.jpg?fit=fill&bg=FFFFFF&w=300&h=214&fm=webp&auto=compress&trim=color&q=90&dpr=2&updated_at=1608516358", "thumbUrl": "https://images.stockx.com/images/Nike-SB-Dunk-Low-Pro-Dark-Russet-Cedar-1.jpg?fit=fill&bg=FFFFFF&w=140&h=100&fm=webp&auto=compress&trim=color&q=90&dpr=2&updated_at=1608516358"}, "productCategory": "sneakers", "releaseDate": "2019-07-06", "retailPrice": 90, "shoe": "Nike SB Dunk Low Pro", "title": "Nike SB Dunk Low Pro Dark Russet Cedar", "urlKey": "nike-sb-dunk-low-pro-dark-russet-cedar", "market": {"lowestAsk": 449, "salesThisPeriod": 0, "salesLastPeriod": 0, "highestBid": 989, "volatility": 0.383045, "deadstockSold": 31, "pricePremium": 4.333, "averageDeadstockPrice": 555, "lastSale": 480, "changeValue": 135, "changePercentage": 0.391304, "lastLowestAskTime": 1654774083, "lastHighestBidTime": 1655252615, "lastSaleDate": "2022-09-09T12:54:31+00:00"}, "objectID": "6f769642-f40a-4a25-82e7-ac7db8a0abe9"}, {"id": "f4193af3-93a4-41c7-b773-412a9a63be0b", "uuid": "f4193af3-93a4-41c7-b773-412a9a63be0b", "brand": "Nike", "colorway": "White/Black-White", "condition": "New", "description": "", "media": {"smallImageUrl": "https://images.stockx.com/images/Nike-Dunk-High-Retro-SE-White-Black-Camo-Product.jpg?fit=fill&bg=FFFFFF&w=300&h=214&fm=webp&auto=compress&trim=color&q=90&dpr=2&updated_at=1647445572", "thumbUrl": "https://images.stockx.com/images/Nike-Dunk-High-Retro-SE-White-Black-Camo-Product.jpg?fit=fill&bg=FFFFFF&w=140&h=100&fm=webp&auto=compress&trim=color&q=90&dpr=2&updated_at=1647445572"}, "productCategory": "sneakers", "releaseDate": "", "retailPrice": 130, "shoe": "Nike Dunk High Retro SE", "title": "Nike Dunk High Retro SE White Black Camo", "urlKey": "nike-dunk-high-retro-se-white-black-camo", "market": {"lowestAsk": 112, "salesThisPeriod": 0, "salesLastPeriod": 0, "highestBid": 100, "volatility": 0.089235, "deadstockSold": 326, "pricePremium": -0.022, "averageDeadstockPrice": 127, "lastSale": 127, "changeValue": 13, "changePercentage": 0.10516, "lastLowestAskTime": 1663789608, "lastHighestBidTime": 1663682950, "lastSaleDate": "2022-09-14T12:19:38+00:00"}, "objectID": "f4193af3-93a4-41c7-b773-412a9a63be0b"}, {"id": "2916f93f-0be5-4654-a7c0-08a6e195d332", "uuid": "2916f93f-0be5-4654-a7c0-08a6e195d332", "brand": "Nike", "colorway": "White/Navy Blue", "condition": "New", "description": "", "media": {"smallImageUrl": "https://images.stockx.com/images/Nike-SB-Dunk-Low-HUF-New-York-City.jpg?fit=fill&bg=FFFFFF&w=300&h=214&fm=webp&auto=compress&trim=color&q=90&dpr=2&updated_at=1660248390", "thumbUrl": "https://images.stockx.com/images/Nike-SB-Dunk-Low-HUF-New-York-City.jpg?fit=fill&bg=FFFFFF&w=140&h=100&fm=webp&auto=compress&trim=color&q=90&dpr=2&updated_at=1660248390"}, "productCategory": "sneakers", "releaseDate": "", "retailPrice": 0, "shoe": "Nike SB Dunk Low", "title": "Nike SB Dunk Low HUF New York City", "urlKey": "nike-sb-dunk-low-huf-new-york-city", "market": {"lowestAsk": 4500, "salesThisPeriod": 0, "salesLastPeriod": 0, "highestBid": 351, "volatility": 0, "deadstockSold": 0, "pricePremium": 0, "averageDeadstockPrice": 0, "lastSale": 0, "changeValue": 0, "changePercentage": 0, "lastLowestAskTime": 0, "lastHighestBidTime": 1660577131, "lastSaleDate": ""}, "objectID": "2916f93f-0be5-4654-a7c0-08a6e195d332"}, {"id": "81fb6cdc-c43e-42e3-a790-33eca4ad64fe", "uuid": "81fb6cdc-c43e-42e3-a790-33eca4ad64fe", "brand": "Nike", "colorway": "Metallic Gold/Metallic Gold-Black", "condition": "New", "description": "As seen on Lebron James feet, the Nike SB Dunk High Humidity is for kings only. These royal sneakers come with an all gold upper, black midsole, red bowtie shoestring lock, and a translucent sole with music note graphics. This jazz inspired shoe released in September 2018 and retailed for $110. Join royalty and place a Bid on StockX.", "media": {"smallImageUrl": "https://images.stockx.com/images/Nike-SB-Dunk-High-Humidity-Product.jpg?fit=fill&bg=FFFFFF&w=300&h=214&fm=webp&auto=compress&trim=color&q=90&dpr=2&updated_at=1607058513", "thumbUrl": "https://images.stockx.com/images/Nike-SB-Dunk-High-Humidity-Product.jpg?fit=fill&bg=FFFFFF&w=140&h=100&fm=webp&auto=compress&trim=color&q=90&dpr=2&updated_at=1607058513"}, "productCategory": "sneakers", "releaseDate": "2018-09-22", "retailPrice": 110, "shoe": "Nike SB Dunk High", "title": "Nike SB Dunk High Humidity", "urlKey": "nike-sb-dunk-high-humidity", "market": {"lowestAsk": 264, "salesThisPeriod": 2, "salesLastPeriod": 0, "highestBid": 367, "volatility": 0.08535, "deadstockSold": 77, "pricePremium": 2.067, "averageDeadstockPrice": 360, "lastSale": 337, "changeValue": -22, "changePercentage": -0.062466, "lastLowestAskTime": 1663434000, "lastHighestBidTime": 1662437623, "lastSaleDate": "2022-09-17T08:04:37+00:00"}, "objectID": "81fb6cdc-c43e-42e3-a790-33eca4ad64fe"}, {"id": "10cc2d10-aebf-487c-86cc-1f81af8b28b7", "uuid": "10cc2d10-aebf-487c-86cc-1f81af8b28b7", "brand": "Nike", "childId": null, "colorway": "Baroque Brown/White-Pine Green", "condition": "New", "description": "", "media": {"smallImageUrl": "https://images.stockx.com/images/Nike-SB-Dunk-High-Baroque-Brown-Vegan-Leather-Product.jpg?fit=fill&bg=FFFFFF&w=300&h=214&fm=webp&auto=compress&trim=color&q=90&dpr=2&updated_at=1616612222", "thumbUrl": "https://images.stockx.com/images/Nike-SB-Dunk-High-Baroque-Brown-Vegan-Leather-Product.jpg?fit=fill&bg=FFFFFF&w=140&h=100&fm=webp&auto=compress&trim=color&q=90&dpr=2&updated_at=1616612222"}, "productCategory": "sneakers", "releaseDate": "2021-01-31", "retailPrice": 120, "shoe": "Nike SB Dunk High", "title": "Nike SB Dunk High Baroque Brown Vegan Leather", "urlKey": "nike-sb-dunk-high-baroque-brown-vegan-leather", "market": {"lowestAsk": 100, "salesThisPeriod": 5, "salesLastPeriod": 0, "highestBid": 130, "volatility": 0.148338, "deadstockSold": 483, "pricePremium": 0.167, "averageDeadstockPrice": 145, "lastSale": 140, "changeValue": -4, "changePercentage": -0.02936, "lastLowestAskTime": 1661061598, "lastHighestBidTime": 1663350271, "lastSaleDate": "2022-09-19T10:40:55+00:00"}, "objectID": "10cc2d10-aebf-487c-86cc-1f81af8b28b7"}, {"id": "2eafb258-1452-4f7c-b407-15546fcfb665", "uuid": "2eafb258-1452-4f7c-b407-15546fcfb665", "brand": "Nike", "colorway": "Sail/Light Soft Pink/Pearl White/Pink Oxford", "condition": "New", "description": "", "media": {"smallImageUrl": "https://images.stockx.com/images/Nike-Dunk-High-Up-Sail-Light-Soft-Pink-W-Product.jpg?fit=fill&bg=FFFFFF&w=300&h=214&fm=webp&auto=compress&trim=color&q=90&dpr=2&updated_at=1638457626", "thumbUrl": "https://images.stockx.com/images/Nike-Dunk-High-Up-Sail-Light-Soft-Pink-W-Product.jpg?fit=fill&bg=FFFFFF&w=140&h=100&fm=webp&auto=compress&trim=color&q=90&dpr=2&updated_at=1638457626"}, "productCategory": "sneakers", "releaseDate": "", "retailPrice": 120, "shoe": "Nike Dunk High Up", "title": "Nike Dunk High Up Sail Light Soft Pink (W)", "urlKey": "nike-dunk-high-up-sail-light-soft-pink-w", "market": {"lowestAsk": 80, "salesThisPeriod": 4, "salesLastPeriod": 0, "highestBid": 120, "volatility": 0.115887, "deadstockSold": 1037, "pricePremium": -0.008, "averageDeadstockPrice": 136, "lastSale": 119, "changeValue": -17, "changePercentage": -0.125, "lastLowestAskTime": 1663251184, "lastHighestBidTime": 1663332892, "lastSaleDate": "2022-09-16T04:06:35+00:00"}, "objectID": "2eafb258-1452-4f7c-b407-15546fcfb665"}, {"id": "0b27c934-a746-4ad6-b450-4b47da94bee9", "uuid": "0b27c934-a746-4ad6-b450-4b47da94bee9", "brand": "Nike", "childId": null, "colorway": "Multi-Color/Multi-Color", "condition": "New", "description": "", "media": {"smallImageUrl": "https://images.stockx.com/images/Nike-SB-Dunk-Low-Concepts-Holy-Grail-Wooden-Box-2.jpg?fit=fill&bg=FFFFFF&w=300&h=214&fm=webp&auto=compress&trim=color&q=90&dpr=2&updated_at=1608511678", "thumbUrl": "https://images.stockx.com/images/Nike-SB-Dunk-Low-Concepts-Holy-Grail-Wooden-Box-2.jpg?fit=fill&bg=FFFFFF&w=140&h=100&fm=webp&auto=compress&trim=color&q=90&dpr=2&updated_at=1608511678"}, "productCategory": "sneakers", "releaseDate": "2015-07-25", "retailPrice": 180, "shoe": "Nike SB Dunk Low", "title": "Nike SB Dunk Low Concepts Holy Grail (Wooden Box)", "urlKey": "nike-sb-dunk-low-concepts-holy-grail-wooden-box", "market": {"lowestAsk": 1999, "salesThisPeriod": 0, "salesLastPeriod": 0, "highestBid": 998, "volatility": 0, "deadstockSold": 0, "pricePremium": 0, "averageDeadstockPrice": 0, "lastSale": 1450, "changeValue": -49, "changePercentage": -0.032688, "lastLowestAskTime": 1662705028, "lastHighestBidTime": 1662048344, "lastSaleDate": "2021-05-03T01:46:12+00:00"}, "objectID": "0b27c934-a746-4ad6-b450-4b47da94bee9"}, {"id": "3ca290af-b3b5-445f-ac64-6dca41098988", "uuid": "3ca290af-b3b5-445f-ac64-6dca41098988", "brand": "Nike", "colorway": "Safety Orange/Hyper Blue-White", "condition": "New", "description": "", "media": {"smallImageUrl": "https://images.stockx.com/images/Nike-SB-Dunk-Low-Danny-Supa.png?fit=fill&bg=FFFFFF&w=300&h=214&fm=webp&auto=compress&trim=color&q=90&dpr=2&updated_at=1617289847", "thumbUrl": "https://images.stockx.com/images/Nike-SB-Dunk-Low-Danny-Supa.png?fit=fill&bg=FFFFFF&w=140&h=100&fm=webp&auto=compress&trim=color&q=90&dpr=2&updated_at=1617289847"}, "productCategory": "sneakers", "releaseDate": "2002-03-01", "retailPrice": 60, "shoe": "Nike SB Dunk Low", "title": "Nike SB Dunk Low Danny Supa", "urlKey": "nike-sb-dunk-low-danny-supa", "market": {"lowestAsk": 5144, "salesThisPeriod": 0, "salesLastPeriod": 0, "highestBid": 1000, "volatility": 0, "deadstockSold": 1, "pricePremium": 38.167, "averageDeadstockPrice": 2350, "lastSale": 2350, "changeValue": 0, "changePercentage": 0, "lastLowestAskTime": 1661652913, "lastHighestBidTime": 1658299657, "lastSaleDate": "2021-12-03T04:51:18+00:00"}, "objectID": "3ca290af-b3b5-445f-ac64-6dca41098988"}]}