{"Pagination": {"query": "nike dunk", "queryID": "fb04af9c983881c8221a556b99960612", "index": "PRODUCTION_PG_FEATURED_DESC", "limit": 40, "page": 22, "total": 3934, "lastPage": "/api/v3/browse?_search=nike%20dunk&dataType=product&facetsToRetrieve=%7B%7D&filterVersion=4&page=25&propsToRetrieve=brand%2CchildId%2Ccolorway%2Ccondition%2Cdescription%2Cid%2Cmarket.averageDeadstockPrice%2Cmarket.bidAskData%2Cmarket.changePercentage%2Cmarket.changeValue%2Cmarket.deadstockSold%2Cmarket.highestBid%2Cmarket.lastHighestBidTime%2Cmarket.lastLowestAskTime%2Cmarket.lastSale%2Cmarket.lastSaleDate%2Cmarket.lastSaleValue%2Cmarket.lowestAsk%2Cmarket.pricePremium%2Cmarket.salesInformation%2Cmarket.salesLastPeriod%2Cmarket.salesThisPeriod%2Cmarket.volatility%2Cmedia.smallImageUrl%2Cmedia.thumbUrl%2CproductCategory%2CreleaseDate%2CretailPrice%2Cshoe%2Ctitle%2CurlKey%2Cuuid", "sort": ["featured"], "order": ["DESC"], "currentPage": "/api/v3/browse?_search=nike%20dunk&dataType=product&facetsToRetrieve=%7B%7D&filterVersion=4&page=22&propsToRetrieve=brand%2CchildId%2Ccolorway%2Ccondition%2Cdescription%2Cid%2Cmarket.averageDeadstockPrice%2Cmarket.bidAskData%2Cmarket.changePercentage%2Cmarket.changeValue%2Cmarket.deadstockSold%2Cmarket.highestBid%2Cmarket.lastHighestBidTime%2Cmarket.lastLowestAskTime%2Cmarket.lastSale%2Cmarket.lastSaleDate%2Cmarket.lastSaleValue%2Cmarket.lowestAsk%2Cmarket.pricePremium%2Cmarket.salesInformation%2Cmarket.salesLastPeriod%2Cmarket.salesThisPeriod%2Cmarket.volatility%2Cmedia.smallImageUrl%2Cmedia.thumbUrl%2CproductCategory%2CreleaseDate%2CretailPrice%2Cshoe%2Ctitle%2CurlKey%2Cuuid", "nextPage": "/api/v3/browse?_search=nike%20dunk&dataType=product&facetsToRetrieve=%7B%7D&filterVersion=4&page=23&propsToRetrieve=brand%2CchildId%2Ccolorway%2Ccondition%2Cdescription%2Cid%2Cmarket.averageDeadstockPrice%2Cmarket.bidAskData%2Cmarket.changePercentage%2Cmarket.changeValue%2Cmarket.deadstockSold%2Cmarket.highestBid%2Cmarket.lastHighestBidTime%2Cmarket.lastLowestAskTime%2Cmarket.lastSale%2Cmarket.lastSaleDate%2Cmarket.lastSaleValue%2Cmarket.lowestAsk%2Cmarket.pricePremium%2Cmarket.salesInformation%2Cmarket.salesLastPeriod%2Cmarket.salesThisPeriod%2Cmarket.volatility%2Cmedia.smallImageUrl%2Cmedia.thumbUrl%2CproductCategory%2CreleaseDate%2CretailPrice%2Cshoe%2Ctitle%2CurlKey%2Cuuid", "previousPage": "/api/v3/browse?_search=nike%20dunk&dataType=product&facetsToRetrieve=%7B%7D&filterVersion=4&page=21&propsToRetrieve=brand%2CchildId%2Ccolorway%2Ccondition%2Cdescription%2Cid%2Cmarket.averageDeadstockPrice%2Cmarket.bidAskData%2Cmarket.changePercentage%2Cmarket.changeValue%2Cmarket.deadstockSold%2Cmarket.highestBid%2Cmarket.lastHighestBidTime%2Cmarket.lastLowestAskTime%2Cmarket.lastSale%2Cmarket.lastSaleDate%2Cmarket.lastSaleValue%2Cmarket.lowestAsk%2Cmarket.pricePremium%2Cmarket.salesInformation%2Cmarket.salesLastPeriod%2Cmarket.salesThisPeriod%2Cmarket.volatility%2Cmedia.smallImageUrl%2Cmedia.thumbUrl%2CproductCategory%2CreleaseDate%2CretailPrice%2Cshoe%2Ctitle%2CurlKey%2Cuuid"}, "Facets": {}, "Products": [{"id": "ea667977-79b5-475c-b34f-586651c926f3", "uuid": "ea667977-79b5-475c-b34f-586651c926f3", "brand": "Nike", "childId": null, "colorway": "Cappuccino/Bronze-Wheat", "condition": "New", "description": "", "media": {"smallImageUrl": "https://images.stockx.com/images/Nike-SB-Dunk-Mid-Lewis-Marnell-Product.jpg?fit=fill&bg=FFFFFF&w=300&h=214&fm=webp&auto=compress&trim=color&q=90&dpr=2&updated_at=1610079126", "thumbUrl": "https://images.stockx.com/images/Nike-SB-Dunk-Mid-Lewis-Marnell-Product.jpg?fit=fill&bg=FFFFFF&w=140&h=100&fm=webp&auto=compress&trim=color&q=90&dpr=2&updated_at=1610079126"}, "productCategory": "sneakers", "releaseDate": "2018-01-18", "retailPrice": 100, "shoe": "Nike SB Dunk Mid", "title": "Nike SB Dunk Mid Lewis Marnell", "urlKey": "nike-sb-dunk-mid-lewis-marnell", "market": {"lowestAsk": 303, "salesThisPeriod": 0, "salesLastPeriod": 0, "highestBid": 356, "volatility": 0.403698, "deadstockSold": 29, "pricePremium": 1.9, "averageDeadstockPrice": 274, "lastSale": 290, "changeValue": 60, "changePercentage": 0.26087, "lastLowestAskTime": 1663149066, "lastHighestBidTime": 1661884079, "lastSaleDate": "2022-09-01T04:02:26+00:00"}, "objectID": "ea667977-79b5-475c-b34f-586651c926f3"}, {"id": "ef6895a8-1381-4736-acca-7a0b6fc415b9", "uuid": "ef6895a8-1381-4736-acca-7a0b6fc415b9", "brand": "Nike", "colorway": "Metallic Silver/Hyper Verde-Gum Yellow", "condition": "New", "description": "", "media": {"smallImageUrl": "https://images.stockx.com/images/Nike-Dunk-SB-High-Gray-Shoe-Box-Product.jpg?fit=fill&bg=FFFFFF&w=300&h=214&fm=webp&auto=compress&trim=color&q=90&dpr=2&updated_at=1607052134", "thumbUrl": "https://images.stockx.com/images/Nike-Dunk-SB-High-Gray-Shoe-Box-Product.jpg?fit=fill&bg=FFFFFF&w=140&h=100&fm=webp&auto=compress&trim=color&q=90&dpr=2&updated_at=1607052134"}, "productCategory": "sneakers", "releaseDate": "2016-10-29", "retailPrice": 110, "shoe": "Nike SB Dunk High", "title": "Nike SB Dunk High Silver Box", "urlKey": "nike-dunk-sb-high-gray-shoe-box", "market": {"lowestAsk": 303, "salesThisPeriod": 0, "salesLastPeriod": 0, "highestBid": 325, "volatility": 0.159229, "deadstockSold": 29, "pricePremium": 2, "averageDeadstockPrice": 332, "lastSale": 330, "changeValue": -69, "changePercentage": -0.172932, "lastLowestAskTime": 1663707829, "lastHighestBidTime": 1660807289, "lastSaleDate": "2022-09-15T07:15:32+00:00"}, "objectID": "ef6895a8-1381-4736-acca-7a0b6fc415b9"}, {"id": "81d4d77d-74fa-4b23-a9b8-5aaf76aa2c30", "uuid": "81d4d77d-74fa-4b23-a9b8-5aaf76aa2c30", "brand": "Nike", "colorway": "Black/Olive Khaki-Sunset", "condition": "New", "description": "", "media": {"smallImageUrl": "https://images.stockx.com/images/Nike-Dunk-SB-510-FiveOneO-Camo-Product.jpg?fit=fill&bg=FFFFFF&w=300&h=214&fm=webp&auto=compress&trim=color&q=90&dpr=2&updated_at=1607058599", "thumbUrl": "https://images.stockx.com/images/Nike-Dunk-SB-510-FiveOneO-Camo-Product.jpg?fit=fill&bg=FFFFFF&w=140&h=100&fm=webp&auto=compress&trim=color&q=90&dpr=2&updated_at=1607058599"}, "productCategory": "sneakers", "releaseDate": "", "retailPrice": 120, "shoe": "Nike SB Dunk High", "title": "Nike SB Dunk High FiveOneO Camo", "urlKey": "nike-dunk-sb-high-fivenneo-camo", "market": {"lowestAsk": 158, "salesThisPeriod": 0, "salesLastPeriod": 0, "highestBid": 206, "volatility": 0.291782, "deadstockSold": 28, "pricePremium": 0, "averageDeadstockPrice": 236, "lastSale": 170, "changeValue": -40, "changePercentage": -0.190476, "lastLowestAskTime": 1663703135, "lastHighestBidTime": 1663428858, "lastSaleDate": "2022-09-10T04:42:25+00:00"}, "objectID": "81d4d77d-74fa-4b23-a9b8-5aaf76aa2c30"}, {"id": "8b24d01a-4853-496d-9891-f4ef1ddcab08", "uuid": "8b24d01a-4853-496d-9891-f4ef1ddcab08", "brand": "Nike", "childId": null, "colorway": "Gold/Atlantic Blue", "condition": "New", "description": "", "media": {"smallImageUrl": "https://images.stockx.com/images/Nike-SB-Dunk-Low-Newcastle-Brown-Ale-Product.jpg?fit=fill&bg=FFFFFF&w=300&h=214&fm=webp&auto=compress&trim=color&q=90&dpr=2&updated_at=1637089926", "thumbUrl": "https://images.stockx.com/images/Nike-SB-Dunk-Low-Newcastle-Brown-Ale-Product.jpg?fit=fill&bg=FFFFFF&w=140&h=100&fm=webp&auto=compress&trim=color&q=90&dpr=2&updated_at=1637089926"}, "productCategory": "sneakers", "releaseDate": "2008-06-01", "retailPrice": 90, "shoe": "Nike SB Dunk Low", "title": "Nike SB Dunk Low Newcastle Brown Ale", "urlKey": "nike-sb-dunk-low-newcastle-brown-ale", "market": {"lowestAsk": 997, "salesThisPeriod": 0, "salesLastPeriod": 0, "highestBid": 870, "volatility": 0.134085, "deadstockSold": 28, "pricePremium": 12.367, "averageDeadstockPrice": 1015, "lastSale": 1203, "changeValue": 303, "changePercentage": 0.336667, "lastLowestAskTime": 1663247448, "lastHighestBidTime": 1663377704, "lastSaleDate": "2022-08-18T00:24:53+00:00"}, "objectID": "8b24d01a-4853-496d-9891-f4ef1ddcab08"}, {"id": "9b803cbb-7d66-4737-b9c9-224a54d2fc57", "uuid": "9b803cbb-7d66-4737-b9c9-224a54d2fc57", "brand": "Nike", "colorway": "Cargo Khaki/Cargo Khaki-White", "condition": "New", "description": "", "media": {"smallImageUrl": "https://images.stockx.com/images/Nike-Dunk-High-Retro-Cargo-Khaki.png?fit=fill&bg=FFFFFF&w=300&h=214&fm=webp&auto=compress&trim=color&q=90&dpr=2&updated_at=1616552463", "thumbUrl": "https://images.stockx.com/images/Nike-Dunk-High-Retro-Cargo-Khaki.png?fit=fill&bg=FFFFFF&w=140&h=100&fm=webp&auto=compress&trim=color&q=90&dpr=2&updated_at=1616552463"}, "productCategory": "sneakers", "releaseDate": "2017-06-01", "retailPrice": 120, "shoe": "Nike Dunk High Retro", "title": "Nike Dunk High Retro Cargo Khaki (2017)", "urlKey": "nike-dunk-high-retro-cargo-khaki", "market": {"lowestAsk": 220, "salesThisPeriod": 0, "salesLastPeriod": 0, "highestBid": 157, "volatility": 0.102426, "deadstockSold": 28, "pricePremium": 0.797, "averageDeadstockPrice": 215, "lastSale": 216, "changeValue": 5, "changePercentage": 0.022075, "lastLowestAskTime": 1663035549, "lastHighestBidTime": 1663146905, "lastSaleDate": "2022-04-29T07:01:53+00:00"}, "objectID": "9b803cbb-7d66-4737-b9c9-224a54d2fc57"}, {"id": "c57a8e3e-76e7-48d0-b4b5-754a4991252a", "uuid": "c57a8e3e-76e7-48d0-b4b5-754a4991252a", "brand": "Nike", "colorway": "Deep Forest/Paprika", "condition": "New", "description": "", "media": {"smallImageUrl": "https://images.stockx.com/images/Nike-SB-Dunk-High-RESN-2009.png?fit=fill&bg=FFFFFF&w=300&h=214&fm=webp&auto=compress&trim=color&q=90&dpr=2&updated_at=1607989268", "thumbUrl": "https://images.stockx.com/images/Nike-SB-Dunk-High-RESN-2009.png?fit=fill&bg=FFFFFF&w=140&h=100&fm=webp&auto=compress&trim=color&q=90&dpr=2&updated_at=1607989268"}, "productCategory": "sneakers", "releaseDate": "2009-12-01", "retailPrice": 108, "shoe": "Nike SB Dunk High", "title": "Nike SB Dunk High RESN (2009)", "urlKey": "nike-sb-dunk-high-resn-2009", "market": {"lowestAsk": 252, "salesThisPeriod": 0, "salesLastPeriod": 0, "highestBid": 300, "volatility": 0.185279, "deadstockSold": 28, "pricePremium": 1.093, "averageDeadstockPrice": 297, "lastSale": 226, "changeValue": -50, "changePercentage": -0.181159, "lastLowestAskTime": 1662685221, "lastHighestBidTime": 1662796724, "lastSaleDate": "2022-09-05T03:42:56+00:00"}, "objectID": "c57a8e3e-76e7-48d0-b4b5-754a4991252a"}, {"id": "f0791a62-6b27-4179-b295-632150e1dfcf", "uuid": "f0791a62-6b27-4179-b295-632150e1dfcf", "brand": "Nike", "colorway": "Dark Magnet/University Red-Heritage", "condition": "New", "description": "", "media": {"smallImageUrl": "https://images.stockx.com/images/Nike-Dunk-SB-Low-Dorothy-Product.jpg?fit=fill&bg=FFFFFF&w=300&h=214&fm=webp&auto=compress&trim=color&q=90&dpr=2&updated_at=1607052730", "thumbUrl": "https://images.stockx.com/images/Nike-Dunk-SB-Low-Dorothy-Product.jpg?fit=fill&bg=FFFFFF&w=140&h=100&fm=webp&auto=compress&trim=color&q=90&dpr=2&updated_at=1607052730"}, "productCategory": "sneakers", "releaseDate": "2015-03-04", "retailPrice": 100, "shoe": "Nike SB Dunk Low", "title": "Nike SB Dunk Low Dorothy", "urlKey": "nike-dunk-sb-low-dorothy", "market": {"lowestAsk": 600, "salesThisPeriod": 0, "salesLastPeriod": 0, "highestBid": 601, "volatility": 0.159157, "deadstockSold": 28, "pricePremium": 6.002, "averageDeadstockPrice": 596, "lastSale": 700, "changeValue": 116, "changePercentage": 0.196838, "lastLowestAskTime": 1663294940, "lastHighestBidTime": 1662959464, "lastSaleDate": "2022-08-30T09:46:53+00:00"}, "objectID": "f0791a62-6b27-4179-b295-632150e1dfcf"}, {"id": "2ba05a13-7fec-4aee-bdfb-089302b06283", "uuid": "2ba05a13-7fec-4aee-bdfb-089302b06283", "brand": "Nike", "childId": null, "colorway": "Black/White-Black-Gum Light Brown", "condition": "New", "description": "", "media": {"smallImageUrl": "https://images.stockx.com/images/Nike-SB-Dunk-Low-Orange-Label-Product.jpg?fit=fill&bg=FFFFFF&w=300&h=214&fm=webp&auto=compress&trim=color&q=90&dpr=2&updated_at=1607045538", "thumbUrl": "https://images.stockx.com/images/Nike-SB-Dunk-Low-Orange-Label-Product.jpg?fit=fill&bg=FFFFFF&w=140&h=100&fm=webp&auto=compress&trim=color&q=90&dpr=2&updated_at=1607045538"}, "productCategory": "sneakers", "releaseDate": "2019-03-01", "retailPrice": 90, "shoe": "Nike SB Dunk Low", "title": "Nike SB Dunk Low Orange Label", "urlKey": "nike-sb-dunk-low-orange-label", "market": {"lowestAsk": 242, "salesThisPeriod": 0, "salesLastPeriod": 0, "highestBid": 385, "volatility": 0.219635, "deadstockSold": 27, "pricePremium": 6.222, "averageDeadstockPrice": 413, "lastSale": 650, "changeValue": 346, "changePercentage": 1.13816, "lastLowestAskTime": 1663302629, "lastHighestBidTime": 1663164225, "lastSaleDate": "2022-07-29T16:13:46+00:00"}, "objectID": "2ba05a13-7fec-4aee-bdfb-089302b06283"}, {"id": "72855b53-4903-4108-b549-7458427ab052", "uuid": "72855b53-4903-4108-b549-7458427ab052", "brand": "Nike", "colorway": "University Red/University Red-Metallic Gold", "condition": "New", "description": "", "media": {"smallImageUrl": "https://images.stockx.com/images/Nike-Dunk-SB-High-Chinese-New-Year-YOTH-Product.jpg?fit=fill&bg=FFFFFF&w=300&h=214&fm=webp&auto=compress&trim=color&q=90&dpr=2&updated_at=1607056844", "thumbUrl": "https://images.stockx.com/images/Nike-Dunk-SB-High-Chinese-New-Year-YOTH-Product.jpg?fit=fill&bg=FFFFFF&w=140&h=100&fm=webp&auto=compress&trim=color&q=90&dpr=2&updated_at=1607056844"}, "productCategory": "sneakers", "releaseDate": "2014-01-18", "retailPrice": 108, "shoe": "Nike SB Dunk High", "title": "Nike SB Dunk High Chinese New Year (CNY)", "urlKey": "nike-dunk-sb-high-chinese-new-year-cny", "market": {"lowestAsk": 280, "salesThisPeriod": 0, "salesLastPeriod": 0, "highestBid": 260, "volatility": 0.148469, "deadstockSold": 27, "pricePremium": 2.083, "averageDeadstockPrice": 308, "lastSale": 333, "changeValue": -16, "changePercentage": -0.048027, "lastLowestAskTime": 1659749492, "lastHighestBidTime": 1660819219, "lastSaleDate": "2022-07-21T21:20:00+00:00"}, "objectID": "72855b53-4903-4108-b549-7458427ab052"}, {"id": "89d01f35-9c60-4955-a7d5-fae2d49cd589", "uuid": "89d01f35-9c60-4955-a7d5-fae2d49cd589", "brand": "Nike", "childId": null, "colorway": "Medium Olive/Black-Gum Light Brown", "condition": "New", "description": "", "media": {"smallImageUrl": "https://images.stockx.com/images/Nike-SB-Dunk-Low-Skate-Camo-Product.jpg?fit=fill&bg=FFFFFF&w=300&h=214&fm=webp&auto=compress&trim=color&q=90&dpr=2&updated_at=1638552516", "thumbUrl": "https://images.stockx.com/images/Nike-SB-Dunk-Low-Skate-Camo-Product.jpg?fit=fill&bg=FFFFFF&w=140&h=100&fm=webp&auto=compress&trim=color&q=90&dpr=2&updated_at=1638552516"}, "productCategory": "sneakers", "releaseDate": "2017-12-28", "retailPrice": 90, "shoe": "Nike SB Dunk Low", "title": "Nike SB Dunk Low Skate Camo", "urlKey": "nike-sb-dunk-low-skate-camo", "market": {"lowestAsk": 312, "salesThisPeriod": 0, "salesLastPeriod": 0, "highestBid": 297, "volatility": 0.223014, "deadstockSold": 27, "pricePremium": 2.333, "averageDeadstockPrice": 382, "lastSale": 300, "changeValue": -100, "changePercentage": -0.25, "lastLowestAskTime": 1662481602, "lastHighestBidTime": 1659912940, "lastSaleDate": "2022-09-09T03:53:50+00:00"}, "objectID": "89d01f35-9c60-4955-a7d5-fae2d49cd589"}, {"id": "05f71dab-1278-4eb7-b49b-98f9bf66f811", "uuid": "05f71dab-1278-4eb7-b49b-98f9bf66f811", "brand": "Nike", "colorway": "Black/Metallic Gold-Unvrsty Rd", "condition": "New", "description": "", "media": {"smallImageUrl": "https://images.stockx.com/images/Nike-Dunk-SB-Low-Beijing-Metallic-Gold-Product.jpg?fit=fill&bg=FFFFFF&w=300&h=214&fm=webp&auto=compress&trim=color&q=90&dpr=2&updated_at=1608514462", "thumbUrl": "https://images.stockx.com/images/Nike-Dunk-SB-Low-Beijing-Metallic-Gold-Product.jpg?fit=fill&bg=FFFFFF&w=140&h=100&fm=webp&auto=compress&trim=color&q=90&dpr=2&updated_at=1608514462"}, "productCategory": "sneakers", "releaseDate": "2014-09-13", "retailPrice": 100, "shoe": "Nike SB Dunk Low", "title": "Nike SB Dunk Low Beijing Metallic Gold", "urlKey": "nike-dunk-sb-low-beijing-metallic-gold", "market": {"lowestAsk": 395, "salesThisPeriod": 0, "salesLastPeriod": 0, "highestBid": 350, "volatility": 0.17699, "deadstockSold": 26, "pricePremium": 0, "averageDeadstockPrice": 347, "lastSale": 305, "changeValue": -134, "changePercentage": -0.305239, "lastLowestAskTime": 1663631132, "lastHighestBidTime": 1661901864, "lastSaleDate": "2022-07-05T04:04:20+00:00"}, "objectID": "05f71dab-1278-4eb7-b49b-98f9bf66f811"}, {"id": "27f91824-2dc4-4c0f-b780-0623f23e7986", "uuid": "27f91824-2dc4-4c0f-b780-0623f23e7986", "brand": "Nike", "childId": null, "colorway": "Black/Black-College Navy-Team Red", "condition": "New", "description": "The Cavs get a W by dropping one 2019\u2019s best sneakers with the Nike SB Dunk High NBA Cavs. This Nike SB comes with a black upper plus red and yellow accents, black Nike \"Swoosh\", white midsole, and blue sole. These sneakers released in January 2019 and retailed for $110. Live that NBA life and place a Bid on StockX today.", "media": {"smallImageUrl": "https://images.stockx.com/images/Nike-SB-Dunk-High-NBA-Cavs-Product.jpg?fit=fill&bg=FFFFFF&w=300&h=214&fm=webp&auto=compress&trim=color&q=90&dpr=2&updated_at=1607055577", "thumbUrl": "https://images.stockx.com/images/Nike-SB-Dunk-High-NBA-Cavs-Product.jpg?fit=fill&bg=FFFFFF&w=140&h=100&fm=webp&auto=compress&trim=color&q=90&dpr=2&updated_at=1607055577"}, "productCategory": "sneakers", "releaseDate": "2019-01-21", "retailPrice": 110, "shoe": "Nike SB Dunk High", "title": "Nike SB Dunk High NBA Cavs", "urlKey": "nike-sb-dunk-high-nba-cavs", "market": {"lowestAsk": 171, "salesThisPeriod": 0, "salesLastPeriod": 0, "highestBid": 175, "volatility": 0.497572, "deadstockSold": 26, "pricePremium": 0.727, "averageDeadstockPrice": 230, "lastSale": 190, "changeValue": 70, "changePercentage": 0.583333, "lastLowestAskTime": 1662401816, "lastHighestBidTime": 1661357438, "lastSaleDate": "2022-08-28T02:06:58+00:00"}, "objectID": "27f91824-2dc4-4c0f-b780-0623f23e7986"}, {"id": "6545f8d8-03db-4503-840e-22b28c8ea868", "uuid": "6545f8d8-03db-4503-840e-22b28c8ea868", "brand": "Nike", "colorway": "Baroque Brown/Altitude Green", "condition": "New", "description": "", "media": {"smallImageUrl": "https://images.stockx.com/images/Nike-Dunk-SB-High-De-La-Soul-Product.jpg?fit=fill&bg=FFFFFF&w=300&h=214&fm=webp&auto=compress&trim=color&q=90&dpr=2&updated_at=1607059572", "thumbUrl": "https://images.stockx.com/images/Nike-Dunk-SB-High-De-La-Soul-Product.jpg?fit=fill&bg=FFFFFF&w=140&h=100&fm=webp&auto=compress&trim=color&q=90&dpr=2&updated_at=1607059572"}, "productCategory": "sneakers", "releaseDate": "2005-11-01", "retailPrice": 120, "shoe": "Nike SB Dunk High", "title": "Nike SB Dunk High De La Soul (2005)", "urlKey": "nike-dunk-sb-high-de-la-soul-2005", "market": {"lowestAsk": 725, "salesThisPeriod": 0, "salesLastPeriod": 0, "highestBid": 597, "volatility": 0.369566, "deadstockSold": 26, "pricePremium": 0, "averageDeadstockPrice": 714, "lastSale": 600, "changeValue": -399, "changePercentage": -0.399399, "lastLowestAskTime": 1662057955, "lastHighestBidTime": 1660045645, "lastSaleDate": "2022-09-17T04:52:34+00:00"}, "objectID": "6545f8d8-03db-4503-840e-22b28c8ea868"}, {"id": "88278ea4-65c4-42ae-a500-efd13fb57829", "uuid": "88278ea4-65c4-42ae-a500-efd13fb57829", "brand": "Nike", "colorway": "White/Orion Blue-White", "condition": "New", "description": "", "media": {"smallImageUrl": "https://images.stockx.com/images/Nike-SB-Dunk-High-Mulder-Product.jpg?fit=fill&bg=FFFFFF&w=300&h=214&fm=webp&auto=compress&trim=color&q=90&dpr=2&updated_at=1607046643", "thumbUrl": "https://images.stockx.com/images/Nike-SB-Dunk-High-Mulder-Product.jpg?fit=fill&bg=FFFFFF&w=140&h=100&fm=webp&auto=compress&trim=color&q=90&dpr=2&updated_at=1607046643"}, "productCategory": "sneakers", "releaseDate": "2017-05-11", "retailPrice": 110, "shoe": "Nike SB Dunk High", "title": "Nike SB Dunk High Mulder", "urlKey": "nike-sb-dunk-high-mulder", "market": {"lowestAsk": 388, "salesThisPeriod": 0, "salesLastPeriod": 0, "highestBid": 275, "volatility": 0.156911, "deadstockSold": 26, "pricePremium": 2.564, "averageDeadstockPrice": 317, "lastSale": 392, "changeValue": 92, "changePercentage": 0.306667, "lastLowestAskTime": 1661072408, "lastHighestBidTime": 1662435503, "lastSaleDate": "2022-09-17T23:50:03+00:00"}, "objectID": "88278ea4-65c4-42ae-a500-efd13fb57829"}, {"id": "163d72d6-b106-435d-b19c-cc94ba72ede6", "uuid": "163d72d6-b106-435d-b19c-cc94ba72ede6", "brand": "Nike", "colorway": "Black/White/Chile Red/Copa", "condition": "New", "description": "", "media": {"smallImageUrl": "https://images.stockx.com/images/Nike-Dunk-Low-SE-Barber-Shop-Black-PS.jpg?fit=fill&bg=FFFFFF&w=300&h=214&fm=webp&auto=compress&trim=color&q=90&dpr=2&updated_at=1651710544", "thumbUrl": "https://images.stockx.com/images/Nike-Dunk-Low-SE-Barber-Shop-Black-PS.jpg?fit=fill&bg=FFFFFF&w=140&h=100&fm=webp&auto=compress&trim=color&q=90&dpr=2&updated_at=1651710544"}, "productCategory": "sneakers", "releaseDate": "2022-04-07", "retailPrice": 70, "shoe": "Nike Dunk Low SE", "title": "Nike Dunk Low SE Barber Shop Black (PS)", "urlKey": "nike-dunk-low-se-barber-shop-black-ps", "market": {"lowestAsk": 74, "salesThisPeriod": 0, "salesLastPeriod": 0, "highestBid": 0, "volatility": 0.219532, "deadstockSold": 25, "pricePremium": 0.414, "averageDeadstockPrice": 86, "lastSale": 99, "changeValue": 29, "changePercentage": 0.414286, "lastLowestAskTime": 1663045747, "lastHighestBidTime": 0, "lastSaleDate": "2022-09-05T21:31:38+00:00"}, "objectID": "163d72d6-b106-435d-b19c-cc94ba72ede6"}, {"id": "bf1ffa30-a272-4247-8ef0-584843c1f6eb", "uuid": "bf1ffa30-a272-4247-8ef0-584843c1f6eb", "brand": "Nike", "colorway": "Black/Metallic Platinum-Cannon", "condition": "New", "description": "", "media": {"smallImageUrl": "https://images.stockx.com/images/Nike-Dunk-SB-Low-SPOT-Lance-Mountain.jpg?fit=fill&bg=FFFFFF&w=300&h=214&fm=webp&auto=compress&trim=color&q=90&dpr=2&updated_at=1607053346", "thumbUrl": "https://images.stockx.com/images/Nike-Dunk-SB-Low-SPOT-Lance-Mountain.jpg?fit=fill&bg=FFFFFF&w=140&h=100&fm=webp&auto=compress&trim=color&q=90&dpr=2&updated_at=1607053346"}, "productCategory": "sneakers", "releaseDate": "2013-03-02", "retailPrice": 150, "shoe": "Nike SB Dunk Low", "title": "Nike SB Dunk Low S.P.O.T. x Lance Mountain", "urlKey": "nike-dunk-sb-low-s-p-o-t-x-lance-mountain", "market": {"lowestAsk": 274, "salesThisPeriod": 0, "salesLastPeriod": 0, "highestBid": 250, "volatility": 0.186435, "deadstockSold": 25, "pricePremium": 1.3, "averageDeadstockPrice": 284, "lastSale": 345, "changeValue": 29, "changePercentage": 0.090727, "lastLowestAskTime": 1663390493, "lastHighestBidTime": 1661932295, "lastSaleDate": "2022-08-31T15:13:21+00:00"}, "objectID": "bf1ffa30-a272-4247-8ef0-584843c1f6eb"}, {"id": "c709f549-5fe8-4218-915a-6375b203f88a", "uuid": "c709f549-5fe8-4218-915a-6375b203f88a", "brand": "Nike", "colorway": "Multi-Color/Black-White", "condition": "New", "description": "", "media": {"smallImageUrl": "https://images.stockx.com/images/Nike-Dunk-SB-Low-Hackey-Sack-Product.jpg?fit=fill&bg=FFFFFF&w=300&h=214&fm=webp&auto=compress&trim=color&q=90&dpr=2&updated_at=1607058640", "thumbUrl": "https://images.stockx.com/images/Nike-Dunk-SB-Low-Hackey-Sack-Product.jpg?fit=fill&bg=FFFFFF&w=140&h=100&fm=webp&auto=compress&trim=color&q=90&dpr=2&updated_at=1607058640"}, "productCategory": "sneakers", "releaseDate": "2014-04-26", "retailPrice": 90, "shoe": "Nike SB Dunk Low", "title": "Nike SB Dunk Low Hackey Sack", "urlKey": "nike-dunk-sb-low-hackey-sack", "market": {"lowestAsk": 295, "salesThisPeriod": 0, "salesLastPeriod": 0, "highestBid": 325, "volatility": 0.514159, "deadstockSold": 25, "pricePremium": 3.8, "averageDeadstockPrice": 453, "lastSale": 432, "changeValue": -268, "changePercentage": -0.382857, "lastLowestAskTime": 1662494601, "lastHighestBidTime": 1662912786, "lastSaleDate": "2022-08-29T18:21:34+00:00"}, "objectID": "c709f549-5fe8-4218-915a-6375b203f88a"}, {"id": "fce7ac3b-bf04-4ad1-971b-0401f48bc6d9", "uuid": "fce7ac3b-bf04-4ad1-971b-0401f48bc6d9", "brand": "Nike", "colorway": "Black/Black-Filbert", "condition": "New", "description": "", "media": {"smallImageUrl": "https://images.stockx.com/images/Nike-Dunk-SB-Low-Pushead-2-Product.jpg?fit=fill&bg=FFFFFF&w=300&h=214&fm=webp&auto=compress&trim=color&q=90&dpr=2&updated_at=1607050609", "thumbUrl": "https://images.stockx.com/images/Nike-Dunk-SB-Low-Pushead-2-Product.jpg?fit=fill&bg=FFFFFF&w=140&h=100&fm=webp&auto=compress&trim=color&q=90&dpr=2&updated_at=1607050609"}, "productCategory": "sneakers", "releaseDate": "2012-07-15", "retailPrice": 160, "shoe": "Nike SB Dunk Low", "title": "Nike SB Dunk Low Pushead 2", "urlKey": "nike-dunk-sb-low-pushead-2", "market": {"lowestAsk": 599, "salesThisPeriod": 0, "salesLastPeriod": 0, "highestBid": 540, "volatility": 0.171899, "deadstockSold": 25, "pricePremium": 4.138, "averageDeadstockPrice": 621, "lastSale": 822, "changeValue": 85, "changePercentage": 0.115332, "lastLowestAskTime": 1663126595, "lastHighestBidTime": 1661197046, "lastSaleDate": "2022-09-05T03:53:16+00:00"}, "objectID": "fce7ac3b-bf04-4ad1-971b-0401f48bc6d9"}, {"id": "19f28b17-6837-44dc-9f46-2774f8af6765", "uuid": "19f28b17-6837-44dc-9f46-2774f8af6765", "brand": "Nike", "colorway": "Atomic Pink/Black-White", "condition": "New", "description": "", "media": {"smallImageUrl": "https://images.stockx.com/images/Nike-Dunk-SB-Low-Premier-Fish-Ladder-Product.jpg?fit=fill&bg=FFFFFF&w=300&h=214&fm=webp&auto=compress&trim=color&q=90&dpr=2&updated_at=1608513830", "thumbUrl": "https://images.stockx.com/images/Nike-Dunk-SB-Low-Premier-Fish-Ladder-Product.jpg?fit=fill&bg=FFFFFF&w=140&h=100&fm=webp&auto=compress&trim=color&q=90&dpr=2&updated_at=1608513830"}, "productCategory": "sneakers", "releaseDate": "2015-11-14", "retailPrice": 100, "shoe": "Nike SB Dunk Low", "title": "Nike SB Dunk Low Premier Fish Ladder", "urlKey": "nike-dunk-sb-low-premier-fish-ladder", "market": {"lowestAsk": 344, "salesThisPeriod": 0, "salesLastPeriod": 0, "highestBid": 360, "volatility": 0.184878, "deadstockSold": 24, "pricePremium": 1.9, "averageDeadstockPrice": 294, "lastSale": 290, "changeValue": 45, "changePercentage": 0.183673, "lastLowestAskTime": 1663741280, "lastHighestBidTime": 1663587783, "lastSaleDate": "2022-09-17T01:59:34+00:00"}, "objectID": "19f28b17-6837-44dc-9f46-2774f8af6765"}, {"id": "1ac6d490-974c-423e-beeb-754ca80d0004", "uuid": "1ac6d490-974c-423e-beeb-754ca80d0004", "brand": "Nike", "colorway": "Black/Black-Black", "condition": "New", "description": "", "media": {"smallImageUrl": "https://images.stockx.com/images/Nike-Dunk-SB-Low-Pushead-1-Product.jpg?fit=fill&bg=FFFFFF&w=300&h=214&fm=webp&auto=compress&trim=color&q=90&dpr=2&updated_at=1633027590", "thumbUrl": "https://images.stockx.com/images/Nike-Dunk-SB-Low-Pushead-1-Product.jpg?fit=fill&bg=FFFFFF&w=140&h=100&fm=webp&auto=compress&trim=color&q=90&dpr=2&updated_at=1633027590"}, "productCategory": "sneakers", "releaseDate": "2005-01-01", "retailPrice": 100, "shoe": "Nike SB Dunk Low", "title": "Nike SB Dunk Low Pushead 1", "urlKey": "nike-dunk-sb-low-pushead-1", "market": {"lowestAsk": 689, "salesThisPeriod": 0, "salesLastPeriod": 0, "highestBid": 775, "volatility": 0.213878, "deadstockSold": 24, "pricePremium": 0, "averageDeadstockPrice": 744, "lastSale": 652, "changeValue": -48, "changePercentage": -0.068711, "lastLowestAskTime": 1663747355, "lastHighestBidTime": 1662828206, "lastSaleDate": "2022-09-02T09:50:15+00:00"}, "objectID": "1ac6d490-974c-423e-beeb-754ca80d0004"}, {"id": "43d1fac4-5f8b-4bde-b4be-a174a3c7c4da", "uuid": "43d1fac4-5f8b-4bde-b4be-a174a3c7c4da", "brand": "Nike", "colorway": "Black/Vivid Sulfur-Wolf Grey", "condition": "New", "description": "", "media": {"smallImageUrl": "https://images.stockx.com/images/Nike-Dunk-SB-High-Mcrad-Product.jpg?fit=fill&bg=FFFFFF&w=300&h=214&fm=webp&auto=compress&trim=color&q=90&dpr=2&updated_at=1608512688", "thumbUrl": "https://images.stockx.com/images/Nike-Dunk-SB-High-Mcrad-Product.jpg?fit=fill&bg=FFFFFF&w=140&h=100&fm=webp&auto=compress&trim=color&q=90&dpr=2&updated_at=1608512688"}, "productCategory": "sneakers", "releaseDate": "", "retailPrice": 120, "shoe": "Nike SB Dunk High", "title": "Nike SB Dunk High Mcrad", "urlKey": "nike-dunk-sb-high-mcrad", "market": {"lowestAsk": 400, "salesThisPeriod": 0, "salesLastPeriod": 0, "highestBid": 555, "volatility": 0.245366, "deadstockSold": 24, "pricePremium": 0, "averageDeadstockPrice": 529, "lastSale": 870, "changeValue": 320, "changePercentage": 0.581818, "lastLowestAskTime": 1662506843, "lastHighestBidTime": 1652266004, "lastSaleDate": "2022-08-17T02:02:45+00:00"}, "objectID": "43d1fac4-5f8b-4bde-b4be-a174a3c7c4da"}, {"id": "49a3e6ae-5d00-4560-a865-70882dea1b5e", "uuid": "49a3e6ae-5d00-4560-a865-70882dea1b5e", "brand": "Nike", "colorway": "Black/Clear Jade-White", "condition": "New", "description": "", "media": {"smallImageUrl": "https://images.stockx.com/images/Nike-Dunk-SB-Low-Clear-Jade-Product.jpg?fit=fill&bg=FFFFFF&w=300&h=214&fm=webp&auto=compress&trim=color&q=90&dpr=2&updated_at=1607051466", "thumbUrl": "https://images.stockx.com/images/Nike-Dunk-SB-Low-Clear-Jade-Product.jpg?fit=fill&bg=FFFFFF&w=140&h=100&fm=webp&auto=compress&trim=color&q=90&dpr=2&updated_at=1607051466"}, "productCategory": "sneakers", "releaseDate": "", "retailPrice": 100, "shoe": "Nike SB Dunk Low", "title": "Nike SB Dunk Low Clear Jade", "urlKey": "nike-dunk-sb-low-clear-jade", "market": {"lowestAsk": 375, "salesThisPeriod": 0, "salesLastPeriod": 0, "highestBid": 500, "volatility": 0.250891, "deadstockSold": 24, "pricePremium": 0, "averageDeadstockPrice": 369, "lastSale": 380, "changeValue": 40, "changePercentage": 0.117647, "lastLowestAskTime": 1663752673, "lastHighestBidTime": 1662924781, "lastSaleDate": "2022-09-02T14:45:44+00:00"}, "objectID": "49a3e6ae-5d00-4560-a865-70882dea1b5e"}, {"id": "5a0ca1bf-17cd-4ad9-b34e-88e78dba0bf6", "uuid": "5a0ca1bf-17cd-4ad9-b34e-88e78dba0bf6", "brand": "Nike", "colorway": "Black/Black-University Red", "condition": "New", "description": "", "media": {"smallImageUrl": "https://images.stockx.com/images/Nike-Dunk-SB-Low-Snake-Eyes-1.jpg?fit=fill&bg=FFFFFF&w=300&h=214&fm=webp&auto=compress&trim=color&q=90&dpr=2&updated_at=1607058743", "thumbUrl": "https://images.stockx.com/images/Nike-Dunk-SB-Low-Snake-Eyes-1.jpg?fit=fill&bg=FFFFFF&w=140&h=100&fm=webp&auto=compress&trim=color&q=90&dpr=2&updated_at=1607058743"}, "productCategory": "sneakers", "releaseDate": "2014-02-13", "retailPrice": 98, "shoe": "Nike SB Dunk Low", "title": "Nike SB Dunk Low Snake Eyes", "urlKey": "nike-dunk-sb-low-snake-eyes", "market": {"lowestAsk": 250, "salesThisPeriod": 0, "salesLastPeriod": 0, "highestBid": 322, "volatility": 2.40063, "deadstockSold": 24, "pricePremium": 0.071, "averageDeadstockPrice": 381, "lastSale": 105, "changeValue": -326, "changePercentage": -0.756381, "lastLowestAskTime": 1659632772, "lastHighestBidTime": 1663439479, "lastSaleDate": "2022-08-18T15:24:20+00:00"}, "objectID": "5a0ca1bf-17cd-4ad9-b34e-88e78dba0bf6"}, {"id": "9b7e1975-c819-4d3e-b20b-602cf5a9fff0", "uuid": "9b7e1975-c819-4d3e-b20b-602cf5a9fff0", "brand": "Nike", "colorway": "Brave Blue/Metallic Gold Star-Mineral Blue", "condition": "New", "description": "", "media": {"smallImageUrl": "https://images.stockx.com/images/Nike-Dunk-SB-Low-MIA-Skate-Shop-Product.jpg?fit=fill&bg=FFFFFF&w=300&h=214&fm=webp&auto=compress&trim=color&q=90&dpr=2&updated_at=1607052808", "thumbUrl": "https://images.stockx.com/images/Nike-Dunk-SB-Low-MIA-Skate-Shop-Product.jpg?fit=fill&bg=FFFFFF&w=140&h=100&fm=webp&auto=compress&trim=color&q=90&dpr=2&updated_at=1607052808"}, "productCategory": "sneakers", "releaseDate": "2013-06-21", "retailPrice": 98, "shoe": "Nike SB Dunk Low", "title": "Nike SB Dunk Low MIA Skate Shop", "urlKey": "nike-dunk-sb-low-mia-skate-shop", "market": {"lowestAsk": 650, "salesThisPeriod": 0, "salesLastPeriod": 0, "highestBid": 550, "volatility": 0.129073, "deadstockSold": 24, "pricePremium": 6.245, "averageDeadstockPrice": 597, "lastSale": 710, "changeValue": 110, "changePercentage": 0.183333, "lastLowestAskTime": 1663525758, "lastHighestBidTime": 1663750975, "lastSaleDate": "2022-09-10T17:27:22+00:00"}, "objectID": "9b7e1975-c819-4d3e-b20b-602cf5a9fff0"}, {"id": "d9f47702-94d7-4149-a99a-bfc0f9a314a7", "uuid": "d9f47702-94d7-4149-a99a-bfc0f9a314a7", "brand": "Nike", "colorway": "Black/Black-Reflective Silver", "condition": "New", "description": "", "media": {"smallImageUrl": "https://images.stockx.com/images/Nike-Dunk-SB-Low-Quartersnacks-Product.jpg?fit=fill&bg=FFFFFF&w=300&h=214&fm=webp&auto=compress&trim=color&q=90&dpr=2&updated_at=1607047944", "thumbUrl": "https://images.stockx.com/images/Nike-Dunk-SB-Low-Quartersnacks-Product.jpg?fit=fill&bg=FFFFFF&w=140&h=100&fm=webp&auto=compress&trim=color&q=90&dpr=2&updated_at=1607047944"}, "productCategory": "sneakers", "releaseDate": "2014-08-23", "retailPrice": 98, "shoe": "Nike SB Dunk Low", "title": "Nike SB Dunk Low Quartersnacks", "urlKey": "nike-dunk-sb-low-quartersnacks", "market": {"lowestAsk": 389, "salesThisPeriod": 0, "salesLastPeriod": 0, "highestBid": 400, "volatility": 0.184351, "deadstockSold": 24, "pricePremium": 3.694, "averageDeadstockPrice": 365, "lastSale": 460, "changeValue": 215, "changePercentage": 0.877551, "lastLowestAskTime": 1663805086, "lastHighestBidTime": 1663342136, "lastSaleDate": "2022-09-18T04:12:47+00:00"}, "objectID": "d9f47702-94d7-4149-a99a-bfc0f9a314a7"}, {"id": "158b3453-aca5-46d4-9f48-64024136b236", "uuid": "158b3453-aca5-46d4-9f48-64024136b236", "brand": "Nike", "childId": null, "colorway": "Ice Blue/White-Metallic Gold-Metallic Silver", "condition": "New", "description": "", "media": {"smallImageUrl": "https://images.stockx.com/images/Nike-SB-Dunk-Low-Sean-Cliver-Special-Box-Product.jpg?fit=fill&bg=FFFFFF&w=300&h=214&fm=webp&auto=compress&trim=color&q=90&dpr=2&updated_at=1613352428", "thumbUrl": "https://images.stockx.com/images/Nike-SB-Dunk-Low-Sean-Cliver-Special-Box-Product.jpg?fit=fill&bg=FFFFFF&w=140&h=100&fm=webp&auto=compress&trim=color&q=90&dpr=2&updated_at=1613352428"}, "productCategory": "sneakers", "releaseDate": "2020-12-19", "retailPrice": 140, "shoe": "Nike SB Dunk Low", "title": "Nike SB Dunk Low Sean Cliver (Special Box)", "urlKey": "nike-sb-dunk-low-sean-cliver-special-box", "market": {"lowestAsk": 848, "salesThisPeriod": 0, "salesLastPeriod": 0, "highestBid": 765, "volatility": 0.32521, "deadstockSold": 23, "pricePremium": 5.387, "averageDeadstockPrice": 894, "lastSale": 894, "changeValue": -59, "changePercentage": -0.062112, "lastLowestAskTime": 1663303050, "lastHighestBidTime": 1662867825, "lastSaleDate": "2022-08-19T05:18:52+00:00"}, "objectID": "158b3453-aca5-46d4-9f48-64024136b236"}, {"id": "27c138d6-3998-43cb-97d5-2ecd47a88038", "uuid": "27c138d6-3998-43cb-97d5-2ecd47a88038", "brand": "Nike", "childId": null, "colorway": "Atmosphere Grey/True Berry-Obsidian-Atmosphere Grey", "condition": "New", "description": "", "media": {"smallImageUrl": "https://images.stockx.com/images/Nike-SB-Dunk-Low-Atmosphere-Grey-True-Berry-Product.jpg?fit=fill&bg=FFFFFF&w=300&h=214&fm=webp&auto=compress&trim=color&q=90&dpr=2&updated_at=1607045109", "thumbUrl": "https://images.stockx.com/images/Nike-SB-Dunk-Low-Atmosphere-Grey-True-Berry-Product.jpg?fit=fill&bg=FFFFFF&w=140&h=100&fm=webp&auto=compress&trim=color&q=90&dpr=2&updated_at=1607045109"}, "productCategory": "sneakers", "releaseDate": "2019-01-01", "retailPrice": 90, "shoe": "Nike SB Dunk Low", "title": "Nike SB Dunk Low Atmosphere Grey True Berry", "urlKey": "nike-sb-dunk-low-atmosphere-grey-true-berry", "market": {"lowestAsk": 391, "salesThisPeriod": 0, "salesLastPeriod": 0, "highestBid": 500, "volatility": 0.444207, "deadstockSold": 23, "pricePremium": 3.222, "averageDeadstockPrice": 404, "lastSale": 380, "changeValue": 30, "changePercentage": 0.085714, "lastLowestAskTime": 1663680762, "lastHighestBidTime": 1663388936, "lastSaleDate": "2022-08-23T19:42:58+00:00"}, "objectID": "27c138d6-3998-43cb-97d5-2ecd47a88038"}, {"id": "3822ddaa-8aa3-437d-9119-9395678af169", "uuid": "3822ddaa-8aa3-437d-9119-9395678af169", "brand": "Nike", "colorway": "Black/Game Royal-Bright Crimson-White", "condition": "New", "description": "", "media": {"smallImageUrl": "https://images.stockx.com/images/Nike-Dunk-High-Knicks-PS.jpg?fit=fill&bg=FFFFFF&w=300&h=214&fm=webp&auto=compress&trim=color&q=90&dpr=2&updated_at=1636503274", "thumbUrl": "https://images.stockx.com/images/Nike-Dunk-High-Knicks-PS.jpg?fit=fill&bg=FFFFFF&w=140&h=100&fm=webp&auto=compress&trim=color&q=90&dpr=2&updated_at=1636503274"}, "productCategory": "sneakers", "releaseDate": "2021-07-15", "retailPrice": 75, "shoe": "Nike Dunk High", "title": "Nike Dunk High Knicks (PS)", "urlKey": "nike-dunk-high-knicks-ps", "market": {"lowestAsk": 64, "salesThisPeriod": 0, "salesLastPeriod": 0, "highestBid": 29, "volatility": 0.300851, "deadstockSold": 23, "pricePremium": 0, "averageDeadstockPrice": 86, "lastSale": 77, "changeValue": 18, "changePercentage": 0.288278, "lastLowestAskTime": 1661976783, "lastHighestBidTime": 1662836442, "lastSaleDate": "2022-08-18T12:15:06+00:00"}, "objectID": "3822ddaa-8aa3-437d-9119-9395678af169"}, {"id": "76296c8f-3519-4d17-9fbe-5b582b2b264a", "uuid": "76296c8f-3519-4d17-9fbe-5b582b2b264a", "brand": "Nike", "colorway": "University Red/University Red-White", "condition": "New", "description": "", "media": {"smallImageUrl": "https://images.stockx.com/images/Nike-Dunk-SB-Low-Valentines-Day-2014-Product.jpg?fit=fill&bg=FFFFFF&w=300&h=214&fm=webp&auto=compress&trim=color&q=90&dpr=2&updated_at=1607056498", "thumbUrl": "https://images.stockx.com/images/Nike-Dunk-SB-Low-Valentines-Day-2014-Product.jpg?fit=fill&bg=FFFFFF&w=140&h=100&fm=webp&auto=compress&trim=color&q=90&dpr=2&updated_at=1607056498"}, "productCategory": "sneakers", "releaseDate": "2014-02-14", "retailPrice": 98, "shoe": "Nike SB Dunk Low", "title": "Nike SB Dunk Low Valentine's Day (2014)", "urlKey": "nike-dunk-sb-low-valentines-day-2014", "market": {"lowestAsk": 700, "salesThisPeriod": 0, "salesLastPeriod": 0, "highestBid": 700, "volatility": 0.39103, "deadstockSold": 23, "pricePremium": 7.571, "averageDeadstockPrice": 700, "lastSale": 840, "changeValue": 121, "changePercentage": 0.168289, "lastLowestAskTime": 1660786985, "lastHighestBidTime": 1662925031, "lastSaleDate": "2022-09-01T22:01:38+00:00"}, "objectID": "76296c8f-3519-4d17-9fbe-5b582b2b264a"}, {"id": "bcda51f9-bf56-4659-bba3-af67a9071837", "uuid": "bcda51f9-bf56-4659-bba3-af67a9071837", "brand": "Nike", "childId": null, "colorway": "White/White-University Red", "condition": "New", "description": "", "media": {"smallImageUrl": "https://images.stockx.com/images/Nike-SB-Dunk-High-Kevin-Bradley-Product.jpg?fit=fill&bg=FFFFFF&w=300&h=214&fm=webp&auto=compress&trim=color&q=90&dpr=2&updated_at=1607054149", "thumbUrl": "https://images.stockx.com/images/Nike-SB-Dunk-High-Kevin-Bradley-Product.jpg?fit=fill&bg=FFFFFF&w=140&h=100&fm=webp&auto=compress&trim=color&q=90&dpr=2&updated_at=1607054149"}, "productCategory": "sneakers", "releaseDate": "2018-02-08", "retailPrice": 110, "shoe": "Nike SB Dunk High", "title": "Nike SB Dunk High Kevin Bradley", "urlKey": "nike-sb-dunk-high-kevin-bradley", "market": {"lowestAsk": 295, "salesThisPeriod": 0, "salesLastPeriod": 0, "highestBid": 290, "volatility": 0.339084, "deadstockSold": 23, "pricePremium": 1.027, "averageDeadstockPrice": 317, "lastSale": 223, "changeValue": -127, "changePercentage": -0.362857, "lastLowestAskTime": 1662357351, "lastHighestBidTime": 1662973807, "lastSaleDate": "2022-09-05T05:56:01+00:00"}, "objectID": "bcda51f9-bf56-4659-bba3-af67a9071837"}, {"id": "7ba0065a-8fdb-4a58-82ce-007846b13d6f", "uuid": "7ba0065a-8fdb-4a58-82ce-007846b13d6f", "brand": "Nike", "childId": null, "colorway": "Dark Grey/Black-White-Dark Grey", "condition": "New", "description": "", "media": {"smallImageUrl": "https://images.stockx.com/images/Nike-SB-Dunk-Low-Dark-Grey-Black-Gum-Product.jpg?fit=fill&bg=FFFFFF&w=300&h=214&fm=webp&auto=compress&trim=color&q=90&dpr=2&updated_at=1607054464", "thumbUrl": "https://images.stockx.com/images/Nike-SB-Dunk-Low-Dark-Grey-Black-Gum-Product.jpg?fit=fill&bg=FFFFFF&w=140&h=100&fm=webp&auto=compress&trim=color&q=90&dpr=2&updated_at=1607054464"}, "productCategory": "sneakers", "releaseDate": "2018-04-11", "retailPrice": 90, "shoe": "Nike SB Dunk Low", "title": "Nike SB Dunk Low Dark Grey Black Gum", "urlKey": "nike-sb-dunk-low-dark-grey-black-gum", "market": {"lowestAsk": 499, "salesThisPeriod": 0, "salesLastPeriod": 0, "highestBid": 650, "volatility": 0.351107, "deadstockSold": 22, "pricePremium": 2.9, "averageDeadstockPrice": 474, "lastSale": 351, "changeValue": 34, "changePercentage": 0.107256, "lastLowestAskTime": 1661324668, "lastHighestBidTime": 1662774256, "lastSaleDate": "2022-08-09T15:32:53+00:00"}, "objectID": "7ba0065a-8fdb-4a58-82ce-007846b13d6f"}, {"id": "ba100169-41a3-4b47-93da-34040c96a394", "uuid": "ba100169-41a3-4b47-93da-34040c96a394", "brand": "Nike", "childId": null, "colorway": "White/White-Medium Grey", "condition": "New", "description": "", "media": {"smallImageUrl": "https://images.stockx.com/images/Nike-Dunk-Low-Jordan-Pack-Product.jpg?fit=fill&bg=FFFFFF&w=300&h=214&fm=webp&auto=compress&trim=color&q=90&dpr=2&updated_at=1608510738", "thumbUrl": "https://images.stockx.com/images/Nike-Dunk-Low-Jordan-Pack-Product.jpg?fit=fill&bg=FFFFFF&w=140&h=100&fm=webp&auto=compress&trim=color&q=90&dpr=2&updated_at=1608510738"}, "productCategory": "sneakers", "releaseDate": "", "retailPrice": 120, "shoe": "Nike Dunk Low", "title": "Nike Dunk Low Jordan Pack", "urlKey": "nike-dunk-low-jordan-pack", "market": {"lowestAsk": 450, "salesThisPeriod": 0, "salesLastPeriod": 0, "highestBid": 400, "volatility": 0.310488, "deadstockSold": 22, "pricePremium": 0, "averageDeadstockPrice": 470, "lastSale": 450, "changeValue": -150, "changePercentage": -0.25, "lastLowestAskTime": 1663736810, "lastHighestBidTime": 1659907929, "lastSaleDate": "2022-09-12T03:57:19+00:00"}, "objectID": "ba100169-41a3-4b47-93da-34040c96a394"}, {"id": "53574dba-3e5e-4ed0-9114-e4a62af63702", "uuid": "53574dba-3e5e-4ed0-9114-e4a62af63702", "brand": "Nike", "colorway": "Midnight Navy/Team Red-Work Blue", "condition": "New", "description": "", "media": {"smallImageUrl": "https://images.stockx.com/images/Nike-Dunk-SB-Low-FTC-Finally-Product.jpg?fit=fill&bg=FFFFFF&w=300&h=214&fm=webp&auto=compress&trim=color&q=90&dpr=2&updated_at=1608513300", "thumbUrl": "https://images.stockx.com/images/Nike-Dunk-SB-Low-FTC-Finally-Product.jpg?fit=fill&bg=FFFFFF&w=140&h=100&fm=webp&auto=compress&trim=color&q=90&dpr=2&updated_at=1608513300"}, "productCategory": "sneakers", "releaseDate": "2013-05-25", "retailPrice": 98, "shoe": "Nike SB Dunk Low", "title": "Nike SB Dunk Low FTC Finally", "urlKey": "nike-dunk-sb-low-ftc-finally", "market": {"lowestAsk": 800, "salesThisPeriod": 0, "salesLastPeriod": 0, "highestBid": 600, "volatility": 0.133708, "deadstockSold": 21, "pricePremium": 5.531, "averageDeadstockPrice": 659, "lastSale": 640, "changeValue": 28, "changePercentage": 0.044385, "lastLowestAskTime": 1662804726, "lastHighestBidTime": 1662620828, "lastSaleDate": "2022-09-08T21:39:22+00:00"}, "objectID": "53574dba-3e5e-4ed0-9114-e4a62af63702"}, {"id": "54d1511c-906e-4922-9a97-7207617181ea", "uuid": "54d1511c-906e-4922-9a97-7207617181ea", "brand": "Nike", "colorway": "White/College Blue-White-Gold Post", "condition": "New", "description": "", "media": {"smallImageUrl": "https://images.stockx.com/images/Nike-SB-Dunk-High-Elite-Medicom-2018-Product.jpg?fit=fill&bg=FFFFFF&w=300&h=214&fm=webp&auto=compress&trim=color&q=90&dpr=2&updated_at=1607055969", "thumbUrl": "https://images.stockx.com/images/Nike-SB-Dunk-High-Elite-Medicom-2018-Product.jpg?fit=fill&bg=FFFFFF&w=140&h=100&fm=webp&auto=compress&trim=color&q=90&dpr=2&updated_at=1607055969"}, "productCategory": "sneakers", "releaseDate": "2018-05-05", "retailPrice": 130, "shoe": "Nike SB Dunk High Elite", "title": "Nike SB Dunk High Elite Medicom (2018)", "urlKey": "nike-sb-dunk-high-elite-medicom-2018", "market": {"lowestAsk": 253, "salesThisPeriod": 0, "salesLastPeriod": 0, "highestBid": 180, "volatility": 0.19316, "deadstockSold": 21, "pricePremium": 3.515, "averageDeadstockPrice": 207, "lastSale": 587, "changeValue": 422, "changePercentage": 2.55758, "lastLowestAskTime": 1661874721, "lastHighestBidTime": 1663441854, "lastSaleDate": "2022-08-20T03:15:40+00:00"}, "objectID": "54d1511c-906e-4922-9a97-7207617181ea"}, {"id": "83212767-77f4-4561-9bd2-1d3f11ff9b79", "uuid": "83212767-77f4-4561-9bd2-1d3f11ff9b79", "brand": "Nike", "childId": null, "colorway": "Desert Sand/Mahogany-Summit White", "condition": "New", "description": "", "media": {"smallImageUrl": "https://images.stockx.com/images/Nike-SB-Dunk-Low-Desert-Sand-Mahogany-Product.jpg?fit=fill&bg=FFFFFF&w=300&h=214&fm=webp&auto=compress&trim=color&q=90&dpr=2&updated_at=1642765697", "thumbUrl": "https://images.stockx.com/images/Nike-SB-Dunk-Low-Desert-Sand-Mahogany-Product.jpg?fit=fill&bg=FFFFFF&w=140&h=100&fm=webp&auto=compress&trim=color&q=90&dpr=2&updated_at=1642765697"}, "productCategory": "sneakers", "releaseDate": "2019-06-20", "retailPrice": 90, "shoe": "Nike SB Dunk Low", "title": "Nike SB Dunk Low Desert Sand Mahogany", "urlKey": "nike-sb-dunk-low-desert-sand-mahogany", "market": {"lowestAsk": 540, "salesThisPeriod": 0, "salesLastPeriod": 0, "highestBid": 500, "volatility": 0.23872, "deadstockSold": 21, "pricePremium": 4.233, "averageDeadstockPrice": 457, "lastSale": 471, "changeValue": 81, "changePercentage": 0.207692, "lastLowestAskTime": 1661715723, "lastHighestBidTime": 1663462665, "lastSaleDate": "2022-09-17T09:29:14+00:00"}, "objectID": "83212767-77f4-4561-9bd2-1d3f11ff9b79"}, {"id": "8d50ca2f-d889-4eaf-aa5e-9b8dbeb9820f", "uuid": "8d50ca2f-d889-4eaf-aa5e-9b8dbeb9820f", "brand": "Nike", "colorway": "Legion Green/White-Black", "condition": "New", "description": "", "media": {"smallImageUrl": "https://images.stockx.com/images/Nike-Dunk-SB-Low-Camo-Legion-Green.png?fit=fill&bg=FFFFFF&w=300&h=214&fm=webp&auto=compress&trim=color&q=90&dpr=2&updated_at=1608513297", "thumbUrl": "https://images.stockx.com/images/Nike-Dunk-SB-Low-Camo-Legion-Green.png?fit=fill&bg=FFFFFF&w=140&h=100&fm=webp&auto=compress&trim=color&q=90&dpr=2&updated_at=1608513297"}, "productCategory": "sneakers", "releaseDate": "2016-12-20", "retailPrice": 90, "shoe": "Nike SB Dunk Low", "title": "Nike SB Dunk Low Camo Legion Green", "urlKey": "nike-dunk-sb-low-camo-legion-green", "market": {"lowestAsk": 627, "salesThisPeriod": 0, "salesLastPeriod": 0, "highestBid": 620, "volatility": 0.119012, "deadstockSold": 21, "pricePremium": 11.5, "averageDeadstockPrice": 693, "lastSale": 1125, "changeValue": 389, "changePercentage": 0.526976, "lastLowestAskTime": 1662108720, "lastHighestBidTime": 1661024977, "lastSaleDate": "2022-08-31T07:11:44+00:00"}, "objectID": "8d50ca2f-d889-4eaf-aa5e-9b8dbeb9820f"}, {"id": "b76c55b6-054c-484b-8c26-172cde06ae74", "uuid": "b76c55b6-054c-484b-8c26-172cde06ae74", "brand": "Nike", "colorway": "Gold Dust/Metallic Gold", "condition": "New", "description": "", "media": {"smallImageUrl": "https://images.stockx.com/images/Nike-Dunk-SB-Low-Money-Cat-Product.jpg?fit=fill&bg=FFFFFF&w=300&h=214&fm=webp&auto=compress&trim=color&q=90&dpr=2&updated_at=1607058395", "thumbUrl": "https://images.stockx.com/images/Nike-Dunk-SB-Low-Money-Cat-Product.jpg?fit=fill&bg=FFFFFF&w=140&h=100&fm=webp&auto=compress&trim=color&q=90&dpr=2&updated_at=1607058395"}, "productCategory": "sneakers", "releaseDate": "2007-04-01", "retailPrice": 65, "shoe": "Nike SB Dunk Low", "title": "Nike SB Dunk Low Money Cat", "urlKey": "nike-dunk-sb-low-money-cat", "market": {"lowestAsk": 520, "salesThisPeriod": 0, "salesLastPeriod": 0, "highestBid": 500, "volatility": 0.217792, "deadstockSold": 21, "pricePremium": 5.154, "averageDeadstockPrice": 589, "lastSale": 400, "changeValue": -37, "changePercentage": -0.084668, "lastLowestAskTime": 1661962530, "lastHighestBidTime": 1662567357, "lastSaleDate": "2022-08-31T19:25:56+00:00"}, "objectID": "b76c55b6-054c-484b-8c26-172cde06ae74"}, {"id": "08aaf111-9207-4a9a-a3e5-7992941a19c8", "uuid": "08aaf111-9207-4a9a-a3e5-7992941a19c8", "brand": "Nike", "colorway": "Grey Heather/Grey Heather", "condition": "New", "description": "", "media": {"smallImageUrl": "https://images.stockx.com/images/Nike-Dunk-SB-High-Pee-Wee-Herman.jpg?fit=fill&bg=FFFFFF&w=300&h=214&fm=webp&auto=compress&trim=color&q=90&dpr=2&updated_at=1607060973", "thumbUrl": "https://images.stockx.com/images/Nike-Dunk-SB-High-Pee-Wee-Herman.jpg?fit=fill&bg=FFFFFF&w=140&h=100&fm=webp&auto=compress&trim=color&q=90&dpr=2&updated_at=1607060973"}, "productCategory": "sneakers", "releaseDate": "2007-04-01", "retailPrice": 120, "shoe": "Nike SB Dunk High", "title": "Nike SB Dunk High Pee Wee Herman", "urlKey": "nike-dunk-sb-high-pee-wee-herman", "market": {"lowestAsk": 550, "salesThisPeriod": 0, "salesLastPeriod": 0, "highestBid": 505, "volatility": 0.228447, "deadstockSold": 20, "pricePremium": 0, "averageDeadstockPrice": 639, "lastSale": 510, "changeValue": -65, "changePercentage": -0.113043, "lastLowestAskTime": 1663027542, "lastHighestBidTime": 1662263097, "lastSaleDate": "2022-09-12T15:22:10+00:00"}, "objectID": "08aaf111-9207-4a9a-a3e5-7992941a19c8"}, {"id": "0e30411e-13cb-4eff-8ab1-48dd485cb406", "uuid": "0e30411e-13cb-4eff-8ab1-48dd485cb406", "brand": "Nike", "colorway": "Stadium Green/Stadium Green-Black-Speed Yellow", "condition": "New", "description": "", "media": {"smallImageUrl": "https://images.stockx.com/images/Nike-Dunk-SB-High-Oakland-Athletics-Product.jpg?fit=fill&bg=FFFFFF&w=300&h=214&fm=webp&auto=compress&trim=color&q=90&dpr=2&updated_at=1607052323", "thumbUrl": "https://images.stockx.com/images/Nike-Dunk-SB-High-Oakland-Athletics-Product.jpg?fit=fill&bg=FFFFFF&w=140&h=100&fm=webp&auto=compress&trim=color&q=90&dpr=2&updated_at=1607052323"}, "productCategory": "sneakers", "releaseDate": "2015-12-04", "retailPrice": 100, "shoe": "Nike SB Dunk High", "title": "Nike SB Dunk High Oakland Athletics", "urlKey": "nike-dunk-sb-high-oakland-athletics", "market": {"lowestAsk": 383, "salesThisPeriod": 0, "salesLastPeriod": 0, "highestBid": 280, "volatility": 1.78658, "deadstockSold": 20, "pricePremium": 2.35, "averageDeadstockPrice": 495, "lastSale": 335, "changeValue": 93, "changePercentage": 0.384298, "lastLowestAskTime": 1662938387, "lastHighestBidTime": 1660816259, "lastSaleDate": "2022-07-14T03:13:33+00:00"}, "objectID": "0e30411e-13cb-4eff-8ab1-48dd485cb406"}, {"id": "5be480cd-b2fa-46b5-a538-8731f685321b", "uuid": "5be480cd-b2fa-46b5-a538-8731f685321b", "brand": "Nike", "childId": null, "colorway": "Black/Light Graphite-White", "condition": "New", "description": "", "media": {"smallImageUrl": "https://images.stockx.com/images/Nike-Dunk-Low-IW-Black-Light-Graphite-Product.jpg?fit=fill&bg=FFFFFF&w=300&h=214&fm=webp&auto=compress&trim=color&q=90&dpr=2&updated_at=1639500314", "thumbUrl": "https://images.stockx.com/images/Nike-Dunk-Low-IW-Black-Light-Graphite-Product.jpg?fit=fill&bg=FFFFFF&w=140&h=100&fm=webp&auto=compress&trim=color&q=90&dpr=2&updated_at=1639500314"}, "productCategory": "sneakers", "releaseDate": "2017-01-01", "retailPrice": 120, "shoe": "Nike Dunk Low", "title": "Nike Dunk Low IW Black Light Graphite", "urlKey": "nike-dunk-low-iw-black-light-graphite", "market": {"lowestAsk": 170, "salesThisPeriod": 0, "salesLastPeriod": 0, "highestBid": 200, "volatility": 0.146223, "deadstockSold": 20, "pricePremium": 0, "averageDeadstockPrice": 242, "lastSale": 232, "changeValue": 32, "changePercentage": 0.16, "lastLowestAskTime": 1659363417, "lastHighestBidTime": 1663273510, "lastSaleDate": "2022-05-15T13:33:26+00:00"}, "objectID": "5be480cd-b2fa-46b5-a538-8731f685321b"}]}