{"Pagination": {"query": "nike dunk", "queryID": "d543983e8cb698f7b3bffbdbda1e56d5", "index": "PRODUCTION_PG_FEATURED_DESC", "limit": 40, "page": 19, "total": 2034, "lastPage": "/api/v3/browse?_search=nike%20dunk&dataType=product&facetsToRetrieve=%7B%7D&filterVersion=4&page=25&propsToRetrieve=brand%2CchildId%2Ccolorway%2Ccondition%2Cdescription%2Cid%2Cmarket.averageDeadstockPrice%2Cmarket.bidAskData%2Cmarket.changePercentage%2Cmarket.changeValue%2Cmarket.deadstockSold%2Cmarket.highestBid%2Cmarket.lastHighestBidTime%2Cmarket.lastLowestAskTime%2Cmarket.lastSale%2Cmarket.lastSaleDate%2Cmarket.lastSaleValue%2Cmarket.lowestAsk%2Cmarket.pricePremium%2Cmarket.salesInformation%2Cmarket.salesLastPeriod%2Cmarket.salesThisPeriod%2Cmarket.volatility%2Cmedia.smallImageUrl%2Cmedia.thumbUrl%2CproductCategory%2CreleaseDate%2CretailPrice%2Cshoe%2Ctitle%2CurlKey%2Cuuid", "sort": ["featured"], "order": ["DESC"], "currentPage": "/api/v3/browse?_search=nike%20dunk&dataType=product&facetsToRetrieve=%7B%7D&filterVersion=4&page=19&propsToRetrieve=brand%2CchildId%2Ccolorway%2Ccondition%2Cdescription%2Cid%2Cmarket.averageDeadstockPrice%2Cmarket.bidAskData%2Cmarket.changePercentage%2Cmarket.changeValue%2Cmarket.deadstockSold%2Cmarket.highestBid%2Cmarket.lastHighestBidTime%2Cmarket.lastLowestAskTime%2Cmarket.lastSale%2Cmarket.lastSaleDate%2Cmarket.lastSaleValue%2Cmarket.lowestAsk%2Cmarket.pricePremium%2Cmarket.salesInformation%2Cmarket.salesLastPeriod%2Cmarket.salesThisPeriod%2Cmarket.volatility%2Cmedia.smallImageUrl%2Cmedia.thumbUrl%2CproductCategory%2CreleaseDate%2CretailPrice%2Cshoe%2Ctitle%2CurlKey%2Cuuid", "nextPage": "/api/v3/browse?_search=nike%20dunk&dataType=product&facetsToRetrieve=%7B%7D&filterVersion=4&page=20&propsToRetrieve=brand%2CchildId%2Ccolorway%2Ccondition%2Cdescription%2Cid%2Cmarket.averageDeadstockPrice%2Cmarket.bidAskData%2Cmarket.changePercentage%2Cmarket.changeValue%2Cmarket.deadstockSold%2Cmarket.highestBid%2Cmarket.lastHighestBidTime%2Cmarket.lastLowestAskTime%2Cmarket.lastSale%2Cmarket.lastSaleDate%2Cmarket.lastSaleValue%2Cmarket.lowestAsk%2Cmarket.pricePremium%2Cmarket.salesInformation%2Cmarket.salesLastPeriod%2Cmarket.salesThisPeriod%2Cmarket.volatility%2Cmedia.smallImageUrl%2Cmedia.thumbUrl%2CproductCategory%2CreleaseDate%2CretailPrice%2Cshoe%2Ctitle%2CurlKey%2Cuuid", "previousPage": "/api/v3/browse?_search=nike%20dunk&dataType=product&facetsToRetrieve=%7B%7D&filterVersion=4&page=18&propsToRetrieve=brand%2CchildId%2Ccolorway%2Ccondition%2Cdescription%2Cid%2Cmarket.averageDeadstockPrice%2Cmarket.bidAskData%2Cmarket.changePercentage%2Cmarket.changeValue%2Cmarket.deadstockSold%2Cmarket.highestBid%2Cmarket.lastHighestBidTime%2Cmarket.lastLowestAskTime%2Cmarket.lastSale%2Cmarket.lastSaleDate%2Cmarket.lastSaleValue%2Cmarket.lowestAsk%2Cmarket.pricePremium%2Cmarket.salesInformation%2Cmarket.salesLastPeriod%2Cmarket.salesThisPeriod%2Cmarket.volatility%2Cmedia.smallImageUrl%2Cmedia.thumbUrl%2CproductCategory%2CreleaseDate%2CretailPrice%2Cshoe%2Ctitle%2CurlKey%2Cuuid"}, "Facets": {}, "Products": [{"id": "adc381d2-1672-45a6-a99c-ff14ace9345a", "uuid": "adc381d2-1672-45a6-a99c-ff14ace9345a", "brand": "Nike", "colorway": "White/University Blue", "condition": "New", "description": "", "media": {"smallImageUrl": "https://images.stockx.com/images/Nike-Dunk-High-Pro-SB-Supreme-Blue-Stars-Product.jpg?fit=fill&bg=FFFFFF&w=300&h=214&fm=webp&auto=compress&trim=color&q=90&dpr=2&updated_at=1620676406", "thumbUrl": "https://images.stockx.com/images/Nike-Dunk-High-Pro-SB-Supreme-Blue-Stars-Product.jpg?fit=fill&bg=FFFFFF&w=140&h=100&fm=webp&auto=compress&trim=color&q=90&dpr=2&updated_at=1620676406"}, "productCategory": "sneakers", "releaseDate": "2003-08-08", "retailPrice": 75, "shoe": "Nike Dunk High Pro SB", "title": "Nike Dunk High Pro SB Supreme Blue Stars", "urlKey": "dunk-high-pro-sb-supreme-blue-stars", "market": {"lowestAsk": 5250, "salesThisPeriod": 0, "salesLastPeriod": 0, "highestBid": 3957, "volatility": 0.234226, "deadstockSold": 3, "pricePremium": 132.333, "averageDeadstockPrice": 6813, "lastSale": 10000, "changeValue": 5562, "changePercentage": 1.25327, "lastLowestAskTime": 1663535676, "lastHighestBidTime": 1662145646, "lastSaleDate": "2022-01-04T14:31:23+00:00"}, "objectID": "adc381d2-1672-45a6-a99c-ff14ace9345a"}, {"id": "0409f69d-3038-4858-93df-dea26ff6addc", "uuid": "0409f69d-3038-4858-93df-dea26ff6addc", "brand": "Nike", "colorway": "White/Pink/Yellow", "condition": "New", "description": "", "media": {"smallImageUrl": "https://images.stockx.com/images/Nike-Dunk-Low-Disrupt-2-Pink-Oxford-W.jpg?fit=fill&bg=FFFFFF&w=300&h=214&fm=webp&auto=compress&trim=color&q=90&dpr=2&updated_at=1660656224", "thumbUrl": "https://images.stockx.com/images/Nike-Dunk-Low-Disrupt-2-Pink-Oxford-W.jpg?fit=fill&bg=FFFFFF&w=140&h=100&fm=webp&auto=compress&trim=color&q=90&dpr=2&updated_at=1660656224"}, "productCategory": "sneakers", "releaseDate": "2022-08-01", "retailPrice": 110, "shoe": "Nike Dunk Low Disrupt 2", "title": "Nike Dunk Low Disrupt 2 Pink Oxford (W)", "urlKey": "nike-dunk-low-disrupt-2-pink-oxford-w", "market": {"lowestAsk": 119, "salesThisPeriod": 2, "salesLastPeriod": 0, "highestBid": 122, "volatility": 0.233364, "deadstockSold": 16, "pricePremium": 0.009, "averageDeadstockPrice": 146, "lastSale": 111, "changeValue": -1, "changePercentage": -0.008929, "lastLowestAskTime": 1663786087, "lastHighestBidTime": 1663776391, "lastSaleDate": "2022-09-20T17:02:58+00:00"}, "objectID": "0409f69d-3038-4858-93df-dea26ff6addc"}, {"id": "2ba05a13-7fec-4aee-bdfb-089302b06283", "uuid": "2ba05a13-7fec-4aee-bdfb-089302b06283", "brand": "Nike", "childId": null, "colorway": "Black/White-Black-Gum Light Brown", "condition": "New", "description": "", "media": {"smallImageUrl": "https://images.stockx.com/images/Nike-SB-Dunk-Low-Orange-Label-Product.jpg?fit=fill&bg=FFFFFF&w=300&h=214&fm=webp&auto=compress&trim=color&q=90&dpr=2&updated_at=1607045538", "thumbUrl": "https://images.stockx.com/images/Nike-SB-Dunk-Low-Orange-Label-Product.jpg?fit=fill&bg=FFFFFF&w=140&h=100&fm=webp&auto=compress&trim=color&q=90&dpr=2&updated_at=1607045538"}, "productCategory": "sneakers", "releaseDate": "2019-03-01", "retailPrice": 90, "shoe": "Nike SB Dunk Low", "title": "Nike SB Dunk Low Orange Label", "urlKey": "nike-sb-dunk-low-orange-label", "market": {"lowestAsk": 242, "salesThisPeriod": 0, "salesLastPeriod": 0, "highestBid": 385, "volatility": 0.219635, "deadstockSold": 27, "pricePremium": 6.222, "averageDeadstockPrice": 413, "lastSale": 650, "changeValue": 346, "changePercentage": 1.13816, "lastLowestAskTime": 1663302629, "lastHighestBidTime": 1663164225, "lastSaleDate": "2022-07-29T16:13:46+00:00"}, "objectID": "2ba05a13-7fec-4aee-bdfb-089302b06283"}, {"id": "d311f86a-72d9-425a-9bee-e8a0cd7ee0f3", "uuid": "d311f86a-72d9-425a-9bee-e8a0cd7ee0f3", "brand": "Nike", "colorway": "White/Cargo Khaki", "condition": "New", "description": "", "media": {"smallImageUrl": "https://images.stockx.com/images/Nike-Dunk-High-Cargo-Khaki-PS.jpg?fit=fill&bg=FFFFFF&w=300&h=214&fm=webp&auto=compress&trim=color&q=90&dpr=2&updated_at=1650000315", "thumbUrl": "https://images.stockx.com/images/Nike-Dunk-High-Cargo-Khaki-PS.jpg?fit=fill&bg=FFFFFF&w=140&h=100&fm=webp&auto=compress&trim=color&q=90&dpr=2&updated_at=1650000315"}, "productCategory": "sneakers", "releaseDate": "2022-04-29", "retailPrice": 75, "shoe": "Nike Dunk High Retro", "title": "Nike Dunk High Retro Cargo Khaki (PS)", "urlKey": "nike-dunk-high-cargo-khaki-ps", "market": {"lowestAsk": 73, "salesThisPeriod": 2, "salesLastPeriod": 0, "highestBid": 75, "volatility": 0.15262, "deadstockSold": 143, "pricePremium": -0.2, "averageDeadstockPrice": 78, "lastSale": 60, "changeValue": -15, "changePercentage": -0.2, "lastLowestAskTime": 1663253133, "lastHighestBidTime": 1663618950, "lastSaleDate": "2022-09-19T17:15:54+00:00"}, "objectID": "d311f86a-72d9-425a-9bee-e8a0cd7ee0f3"}, {"id": "113ef437-bbfe-4f8e-b2c0-391d926bc347", "uuid": "113ef437-bbfe-4f8e-b2c0-391d926bc347", "brand": "Nike", "colorway": "Light Smoke Grey/White/Light Smoke Grey/Gym Red", "condition": "New", "description": "", "media": {"smallImageUrl": "https://images.stockx.com/images/Nike-Dunk-High-Athletic-Club-Grey-Red-GS.jpg?fit=fill&bg=FFFFFF&w=300&h=214&fm=webp&auto=compress&trim=color&q=90&dpr=2&updated_at=1649739462", "thumbUrl": "https://images.stockx.com/images/Nike-Dunk-High-Athletic-Club-Grey-Red-GS.jpg?fit=fill&bg=FFFFFF&w=140&h=100&fm=webp&auto=compress&trim=color&q=90&dpr=2&updated_at=1649739462"}, "productCategory": "sneakers", "releaseDate": "2022-07-14", "retailPrice": 110, "shoe": "Nike Dunk High", "title": "Nike Dunk High Athletic Club Grey Red (GS)", "urlKey": "nike-dunk-high-athletic-club-grey-red-gs", "market": {"lowestAsk": 88, "salesThisPeriod": 0, "salesLastPeriod": 0, "highestBid": 85, "volatility": 0.123383, "deadstockSold": 65, "pricePremium": -0.173, "averageDeadstockPrice": 106, "lastSale": 91, "changeValue": -23, "changePercentage": -0.208443, "lastLowestAskTime": 1663789074, "lastHighestBidTime": 1663804311, "lastSaleDate": "2022-09-17T03:10:11+00:00"}, "objectID": "113ef437-bbfe-4f8e-b2c0-391d926bc347"}, {"id": "6e9d89be-7fc0-4933-ace4-0bf6bba0197c", "uuid": "6e9d89be-7fc0-4933-ace4-0bf6bba0197c", "brand": "Nike", "colorway": "Viotec/Bright Crimson-Hyper Blue-Lemonade", "condition": "New", "description": "", "media": {"smallImageUrl": "https://images.stockx.com/images/Nike-Dunk-Low-Viotec.jpg?fit=fill&bg=FFFFFF&w=300&h=214&fm=webp&auto=compress&trim=color&q=90&dpr=2&updated_at=1616552482", "thumbUrl": "https://images.stockx.com/images/Nike-Dunk-Low-Viotec.jpg?fit=fill&bg=FFFFFF&w=140&h=100&fm=webp&auto=compress&trim=color&q=90&dpr=2&updated_at=1616552482"}, "productCategory": "sneakers", "releaseDate": "", "retailPrice": 85, "shoe": "Nike Dunk Low", "title": "Nike Dunk Low Viotec (GS)", "urlKey": "nike-dunk-low-viotec-gs", "market": {"lowestAsk": 670, "salesThisPeriod": 0, "salesLastPeriod": 0, "highestBid": 277, "volatility": 0.095258, "deadstockSold": 3, "pricePremium": 0, "averageDeadstockPrice": 265, "lastSale": 300, "changeValue": 70, "changePercentage": 0.304348, "lastLowestAskTime": 1661919463, "lastHighestBidTime": 1663327778, "lastSaleDate": "2022-09-13T18:20:09+00:00"}, "objectID": "6e9d89be-7fc0-4933-ace4-0bf6bba0197c"}, {"id": "b5997425-391e-430d-b755-13ecbd136b15", "uuid": "b5997425-391e-430d-b755-13ecbd136b15", "brand": "Nike", "colorway": "Peach Cream/White/Peach Cream", "condition": "New", "description": "", "media": {"smallImageUrl": "https://images.stockx.com/images/Nike-Dunk-Low-Peach-Cream-W.jpg?fit=fill&bg=FFFFFF&w=300&h=214&fm=webp&auto=compress&trim=color&q=90&dpr=2&updated_at=1663058295", "thumbUrl": "https://images.stockx.com/images/Nike-Dunk-Low-Peach-Cream-W.jpg?fit=fill&bg=FFFFFF&w=140&h=100&fm=webp&auto=compress&trim=color&q=90&dpr=2&updated_at=1663058295"}, "productCategory": "sneakers", "releaseDate": "2022-09-17", "retailPrice": 100, "shoe": "Nike Dunk Low", "title": "Nike Dunk Low Peach Cream (W)", "urlKey": "nike-dunk-low-peach-cream-w", "market": {"lowestAsk": 138, "salesThisPeriod": 128, "salesLastPeriod": 0, "highestBid": 170, "volatility": 0.031489, "deadstockSold": 167, "pricePremium": 0.32, "averageDeadstockPrice": 163, "lastSale": 132, "changeValue": -1, "changePercentage": -0.007519, "lastLowestAskTime": 1663801394, "lastHighestBidTime": 1663756712, "lastSaleDate": "2022-09-21T23:06:28+00:00"}, "objectID": "b5997425-391e-430d-b755-13ecbd136b15"}, {"id": "bae033aa-3eca-4ec3-a802-b2a87226b589", "uuid": "bae033aa-3eca-4ec3-a802-b2a87226b589", "brand": "Nike", "colorway": "Chlorine Blue/Cersie", "condition": "New", "description": "", "media": {"smallImageUrl": "https://images.stockx.com/images/Nike-Dunk-SB-Low-Ms-Pacman-Product.jpg?fit=fill&bg=FFFFFF&w=300&h=214&fm=webp&auto=compress&trim=color&q=90&dpr=2&updated_at=1607058428", "thumbUrl": "https://images.stockx.com/images/Nike-Dunk-SB-Low-Ms-Pacman-Product.jpg?fit=fill&bg=FFFFFF&w=140&h=100&fm=webp&auto=compress&trim=color&q=90&dpr=2&updated_at=1607058428"}, "productCategory": "sneakers", "releaseDate": "2009-05-11", "retailPrice": 100, "shoe": "Nike SB Dunk Low", "title": "Nike SB Dunk Low Ms. Pacman", "urlKey": "nike-dunk-sb-low-ms-pacman", "market": {"lowestAsk": 1739, "salesThisPeriod": 0, "salesLastPeriod": 0, "highestBid": 1500, "volatility": 0.3309, "deadstockSold": 6, "pricePremium": 0, "averageDeadstockPrice": 1626, "lastSale": 1550, "changeValue": -225, "changePercentage": -0.126919, "lastLowestAskTime": 1662514188, "lastHighestBidTime": 1662844894, "lastSaleDate": "2022-06-25T00:01:12+00:00"}, "objectID": "bae033aa-3eca-4ec3-a802-b2a87226b589"}, {"id": "cbdca4aa-c6b3-4892-ac19-737e141dce6b", "uuid": "cbdca4aa-c6b3-4892-ac19-737e141dce6b", "brand": "Nike", "childId": null, "colorway": "Light Cream/Thunderstorm-Black-Light Cream", "condition": "New", "description": "", "media": {"smallImageUrl": "https://images.stockx.com/images/Nike-SB-Dunk-Low-Light-Cream-Thunderstorm-Product.jpg?fit=fill&bg=FFFFFF&w=300&h=214&fm=webp&auto=compress&trim=color&q=90&dpr=2&updated_at=1607048908", "thumbUrl": "https://images.stockx.com/images/Nike-SB-Dunk-Low-Light-Cream-Thunderstorm-Product.jpg?fit=fill&bg=FFFFFF&w=140&h=100&fm=webp&auto=compress&trim=color&q=90&dpr=2&updated_at=1607048908"}, "productCategory": "sneakers", "releaseDate": "2018-12-10", "retailPrice": 95, "shoe": "Nike SB Dunk Low", "title": "Nike SB Dunk Low Light Cream Thunderstorm", "urlKey": "nike-sb-dunk-low-light-cream-thunderstorm", "market": {"lowestAsk": 725, "salesThisPeriod": 0, "salesLastPeriod": 0, "highestBid": 508, "volatility": 0.191231, "deadstockSold": 13, "pricePremium": 3.853, "averageDeadstockPrice": 545, "lastSale": 461, "changeValue": -69, "changePercentage": -0.130189, "lastLowestAskTime": 1661420023, "lastHighestBidTime": 1660891963, "lastSaleDate": "2022-07-03T11:25:01+00:00"}, "objectID": "cbdca4aa-c6b3-4892-ac19-737e141dce6b"}, {"id": "8951e7d7-90a7-4f3b-8305-219cebccc0f7", "uuid": "8951e7d7-90a7-4f3b-8305-219cebccc0f7", "brand": "Nike", "colorway": "light bone/flint grey", "condition": "New", "description": "", "media": {"smallImageUrl": "https://images.stockx.com/images/Nike-Dunk-SB-Low-Bandaid-Product.jpg?fit=fill&bg=FFFFFF&w=300&h=214&fm=webp&auto=compress&trim=color&q=90&dpr=2&updated_at=1607057259", "thumbUrl": "https://images.stockx.com/images/Nike-Dunk-SB-Low-Bandaid-Product.jpg?fit=fill&bg=FFFFFF&w=140&h=100&fm=webp&auto=compress&trim=color&q=90&dpr=2&updated_at=1607057259"}, "productCategory": "sneakers", "releaseDate": "2004-02-01", "retailPrice": 65, "shoe": "Nike SB Dunk Low", "title": "Nike SB Dunk Low Bandaid", "urlKey": "nike-dunk-sb-low-bandaid", "market": {"lowestAsk": 815, "salesThisPeriod": 0, "salesLastPeriod": 0, "highestBid": 700, "volatility": 0.179517, "deadstockSold": 11, "pricePremium": 8.231, "averageDeadstockPrice": 757, "lastSale": 600, "changeValue": -149, "changePercentage": -0.198932, "lastLowestAskTime": 1660978329, "lastHighestBidTime": 1661903746, "lastSaleDate": "2022-07-24T14:34:47+00:00"}, "objectID": "8951e7d7-90a7-4f3b-8305-219cebccc0f7"}, {"id": "120312d2-29fb-4b7d-91bc-07044d785288", "uuid": "120312d2-29fb-4b7d-91bc-07044d785288", "brand": "Nike", "colorway": "Black/Vachetta Tan-White-Black", "condition": "New", "description": "", "media": {"smallImageUrl": "https://images.stockx.com/images/Nike-SB-Dunk-Low-Medicom-Toy-2020-PS-Product.jpg?fit=fill&bg=FFFFFF&w=300&h=214&fm=webp&auto=compress&trim=color&q=90&dpr=2&updated_at=1607052773", "thumbUrl": "https://images.stockx.com/images/Nike-SB-Dunk-Low-Medicom-Toy-2020-PS-Product.jpg?fit=fill&bg=FFFFFF&w=140&h=100&fm=webp&auto=compress&trim=color&q=90&dpr=2&updated_at=1607052773"}, "productCategory": "sneakers", "releaseDate": "2020-08-25", "retailPrice": 75, "shoe": "Nike SB Dunk Low", "title": "Nike SB Dunk Low Medicom Toy (2020) (PS)", "urlKey": "nike-sb-dunk-low-medicom-toy-2020-ps", "market": {"lowestAsk": 92, "salesThisPeriod": 1, "salesLastPeriod": 0, "highestBid": 138, "volatility": 0.235505, "deadstockSold": 140, "pricePremium": 0.84, "averageDeadstockPrice": 106, "lastSale": 138, "changeValue": 113, "changePercentage": 4.52, "lastLowestAskTime": 1663694341, "lastHighestBidTime": 1663630662, "lastSaleDate": "2022-09-19T23:41:14+00:00"}, "objectID": "120312d2-29fb-4b7d-91bc-07044d785288"}, {"id": "582016eb-28bb-4db5-adca-b79bf05fd903", "uuid": "582016eb-28bb-4db5-adca-b79bf05fd903", "brand": "Nike", "colorway": "White/Black-Royal", "condition": "New", "description": "", "media": {"smallImageUrl": "https://images.stockx.com/images/Nike-Dunk-Low-White-Black-Royal.jpg?fit=fill&bg=FFFFFF&w=300&h=214&fm=webp&auto=compress&trim=color&q=90&dpr=2&updated_at=1660682143", "thumbUrl": "https://images.stockx.com/images/Nike-Dunk-Low-White-Black-Royal.jpg?fit=fill&bg=FFFFFF&w=140&h=100&fm=webp&auto=compress&trim=color&q=90&dpr=2&updated_at=1660682143"}, "productCategory": "sneakers", "releaseDate": "", "retailPrice": 110, "shoe": "Nike Dunk Low", "title": "Nike Dunk Low White Black Royal", "urlKey": "nike-dunk-low-white-black-royal", "market": {"lowestAsk": 163, "salesThisPeriod": 4, "salesLastPeriod": 0, "highestBid": 155, "volatility": 0.112114, "deadstockSold": 14, "pricePremium": 0.822, "averageDeadstockPrice": 196, "lastSale": 200, "changeValue": 12, "changePercentage": 0.060158, "lastLowestAskTime": 1663344999, "lastHighestBidTime": 1663188494, "lastSaleDate": "2022-09-16T14:13:08+00:00"}, "objectID": "582016eb-28bb-4db5-adca-b79bf05fd903"}, {"id": "a32339cf-3293-4e33-8e93-435cbf2ac531", "uuid": "a32339cf-3293-4e33-8e93-435cbf2ac531", "brand": "Nike", "childId": null, "colorway": "Zest/Radiant Green", "condition": "New", "description": "", "media": {"smallImageUrl": "https://images.stockx.com/images/Nike-SB-Dunk-High-Marge-Simpson-Product.jpg?fit=fill&bg=FFFFFF&w=300&h=214&fm=webp&auto=compress&trim=color&q=90&dpr=2&updated_at=1624633452", "thumbUrl": "https://images.stockx.com/images/Nike-SB-Dunk-High-Marge-Simpson-Product.jpg?fit=fill&bg=FFFFFF&w=140&h=100&fm=webp&auto=compress&trim=color&q=90&dpr=2&updated_at=1624633452"}, "productCategory": "sneakers", "releaseDate": "2008-01-01", "retailPrice": 75, "shoe": "Nike SB Dunk High", "title": "Nike SB Dunk High Marge Simpson", "urlKey": "nike-sb-dunk-high-marge-simpson", "market": {"lowestAsk": 1469, "salesThisPeriod": 0, "salesLastPeriod": 0, "highestBid": 1124, "volatility": 0.470698, "deadstockSold": 9, "pricePremium": 10.333, "averageDeadstockPrice": 968, "lastSale": 850, "changeValue": -319, "changePercentage": -0.272883, "lastLowestAskTime": 1661621378, "lastHighestBidTime": 1660893199, "lastSaleDate": "2022-09-11T00:41:16+00:00"}, "objectID": "a32339cf-3293-4e33-8e93-435cbf2ac531"}, {"id": "98ddbf36-d0f0-44d2-b002-d1cf49d268e1", "uuid": "98ddbf36-d0f0-44d2-b002-d1cf49d268e1", "brand": "Nike", "colorway": "Blue Ribbon/Blue Ribbon-Atom Red", "condition": "New", "description": "", "media": {"smallImageUrl": "https://images.stockx.com/images/Nike-SB-Dunk-High-Concepts-Ugly-Christmas-Sweater-2017-Product.jpg?fit=fill&bg=FFFFFF&w=300&h=214&fm=webp&auto=compress&trim=color&q=90&dpr=2&updated_at=1607648149", "thumbUrl": "https://images.stockx.com/images/Nike-SB-Dunk-High-Concepts-Ugly-Christmas-Sweater-2017-Product.jpg?fit=fill&bg=FFFFFF&w=140&h=100&fm=webp&auto=compress&trim=color&q=90&dpr=2&updated_at=1607648149"}, "productCategory": "sneakers", "releaseDate": "2017-12-02", "retailPrice": 125, "shoe": "Nike SB Dunk High", "title": "Nike SB Dunk High Concepts Ugly Christmas Sweater (2017)", "urlKey": "nike-sb-dunk-high-concepts-ugly-christmas-sweater-2017", "market": {"lowestAsk": 400, "salesThisPeriod": 0, "salesLastPeriod": 0, "highestBid": 525, "volatility": 0.192063, "deadstockSold": 75, "pricePremium": 3.2, "averageDeadstockPrice": 465, "lastSale": 525, "changeValue": 50, "changePercentage": 0.105263, "lastLowestAskTime": 1663719073, "lastHighestBidTime": 1659112017, "lastSaleDate": "2022-09-08T21:41:30+00:00"}, "objectID": "98ddbf36-d0f0-44d2-b002-d1cf49d268e1"}, {"id": "718a721a-14b0-4ce4-9a6e-083b764a24aa", "uuid": "718a721a-14b0-4ce4-9a6e-083b764a24aa", "brand": "Nike", "colorway": "Anthracite/Black-Pink Force-Crystal Mint", "condition": "New", "description": "", "media": {"smallImageUrl": "https://images.stockx.com/images/Nike-Dunk-SB-Low-Northern-Lights-Product.jpg?fit=fill&bg=FFFFFF&w=300&h=214&fm=webp&auto=compress&trim=color&q=90&dpr=2&updated_at=1663095464", "thumbUrl": "https://images.stockx.com/images/Nike-Dunk-SB-Low-Northern-Lights-Product.jpg?fit=fill&bg=FFFFFF&w=140&h=100&fm=webp&auto=compress&trim=color&q=90&dpr=2&updated_at=1663095464"}, "productCategory": "sneakers", "releaseDate": "2014-11-22", "retailPrice": 110, "shoe": "Nike SB Dunk Low", "title": "Nike SB Dunk Low Premier Northern Lights", "urlKey": "nike-dunk-sb-low-premier-northern-lights", "market": {"lowestAsk": 699, "salesThisPeriod": 0, "salesLastPeriod": 0, "highestBid": 600, "volatility": 0.142423, "deadstockSold": 33, "pricePremium": 6.909, "averageDeadstockPrice": 715, "lastSale": 870, "changeValue": 245, "changePercentage": 0.392, "lastLowestAskTime": 1663708199, "lastHighestBidTime": 1661982453, "lastSaleDate": "2022-09-13T09:50:16+00:00"}, "objectID": "718a721a-14b0-4ce4-9a6e-083b764a24aa"}, {"id": "e4aed29d-fc4c-46e1-8f21-84bec1afd937", "uuid": "e4aed29d-fc4c-46e1-8f21-84bec1afd937", "brand": "Nike", "colorway": "Orange Flash/Black-Black", "condition": "New", "description": "", "media": {"smallImageUrl": "https://images.stockx.com/images/Nike-Dunk-SB-Low-Raygun.jpg?fit=fill&bg=FFFFFF&w=300&h=214&fm=webp&auto=compress&trim=color&q=90&dpr=2&updated_at=1607045042", "thumbUrl": "https://images.stockx.com/images/Nike-Dunk-SB-Low-Raygun.jpg?fit=fill&bg=FFFFFF&w=140&h=100&fm=webp&auto=compress&trim=color&q=90&dpr=2&updated_at=1607045042"}, "productCategory": "sneakers", "releaseDate": "2005-02-01", "retailPrice": 65, "shoe": "Nike SB Dunk Low", "title": "Nike SB Dunk Low Raygun", "urlKey": "nike-dunk-sb-low-raygun", "market": {"lowestAsk": 912, "salesThisPeriod": 0, "salesLastPeriod": 0, "highestBid": 740, "volatility": 0.362049, "deadstockSold": 16, "pricePremium": 8.908, "averageDeadstockPrice": 896, "lastSale": 644, "changeValue": -181, "changePercentage": -0.219394, "lastLowestAskTime": 1660557945, "lastHighestBidTime": 1662900908, "lastSaleDate": "2022-08-02T18:21:49+00:00"}, "objectID": "e4aed29d-fc4c-46e1-8f21-84bec1afd937"}, {"id": "66d96c78-4135-4c65-9e00-445257c8d1de", "uuid": "66d96c78-4135-4c65-9e00-445257c8d1de", "brand": "Nike", "colorway": "White/Black", "condition": "New", "description": "", "media": {"smallImageUrl": "https://images.stockx.com/images/Nike-Dunk-SB-High-Melvins-Product.jpg?fit=fill&bg=FFFFFF&w=300&h=214&fm=webp&auto=compress&trim=color&q=90&dpr=2&updated_at=1644312212", "thumbUrl": "https://images.stockx.com/images/Nike-Dunk-SB-High-Melvins-Product.jpg?fit=fill&bg=FFFFFF&w=140&h=100&fm=webp&auto=compress&trim=color&q=90&dpr=2&updated_at=1644312212"}, "productCategory": "sneakers", "releaseDate": "", "retailPrice": 0, "shoe": "Nike SB Dunk High", "title": "Nike SB Dunk High Melvins", "urlKey": "nike-dunk-sb-high-melvins", "market": {"lowestAsk": 788, "salesThisPeriod": 0, "salesLastPeriod": 0, "highestBid": 670, "volatility": 0.17371, "deadstockSold": 4, "pricePremium": 0, "averageDeadstockPrice": 826, "lastSale": 709, "changeValue": -177, "changePercentage": -0.199774, "lastLowestAskTime": 1663372896, "lastHighestBidTime": 1656786568, "lastSaleDate": "2022-01-30T17:03:17+00:00"}, "objectID": "66d96c78-4135-4c65-9e00-445257c8d1de"}, {"id": "b377a96a-5f83-45b6-8238-25957c169193", "uuid": "b377a96a-5f83-45b6-8238-25957c169193", "brand": "Nike", "colorway": "Black/White-Green Strike", "condition": "New", "description": "", "media": {"smallImageUrl": "https://images.stockx.com/images/Nike-Air-Rubber-Dunk-Off-White-Green-Strike-TD-Product.jpg?fit=fill&bg=FFFFFF&w=300&h=214&fm=webp&auto=compress&trim=color&q=90&dpr=2&updated_at=1606771648", "thumbUrl": "https://images.stockx.com/images/Nike-Air-Rubber-Dunk-Off-White-Green-Strike-TD-Product.jpg?fit=fill&bg=FFFFFF&w=140&h=100&fm=webp&auto=compress&trim=color&q=90&dpr=2&updated_at=1606771648"}, "productCategory": "sneakers", "releaseDate": "2020-10-01", "retailPrice": 80, "shoe": "Nike Air Rubber Dunk", "title": "Nike Air Rubber Dunk Off-White Green Strike (TD)", "urlKey": "nike-air-rubber-dunk-off-white-green-strike-td", "market": {"lowestAsk": 150, "salesThisPeriod": 1, "salesLastPeriod": 0, "highestBid": 140, "volatility": 0.28542, "deadstockSold": 96, "pricePremium": 1.5, "averageDeadstockPrice": 182, "lastSale": 200, "changeValue": -100, "changePercentage": -0.333333, "lastLowestAskTime": 1663696974, "lastHighestBidTime": 1663445507, "lastSaleDate": "2022-09-19T15:22:28+00:00"}, "objectID": "b377a96a-5f83-45b6-8238-25957c169193"}, {"id": "b5a07194-bf94-4237-a81e-24b01f4840ff", "uuid": "b5a07194-bf94-4237-a81e-24b01f4840ff", "brand": "Nike", "colorway": "Light Chocolate/White", "condition": "New", "description": "", "media": {"smallImageUrl": "https://images.stockx.com/images/Nike-Dunk-SB-Low-Oompa-Loompa-Product.jpg?fit=fill&bg=FFFFFF&w=300&h=214&fm=webp&auto=compress&trim=color&q=90&dpr=2&updated_at=1607053319", "thumbUrl": "https://images.stockx.com/images/Nike-Dunk-SB-Low-Oompa-Loompa-Product.jpg?fit=fill&bg=FFFFFF&w=140&h=100&fm=webp&auto=compress&trim=color&q=90&dpr=2&updated_at=1607053319"}, "productCategory": "sneakers", "releaseDate": "", "retailPrice": 65, "shoe": "Nike SB Dunk Low", "title": "Nike SB Dunk Low Oompa Loompa", "urlKey": "nike-dunk-sb-low-oompa-loompa", "market": {"lowestAsk": 520, "salesThisPeriod": 0, "salesLastPeriod": 0, "highestBid": 850, "volatility": 1.04999, "deadstockSold": 15, "pricePremium": 4.385, "averageDeadstockPrice": 727, "lastSale": 350, "changeValue": -348, "changePercentage": -0.498567, "lastLowestAskTime": 1663613410, "lastHighestBidTime": 1663624343, "lastSaleDate": "2022-07-28T14:46:19+00:00"}, "objectID": "b5a07194-bf94-4237-a81e-24b01f4840ff"}, {"id": "e3292413-5a5d-4781-bfd7-2de2e2117807", "uuid": "e3292413-5a5d-4781-bfd7-2de2e2117807", "brand": "Nike", "colorway": "Light Umber/Grasshopper Tersie/Strell", "condition": "New", "description": "", "media": {"smallImageUrl": "https://images.stockx.com/images/Nike-Dunk-SB-Low-Three-Bears-Baby-Product.jpg?fit=fill&bg=FFFFFF&w=300&h=214&fm=webp&auto=compress&trim=color&q=90&dpr=2&updated_at=1607045060", "thumbUrl": "https://images.stockx.com/images/Nike-Dunk-SB-Low-Three-Bears-Baby-Product.jpg?fit=fill&bg=FFFFFF&w=140&h=100&fm=webp&auto=compress&trim=color&q=90&dpr=2&updated_at=1607045060"}, "productCategory": "sneakers", "releaseDate": "2006-11-01", "retailPrice": 65, "shoe": "Nike SB Dunk Low", "title": "Nike SB Dunk Low Baby Bear", "urlKey": "nike-dunk-sb-low-baby-bear", "market": {"lowestAsk": 1790, "salesThisPeriod": 0, "salesLastPeriod": 0, "highestBid": 2000, "volatility": 0.735747, "deadstockSold": 11, "pricePremium": 14.385, "averageDeadstockPrice": 1911, "lastSale": 1000, "changeValue": -300, "changePercentage": -0.230769, "lastLowestAskTime": 1661071416, "lastHighestBidTime": 1660893416, "lastSaleDate": "2022-07-17T12:49:25+00:00"}, "objectID": "e3292413-5a5d-4781-bfd7-2de2e2117807"}, {"id": "328e7fd7-7194-4db3-b305-3e7ad678de01", "uuid": "328e7fd7-7194-4db3-b305-3e7ad678de01", "brand": "Nike", "colorway": "Metallic Gold/Black", "condition": "New", "description": "", "media": {"smallImageUrl": "https://images.stockx.com/images/Nike-SB-Dunk-Low-Trickstar.png?fit=fill&bg=FFFFFF&w=300&h=214&fm=webp&auto=compress&trim=color&q=90&dpr=2&updated_at=1609434052", "thumbUrl": "https://images.stockx.com/images/Nike-SB-Dunk-Low-Trickstar.png?fit=fill&bg=FFFFFF&w=140&h=100&fm=webp&auto=compress&trim=color&q=90&dpr=2&updated_at=1609434052"}, "productCategory": "sneakers", "releaseDate": "2008-06-27", "retailPrice": 0, "shoe": "Nike SB Dunk Low", "title": "Nike SB Dunk Low Trickstar", "urlKey": "nike-sb-dunk-low-trickstar", "market": {"lowestAsk": 1150, "salesThisPeriod": 0, "salesLastPeriod": 0, "highestBid": 622, "volatility": 0.442938, "deadstockSold": 4, "pricePremium": 0, "averageDeadstockPrice": 1120, "lastSale": 830, "changeValue": -920, "changePercentage": -0.525714, "lastLowestAskTime": 1654814131, "lastHighestBidTime": 1661941750, "lastSaleDate": "2022-04-03T16:44:31+00:00"}, "objectID": "328e7fd7-7194-4db3-b305-3e7ad678de01"}, {"id": "a081ce32-42d5-41d1-8700-dac0bbfbf677", "uuid": "a081ce32-42d5-41d1-8700-dac0bbfbf677", "brand": "Nike", "colorway": "Parachute Beige/Black-Ale Brown", "condition": "New", "description": "", "media": {"smallImageUrl": "https://images.stockx.com/images/Nike-SB-Dunk-High-Pro-Desert-Camo-Product.jpg?fit=fill&bg=FFFFFF&w=300&h=214&fm=webp&auto=compress&trim=color&q=90&dpr=2&updated_at=1608515899", "thumbUrl": "https://images.stockx.com/images/Nike-SB-Dunk-High-Pro-Desert-Camo-Product.jpg?fit=fill&bg=FFFFFF&w=140&h=100&fm=webp&auto=compress&trim=color&q=90&dpr=2&updated_at=1608515899"}, "productCategory": "sneakers", "releaseDate": "2019-03-19", "retailPrice": 100, "shoe": "Nike SB Dunk High Pro", "title": "Nike SB Dunk High Pro Desert Camo", "urlKey": "nike-sb-dunk-high-pro-desert-camo", "market": {"lowestAsk": 184, "salesThisPeriod": 0, "salesLastPeriod": 0, "highestBid": 250, "volatility": 0.230534, "deadstockSold": 86, "pricePremium": 1.19, "averageDeadstockPrice": 218, "lastSale": 219, "changeValue": -39, "changePercentage": -0.151163, "lastLowestAskTime": 1663394516, "lastHighestBidTime": 1663731492, "lastSaleDate": "2022-09-16T04:45:09+00:00"}, "objectID": "a081ce32-42d5-41d1-8700-dac0bbfbf677"}, {"id": "30b9baf3-91e6-4ef0-9ddc-7cbea2fc812c", "uuid": "30b9baf3-91e6-4ef0-9ddc-7cbea2fc812c", "brand": "Nike", "childId": null, "colorway": "Black/Black-Black", "condition": "New", "description": "", "media": {"smallImageUrl": "https://images.stockx.com/images/Nike-SB-Dunk-High-Black-Sheep-Hornet-Product.jpg?fit=fill&bg=FFFFFF&w=300&h=214&fm=webp&auto=compress&trim=color&q=90&dpr=2&updated_at=1608516344", "thumbUrl": "https://images.stockx.com/images/Nike-SB-Dunk-High-Black-Sheep-Hornet-Product.jpg?fit=fill&bg=FFFFFF&w=140&h=100&fm=webp&auto=compress&trim=color&q=90&dpr=2&updated_at=1608516344"}, "productCategory": "sneakers", "releaseDate": "2019-02-15", "retailPrice": 110, "shoe": "Nike SB Dunk High", "title": "Nike SB Dunk High Black Sheep Hornet", "urlKey": "nike-sb-dunk-high-black-sheep-hornet", "market": {"lowestAsk": 167, "salesThisPeriod": 0, "salesLastPeriod": 0, "highestBid": 351, "volatility": 0.197158, "deadstockSold": 103, "pricePremium": 1.509, "averageDeadstockPrice": 287, "lastSale": 276, "changeValue": 10, "changePercentage": 0.037594, "lastLowestAskTime": 1663676622, "lastHighestBidTime": 1663084593, "lastSaleDate": "2022-09-16T15:27:02+00:00"}, "objectID": "30b9baf3-91e6-4ef0-9ddc-7cbea2fc812c"}, {"id": "a6365b69-ad87-4b8e-b2b5-a6c6766a5b80", "uuid": "a6365b69-ad87-4b8e-b2b5-a6c6766a5b80", "brand": "Nike", "colorway": "Black/White-Multi Color", "condition": "New", "description": "", "media": {"smallImageUrl": "https://images.stockx.com/images/Nike-Dunk-SB-Low-Pro-QS-Neckface.jpg?fit=fill&bg=FFFFFF&w=300&h=214&fm=webp&auto=compress&trim=color&q=90&dpr=2&updated_at=1659956788", "thumbUrl": "https://images.stockx.com/images/Nike-Dunk-SB-Low-Pro-QS-Neckface.jpg?fit=fill&bg=FFFFFF&w=140&h=100&fm=webp&auto=compress&trim=color&q=90&dpr=2&updated_at=1659956788"}, "productCategory": "sneakers", "releaseDate": "", "retailPrice": 0, "shoe": "Nike SB Dunk Low Pro QS", "title": "Nike SB Dunk Low Pro QS Neckface", "urlKey": "nike-dunk-sb-low-pro-qs-neckface", "market": {"lowestAsk": 556, "salesThisPeriod": 1, "salesLastPeriod": 0, "highestBid": 500, "volatility": 0.330631, "deadstockSold": 2, "pricePremium": 0, "averageDeadstockPrice": 405, "lastSale": 605, "changeValue": 401, "changePercentage": 1.95213, "lastLowestAskTime": 1663247437, "lastHighestBidTime": 1663613963, "lastSaleDate": "2022-09-19T04:51:14+00:00"}, "objectID": "a6365b69-ad87-4b8e-b2b5-a6c6766a5b80"}, {"id": "437540a0-10ed-4c84-be3d-9e0e77d0440c", "uuid": "437540a0-10ed-4c84-be3d-9e0e77d0440c", "brand": "Nike", "colorway": "Black/Black-White-Gum Med Brown", "condition": "New", "description": "", "media": {"smallImageUrl": "https://images.stockx.com/images/Nike-Dunk-SB-Low-Nontourage-Product.jpg?fit=fill&bg=FFFFFF&w=300&h=214&fm=webp&auto=compress&trim=color&q=90&dpr=2&updated_at=1607052832", "thumbUrl": "https://images.stockx.com/images/Nike-Dunk-SB-Low-Nontourage-Product.jpg?fit=fill&bg=FFFFFF&w=140&h=100&fm=webp&auto=compress&trim=color&q=90&dpr=2&updated_at=1607052832"}, "productCategory": "sneakers", "releaseDate": "", "retailPrice": 100, "shoe": "Nike SB Dunk Low", "title": "Nike SB Dunk Low Nontourage", "urlKey": "nike-dunk-sb-low-nontourage", "market": {"lowestAsk": 544, "salesThisPeriod": 0, "salesLastPeriod": 0, "highestBid": 350, "volatility": 0.205733, "deadstockSold": 29, "pricePremium": 0, "averageDeadstockPrice": 439, "lastSale": 500, "changeValue": 5, "changePercentage": 0.010101, "lastLowestAskTime": 1663703187, "lastHighestBidTime": 1662883891, "lastSaleDate": "2022-09-13T14:47:17+00:00"}, "objectID": "437540a0-10ed-4c84-be3d-9e0e77d0440c"}, {"id": "b498879c-8fac-415e-8af9-03bff91f0e2f", "uuid": "b498879c-8fac-415e-8af9-03bff91f0e2f", "brand": "Nike", "colorway": "Light Bone/Light Bone/Sail/Green Noise", "condition": "New", "description": "", "media": {"smallImageUrl": "https://images.stockx.com/images/nike-dunk-high-first-use-sail-gs.jpg?fit=fill&bg=FFFFFF&w=300&h=214&fm=webp&auto=compress&trim=color&q=90&dpr=2&updated_at=1625271377", "thumbUrl": "https://images.stockx.com/images/nike-dunk-high-first-use-sail-gs.jpg?fit=fill&bg=FFFFFF&w=140&h=100&fm=webp&auto=compress&trim=color&q=90&dpr=2&updated_at=1625271377"}, "productCategory": "sneakers", "releaseDate": "2021-08-11", "retailPrice": 90, "shoe": "Nike Dunk High SE", "title": "Nike Dunk High SE First Use Sail (GS)", "urlKey": "nike-dunk-high-first-use-sail-gs", "market": {"lowestAsk": 105, "salesThisPeriod": 1, "salesLastPeriod": 0, "highestBid": 130, "volatility": 0.145323, "deadstockSold": 815, "pricePremium": 0.702, "averageDeadstockPrice": 136, "lastSale": 153, "changeValue": -11, "changePercentage": -0.071438, "lastLowestAskTime": 1661873808, "lastHighestBidTime": 1663504171, "lastSaleDate": "2022-09-20T10:32:12+00:00"}, "objectID": "b498879c-8fac-415e-8af9-03bff91f0e2f"}, {"id": "54be920b-de35-47ad-b645-87c761bdd607", "uuid": "54be920b-de35-47ad-b645-87c761bdd607", "brand": "Nike", "colorway": "Medium Grey/Varsity Red-White", "condition": "New", "description": "", "media": {"smallImageUrl": "https://images.stockx.com/images/Nike-Dunk-Low-UNLV-TD-Product.jpg?fit=fill&bg=FFFFFF&w=300&h=214&fm=webp&auto=compress&trim=color&q=90&dpr=2&updated_at=1633621384", "thumbUrl": "https://images.stockx.com/images/Nike-Dunk-Low-UNLV-TD-Product.jpg?fit=fill&bg=FFFFFF&w=140&h=100&fm=webp&auto=compress&trim=color&q=90&dpr=2&updated_at=1633621384"}, "productCategory": "sneakers", "releaseDate": "2021-02-18", "retailPrice": 50, "shoe": "Nike Dunk Low", "title": "Nike Dunk Low UNLV (TD)", "urlKey": "nike-dunk-low-unlv-td", "market": {"lowestAsk": 80, "salesThisPeriod": 0, "salesLastPeriod": 0, "highestBid": 82, "volatility": 0.263334, "deadstockSold": 367, "pricePremium": 0.6, "averageDeadstockPrice": 95, "lastSale": 80, "changeValue": 5, "changePercentage": 0.066667, "lastLowestAskTime": 1662886694, "lastHighestBidTime": 1660771355, "lastSaleDate": "2022-09-16T11:00:38+00:00"}, "objectID": "54be920b-de35-47ad-b645-87c761bdd607"}, {"id": "53574dba-3e5e-4ed0-9114-e4a62af63702", "uuid": "53574dba-3e5e-4ed0-9114-e4a62af63702", "brand": "Nike", "colorway": "Midnight Navy/Team Red-Work Blue", "condition": "New", "description": "", "media": {"smallImageUrl": "https://images.stockx.com/images/Nike-Dunk-SB-Low-FTC-Finally-Product.jpg?fit=fill&bg=FFFFFF&w=300&h=214&fm=webp&auto=compress&trim=color&q=90&dpr=2&updated_at=1608513300", "thumbUrl": "https://images.stockx.com/images/Nike-Dunk-SB-Low-FTC-Finally-Product.jpg?fit=fill&bg=FFFFFF&w=140&h=100&fm=webp&auto=compress&trim=color&q=90&dpr=2&updated_at=1608513300"}, "productCategory": "sneakers", "releaseDate": "2013-05-25", "retailPrice": 98, "shoe": "Nike SB Dunk Low", "title": "Nike SB Dunk Low FTC Finally", "urlKey": "nike-dunk-sb-low-ftc-finally", "market": {"lowestAsk": 800, "salesThisPeriod": 0, "salesLastPeriod": 0, "highestBid": 600, "volatility": 0.133708, "deadstockSold": 21, "pricePremium": 5.531, "averageDeadstockPrice": 659, "lastSale": 640, "changeValue": 28, "changePercentage": 0.044385, "lastLowestAskTime": 1662804726, "lastHighestBidTime": 1662620828, "lastSaleDate": "2022-09-08T21:39:22+00:00"}, "objectID": "53574dba-3e5e-4ed0-9114-e4a62af63702"}, {"id": "e30e7c56-1b41-4229-82e9-2d1acedea10e", "uuid": "e30e7c56-1b41-4229-82e9-2d1acedea10e", "brand": "Nike", "colorway": "Sail/Orange Pearl", "condition": "New", "description": "", "media": {"smallImageUrl": "https://images.stockx.com/images/Nike-Dunk-Low-SP-Orange-Pearl-PS.jpg?fit=fill&bg=FFFFFF&w=300&h=214&fm=webp&auto=compress&trim=color&q=90&dpr=2&updated_at=1616028676", "thumbUrl": "https://images.stockx.com/images/Nike-Dunk-Low-SP-Orange-Pearl-PS.jpg?fit=fill&bg=FFFFFF&w=140&h=100&fm=webp&auto=compress&trim=color&q=90&dpr=2&updated_at=1616028676"}, "productCategory": "sneakers", "releaseDate": "2021-03-15", "retailPrice": 60, "shoe": "Nike Dunk Low SP", "title": "Nike Dunk Low SP Orange Pearl (PS)", "urlKey": "nike-dunk-low-sp-orange-pearl-ps", "market": {"lowestAsk": 100, "salesThisPeriod": 1, "salesLastPeriod": 0, "highestBid": 105, "volatility": 0.17978, "deadstockSold": 381, "pricePremium": 1.267, "averageDeadstockPrice": 122, "lastSale": 136, "changeValue": -2, "changePercentage": -0.014493, "lastLowestAskTime": 1663095258, "lastHighestBidTime": 1663715789, "lastSaleDate": "2022-09-19T01:16:43+00:00"}, "objectID": "e30e7c56-1b41-4229-82e9-2d1acedea10e"}, {"id": "a4d006cb-5250-43a0-b54b-947cdfee2664", "uuid": "a4d006cb-5250-43a0-b54b-947cdfee2664", "brand": "Nike", "colorway": "Navy/Orange", "condition": "New", "description": "", "media": {"smallImageUrl": "https://stockx-assets.imgix.net/media/Product-Placeholder-Default-20210415.jpg?fit=fill&bg=FFFFFF&w=300&h=214&fm=webp&auto=compress&trim=color&q=90&dpr=2&updated_at=0", "thumbUrl": "https://stockx-assets.imgix.net/media/Product-Placeholder-Default-20210415.jpg?fit=fill&bg=FFFFFF&w=140&h=100&fm=webp&auto=compress&trim=color&q=90&dpr=2&updated_at=0"}, "productCategory": "sneakers", "releaseDate": "2022-09-30", "retailPrice": 180, "shoe": "Nike Dunk Low", "title": "Nike Dunk Low Off-White Futura Syracuse", "urlKey": "nike-dunk-low-off-white-futura-syracuse", "market": {"lowestAsk": 0, "salesThisPeriod": 0, "salesLastPeriod": 0, "highestBid": 820, "volatility": 0, "deadstockSold": 0, "pricePremium": 0, "averageDeadstockPrice": 0, "lastSale": 0, "changeValue": 0, "changePercentage": 0, "lastLowestAskTime": 0, "lastHighestBidTime": 1662423462, "lastSaleDate": ""}, "objectID": "a4d006cb-5250-43a0-b54b-947cdfee2664"}, {"id": "c1215966-780b-45df-a07f-1f67c07bbb8e", "uuid": "c1215966-780b-45df-a07f-1f67c07bbb8e", "brand": "Nike", "colorway": "Sail/Black-Light Crimson-White", "condition": "New", "description": "", "media": {"smallImageUrl": "https://images.stockx.com/images/Nike-SB-Dunk-High-Cherry-Blossom-Product.jpg?fit=fill&bg=FFFFFF&w=300&h=214&fm=webp&auto=compress&trim=color&q=90&dpr=2&updated_at=1611088950", "thumbUrl": "https://images.stockx.com/images/Nike-SB-Dunk-High-Cherry-Blossom-Product.jpg?fit=fill&bg=FFFFFF&w=140&h=100&fm=webp&auto=compress&trim=color&q=90&dpr=2&updated_at=1611088950"}, "productCategory": "sneakers", "releaseDate": "2016-01-10", "retailPrice": 100, "shoe": "Nike SB Dunk High", "title": "Nike SB Dunk High Cherry Blossom", "urlKey": "nike-sb-dunk-high-cherry-blossom", "market": {"lowestAsk": 900, "salesThisPeriod": 0, "salesLastPeriod": 0, "highestBid": 1100, "volatility": 0.229084, "deadstockSold": 33, "pricePremium": 10.5, "averageDeadstockPrice": 724, "lastSale": 1150, "changeValue": -100, "changePercentage": -0.08, "lastLowestAskTime": 1663437303, "lastHighestBidTime": 1663633742, "lastSaleDate": "2022-07-24T01:01:00+00:00"}, "objectID": "c1215966-780b-45df-a07f-1f67c07bbb8e"}, {"id": "f296a481-9874-486c-88d5-4a4e22864f6b", "uuid": "f296a481-9874-486c-88d5-4a4e22864f6b", "brand": "Nike", "colorway": "Wolf Grey/Wolf Grey-Black-Challenge Red", "condition": "New", "description": "", "media": {"smallImageUrl": "https://images.stockx.com/images/Nike-Dunk-SB-Low-Atlas-35MM-Product.jpg?fit=fill&bg=FFFFFF&w=300&h=214&fm=webp&auto=compress&trim=color&q=90&dpr=2&updated_at=1607048071", "thumbUrl": "https://images.stockx.com/images/Nike-Dunk-SB-Low-Atlas-35MM-Product.jpg?fit=fill&bg=FFFFFF&w=140&h=100&fm=webp&auto=compress&trim=color&q=90&dpr=2&updated_at=1607048071"}, "productCategory": "sneakers", "releaseDate": "2015-07-08", "retailPrice": 110, "shoe": "Nike SB Dunk Low", "title": "Nike SB Dunk Low Atlas 35MM Grey", "urlKey": "nike-dunk-sb-low-atlas-35mm-grey", "market": {"lowestAsk": 540, "salesThisPeriod": 0, "salesLastPeriod": 0, "highestBid": 455, "volatility": 0.380377, "deadstockSold": 16, "pricePremium": 3.909, "averageDeadstockPrice": 521, "lastSale": 540, "changeValue": 165, "changePercentage": 0.44, "lastLowestAskTime": 1662752616, "lastHighestBidTime": 1662817831, "lastSaleDate": "2022-07-28T22:01:18+00:00"}, "objectID": "f296a481-9874-486c-88d5-4a4e22864f6b"}, {"id": "5cc3af64-3f7f-47a2-adfc-54feb5b9cefa", "uuid": "5cc3af64-3f7f-47a2-adfc-54feb5b9cefa", "brand": "Nike", "colorway": "Anthracite/Black-Hyper Pink-Crystal Mint", "condition": "New", "description": "", "media": {"smallImageUrl": "https://images.stockx.com/images/Nike-Dunk-SB-High-Northern-Lights-Product.jpg?fit=fill&bg=FFFFFF&w=300&h=214&fm=webp&auto=compress&trim=color&q=90&dpr=2&updated_at=1607047012", "thumbUrl": "https://images.stockx.com/images/Nike-Dunk-SB-High-Northern-Lights-Product.jpg?fit=fill&bg=FFFFFF&w=140&h=100&fm=webp&auto=compress&trim=color&q=90&dpr=2&updated_at=1607047012"}, "productCategory": "sneakers", "releaseDate": "2014-11-29", "retailPrice": 120, "shoe": "Nike SB Dunk High", "title": "Nike SB Dunk High Premier Northern Lights", "urlKey": "nike-dunk-sb-high-premier-northern-lights", "market": {"lowestAsk": 455, "salesThisPeriod": 0, "salesLastPeriod": 0, "highestBid": 381, "volatility": 0.285298, "deadstockSold": 66, "pricePremium": 1.375, "averageDeadstockPrice": 430, "lastSale": 285, "changeValue": -115, "changePercentage": -0.2875, "lastLowestAskTime": 1663264373, "lastHighestBidTime": 1662497087, "lastSaleDate": "2022-09-14T20:32:15+00:00"}, "objectID": "5cc3af64-3f7f-47a2-adfc-54feb5b9cefa"}, {"id": "547e9f35-2291-4cb4-9667-1f6aab63f216", "uuid": "547e9f35-2291-4cb4-9667-1f6aab63f216", "brand": "Nike", "colorway": "Black/Bright Goldenrod-Black", "condition": "New", "description": "", "media": {"smallImageUrl": "https://images.stockx.com/images/Nike-Dunk-High-Wu-Tang-1999.png?fit=fill&bg=FFFFFF&w=300&h=214&fm=webp&auto=compress&trim=color&q=90&dpr=2&updated_at=1616553851", "thumbUrl": "https://images.stockx.com/images/Nike-Dunk-High-Wu-Tang-1999.png?fit=fill&bg=FFFFFF&w=140&h=100&fm=webp&auto=compress&trim=color&q=90&dpr=2&updated_at=1616553851"}, "productCategory": "sneakers", "releaseDate": "1999-01-01", "retailPrice": 0, "shoe": "Nike Dunk High", "title": "Nike Dunk High Wu Tang (1999)", "urlKey": "nike-dunk-high-wu-tang-1999", "market": {"lowestAsk": 6910, "salesThisPeriod": 0, "salesLastPeriod": 0, "highestBid": 6911, "volatility": 0, "deadstockSold": 0, "pricePremium": 0, "averageDeadstockPrice": 0, "lastSale": 0, "changeValue": 0, "changePercentage": 0, "lastLowestAskTime": 0, "lastHighestBidTime": 1663742042, "lastSaleDate": ""}, "objectID": "547e9f35-2291-4cb4-9667-1f6aab63f216"}, {"id": "7423c357-e424-45d8-8be0-71ade937f17d", "uuid": "7423c357-e424-45d8-8be0-71ade937f17d", "brand": "Nike", "colorway": "University Gold/Black/University Gold", "condition": "New", "description": "", "media": {"smallImageUrl": "https://images.stockx.com/images/Nike-Dunk-SB-Low-Iowa-Product.jpg?fit=fill&bg=FFFFFF&w=300&h=214&fm=webp&auto=compress&trim=color&q=90&dpr=2&updated_at=1607059625", "thumbUrl": "https://images.stockx.com/images/Nike-Dunk-SB-Low-Iowa-Product.jpg?fit=fill&bg=FFFFFF&w=140&h=100&fm=webp&auto=compress&trim=color&q=90&dpr=2&updated_at=1607059625"}, "productCategory": "sneakers", "releaseDate": "2015-08-08", "retailPrice": 90, "shoe": "Nike SB Dunk Low", "title": "Nike SB Dunk Low Iowa", "urlKey": "nike-dunk-sb-low-iowa", "market": {"lowestAsk": 725, "salesThisPeriod": 0, "salesLastPeriod": 0, "highestBid": 382, "volatility": 0.496708, "deadstockSold": 9, "pricePremium": 3.444, "averageDeadstockPrice": 609, "lastSale": 400, "changeValue": -350, "changePercentage": -0.466667, "lastLowestAskTime": 1661997927, "lastHighestBidTime": 1661997812, "lastSaleDate": "2022-08-08T22:27:36+00:00"}, "objectID": "7423c357-e424-45d8-8be0-71ade937f17d"}, {"id": "56b2b765-c1a5-44c2-a294-7910f5dceb99", "uuid": "56b2b765-c1a5-44c2-a294-7910f5dceb99", "brand": "Nike", "colorway": "White/Firefly", "condition": "New", "description": "", "media": {"smallImageUrl": "https://images.stockx.com/images/Nike-Dunk-SB-High-De-La-Soul-2015-Product.jpg?fit=fill&bg=FFFFFF&w=300&h=214&fm=webp&auto=compress&trim=color&q=90&dpr=2&updated_at=1607044858", "thumbUrl": "https://images.stockx.com/images/Nike-Dunk-SB-High-De-La-Soul-2015-Product.jpg?fit=fill&bg=FFFFFF&w=140&h=100&fm=webp&auto=compress&trim=color&q=90&dpr=2&updated_at=1607044858"}, "productCategory": "sneakers", "releaseDate": "2015-02-13", "retailPrice": 150, "shoe": "Nike SB Dunk High", "title": "Nike SB Dunk High De La Soul (2015)", "urlKey": "nike-dunk-sb-high-de-la-soul-2015", "market": {"lowestAsk": 251, "salesThisPeriod": 0, "salesLastPeriod": 0, "highestBid": 300, "volatility": 0.235895, "deadstockSold": 81, "pricePremium": 0.9, "averageDeadstockPrice": 316, "lastSale": 285, "changeValue": -5, "changePercentage": -0.017241, "lastLowestAskTime": 1663707840, "lastHighestBidTime": 1661289982, "lastSaleDate": "2022-09-16T19:23:46+00:00"}, "objectID": "56b2b765-c1a5-44c2-a294-7910f5dceb99"}, {"id": "9469db4f-a743-4ca6-87ce-6e9bf32b32af", "uuid": "9469db4f-a743-4ca6-87ce-6e9bf32b32af", "brand": "Nike", "colorway": "Black/Metallic Zinc", "condition": "New", "description": "", "media": {"smallImageUrl": "https://images.stockx.com/images/Nike-SB-Dunk-Low-Strummer.png?fit=fill&bg=FFFFFF&w=300&h=214&fm=webp&auto=compress&trim=color&q=90&dpr=2&updated_at=1625852297", "thumbUrl": "https://images.stockx.com/images/Nike-SB-Dunk-Low-Strummer.png?fit=fill&bg=FFFFFF&w=140&h=100&fm=webp&auto=compress&trim=color&q=90&dpr=2&updated_at=1625852297"}, "productCategory": "sneakers", "releaseDate": "2008-01-01", "retailPrice": 0, "shoe": "Nike SB Dunk Low", "title": "Nike SB Dunk Low Strummer", "urlKey": "nike-sb-dunk-low-strummer", "market": {"lowestAsk": 1221, "salesThisPeriod": 0, "salesLastPeriod": 0, "highestBid": 775, "volatility": 0.369328, "deadstockSold": 5, "pricePremium": 0, "averageDeadstockPrice": 1351, "lastSale": 1250, "changeValue": -950, "changePercentage": -0.431818, "lastLowestAskTime": 1663695939, "lastHighestBidTime": 1661869566, "lastSaleDate": "2022-04-25T02:32:37+00:00"}, "objectID": "9469db4f-a743-4ca6-87ce-6e9bf32b32af"}, {"id": "caee7deb-a5cb-4392-8458-f6676602be8d", "uuid": "caee7deb-a5cb-4392-8458-f6676602be8d", "brand": "Nike", "colorway": "Black/Grey/White", "condition": "New", "description": "", "media": {"smallImageUrl": "https://images.stockx.com/images/Nike-Dunk-Low-Chenille-Swoosh-Black-Grey.jpg?fit=fill&bg=FFFFFF&w=300&h=214&fm=webp&auto=compress&trim=color&q=90&dpr=2&updated_at=1658427636", "thumbUrl": "https://images.stockx.com/images/Nike-Dunk-Low-Chenille-Swoosh-Black-Grey.jpg?fit=fill&bg=FFFFFF&w=140&h=100&fm=webp&auto=compress&trim=color&q=90&dpr=2&updated_at=1658427636"}, "productCategory": "sneakers", "releaseDate": "", "retailPrice": 0, "shoe": "Nike Dunk Low", "title": "Nike Dunk Low Chenille Swoosh Black Grey", "urlKey": "nike-dunk-low-chenille-swoosh-black-grey", "market": {"lowestAsk": 126, "salesThisPeriod": 17, "salesLastPeriod": 0, "highestBid": 147, "volatility": 0.065205, "deadstockSold": 29, "pricePremium": 0, "averageDeadstockPrice": 179, "lastSale": 146, "changeValue": -9, "changePercentage": -0.062164, "lastLowestAskTime": 1663805260, "lastHighestBidTime": 1663757829, "lastSaleDate": "2022-09-22T00:07:02+00:00"}, "objectID": "caee7deb-a5cb-4392-8458-f6676602be8d"}, {"id": "7e1c2c4e-1e4d-4f10-a056-c8a13b700a0a", "uuid": "7e1c2c4e-1e4d-4f10-a056-c8a13b700a0a", "brand": "Nike", "childId": null, "colorway": "Barley/Barley-Khaki-Dark Loden", "condition": "New", "description": "", "media": {"smallImageUrl": "https://images.stockx.com/images/Nike-Dunk-High-Coraline-Special-Box.jpg?fit=fill&bg=FFFFFF&w=300&h=214&fm=webp&auto=compress&trim=color&q=90&dpr=2&updated_at=1617297589", "thumbUrl": "https://images.stockx.com/images/Nike-Dunk-High-Coraline-Special-Box.jpg?fit=fill&bg=FFFFFF&w=140&h=100&fm=webp&auto=compress&trim=color&q=90&dpr=2&updated_at=1617297589"}, "productCategory": "sneakers", "releaseDate": "2009-01-15", "retailPrice": 0, "shoe": "Nike Dunk High", "title": "Nike Dunk High Coraline (Special Box)", "urlKey": "nike-dunk-high-coraline-special-box", "market": {"lowestAsk": 7000, "salesThisPeriod": 0, "salesLastPeriod": 0, "highestBid": 6000, "volatility": 0, "deadstockSold": 0, "pricePremium": 0, "averageDeadstockPrice": 0, "lastSale": 0, "changeValue": 0, "changePercentage": 0, "lastLowestAskTime": 0, "lastHighestBidTime": 1663653520, "lastSaleDate": ""}, "objectID": "7e1c2c4e-1e4d-4f10-a056-c8a13b700a0a"}, {"id": "282ad530-f532-42f9-8280-b66ba74f32b9", "uuid": "282ad530-f532-42f9-8280-b66ba74f32b9", "brand": "Nike", "childId": null, "colorway": "White/White-White", "condition": "New", "description": "", "media": {"smallImageUrl": "https://images.stockx.com/images/Nike-Dunk-Low-White-White-White.jpg?fit=fill&bg=FFFFFF&w=300&h=214&fm=webp&auto=compress&trim=color&q=90&dpr=2&updated_at=1607058552", "thumbUrl": "https://images.stockx.com/images/Nike-Dunk-Low-White-White-White.jpg?fit=fill&bg=FFFFFF&w=140&h=100&fm=webp&auto=compress&trim=color&q=90&dpr=2&updated_at=1607058552"}, "productCategory": "sneakers", "releaseDate": "", "retailPrice": 90, "shoe": "Nike Dunk Low", "title": "Nike Dunk Low White/White-White", "urlKey": "nike-dunk-low-white-white-white", "market": {"lowestAsk": 575, "salesThisPeriod": 0, "salesLastPeriod": 0, "highestBid": 200, "volatility": 0.255155, "deadstockSold": 3, "pricePremium": 3.444, "averageDeadstockPrice": 275, "lastSale": 400, "changeValue": 125, "changePercentage": 0.454545, "lastLowestAskTime": 1658381692, "lastHighestBidTime": 1663298679, "lastSaleDate": "2022-07-08T21:59:25+00:00"}, "objectID": "282ad530-f532-42f9-8280-b66ba74f32b9"}]}