{"Pagination": {"query": "nike dunk", "queryID": "c8fc27c73910d465ac8b9e000a00c152", "index": "PRODUCTION_PG_FEATURED_DESC", "limit": 40, "page": 25, "total": 1960, "lastPage": "/api/v3/browse?_search=nike%20dunk&dataType=product&facetsToRetrieve=%7B%7D&filterVersion=4&page=25&propsToRetrieve=brand%2CchildId%2Ccolorway%2Ccondition%2Cdescription%2Cid%2Cmarket.averageDeadstockPrice%2Cmarket.bidAskData%2Cmarket.changePercentage%2Cmarket.changeValue%2Cmarket.deadstockSold%2Cmarket.highestBid%2Cmarket.lastHighestBidTime%2Cmarket.lastLowestAskTime%2Cmarket.lastSale%2Cmarket.lastSaleDate%2Cmarket.lastSaleValue%2Cmarket.lowestAsk%2Cmarket.pricePremium%2Cmarket.salesInformation%2Cmarket.salesLastPeriod%2Cmarket.salesThisPeriod%2Cmarket.volatility%2Cmedia.smallImageUrl%2Cmedia.thumbUrl%2CproductCategory%2CreleaseDate%2CretailPrice%2Cshoe%2Ctitle%2CurlKey%2Cuuid", "sort": ["featured"], "order": ["DESC"], "currentPage": "/api/v3/browse?_search=nike%20dunk&dataType=product&facetsToRetrieve=%7B%7D&filterVersion=4&page=25&propsToRetrieve=brand%2CchildId%2Ccolorway%2Ccondition%2Cdescription%2Cid%2Cmarket.averageDeadstockPrice%2Cmarket.bidAskData%2Cmarket.changePercentage%2Cmarket.changeValue%2Cmarket.deadstockSold%2Cmarket.highestBid%2Cmarket.lastHighestBidTime%2Cmarket.lastLowestAskTime%2Cmarket.lastSale%2Cmarket.lastSaleDate%2Cmarket.lastSaleValue%2Cmarket.lowestAsk%2Cmarket.pricePremium%2Cmarket.salesInformation%2Cmarket.salesLastPeriod%2Cmarket.salesThisPeriod%2Cmarket.volatility%2Cmedia.smallImageUrl%2Cmedia.thumbUrl%2CproductCategory%2CreleaseDate%2CretailPrice%2Cshoe%2Ctitle%2CurlKey%2Cuuid", "nextPage": null, "previousPage": "/api/v3/browse?_search=nike%20dunk&dataType=product&facetsToRetrieve=%7B%7D&filterVersion=4&page=24&propsToRetrieve=brand%2CchildId%2Ccolorway%2Ccondition%2Cdescription%2Cid%2Cmarket.averageDeadstockPrice%2Cmarket.bidAskData%2Cmarket.changePercentage%2Cmarket.changeValue%2Cmarket.deadstockSold%2Cmarket.highestBid%2Cmarket.lastHighestBidTime%2Cmarket.lastLowestAskTime%2Cmarket.lastSale%2Cmarket.lastSaleDate%2Cmarket.lastSaleValue%2Cmarket.lowestAsk%2Cmarket.pricePremium%2Cmarket.salesInformation%2Cmarket.salesLastPeriod%2Cmarket.salesThisPeriod%2Cmarket.volatility%2Cmedia.smallImageUrl%2Cmedia.thumbUrl%2CproductCategory%2CreleaseDate%2CretailPrice%2Cshoe%2Ctitle%2CurlKey%2Cuuid"}, "Facets": {}, "Products": [{"id": "44977075-7c9f-4f4a-a856-723b16e66e22", "uuid": "44977075-7c9f-4f4a-a856-723b16e66e22", "brand": "Nike", "colorway": "White/White-Pure Platinum", "condition": "New", "description": "", "media": {"smallImageUrl": "https://images.stockx.com/images/Nike-Dunk-SB-Low-Tokyo-2015-Product.jpg?fit=fill&bg=FFFFFF&w=300&h=214&fm=webp&auto=compress&trim=color&q=90&dpr=2&updated_at=1642599974", "thumbUrl": "https://images.stockx.com/images/Nike-Dunk-SB-Low-Tokyo-2015-Product.jpg?fit=fill&bg=FFFFFF&w=140&h=100&fm=webp&auto=compress&trim=color&q=90&dpr=2&updated_at=1642599974"}, "productCategory": "sneakers", "releaseDate": "2015-05-26", "retailPrice": 90, "shoe": "Nike SB Dunk Low", "title": "Nike SB Dunk Low Tokyo (2015)", "urlKey": "nike-dunk-sb-low-tokyo-2015", "market": {"lowestAsk": 395, "salesThisPeriod": 0, "salesLastPeriod": 0, "highestBid": 385, "volatility": 0.322837, "deadstockSold": 11, "pricePremium": 5.111, "averageDeadstockPrice": 651, "lastSale": 550, "changeValue": -295, "changePercentage": -0.349112, "lastLowestAskTime": 1663804702, "lastHighestBidTime": 1663625662, "lastSaleDate": "2022-07-11T21:00:26+00:00"}, "objectID": "44977075-7c9f-4f4a-a856-723b16e66e22"}, {"id": "85f814f4-0fda-44dc-8a89-c776ec6c99d1", "uuid": "85f814f4-0fda-44dc-8a89-c776ec6c99d1", "brand": "Nike", "colorway": "Glacier Ice/White-Light Ash Grey", "condition": "New", "description": "", "media": {"smallImageUrl": "https://images.stockx.com/images/Nike-Dunk-SB-Low-Glacier-Ice.jpg?fit=fill&bg=FFFFFF&w=300&h=214&fm=webp&auto=compress&trim=color&q=90&dpr=2&updated_at=1608511108", "thumbUrl": "https://images.stockx.com/images/Nike-Dunk-SB-Low-Glacier-Ice.jpg?fit=fill&bg=FFFFFF&w=140&h=100&fm=webp&auto=compress&trim=color&q=90&dpr=2&updated_at=1608511108"}, "productCategory": "sneakers", "releaseDate": "2014-12-13", "retailPrice": 90, "shoe": "Nike SB Dunk Low", "title": "Nike SB Dunk Low Gulf of Mexico", "urlKey": "nike-dunk-sb-low-golf-of-mexico", "market": {"lowestAsk": 544, "salesThisPeriod": 0, "salesLastPeriod": 0, "highestBid": 425, "volatility": 0.204589, "deadstockSold": 15, "pricePremium": 6.111, "averageDeadstockPrice": 496, "lastSale": 640, "changeValue": 390, "changePercentage": 1.56, "lastLowestAskTime": 1663267487, "lastHighestBidTime": 1663540163, "lastSaleDate": "2022-09-18T01:05:23+00:00"}, "objectID": "85f814f4-0fda-44dc-8a89-c776ec6c99d1"}, {"id": "54e82b98-efd6-49cf-94e0-ccfad030904d", "uuid": "54e82b98-efd6-49cf-94e0-ccfad030904d", "brand": "Nike", "childId": null, "colorway": "Black/White-Iguana", "condition": "New", "description": "", "media": {"smallImageUrl": "https://images.stockx.com/images/Nike-SB-Dunk-High-Camo-Product.jpg?fit=fill&bg=FFFFFF&w=300&h=214&fm=webp&auto=compress&trim=color&q=90&dpr=2&updated_at=1607052906", "thumbUrl": "https://images.stockx.com/images/Nike-SB-Dunk-High-Camo-Product.jpg?fit=fill&bg=FFFFFF&w=140&h=100&fm=webp&auto=compress&trim=color&q=90&dpr=2&updated_at=1607052906"}, "productCategory": "sneakers", "releaseDate": "2018-12-10", "retailPrice": 100, "shoe": "Nike SB Dunk High", "title": "Nike SB Dunk High Camo", "urlKey": "nike-sb-dunk-high-camo", "market": {"lowestAsk": 160, "salesThisPeriod": 0, "salesLastPeriod": 0, "highestBid": 245, "volatility": 0.200252, "deadstockSold": 33, "pricePremium": 1.62, "averageDeadstockPrice": 257, "lastSale": 262, "changeValue": -36, "changePercentage": -0.120805, "lastLowestAskTime": 1663676805, "lastHighestBidTime": 1660816957, "lastSaleDate": "2022-09-13T13:24:53+00:00"}, "objectID": "54e82b98-efd6-49cf-94e0-ccfad030904d"}, {"id": "8a36f093-6b90-4ab0-ae3b-7968cf819e49", "uuid": "8a36f093-6b90-4ab0-ae3b-7968cf819e49", "brand": "Nike", "colorway": "Black/White-Gum Medium Brown", "condition": "New", "description": "", "media": {"smallImageUrl": "https://images.stockx.com/images/Nike-Dunk-Low-Disrupt-Black-White-Gum-W-Product.jpg?fit=fill&bg=FFFFFF&w=300&h=214&fm=webp&auto=compress&trim=color&q=90&dpr=2&updated_at=1611084478", "thumbUrl": "https://images.stockx.com/images/Nike-Dunk-Low-Disrupt-Black-White-Gum-W-Product.jpg?fit=fill&bg=FFFFFF&w=140&h=100&fm=webp&auto=compress&trim=color&q=90&dpr=2&updated_at=1611084478"}, "productCategory": "sneakers", "releaseDate": "2020-12-15", "retailPrice": 110, "shoe": "Nike Dunk Low Disrupt", "title": "Nike Dunk Low Disrupt Black Gum (W)", "urlKey": "nike-dunk-low-black-white-gum-w", "market": {"lowestAsk": 79, "salesThisPeriod": 3, "salesLastPeriod": 0, "highestBid": 120, "volatility": 0.185048, "deadstockSold": 300, "pricePremium": 0.5, "averageDeadstockPrice": 125, "lastSale": 165, "changeValue": 52, "changePercentage": 0.45778, "lastLowestAskTime": 1662821998, "lastHighestBidTime": 1663341254, "lastSaleDate": "2022-09-15T22:05:16+00:00"}, "objectID": "8a36f093-6b90-4ab0-ae3b-7968cf819e49"}, {"id": "b7a1a857-4970-4c5f-b419-cf5534c51ae2", "uuid": "b7a1a857-4970-4c5f-b419-cf5534c51ae2", "brand": "Nike", "colorway": "White/Black/Black", "condition": "New", "description": "", "media": {"smallImageUrl": "https://images.stockx.com/images/Nike-Dunk-Low-Ying-Yang-Pack.jpg?fit=fill&bg=FFFFFF&w=300&h=214&fm=webp&auto=compress&trim=color&q=90&dpr=2&updated_at=1647058526", "thumbUrl": "https://images.stockx.com/images/Nike-Dunk-Low-Ying-Yang-Pack.jpg?fit=fill&bg=FFFFFF&w=140&h=100&fm=webp&auto=compress&trim=color&q=90&dpr=2&updated_at=1647058526"}, "productCategory": "sneakers", "releaseDate": "", "retailPrice": 0, "shoe": "Nike Dunk Low", "title": "Nike Dunk Low Ying Yang Pack", "urlKey": "nike-dunk-low-ying-yang-pack", "market": {"lowestAsk": 2032, "salesThisPeriod": 0, "salesLastPeriod": 0, "highestBid": 300, "volatility": 0, "deadstockSold": 0, "pricePremium": 0, "averageDeadstockPrice": 0, "lastSale": 0, "changeValue": 0, "changePercentage": 0, "lastLowestAskTime": 0, "lastHighestBidTime": 1660818960, "lastSaleDate": ""}, "objectID": "b7a1a857-4970-4c5f-b419-cf5534c51ae2"}, {"id": "0d640f42-5cd1-4837-bc1b-583e26e7c747", "uuid": "0d640f42-5cd1-4837-bc1b-583e26e7c747", "brand": "Nike", "colorway": "Barely Green/Black/White", "condition": "New", "description": "", "media": {"smallImageUrl": "https://images.stockx.com/images/Nike-Dunk-High-SE-All-Star-2021-PS-Product.jpg?fit=fill&bg=FFFFFF&w=300&h=214&fm=webp&auto=compress&trim=color&q=90&dpr=2&updated_at=1618345019", "thumbUrl": "https://images.stockx.com/images/Nike-Dunk-High-SE-All-Star-2021-PS-Product.jpg?fit=fill&bg=FFFFFF&w=140&h=100&fm=webp&auto=compress&trim=color&q=90&dpr=2&updated_at=1618345019"}, "productCategory": "sneakers", "releaseDate": "2021-03-09", "retailPrice": 85, "shoe": "Nike Dunk High SE", "title": "Nike Dunk High SE All-Star (2021) (PS)", "urlKey": "nike-dunk-high-se-all-star-2021-ps", "market": {"lowestAsk": 70, "salesThisPeriod": 2, "salesLastPeriod": 0, "highestBid": 78, "volatility": 0.274641, "deadstockSold": 230, "pricePremium": 0, "averageDeadstockPrice": 87, "lastSale": 85, "changeValue": 5, "changePercentage": 0.0625, "lastLowestAskTime": 1663072712, "lastHighestBidTime": 1661220817, "lastSaleDate": "2022-09-20T16:45:37+00:00"}, "objectID": "0d640f42-5cd1-4837-bc1b-583e26e7c747"}, {"id": "076ce489-6f04-4de8-8787-0cf54e594de7", "uuid": "076ce489-6f04-4de8-8787-0cf54e594de7", "brand": "Nike", "colorway": "Medium Olive/ Turbo Green", "condition": "New", "description": "", "media": {"smallImageUrl": "https://images.stockx.com/images/Nike-Dunk-SB-Low-Medium-Olive-Turbo-Green.jpg?fit=fill&bg=FFFFFF&w=300&h=214&fm=webp&auto=compress&trim=color&q=90&dpr=2&updated_at=1617289274", "thumbUrl": "https://images.stockx.com/images/Nike-Dunk-SB-Low-Medium-Olive-Turbo-Green.jpg?fit=fill&bg=FFFFFF&w=140&h=100&fm=webp&auto=compress&trim=color&q=90&dpr=2&updated_at=1617289274"}, "productCategory": "sneakers", "releaseDate": "2014-04-01", "retailPrice": 85, "shoe": "Nike SB Dunk Low", "title": "Nike SB Dunk Low Medium Olive Turbo Green", "urlKey": "nike-dunk-sb-low-medium-olive-turbo-green", "market": {"lowestAsk": 823, "salesThisPeriod": 0, "salesLastPeriod": 0, "highestBid": 369, "volatility": 0.979466, "deadstockSold": 4, "pricePremium": 1.553, "averageDeadstockPrice": 385, "lastSale": 217, "changeValue": -533, "changePercentage": -0.710667, "lastLowestAskTime": 1663431600, "lastHighestBidTime": 1663466533, "lastSaleDate": "2022-08-31T16:03:07+00:00"}, "objectID": "076ce489-6f04-4de8-8787-0cf54e594de7"}, {"id": "7340395d-ee99-4a48-bc5e-47267ab08c60", "uuid": "7340395d-ee99-4a48-bc5e-47267ab08c60", "brand": "Nike", "colorway": "White/White-Black", "condition": "New", "description": "Undercover Store Exclusive", "media": {"smallImageUrl": "https://images.stockx.com/images/Nike-Dunk-High-Undercover-Chaos-White.jpg?fit=fill&bg=FFFFFF&w=300&h=214&fm=webp&auto=compress&trim=color&q=90&dpr=2&updated_at=1645687193", "thumbUrl": "https://images.stockx.com/images/Nike-Dunk-High-Undercover-Chaos-White.jpg?fit=fill&bg=FFFFFF&w=140&h=100&fm=webp&auto=compress&trim=color&q=90&dpr=2&updated_at=1645687193"}, "productCategory": "sneakers", "releaseDate": "2022-02-28", "retailPrice": 170, "shoe": "Nike Dunk High", "title": "Nike Dunk High Undercover Chaos White", "urlKey": "nike-dunk-high-undercover-chaos-white", "market": {"lowestAsk": 222, "salesThisPeriod": 0, "salesLastPeriod": 0, "highestBid": 201, "volatility": 0.233607, "deadstockSold": 53, "pricePremium": 0.547, "averageDeadstockPrice": 265, "lastSale": 263, "changeValue": -42, "changePercentage": -0.137757, "lastLowestAskTime": 1662318327, "lastHighestBidTime": 1663267651, "lastSaleDate": "2022-09-12T09:24:17+00:00"}, "objectID": "7340395d-ee99-4a48-bc5e-47267ab08c60"}, {"id": "a095f313-119b-45f0-9049-9a95b26ee2b5", "uuid": "a095f313-119b-45f0-9049-9a95b26ee2b5", "brand": "Nike", "colorway": "White/Sport Royal", "condition": "New", "description": "", "media": {"smallImageUrl": "https://images.stockx.com/images/Nike-SB-Dunk-High-Kentucky-2005.png?fit=fill&bg=FFFFFF&w=300&h=214&fm=webp&auto=compress&trim=color&q=90&dpr=2&updated_at=1608510933", "thumbUrl": "https://images.stockx.com/images/Nike-SB-Dunk-High-Kentucky-2005.png?fit=fill&bg=FFFFFF&w=140&h=100&fm=webp&auto=compress&trim=color&q=90&dpr=2&updated_at=1608510933"}, "productCategory": "sneakers", "releaseDate": "2005-11-01", "retailPrice": 65, "shoe": "Nike SB Dunk High", "title": "Nike SB Dunk High Kentucky (2005)", "urlKey": "nike-sb-dunk-high-kentucky-2005", "market": {"lowestAsk": 412, "salesThisPeriod": 0, "salesLastPeriod": 0, "highestBid": 444, "volatility": 0.272221, "deadstockSold": 3, "pricePremium": 14.415, "averageDeadstockPrice": 617, "lastSale": 1002, "changeValue": 602, "changePercentage": 1.505, "lastLowestAskTime": 1663697216, "lastHighestBidTime": 1660597948, "lastSaleDate": "2022-04-10T10:24:07+00:00"}, "objectID": "a095f313-119b-45f0-9049-9a95b26ee2b5"}, {"id": "3dadb723-d62b-428a-baf3-63c0a4a3af24", "uuid": "3dadb723-d62b-428a-baf3-63c0a4a3af24", "brand": "Nike", "colorway": "White/Cactus Flower-White", "condition": "New", "description": "", "media": {"smallImageUrl": "https://images.stockx.com/images/Nike-Dunk-Low-Disrupt-Cactus-Flower-W-Product.jpg?fit=fill&bg=FFFFFF&w=300&h=214&fm=webp&auto=compress&trim=color&q=90&dpr=2&updated_at=1629920263", "thumbUrl": "https://images.stockx.com/images/Nike-Dunk-Low-Disrupt-Cactus-Flower-W-Product.jpg?fit=fill&bg=FFFFFF&w=140&h=100&fm=webp&auto=compress&trim=color&q=90&dpr=2&updated_at=1629920263"}, "productCategory": "sneakers", "releaseDate": "", "retailPrice": 110, "shoe": "Nike Dunk Low Disrupt", "title": "Nike Dunk Low Disrupt Cactus Flower (W)", "urlKey": "nike-dunk-low-disrupt-cactus-flower-w", "market": {"lowestAsk": 150, "salesThisPeriod": 1, "salesLastPeriod": 0, "highestBid": 110, "volatility": 0.159638, "deadstockSold": 342, "pricePremium": 0.891, "averageDeadstockPrice": 157, "lastSale": 208, "changeValue": 69, "changePercentage": 0.496403, "lastLowestAskTime": 1663360407, "lastHighestBidTime": 1663099561, "lastSaleDate": "2022-09-19T12:55:16+00:00"}, "objectID": "3dadb723-d62b-428a-baf3-63c0a4a3af24"}, {"id": "ab42e4ca-8ba7-4f49-9c90-6a9dd90c598f", "uuid": "ab42e4ca-8ba7-4f49-9c90-6a9dd90c598f", "brand": "Nike", "childId": null, "colorway": "Black/Black-Black", "condition": "New", "description": "<b> PLEASE NOTE: Special Packaging comes with everything pictured in the photo plus a 4-pack of exclusive Nike SB stickers. <b>", "media": {"smallImageUrl": "https://images.stockx.com/images/Nike-SB-Dunk-High-Black-Sheep-Hornet-Special-Packaging-Product.jpg?fit=fill&bg=FFFFFF&w=300&h=214&fm=webp&auto=compress&trim=color&q=90&dpr=2&updated_at=1607057304", "thumbUrl": "https://images.stockx.com/images/Nike-SB-Dunk-High-Black-Sheep-Hornet-Special-Packaging-Product.jpg?fit=fill&bg=FFFFFF&w=140&h=100&fm=webp&auto=compress&trim=color&q=90&dpr=2&updated_at=1607057304"}, "productCategory": "sneakers", "releaseDate": "2019-02-15", "retailPrice": 120, "shoe": "Nike SB Dunk High", "title": "Nike SB Dunk High Black Sheep Hornet (Special Packaging)", "urlKey": "nike-sb-dunk-high-black-sheep-hornet-special-packaging", "market": {"lowestAsk": 266, "salesThisPeriod": 3, "salesLastPeriod": 0, "highestBid": 375, "volatility": 0.344602, "deadstockSold": 19, "pricePremium": 0, "averageDeadstockPrice": 423, "lastSale": 321, "changeValue": 39, "changePercentage": 0.138445, "lastLowestAskTime": 1663676689, "lastHighestBidTime": 1661687920, "lastSaleDate": "2022-09-20T11:15:10+00:00"}, "objectID": "ab42e4ca-8ba7-4f49-9c90-6a9dd90c598f"}, {"id": "2c418f78-6938-485f-b4a6-baf1860b1645", "uuid": "2c418f78-6938-485f-b4a6-baf1860b1645", "brand": "Nike", "colorway": "Baroque Brown/Mushroom/Tweed", "condition": "New", "description": "", "media": {"smallImageUrl": "https://images.stockx.com/images/Nike-Dunk-SB-Low-Tweed-Product.jpg?fit=fill&bg=FFFFFF&w=300&h=214&fm=webp&auto=compress&trim=color&q=90&dpr=2&updated_at=1607049246", "thumbUrl": "https://images.stockx.com/images/Nike-Dunk-SB-Low-Tweed-Product.jpg?fit=fill&bg=FFFFFF&w=140&h=100&fm=webp&auto=compress&trim=color&q=90&dpr=2&updated_at=1607049246"}, "productCategory": "sneakers", "releaseDate": "2004-09-01", "retailPrice": 65, "shoe": "Nike SB Dunk Low", "title": "Nike SB Dunk Low Tweed", "urlKey": "nike-dunk-sb-low-tweed", "market": {"lowestAsk": 1515, "salesThisPeriod": 0, "salesLastPeriod": 0, "highestBid": 1203, "volatility": 0.392924, "deadstockSold": 18, "pricePremium": 12.846, "averageDeadstockPrice": 911, "lastSale": 900, "changeValue": -893, "changePercentage": -0.498059, "lastLowestAskTime": 1659463272, "lastHighestBidTime": 1663705473, "lastSaleDate": "2022-08-27T00:11:47+00:00"}, "objectID": "2c418f78-6938-485f-b4a6-baf1860b1645"}, {"id": "2b35a602-7ddd-4ca9-bee9-54d8342f262d", "uuid": "2b35a602-7ddd-4ca9-bee9-54d8342f262d", "brand": "Nike", "childId": null, "colorway": "Multi-Color/Multi-Color", "condition": "New", "description": "", "media": {"smallImageUrl": "https://images.stockx.com/images/Nike-SB-Dunk-High-Dog-Walker-Special-Box.jpg?fit=fill&bg=FFFFFF&w=300&h=214&fm=webp&auto=compress&trim=color&q=90&dpr=2&updated_at=1607059326", "thumbUrl": "https://images.stockx.com/images/Nike-SB-Dunk-High-Dog-Walker-Special-Box.jpg?fit=fill&bg=FFFFFF&w=140&h=100&fm=webp&auto=compress&trim=color&q=90&dpr=2&updated_at=1607059326"}, "productCategory": "sneakers", "releaseDate": "2019-04-20", "retailPrice": 110, "shoe": "Nike SB Dunk High", "title": "Nike SB Dunk High Dog Walker (Special Box)", "urlKey": "nike-sb-dunk-high-dog-walker-special-box", "market": {"lowestAsk": 1350, "salesThisPeriod": 0, "salesLastPeriod": 0, "highestBid": 450, "volatility": 0.657152, "deadstockSold": 7, "pricePremium": 2.409, "averageDeadstockPrice": 728, "lastSale": 375, "changeValue": -25, "changePercentage": -0.0625, "lastLowestAskTime": 1662941802, "lastHighestBidTime": 1660330658, "lastSaleDate": "2022-09-08T16:55:45+00:00"}, "objectID": "2b35a602-7ddd-4ca9-bee9-54d8342f262d"}, {"id": "a5507528-5ffe-4da4-b059-7b770870e19a", "uuid": "a5507528-5ffe-4da4-b059-7b770870e19a", "brand": "Nike", "colorway": "Metallic Silver/Black-Volt", "condition": "New", "description": "", "media": {"smallImageUrl": "https://images.stockx.com/images/Nike-Dunk-SB-Low-DJ-Clark-Kent-X-Primitive-112-Product.jpg?fit=fill&bg=FFFFFF&w=300&h=214&fm=webp&auto=compress&trim=color&q=90&dpr=2&updated_at=1607060640", "thumbUrl": "https://images.stockx.com/images/Nike-Dunk-SB-Low-DJ-Clark-Kent-X-Primitive-112-Product.jpg?fit=fill&bg=FFFFFF&w=140&h=100&fm=webp&auto=compress&trim=color&q=90&dpr=2&updated_at=1607060640"}, "productCategory": "sneakers", "releaseDate": "2013-11-29", "retailPrice": 98, "shoe": "Nike SB Dunk Low", "title": "Nike SB Dunk Low DJ Clark Kent x Primitive 112", "urlKey": "nike-dunk-sb-low-dj-clark-kent-x-primitive-112", "market": {"lowestAsk": 300, "salesThisPeriod": 0, "salesLastPeriod": 0, "highestBid": 250, "volatility": 0.39589, "deadstockSold": 34, "pricePremium": 2.061, "averageDeadstockPrice": 360, "lastSale": 300, "changeValue": -36, "changePercentage": -0.107865, "lastLowestAskTime": 1663279251, "lastHighestBidTime": 1662514045, "lastSaleDate": "2022-09-05T12:39:58+00:00"}, "objectID": "a5507528-5ffe-4da4-b059-7b770870e19a"}, {"id": "816b090a-98ae-4334-8ceb-3f780f4271ad", "uuid": "816b090a-98ae-4334-8ceb-3f780f4271ad", "brand": "Nike", "colorway": "Varsity Maize/Midnight Navy", "condition": "New", "description": "", "media": {"smallImageUrl": "https://images.stockx.com/images/Nike-Dunk-High-Retro-Michigan-W.png?fit=fill&bg=FFFFFF&w=300&h=214&fm=webp&auto=compress&trim=color&q=90&dpr=2&updated_at=1617296383", "thumbUrl": "https://images.stockx.com/images/Nike-Dunk-High-Retro-Michigan-W.png?fit=fill&bg=FFFFFF&w=140&h=100&fm=webp&auto=compress&trim=color&q=90&dpr=2&updated_at=1617296383"}, "productCategory": "sneakers", "releaseDate": "2017-01-01", "retailPrice": 0, "shoe": "Nike Dunk High", "title": "Nike Dunk High Retro Michigan (W)", "urlKey": "nike-dunk-high-retro-michigan-w", "market": {"lowestAsk": 542, "salesThisPeriod": 0, "salesLastPeriod": 0, "highestBid": 100, "volatility": 0, "deadstockSold": 0, "pricePremium": 0, "averageDeadstockPrice": 0, "lastSale": 198, "changeValue": 48, "changePercentage": 0.32, "lastLowestAskTime": 1663512095, "lastHighestBidTime": 1661034594, "lastSaleDate": "2020-07-08T15:56:22+00:00"}, "objectID": "816b090a-98ae-4334-8ceb-3f780f4271ad"}, {"id": "83d67445-2bde-482f-a493-07a2a55f5934", "uuid": "83d67445-2bde-482f-a493-07a2a55f5934", "brand": "Nike", "colorway": "Dark Grey/University Red-White-Black", "condition": "New", "description": "", "media": {"smallImageUrl": "https://images.stockx.com/images/Nike-SB-Dunk-Low-Pro-Ishod-Wair-Dark-Grey.png?fit=fill&bg=FFFFFF&w=300&h=214&fm=webp&auto=compress&trim=color&q=90&dpr=2&updated_at=1607055160", "thumbUrl": "https://images.stockx.com/images/Nike-SB-Dunk-Low-Pro-Ishod-Wair-Dark-Grey.png?fit=fill&bg=FFFFFF&w=140&h=100&fm=webp&auto=compress&trim=color&q=90&dpr=2&updated_at=1607055160"}, "productCategory": "sneakers", "releaseDate": "2017-02-02", "retailPrice": 90, "shoe": "Nike SB Dunk Low", "title": "Nike SB Dunk Low Ishod Wair Dark Grey", "urlKey": "nike-sb-dunk-low-pro-ishod-wair-dark-grey", "market": {"lowestAsk": 699, "salesThisPeriod": 0, "salesLastPeriod": 0, "highestBid": 650, "volatility": 0.384981, "deadstockSold": 11, "pricePremium": 3.667, "averageDeadstockPrice": 476, "lastSale": 420, "changeValue": -130, "changePercentage": -0.236364, "lastLowestAskTime": 1659532524, "lastHighestBidTime": 1661321227, "lastSaleDate": "2022-07-05T20:31:38+00:00"}, "objectID": "83d67445-2bde-482f-a493-07a2a55f5934"}, {"id": "f7761a89-57ac-46bd-a056-8047ae40efec", "uuid": "f7761a89-57ac-46bd-a056-8047ae40efec", "brand": "Nike", "colorway": "Black/Varsity Maize", "condition": "New", "description": "", "media": {"smallImageUrl": "https://images.stockx.com/images/Nike-Dunk-High-Black-Varsity-Maize-PS.png?fit=fill&bg=FFFFFF&w=300&h=214&fm=webp&auto=compress&trim=color&q=90&dpr=2&updated_at=1607107255", "thumbUrl": "https://images.stockx.com/images/Nike-Dunk-High-Black-Varsity-Maize-PS.png?fit=fill&bg=FFFFFF&w=140&h=100&fm=webp&auto=compress&trim=color&q=90&dpr=2&updated_at=1607107255"}, "productCategory": "sneakers", "releaseDate": "2020-12-09", "retailPrice": 85, "shoe": "Nike Dunk High", "title": "Nike Dunk High Black Varsity Maize (PS)", "urlKey": "nike-dunk-high-black-varsity-maize-ps", "market": {"lowestAsk": 75, "salesThisPeriod": 0, "salesLastPeriod": 0, "highestBid": 60, "volatility": 0.135104, "deadstockSold": 217, "pricePremium": 0.235, "averageDeadstockPrice": 87, "lastSale": 105, "changeValue": 25, "changePercentage": 0.3125, "lastLowestAskTime": 1663626287, "lastHighestBidTime": 1661718234, "lastSaleDate": "2022-09-13T22:56:42+00:00"}, "objectID": "f7761a89-57ac-46bd-a056-8047ae40efec"}, {"id": "d1269a6d-60e1-4330-993c-13c8959dec9b", "uuid": "d1269a6d-60e1-4330-993c-13c8959dec9b", "brand": "Nike", "childId": null, "colorway": "Black Forest/Black-White-Varsity Red", "condition": "New", "description": "", "media": {"smallImageUrl": "https://images.stockx.com/images/Nike-SB-Dunk-High-Heineken.png?fit=fill&bg=FFFFFF&w=300&h=214&fm=webp&auto=compress&trim=color&q=90&dpr=2&updated_at=1611591175", "thumbUrl": "https://images.stockx.com/images/Nike-SB-Dunk-High-Heineken.png?fit=fill&bg=FFFFFF&w=140&h=100&fm=webp&auto=compress&trim=color&q=90&dpr=2&updated_at=1611591175"}, "productCategory": "sneakers", "releaseDate": "2012-05-01", "retailPrice": 120, "shoe": "Nike SB Dunk High", "title": "Nike SB Dunk High Heineken", "urlKey": "nike-sb-dunk-high-heineken", "market": {"lowestAsk": 1826, "salesThisPeriod": 0, "salesLastPeriod": 0, "highestBid": 400, "volatility": 0.132237, "deadstockSold": 4, "pricePremium": 4.217, "averageDeadstockPrice": 546, "lastSale": 626, "changeValue": 149, "changePercentage": 0.312369, "lastLowestAskTime": 1663792599, "lastHighestBidTime": 1662601828, "lastSaleDate": "2022-07-30T09:45:43+00:00"}, "objectID": "d1269a6d-60e1-4330-993c-13c8959dec9b"}, {"id": "0a2bae4d-b65e-4e57-b947-03d185985835", "uuid": "0a2bae4d-b65e-4e57-b947-03d185985835", "brand": "Nike", "colorway": "Medium Grey/ Smoke-Cool Grey", "condition": "New", "description": "", "media": {"smallImageUrl": "https://images.stockx.com/images/Nike-Dunk-SB-High-Tauntaun-Product.jpg?fit=fill&bg=FFFFFF&w=300&h=214&fm=webp&auto=compress&trim=color&q=90&dpr=2&updated_at=1607043199", "thumbUrl": "https://images.stockx.com/images/Nike-Dunk-SB-High-Tauntaun-Product.jpg?fit=fill&bg=FFFFFF&w=140&h=100&fm=webp&auto=compress&trim=color&q=90&dpr=2&updated_at=1607043199"}, "productCategory": "sneakers", "releaseDate": "", "retailPrice": 120, "shoe": "Nike SB Dunk High", "title": "Nike SB Dunk High Tauntaun", "urlKey": "nike-dunk-sb-high-tauntaun", "market": {"lowestAsk": 450, "salesThisPeriod": 0, "salesLastPeriod": 0, "highestBid": 460, "volatility": 0.182889, "deadstockSold": 13, "pricePremium": 0, "averageDeadstockPrice": 574, "lastSale": 699, "changeValue": 199, "changePercentage": 0.398, "lastLowestAskTime": 1661115133, "lastHighestBidTime": 1663452024, "lastSaleDate": "2022-06-21T20:13:34+00:00"}, "objectID": "0a2bae4d-b65e-4e57-b947-03d185985835"}, {"id": "c46ea01d-5592-4cd8-9fab-fc81c5e8206f", "uuid": "c46ea01d-5592-4cd8-9fab-fc81c5e8206f", "brand": "Nike", "colorway": "Boulder/Dark Cinder-White-Varsity Red", "condition": "New", "description": "", "media": {"smallImageUrl": "https://images.stockx.com/images/Nike-Dunk-SB-High-Budweiser.jpg?fit=fill&bg=FFFFFF&w=300&h=214&fm=webp&auto=compress&trim=color&q=90&dpr=2&updated_at=1607053307", "thumbUrl": "https://images.stockx.com/images/Nike-Dunk-SB-High-Budweiser.jpg?fit=fill&bg=FFFFFF&w=140&h=100&fm=webp&auto=compress&trim=color&q=90&dpr=2&updated_at=1607053307"}, "productCategory": "sneakers", "releaseDate": "", "retailPrice": 120, "shoe": "Nike SB Dunk High", "title": "Nike SB Dunk High Budweiser", "urlKey": "nike-dunk-sb-high-budweiser", "market": {"lowestAsk": 498, "salesThisPeriod": 0, "salesLastPeriod": 0, "highestBid": 226, "volatility": 0.201335, "deadstockSold": 8, "pricePremium": 0, "averageDeadstockPrice": 341, "lastSale": 500, "changeValue": 40, "changePercentage": 0.086957, "lastLowestAskTime": 1662838085, "lastHighestBidTime": 1661086842, "lastSaleDate": "2022-08-12T14:16:31+00:00"}, "objectID": "c46ea01d-5592-4cd8-9fab-fc81c5e8206f"}, {"id": "969fff70-678c-4ca1-b7dc-d8239e5dfbc3", "uuid": "969fff70-678c-4ca1-b7dc-d8239e5dfbc3", "brand": "Nike", "childId": null, "colorway": "Vegas Gold/Team Red/Team Green", "condition": "New", "description": "", "media": {"smallImageUrl": "https://images.stockx.com/images/Nike-Dunk-Low-SB-Vegas-Gold.jpg?fit=fill&bg=FFFFFF&w=300&h=214&fm=webp&auto=compress&trim=color&q=90&dpr=2&updated_at=1608510883", "thumbUrl": "https://images.stockx.com/images/Nike-Dunk-Low-SB-Vegas-Gold.jpg?fit=fill&bg=FFFFFF&w=140&h=100&fm=webp&auto=compress&trim=color&q=90&dpr=2&updated_at=1608510883"}, "productCategory": "sneakers", "releaseDate": "", "retailPrice": 90, "shoe": "Nike Dunk Low SB", "title": "Nike Dunk Low SB Vegas Gold", "urlKey": "nike-dunk-low-sb-vegas-gold", "market": {"lowestAsk": 879, "salesThisPeriod": 0, "salesLastPeriod": 0, "highestBid": 613, "volatility": 0.620878, "deadstockSold": 4, "pricePremium": 4, "averageDeadstockPrice": 708, "lastSale": 450, "changeValue": -151, "changePercentage": -0.251248, "lastLowestAskTime": 1663292227, "lastHighestBidTime": 1662305486, "lastSaleDate": "2022-07-22T01:00:05+00:00"}, "objectID": "969fff70-678c-4ca1-b7dc-d8239e5dfbc3"}, {"id": "a95f755c-bb41-483a-b578-b79cfaf5f9f8", "uuid": "a95f755c-bb41-483a-b578-b79cfaf5f9f8", "brand": "Nike", "colorway": "Beige/Ice Blue", "condition": "New", "description": "", "media": {"smallImageUrl": "https://images.stockx.com/images/Nike-Dunk-SB-High-Baohaus-Chairman-Bao-Product.jpg?fit=fill&bg=FFFFFF&w=300&h=214&fm=webp&auto=compress&trim=color&q=90&dpr=2&updated_at=1607047816", "thumbUrl": "https://images.stockx.com/images/Nike-Dunk-SB-High-Baohaus-Chairman-Bao-Product.jpg?fit=fill&bg=FFFFFF&w=140&h=100&fm=webp&auto=compress&trim=color&q=90&dpr=2&updated_at=1607047816"}, "productCategory": "sneakers", "releaseDate": "2014-04-01", "retailPrice": 108, "shoe": "Nike SB Dunk High", "title": "Nike SB Dunk High Baohaus Chairman Bao", "urlKey": "nike-dunk-sb-high-baohaus-chairman-bao", "market": {"lowestAsk": 350, "salesThisPeriod": 0, "salesLastPeriod": 0, "highestBid": 331, "volatility": 0.285607, "deadstockSold": 48, "pricePremium": 2.241, "averageDeadstockPrice": 369, "lastSale": 350, "changeValue": -85, "changePercentage": -0.195402, "lastLowestAskTime": 1661976032, "lastHighestBidTime": 1661261747, "lastSaleDate": "2022-07-29T00:57:21+00:00"}, "objectID": "a95f755c-bb41-483a-b578-b79cfaf5f9f8"}, {"id": "9603a0c0-ed69-4a4c-923c-d6bb0deb98ec", "uuid": "9603a0c0-ed69-4a4c-923c-d6bb0deb98ec", "brand": "Nike", "colorway": "Midnight Turquoise/Pink Rose", "condition": "New", "description": "", "media": {"smallImageUrl": "https://images.stockx.com/images/Nike-SB-Dunk-Low-Parra-F-F-2019-Product.jpg?fit=fill&bg=FFFFFF&w=300&h=214&fm=webp&auto=compress&trim=color&q=90&dpr=2&updated_at=1633027975", "thumbUrl": "https://images.stockx.com/images/Nike-SB-Dunk-Low-Parra-F-F-2019-Product.jpg?fit=fill&bg=FFFFFF&w=140&h=100&fm=webp&auto=compress&trim=color&q=90&dpr=2&updated_at=1633027975"}, "productCategory": "sneakers", "releaseDate": "2019-07-27", "retailPrice": 0, "shoe": "Nike SB Dunk Low", "title": "Nike SB Dunk Low Parra (Friends and Family) (2019)", "urlKey": "nike-sb-dunk-low-parra-f-f-2019", "market": {"lowestAsk": 4578, "salesThisPeriod": 0, "salesLastPeriod": 0, "highestBid": 3250, "volatility": 0, "deadstockSold": 1, "pricePremium": 0, "averageDeadstockPrice": 15390, "lastSale": 15390, "changeValue": 0, "changePercentage": 0, "lastLowestAskTime": 1662483755, "lastHighestBidTime": 1662111126, "lastSaleDate": "2022-01-23T18:15:06+00:00"}, "objectID": "9603a0c0-ed69-4a4c-923c-d6bb0deb98ec"}, {"id": "02bc5eaa-42c6-4305-9973-f59dd8533a0e", "uuid": "02bc5eaa-42c6-4305-9973-f59dd8533a0e", "brand": "Nike", "colorway": "University Red/Wolf Grey-White", "condition": "New", "description": "", "media": {"smallImageUrl": "https://images.stockx.com/images/Nike-Dunk-Low-Flyknit-University-Red-Wolf-Grey.png?fit=fill&bg=FFFFFF&w=300&h=214&fm=webp&auto=compress&trim=color&q=90&dpr=2&updated_at=1613581593", "thumbUrl": "https://images.stockx.com/images/Nike-Dunk-Low-Flyknit-University-Red-Wolf-Grey.png?fit=fill&bg=FFFFFF&w=140&h=100&fm=webp&auto=compress&trim=color&q=90&dpr=2&updated_at=1613581593"}, "productCategory": "sneakers", "releaseDate": "2017-01-01", "retailPrice": 120, "shoe": "Nike Dunk Low Flyknit", "title": "Nike Dunk Low Flyknit University Red Wolf Grey", "urlKey": "nike-dunk-low-flyknit-university-red-wolf-grey", "market": {"lowestAsk": 607, "salesThisPeriod": 0, "salesLastPeriod": 0, "highestBid": 110, "volatility": 0.412186, "deadstockSold": 13, "pricePremium": 0.958, "averageDeadstockPrice": 245, "lastSale": 235, "changeValue": -269, "changePercentage": -0.53373, "lastLowestAskTime": 1663581253, "lastHighestBidTime": 1660694456, "lastSaleDate": "2022-09-10T05:38:57+00:00"}, "objectID": "02bc5eaa-42c6-4305-9973-f59dd8533a0e"}, {"id": "e79c7eb7-d365-4cfb-98be-b5c287e9f5f9", "uuid": "e79c7eb7-d365-4cfb-98be-b5c287e9f5f9", "brand": "Nike", "colorway": "Gym Red / Sail-Gum Light Brown", "condition": "New", "description": "", "media": {"smallImageUrl": "https://images.stockx.com/images/Nike-Dunk-SB-Low-Valentines-Day-2015.jpg?fit=fill&bg=FFFFFF&w=300&h=214&fm=webp&auto=compress&trim=color&q=90&dpr=2&updated_at=1607050655", "thumbUrl": "https://images.stockx.com/images/Nike-Dunk-SB-Low-Valentines-Day-2015.jpg?fit=fill&bg=FFFFFF&w=140&h=100&fm=webp&auto=compress&trim=color&q=90&dpr=2&updated_at=1607050655"}, "productCategory": "sneakers", "releaseDate": "2012-02-13", "retailPrice": 0, "shoe": "Nike SB Dunk Low", "title": "Nike SB Dunk Low Valentine's Day (2015)", "urlKey": "nike-dunk-sb-low-valentines-day-2015", "market": {"lowestAsk": 671, "salesThisPeriod": 0, "salesLastPeriod": 0, "highestBid": 303, "volatility": 0.182893, "deadstockSold": 4, "pricePremium": 0, "averageDeadstockPrice": 376, "lastSale": 302, "changeValue": -48, "changePercentage": -0.137143, "lastLowestAskTime": 1663616520, "lastHighestBidTime": 1661875205, "lastSaleDate": "2022-02-22T22:13:09+00:00"}, "objectID": "e79c7eb7-d365-4cfb-98be-b5c287e9f5f9"}, {"id": "a8dd9854-c37c-4df2-9da7-e7237dd24c12", "uuid": "a8dd9854-c37c-4df2-9da7-e7237dd24c12", "brand": "Nike", "colorway": "White/Game Royal-Total Orange", "condition": "New", "description": "", "media": {"smallImageUrl": "https://images.stockx.com/images/Nike-Dunk-High-Game-Royal-PS-Product.jpg?fit=fill&bg=FFFFFF&w=300&h=214&fm=webp&auto=compress&trim=color&q=90&dpr=2&updated_at=1636482222", "thumbUrl": "https://images.stockx.com/images/Nike-Dunk-High-Game-Royal-PS-Product.jpg?fit=fill&bg=FFFFFF&w=140&h=100&fm=webp&auto=compress&trim=color&q=90&dpr=2&updated_at=1636482222"}, "productCategory": "sneakers", "releaseDate": "2021-06-11", "retailPrice": 75, "shoe": "Nike Dunk High", "title": "Nike Dunk High Game Royal (PS)", "urlKey": "nike-dunk-high-game-royal-ps", "market": {"lowestAsk": 100, "salesThisPeriod": 0, "salesLastPeriod": 0, "highestBid": 90, "volatility": 0.159406, "deadstockSold": 268, "pricePremium": 0.6, "averageDeadstockPrice": 100, "lastSale": 120, "changeValue": 35, "changePercentage": 0.411765, "lastLowestAskTime": 1663340723, "lastHighestBidTime": 1663554708, "lastSaleDate": "2022-09-15T16:24:24+00:00"}, "objectID": "a8dd9854-c37c-4df2-9da7-e7237dd24c12"}, {"id": "4751c964-8450-4bcc-8eed-6627daa9ad99", "uuid": "4751c964-8450-4bcc-8eed-6627daa9ad99", "brand": "Nike", "childId": null, "colorway": "Black/Black-Gum Light Brown", "condition": "New", "description": "", "media": {"smallImageUrl": "https://images.stockx.com/images/Nike-SB-Dunk-Low-IW-Black-Gum.png?fit=fill&bg=FFFFFF&w=300&h=214&fm=webp&auto=compress&trim=color&q=90&dpr=2&updated_at=1612209893", "thumbUrl": "https://images.stockx.com/images/Nike-SB-Dunk-Low-IW-Black-Gum.png?fit=fill&bg=FFFFFF&w=140&h=100&fm=webp&auto=compress&trim=color&q=90&dpr=2&updated_at=1612209893"}, "productCategory": "sneakers", "releaseDate": "2016-08-01", "retailPrice": 95, "shoe": "Nike SB Dunk Low", "title": "Nike SB Dunk Low IW Black Gum", "urlKey": "nike-sb-dunk-low-iw-black-gum", "market": {"lowestAsk": 1000, "salesThisPeriod": 0, "salesLastPeriod": 0, "highestBid": 264, "volatility": 0.028807, "deadstockSold": 2, "pricePremium": 4.116, "averageDeadstockPrice": 472, "lastSale": 486, "changeValue": 28, "changePercentage": 0.061135, "lastLowestAskTime": 0, "lastHighestBidTime": 1641193487, "lastSaleDate": "2021-11-01T04:48:53+00:00"}, "objectID": "4751c964-8450-4bcc-8eed-6627daa9ad99"}, {"id": "b537ec05-bc33-4606-bf09-a0f520eeb834", "uuid": "b537ec05-bc33-4606-bf09-a0f520eeb834", "brand": "Nike", "colorway": "Black/University Red-Black", "condition": "New", "description": "", "media": {"smallImageUrl": "https://images.stockx.com/images/Nike-Dunk-SB-Low-J-Pack-Bred-Product.jpg?fit=fill&bg=FFFFFF&w=300&h=214&fm=webp&auto=compress&trim=color&q=90&dpr=2&updated_at=1607051505", "thumbUrl": "https://images.stockx.com/images/Nike-Dunk-SB-Low-J-Pack-Bred-Product.jpg?fit=fill&bg=FFFFFF&w=140&h=100&fm=webp&auto=compress&trim=color&q=90&dpr=2&updated_at=1607051505"}, "productCategory": "sneakers", "releaseDate": "2014-05-01", "retailPrice": 85, "shoe": "Nike SB Dunk Low", "title": "Nike SB Dunk Low J Pack Bred", "urlKey": "nike-dunk-sb-low-j-pack-bred", "market": {"lowestAsk": 455, "salesThisPeriod": 0, "salesLastPeriod": 0, "highestBid": 328, "volatility": 0.202907, "deadstockSold": 14, "pricePremium": 5.165, "averageDeadstockPrice": 483, "lastSale": 524, "changeValue": 49, "changePercentage": 0.103158, "lastLowestAskTime": 1661171079, "lastHighestBidTime": 1663331563, "lastSaleDate": "2022-07-19T03:18:00+00:00"}, "objectID": "b537ec05-bc33-4606-bf09-a0f520eeb834"}, {"id": "f80ade56-3604-496e-a1e0-1b3104a0ae30", "uuid": "f80ade56-3604-496e-a1e0-1b3104a0ae30", "brand": "Nike", "colorway": "Grey Fog/White/Blue Void/Blue Void", "condition": "New", "description": "", "media": {"smallImageUrl": "https://images.stockx.com/images/Nike-Dunk-Low-EMB-NBA-75th-Anniversary-Brooklyn-Nets-TD.jpg?fit=fill&bg=FFFFFF&w=300&h=214&fm=webp&auto=compress&trim=color&q=90&dpr=2&updated_at=1636394312", "thumbUrl": "https://images.stockx.com/images/Nike-Dunk-Low-EMB-NBA-75th-Anniversary-Brooklyn-Nets-TD.jpg?fit=fill&bg=FFFFFF&w=140&h=100&fm=webp&auto=compress&trim=color&q=90&dpr=2&updated_at=1636394312"}, "productCategory": "sneakers", "releaseDate": "", "retailPrice": 50, "shoe": "Nike Dunk Low EMB", "title": "Nike Dunk Low EMB NBA 75th Anniversary Brooklyn Nets (TD)", "urlKey": "nike-dunk-low-emb-nba-75th-anniversary-brooklyn-nets-td", "market": {"lowestAsk": 84, "salesThisPeriod": 1, "salesLastPeriod": 0, "highestBid": 51, "volatility": 0.172834, "deadstockSold": 213, "pricePremium": 0.7, "averageDeadstockPrice": 83, "lastSale": 85, "changeValue": 10, "changePercentage": 0.133333, "lastLowestAskTime": 1662233085, "lastHighestBidTime": 1663176829, "lastSaleDate": "2022-09-18T15:44:17+00:00"}, "objectID": "f80ade56-3604-496e-a1e0-1b3104a0ae30"}, {"id": "35e08b4f-9413-4720-87ce-ae798df7b21a", "uuid": "35e08b4f-9413-4720-87ce-ae798df7b21a", "brand": "Nike", "childId": null, "colorway": "Dark Obsidian/Dark Obsidian-White", "condition": "New", "description": "", "media": {"smallImageUrl": "https://images.stockx.com/images/Nike-SB-Dunk-Low-Murasaki-Ride-Life.png?fit=fill&bg=FFFFFF&w=300&h=214&fm=webp&auto=compress&trim=color&q=90&dpr=2&updated_at=1607055473", "thumbUrl": "https://images.stockx.com/images/Nike-SB-Dunk-Low-Murasaki-Ride-Life.png?fit=fill&bg=FFFFFF&w=140&h=100&fm=webp&auto=compress&trim=color&q=90&dpr=2&updated_at=1607055473"}, "productCategory": "sneakers", "releaseDate": "2018-06-23", "retailPrice": 100, "shoe": "Nike SB Dunk Low", "title": "Nike SB Dunk Low Murasaki Ride Life", "urlKey": "nike-sb-dunk-low-murasaki-ride-life", "market": {"lowestAsk": 295, "salesThisPeriod": 0, "salesLastPeriod": 0, "highestBid": 250, "volatility": 0.475889, "deadstockSold": 29, "pricePremium": 0.6, "averageDeadstockPrice": 252, "lastSale": 160, "changeValue": -160, "changePercentage": -0.5, "lastLowestAskTime": 1663390061, "lastHighestBidTime": 1661774921, "lastSaleDate": "2022-09-08T20:59:08+00:00"}, "objectID": "35e08b4f-9413-4720-87ce-ae798df7b21a"}, {"id": "2dba9750-1068-4875-b3f1-c62809a6136b", "uuid": "2dba9750-1068-4875-b3f1-c62809a6136b", "brand": "Nike", "colorway": "Medium Grey/University Blue", "condition": "New", "description": "", "media": {"smallImageUrl": "https://images.stockx.com/images/Nike-Dunk-SB-Low-Iron-Low-Product.jpg?fit=fill&bg=FFFFFF&w=300&h=214&fm=webp&auto=compress&trim=color&q=90&dpr=2&updated_at=1607060922", "thumbUrl": "https://images.stockx.com/images/Nike-Dunk-SB-Low-Iron-Low-Product.jpg?fit=fill&bg=FFFFFF&w=140&h=100&fm=webp&auto=compress&trim=color&q=90&dpr=2&updated_at=1607060922"}, "productCategory": "sneakers", "releaseDate": "", "retailPrice": 100, "shoe": "Nike SB Dunk Low", "title": "Nike SB Dunk Low Iron Low", "urlKey": "nike-dunk-sb-low-iron-low", "market": {"lowestAsk": 800, "salesThisPeriod": 0, "salesLastPeriod": 0, "highestBid": 424, "volatility": 0.163088, "deadstockSold": 8, "pricePremium": 0, "averageDeadstockPrice": 625, "lastSale": 671, "changeValue": 220, "changePercentage": 0.487805, "lastLowestAskTime": 1658717292, "lastHighestBidTime": 1663453520, "lastSaleDate": "2022-09-15T02:00:43+00:00"}, "objectID": "2dba9750-1068-4875-b3f1-c62809a6136b"}, {"id": "de62a9f5-2ea5-42a4-a5c8-0f86df8acfa7", "uuid": "de62a9f5-2ea5-42a4-a5c8-0f86df8acfa7", "brand": "Nike", "colorway": "Pine Green/Black-Atom Red", "condition": "New", "description": "", "media": {"smallImageUrl": "https://images.stockx.com/images/Nike-Dunk-SB-Low-Pine-Green-Black-1.png?fit=fill&bg=FFFFFF&w=300&h=214&fm=webp&auto=compress&trim=color&q=90&dpr=2&updated_at=1617290956", "thumbUrl": "https://images.stockx.com/images/Nike-Dunk-SB-Low-Pine-Green-Black-1.png?fit=fill&bg=FFFFFF&w=140&h=100&fm=webp&auto=compress&trim=color&q=90&dpr=2&updated_at=1617290956"}, "productCategory": "sneakers", "releaseDate": "", "retailPrice": 100, "shoe": "Nike SB Dunk Low", "title": "Nike SB Dunk Low Pine Green Black", "urlKey": "nike-dunk-sb-low-pine-green-black", "market": {"lowestAsk": 1762, "salesThisPeriod": 0, "salesLastPeriod": 0, "highestBid": 255, "volatility": 0.750075, "deadstockSold": 4, "pricePremium": 0, "averageDeadstockPrice": 413, "lastSale": 200, "changeValue": -387, "changePercentage": -0.659284, "lastLowestAskTime": 1663687666, "lastHighestBidTime": 1652767972, "lastSaleDate": "2022-07-28T16:23:18+00:00"}, "objectID": "de62a9f5-2ea5-42a4-a5c8-0f86df8acfa7"}, {"id": "25c332a1-3e85-41a8-9fff-f41f869ae5f5", "uuid": "25c332a1-3e85-41a8-9fff-f41f869ae5f5", "brand": "Nike", "colorway": "Midnight Navy/Varsity Maize", "condition": "New", "description": "", "media": {"smallImageUrl": "https://images.stockx.com/images/Nike-Dunk-Low-COJP-What-The.png?fit=fill&bg=FFFFFF&w=300&h=214&fm=webp&auto=compress&trim=color&q=90&dpr=2&updated_at=1608512069", "thumbUrl": "https://images.stockx.com/images/Nike-Dunk-Low-COJP-What-The.png?fit=fill&bg=FFFFFF&w=140&h=100&fm=webp&auto=compress&trim=color&q=90&dpr=2&updated_at=1608512069"}, "productCategory": "sneakers", "releaseDate": "2017-07-22", "retailPrice": 120, "shoe": "Nike Dunk Low", "title": "Nike Dunk Low COJP What the", "urlKey": "nike-dunk-low-cojp-what-the", "market": {"lowestAsk": 480, "salesThisPeriod": 0, "salesLastPeriod": 0, "highestBid": 550, "volatility": 0.603144, "deadstockSold": 9, "pricePremium": 0, "averageDeadstockPrice": 852, "lastSale": 510, "changeValue": -181, "changePercentage": -0.261939, "lastLowestAskTime": 1663464713, "lastHighestBidTime": 1660515497, "lastSaleDate": "2022-05-23T14:15:41+00:00"}, "objectID": "25c332a1-3e85-41a8-9fff-f41f869ae5f5"}, {"id": "6c9529b1-ab01-4063-88ff-5ad5a65d05d9", "uuid": "6c9529b1-ab01-4063-88ff-5ad5a65d05d9", "brand": "Nike", "colorway": "Cool Grey / White-Wolf Grey-University Blue", "condition": "New", "description": "", "media": {"smallImageUrl": "https://images.stockx.com/images/Nike-Dunk-SB-Low-Petoskey-Premier.jpg?fit=fill&bg=FFFFFF&w=300&h=214&fm=webp&auto=compress&trim=color&q=90&dpr=2&updated_at=1607053874", "thumbUrl": "https://images.stockx.com/images/Nike-Dunk-SB-Low-Petoskey-Premier.jpg?fit=fill&bg=FFFFFF&w=140&h=100&fm=webp&auto=compress&trim=color&q=90&dpr=2&updated_at=1607053874"}, "productCategory": "sneakers", "releaseDate": "", "retailPrice": 100, "shoe": "Nike SB Dunk Low", "title": "Nike SB Dunk Low Petoskey Premier", "urlKey": "nike-dunk-sb-low-petoskey-premier", "market": {"lowestAsk": 680, "salesThisPeriod": 1, "salesLastPeriod": 0, "highestBid": 417, "volatility": 0.347896, "deadstockSold": 11, "pricePremium": 0, "averageDeadstockPrice": 662, "lastSale": 870, "changeValue": 515, "changePercentage": 1.44447, "lastLowestAskTime": 1663770214, "lastHighestBidTime": 1661622993, "lastSaleDate": "2022-09-19T19:06:10+00:00"}, "objectID": "6c9529b1-ab01-4063-88ff-5ad5a65d05d9"}, {"id": "52918abc-3e72-49d2-93ff-82f1fd561320", "uuid": "52918abc-3e72-49d2-93ff-82f1fd561320", "brand": "Nike", "colorway": "Paul Brown/Black", "condition": "New", "description": "", "media": {"smallImageUrl": "https://images.stockx.com/images/Nike-Dunk-SB-Low-Zoo-York-Product.jpg?fit=fill&bg=FFFFFF&w=300&h=214&fm=webp&auto=compress&trim=color&q=90&dpr=2&updated_at=1608510602", "thumbUrl": "https://images.stockx.com/images/Nike-Dunk-SB-Low-Zoo-York-Product.jpg?fit=fill&bg=FFFFFF&w=140&h=100&fm=webp&auto=compress&trim=color&q=90&dpr=2&updated_at=1608510602"}, "productCategory": "sneakers", "releaseDate": "2002-06-01", "retailPrice": 130, "shoe": "Nike SB Dunk Low", "title": "Nike SB Dunk Low Zoo York", "urlKey": "nike-dunk-sb-low-zoo-york", "market": {"lowestAsk": 15000, "salesThisPeriod": 0, "salesLastPeriod": 0, "highestBid": 1569, "volatility": 0, "deadstockSold": 0, "pricePremium": 0, "averageDeadstockPrice": 0, "lastSale": 7550, "changeValue": 2412, "changePercentage": 0.469404, "lastLowestAskTime": 1659748915, "lastHighestBidTime": 1661711801, "lastSaleDate": "2021-08-21T22:01:18+00:00"}, "objectID": "52918abc-3e72-49d2-93ff-82f1fd561320"}, {"id": "8103d37b-e28c-4516-93e5-cb77a30a569d", "uuid": "8103d37b-e28c-4516-93e5-cb77a30a569d", "brand": "Nike", "colorway": "Metallic Silver/Metallic Silver", "condition": "New", "description": "", "media": {"smallImageUrl": "https://images.stockx.com/images/Nike-Dunk-SB-High-Dinosaur-Jr-Product.jpg?fit=fill&bg=FFFFFF&w=300&h=214&fm=webp&auto=compress&trim=color&q=90&dpr=2&updated_at=1607050202", "thumbUrl": "https://images.stockx.com/images/Nike-Dunk-SB-High-Dinosaur-Jr-Product.jpg?fit=fill&bg=FFFFFF&w=140&h=100&fm=webp&auto=compress&trim=color&q=90&dpr=2&updated_at=1607050202"}, "productCategory": "sneakers", "releaseDate": "2007-02-01", "retailPrice": 75, "shoe": "Nike SB Dunk High", "title": "Nike SB Dunk High Dinosaur Jr.", "urlKey": "nike-dunk-sb-high-dinosaur-jr", "market": {"lowestAsk": 724, "salesThisPeriod": 0, "salesLastPeriod": 0, "highestBid": 575, "volatility": 0.2666, "deadstockSold": 15, "pricePremium": 6.667, "averageDeadstockPrice": 631, "lastSale": 575, "changeValue": 25, "changePercentage": 0.045455, "lastLowestAskTime": 1661372420, "lastHighestBidTime": 1663727623, "lastSaleDate": "2022-09-16T22:42:24+00:00"}, "objectID": "8103d37b-e28c-4516-93e5-cb77a30a569d"}, {"id": "5679e37e-98b1-45e5-be63-9db8058d933e", "uuid": "5679e37e-98b1-45e5-be63-9db8058d933e", "brand": "Nike", "colorway": "Baroque Brown/Hay/Maple", "condition": "New", "description": "", "media": {"smallImageUrl": "https://images.stockx.com/images/Nike-Dunk-SB-Low-Brown-Pack.jpg?fit=fill&bg=FFFFFF&w=300&h=214&fm=webp&auto=compress&trim=color&q=90&dpr=2&updated_at=1607061026", "thumbUrl": "https://images.stockx.com/images/Nike-Dunk-SB-Low-Brown-Pack.jpg?fit=fill&bg=FFFFFF&w=140&h=100&fm=webp&auto=compress&trim=color&q=90&dpr=2&updated_at=1607061026"}, "productCategory": "sneakers", "releaseDate": "2002-03-01", "retailPrice": 70, "shoe": "Nike SB Dunk Low", "title": "Nike SB Dunk Low Brown Pack", "urlKey": "nike-dunk-sb-low-brown-pack", "market": {"lowestAsk": 444, "salesThisPeriod": 0, "salesLastPeriod": 0, "highestBid": 500, "volatility": 0, "deadstockSold": 1, "pricePremium": 4.971, "averageDeadstockPrice": 418, "lastSale": 418, "changeValue": 0, "changePercentage": 0, "lastLowestAskTime": 1663592679, "lastHighestBidTime": 1661627094, "lastSaleDate": "2022-03-25T03:30:29+00:00"}, "objectID": "5679e37e-98b1-45e5-be63-9db8058d933e"}, {"id": "1bca27cd-9f4a-4478-a1ea-4b9123b1cc96", "uuid": "1bca27cd-9f4a-4478-a1ea-4b9123b1cc96", "brand": "Nike", "colorway": "Black/Pine Green-University Red", "condition": "New", "description": "", "media": {"smallImageUrl": "https://images.stockx.com/images/Nike-Dunk-SB-High-Concepts-Ugly-Sweater-Black-Special-Box.png?fit=fill&bg=FFFFFF&w=300&h=214&fm=webp&auto=compress&trim=color&q=90&dpr=2&updated_at=1608513263", "thumbUrl": "https://images.stockx.com/images/Nike-Dunk-SB-High-Concepts-Ugly-Sweater-Black-Special-Box.png?fit=fill&bg=FFFFFF&w=140&h=100&fm=webp&auto=compress&trim=color&q=90&dpr=2&updated_at=1608513263"}, "productCategory": "sneakers", "releaseDate": "2013-12-07", "retailPrice": 130, "shoe": "Nike SB Dunk High", "title": "Nike SB Dunk High Concepts Ugly Christmas Sweater Black (Special Box)", "urlKey": "nike-dunk-sb-high-concepts-ugly-sweater-black-special-box", "market": {"lowestAsk": 945, "salesThisPeriod": 0, "salesLastPeriod": 0, "highestBid": 950, "volatility": 0.439504, "deadstockSold": 13, "pricePremium": 5.062, "averageDeadstockPrice": 930, "lastSale": 788, "changeValue": -212, "changePercentage": -0.212, "lastLowestAskTime": 1662227326, "lastHighestBidTime": 1660560461, "lastSaleDate": "2022-07-25T11:20:56+00:00"}, "objectID": "1bca27cd-9f4a-4478-a1ea-4b9123b1cc96"}, {"id": "19f28b17-6837-44dc-9f46-2774f8af6765", "uuid": "19f28b17-6837-44dc-9f46-2774f8af6765", "brand": "Nike", "colorway": "Atomic Pink/Black-White", "condition": "New", "description": "", "media": {"smallImageUrl": "https://images.stockx.com/images/Nike-Dunk-SB-Low-Premier-Fish-Ladder-Product.jpg?fit=fill&bg=FFFFFF&w=300&h=214&fm=webp&auto=compress&trim=color&q=90&dpr=2&updated_at=1608513830", "thumbUrl": "https://images.stockx.com/images/Nike-Dunk-SB-Low-Premier-Fish-Ladder-Product.jpg?fit=fill&bg=FFFFFF&w=140&h=100&fm=webp&auto=compress&trim=color&q=90&dpr=2&updated_at=1608513830"}, "productCategory": "sneakers", "releaseDate": "2015-11-14", "retailPrice": 100, "shoe": "Nike SB Dunk Low", "title": "Nike SB Dunk Low Premier Fish Ladder", "urlKey": "nike-dunk-sb-low-premier-fish-ladder", "market": {"lowestAsk": 344, "salesThisPeriod": 0, "salesLastPeriod": 0, "highestBid": 360, "volatility": 0.184878, "deadstockSold": 24, "pricePremium": 1.9, "averageDeadstockPrice": 294, "lastSale": 290, "changeValue": 45, "changePercentage": 0.183673, "lastLowestAskTime": 1663741280, "lastHighestBidTime": 1663587783, "lastSaleDate": "2022-09-17T01:59:34+00:00"}, "objectID": "19f28b17-6837-44dc-9f46-2774f8af6765"}, {"id": "f17b354c-50b0-42d2-925b-9bb13182d933", "uuid": "f17b354c-50b0-42d2-925b-9bb13182d933", "brand": "Nike", "colorway": "Wheat/Twig-Dune", "condition": "New", "description": "", "media": {"smallImageUrl": "https://images.stockx.com/images/Nike-SB-Dunk-Low-Reese-Forbes-Wheat-Product.jpg?fit=fill&bg=FFFFFF&w=300&h=214&fm=webp&auto=compress&trim=color&q=90&dpr=2&updated_at=1616765783", "thumbUrl": "https://images.stockx.com/images/Nike-SB-Dunk-Low-Reese-Forbes-Wheat-Product.jpg?fit=fill&bg=FFFFFF&w=140&h=100&fm=webp&auto=compress&trim=color&q=90&dpr=2&updated_at=1616765783"}, "productCategory": "sneakers", "releaseDate": "2002-05-01", "retailPrice": 60, "shoe": "Nike SB Dunk Low", "title": "Nike SB Dunk Low Reese Forbes Wheat", "urlKey": "nike-sb-dunk-low-reese-forbes-wheat", "market": {"lowestAsk": 1500, "salesThisPeriod": 0, "salesLastPeriod": 0, "highestBid": 825, "volatility": 0.410134, "deadstockSold": 3, "pricePremium": 9, "averageDeadstockPrice": 883, "lastSale": 600, "changeValue": -250, "changePercentage": -0.294118, "lastLowestAskTime": 1663391717, "lastHighestBidTime": 1655519173, "lastSaleDate": "2022-09-13T10:25:20+00:00"}, "objectID": "f17b354c-50b0-42d2-925b-9bb13182d933"}]}