{"Pagination": {"query": "nike dunk", "queryID": "05192a4ee8f0cecfa25a114429a5683a", "index": "PRODUCTION_PG_FEATURED_DESC", "limit": 40, "page": 4, "total": 2772, "lastPage": "/api/v3/browse?_search=nike%20dunk&dataType=product&facetsToRetrieve=%7B%7D&filterVersion=4&page=25&propsToRetrieve=brand%2CchildId%2Ccolorway%2Ccondition%2Cdescription%2Cid%2Cmarket.averageDeadstockPrice%2Cmarket.bidAskData%2Cmarket.changePercentage%2Cmarket.changeValue%2Cmarket.deadstockSold%2Cmarket.highestBid%2Cmarket.lastHighestBidTime%2Cmarket.lastLowestAskTime%2Cmarket.lastSale%2Cmarket.lastSaleDate%2Cmarket.lastSaleValue%2Cmarket.lowestAsk%2Cmarket.pricePremium%2Cmarket.salesInformation%2Cmarket.salesLastPeriod%2Cmarket.salesThisPeriod%2Cmarket.volatility%2Cmedia.smallImageUrl%2Cmedia.thumbUrl%2CproductCategory%2CreleaseDate%2CretailPrice%2Cshoe%2Ctitle%2CurlKey%2Cuuid", "sort": ["featured"], "order": ["DESC"], "currentPage": "/api/v3/browse?_search=nike%20dunk&dataType=product&facetsToRetrieve=%7B%7D&filterVersion=4&page=4&propsToRetrieve=brand%2CchildId%2Ccolorway%2Ccondition%2Cdescription%2Cid%2Cmarket.averageDeadstockPrice%2Cmarket.bidAskData%2Cmarket.changePercentage%2Cmarket.changeValue%2Cmarket.deadstockSold%2Cmarket.highestBid%2Cmarket.lastHighestBidTime%2Cmarket.lastLowestAskTime%2Cmarket.lastSale%2Cmarket.lastSaleDate%2Cmarket.lastSaleValue%2Cmarket.lowestAsk%2Cmarket.pricePremium%2Cmarket.salesInformation%2Cmarket.salesLastPeriod%2Cmarket.salesThisPeriod%2Cmarket.volatility%2Cmedia.smallImageUrl%2Cmedia.thumbUrl%2CproductCategory%2CreleaseDate%2CretailPrice%2Cshoe%2Ctitle%2CurlKey%2Cuuid", "nextPage": "/api/v3/browse?_search=nike%20dunk&dataType=product&facetsToRetrieve=%7B%7D&filterVersion=4&page=5&propsToRetrieve=brand%2CchildId%2Ccolorway%2Ccondition%2Cdescription%2Cid%2Cmarket.averageDeadstockPrice%2Cmarket.bidAskData%2Cmarket.changePercentage%2Cmarket.changeValue%2Cmarket.deadstockSold%2Cmarket.highestBid%2Cmarket.lastHighestBidTime%2Cmarket.lastLowestAskTime%2Cmarket.lastSale%2Cmarket.lastSaleDate%2Cmarket.lastSaleValue%2Cmarket.lowestAsk%2Cmarket.pricePremium%2Cmarket.salesInformation%2Cmarket.salesLastPeriod%2Cmarket.salesThisPeriod%2Cmarket.volatility%2Cmedia.smallImageUrl%2Cmedia.thumbUrl%2CproductCategory%2CreleaseDate%2CretailPrice%2Cshoe%2Ctitle%2CurlKey%2Cuuid", "previousPage": "/api/v3/browse?_search=nike%20dunk&dataType=product&facetsToRetrieve=%7B%7D&filterVersion=4&page=3&propsToRetrieve=brand%2CchildId%2Ccolorway%2Ccondition%2Cdescription%2Cid%2Cmarket.averageDeadstockPrice%2Cmarket.bidAskData%2Cmarket.changePercentage%2Cmarket.changeValue%2Cmarket.deadstockSold%2Cmarket.highestBid%2Cmarket.lastHighestBidTime%2Cmarket.lastLowestAskTime%2Cmarket.lastSale%2Cmarket.lastSaleDate%2Cmarket.lastSaleValue%2Cmarket.lowestAsk%2Cmarket.pricePremium%2Cmarket.salesInformation%2Cmarket.salesLastPeriod%2Cmarket.salesThisPeriod%2Cmarket.volatility%2Cmedia.smallImageUrl%2Cmedia.thumbUrl%2CproductCategory%2CreleaseDate%2CretailPrice%2Cshoe%2Ctitle%2CurlKey%2Cuuid"}, "Facets": {}, "Products": [{"id": "47e119c7-e539-44af-95f4-d768bdb49fd2", "uuid": "47e119c7-e539-44af-95f4-d768bdb49fd2", "brand": "Nike", "colorway": "White/Black-University Red", "condition": "New", "description": "The Nike Dunk High Panda brings a neutral color tone to the popular Dunk High silhouette.\n<br>\n<br>\nSmooth black and white full-grain leather make up the entire upper of the Nike Dunk High Panda (2021). A black outsole and white midsole continue the Panda motif while a University Red Nike Air Swoosh logo is embroidered on the tongue tag to add a pop of color. \n<br>\n<br>\nThe Nike Dunk High Panda (2021) released in July of 2021 for $110.", "media": {"smallImageUrl": "https://images.stockx.com/images/Nike-Dunk-High-Panda-2021-Product.jpg?fit=fill&bg=FFFFFF&w=300&h=214&fm=webp&auto=compress&trim=color&q=90&dpr=2&updated_at=1627326500", "thumbUrl": "https://images.stockx.com/images/Nike-Dunk-High-Panda-2021-Product.jpg?fit=fill&bg=FFFFFF&w=140&h=100&fm=webp&auto=compress&trim=color&q=90&dpr=2&updated_at=1627326500"}, "productCategory": "sneakers", "releaseDate": "2021-05-28", "retailPrice": 110, "shoe": "Nike Dunk High", "title": "Nike Dunk High Panda (2021)", "urlKey": "nike-dunk-high-black-white-2021", "market": {"lowestAsk": 160, "salesThisPeriod": 23, "salesLastPeriod": 0, "highestBid": 185, "volatility": 0.176146, "deadstockSold": 2195, "pricePremium": 0.727, "averageDeadstockPrice": 273, "lastSale": 190, "changeValue": -27, "changePercentage": -0.127414, "lastLowestAskTime": 1663797978, "lastHighestBidTime": 1663701166, "lastSaleDate": "2022-09-21T18:16:06+00:00"}, "objectID": "47e119c7-e539-44af-95f4-d768bdb49fd2"}, {"id": "0a15374e-968f-46f5-b69a-099df78ce9a7", "uuid": "0a15374e-968f-46f5-b69a-099df78ce9a7", "brand": "Nike", "colorway": "White/Washed Denim-Red", "condition": "New", "description": "The Nike Dunk High Denim (Women's) arrives with a tumbled white leather upper with bleached denim overlays and smooth red leather Swooshes. To coincide with the design's throwback aesthetic, a slightly yellowed sole provides an aged look.\n<br>\n<br>\nThe Nike Dunk High Denim (Women's) released in June of 2022 and retailed for $125.\n", "media": {"smallImageUrl": "https://images.stockx.com/images/Nike-Dunk-High-Washed-Denim-Pack-W.jpg?fit=fill&bg=FFFFFF&w=300&h=214&fm=webp&auto=compress&trim=color&q=90&dpr=2&updated_at=1650914344", "thumbUrl": "https://images.stockx.com/images/Nike-Dunk-High-Washed-Denim-Pack-W.jpg?fit=fill&bg=FFFFFF&w=140&h=100&fm=webp&auto=compress&trim=color&q=90&dpr=2&updated_at=1650914344"}, "productCategory": "sneakers", "releaseDate": "2022-05-01", "retailPrice": 110, "shoe": "Nike Dunk High", "title": "Nike Dunk High Washed Denim Pack (W)", "urlKey": "nike-dunk-high-washed-denim-pack-w", "market": {"lowestAsk": 112, "salesThisPeriod": 23, "salesLastPeriod": 0, "highestBid": 130, "volatility": 0.104799, "deadstockSold": 1431, "pricePremium": 0.49, "averageDeadstockPrice": 132, "lastSale": 164, "changeValue": 24, "changePercentage": 0.170553, "lastLowestAskTime": 1663654970, "lastHighestBidTime": 1663352560, "lastSaleDate": "2022-09-21T14:51:52+00:00"}, "objectID": "0a15374e-968f-46f5-b69a-099df78ce9a7"}, {"id": "0cab40b6-66c3-468e-bd99-bc03d6ccdd61", "uuid": "0cab40b6-66c3-468e-bd99-bc03d6ccdd61", "brand": "Nike", "colorway": "Cacao Wow/Off Noir-Gorge Green", "condition": "New", "description": "", "media": {"smallImageUrl": "https://images.stockx.com/images/Nike-Dunk-Low-Safari-Cacao-Wow-Product.jpg?fit=fill&bg=FFFFFF&w=300&h=214&fm=webp&auto=compress&trim=color&q=90&dpr=2&updated_at=1658500625", "thumbUrl": "https://images.stockx.com/images/Nike-Dunk-Low-Safari-Cacao-Wow-Product.jpg?fit=fill&bg=FFFFFF&w=140&h=100&fm=webp&auto=compress&trim=color&q=90&dpr=2&updated_at=1658500625"}, "productCategory": "sneakers", "releaseDate": "", "retailPrice": 120, "shoe": "Nike Dunk Low", "title": "Nike Dunk Low Safari Golden Moss", "urlKey": "nike-dunk-low-safari-cacao-wow", "market": {"lowestAsk": 101, "salesThisPeriod": 23, "salesLastPeriod": 0, "highestBid": 128, "volatility": 0.107414, "deadstockSold": 639, "pricePremium": -0.1, "averageDeadstockPrice": 130, "lastSale": 108, "changeValue": -31, "changePercentage": -0.223022, "lastLowestAskTime": 1663514762, "lastHighestBidTime": 1663805121, "lastSaleDate": "2022-09-21T23:08:46+00:00"}, "objectID": "0cab40b6-66c3-468e-bd99-bc03d6ccdd61"}, {"id": "9765f5a7-657c-4c4f-a20d-69a5cfb3c4c6", "uuid": "9765f5a7-657c-4c4f-a20d-69a5cfb3c4c6", "brand": "Nike", "colorway": "Dark Beetroot/Dark Beetroot/Wolf Grey", "condition": "New", "description": "", "media": {"smallImageUrl": "https://images.stockx.com/images/Nike-Dunk-High-Dark-Beetroot.jpg?fit=fill&bg=FFFFFF&w=300&h=214&fm=webp&auto=compress&trim=color&q=90&dpr=2&updated_at=1660656243", "thumbUrl": "https://images.stockx.com/images/Nike-Dunk-High-Dark-Beetroot.jpg?fit=fill&bg=FFFFFF&w=140&h=100&fm=webp&auto=compress&trim=color&q=90&dpr=2&updated_at=1660656243"}, "productCategory": "sneakers", "releaseDate": "2022-06-01", "retailPrice": 125, "shoe": "Nike Dunk High", "title": "Nike Dunk High Dark Beetroot", "urlKey": "nike-dunk-high-dark-beetroot", "market": {"lowestAsk": 110, "salesThisPeriod": 23, "salesLastPeriod": 0, "highestBid": 145, "volatility": 0.110194, "deadstockSold": 289, "pricePremium": -0.04, "averageDeadstockPrice": 127, "lastSale": 120, "changeValue": -6, "changePercentage": -0.047619, "lastLowestAskTime": 1663801903, "lastHighestBidTime": 1663540421, "lastSaleDate": "2022-09-21T20:03:30+00:00"}, "objectID": "9765f5a7-657c-4c4f-a20d-69a5cfb3c4c6"}, {"id": "8a2e005e-87b1-461a-8c21-01dc1eb77fde", "uuid": "8a2e005e-87b1-461a-8c21-01dc1eb77fde", "brand": "Nike", "colorway": "Magma Orange/Magma Orange-Pearl White", "condition": "New", "description": "", "media": {"smallImageUrl": "https://images.stockx.com/images/Nike-Dunk-Low-Magma-Orange-W.jpg?fit=fill&bg=FFFFFF&w=300&h=214&fm=webp&auto=compress&trim=color&q=90&dpr=2&updated_at=1661934227", "thumbUrl": "https://images.stockx.com/images/Nike-Dunk-Low-Magma-Orange-W.jpg?fit=fill&bg=FFFFFF&w=140&h=100&fm=webp&auto=compress&trim=color&q=90&dpr=2&updated_at=1661934227"}, "productCategory": "sneakers", "releaseDate": "", "retailPrice": 120, "shoe": "Nike Dunk Low", "title": "Nike Dunk Low Magma Orange (W)", "urlKey": "nike-dunk-low-magma-orange-w", "market": {"lowestAsk": 130, "salesThisPeriod": 23, "salesLastPeriod": 0, "highestBid": 201, "volatility": 0.167543, "deadstockSold": 108, "pricePremium": 0.25, "averageDeadstockPrice": 155, "lastSale": 150, "changeValue": -10, "changePercentage": -0.0625, "lastLowestAskTime": 1663735284, "lastHighestBidTime": 1663803860, "lastSaleDate": "2022-09-21T23:42:14+00:00"}, "objectID": "8a2e005e-87b1-461a-8c21-01dc1eb77fde"}, {"id": "bdc35251-e23c-491f-a1a7-d94f46e326c0", "uuid": "bdc35251-e23c-491f-a1a7-d94f46e326c0", "brand": "Nike", "colorway": "Coastal Blue/Coastal Blue-Light Current Blue", "condition": "New", "description": "", "media": {"smallImageUrl": "https://images.stockx.com/images/Nike-SB-Dunk-Low-Pro-Why-So-Sad.jpg?fit=fill&bg=FFFFFF&w=300&h=214&fm=webp&auto=compress&trim=color&q=90&dpr=2&updated_at=1656705077", "thumbUrl": "https://images.stockx.com/images/Nike-SB-Dunk-Low-Pro-Why-So-Sad.jpg?fit=fill&bg=FFFFFF&w=140&h=100&fm=webp&auto=compress&trim=color&q=90&dpr=2&updated_at=1656705077"}, "productCategory": "sneakers", "releaseDate": "", "retailPrice": 120, "shoe": "Nike SB Dunk Low Pro", "title": "Nike SB Dunk Low Pro Why So Sad?", "urlKey": "nike-sb-dunk-low-pro-why-so-sad", "market": {"lowestAsk": 450, "salesThisPeriod": 23, "salesLastPeriod": 0, "highestBid": 420, "volatility": 0.180209, "deadstockSold": 29, "pricePremium": 5.49, "averageDeadstockPrice": 416, "lastSale": 779, "changeValue": 408, "changePercentage": 1.09915, "lastLowestAskTime": 1663738230, "lastHighestBidTime": 1663687993, "lastSaleDate": "2022-09-21T08:22:49+00:00"}, "objectID": "bdc35251-e23c-491f-a1a7-d94f46e326c0"}, {"id": "e429f7ee-82bc-43f0-a6fa-088643b8a8fa", "uuid": "e429f7ee-82bc-43f0-a6fa-088643b8a8fa", "brand": "Nike", "colorway": "Chlorophyll/White/Vivid Green", "condition": "New", "description": "The Nike Dunk Low Chlorophyll (GS) for grade schoolers for grade schoolers arrives in an all-over vivid green make-up and in grade school sizing. \n<br>\n<br>\nThe Nike Dunk Low Chlorophyll (GS) for grade schoolers features a light green leather base complemented by chlorophyll green leather overlays. White provides contrast on the sneaker, and the laces and side Swoosh are done in white to soften the look. A perforated toe box offers breathability, while Nike branding appears embroidered in chlorophyll green on the heel tab and tongue tag. Underfoot a white midsole sits atop a green outsole to round off the design.\n<br>\n<br>\nThe Nike Dunk Low Chlorophyll (GS) for grade schoolers was released in January 2022 and retailed for $85.", "media": {"smallImageUrl": "https://images.stockx.com/images/Nike-Dunk-Low-Chlorophyll-GS-Product.jpg?fit=fill&bg=FFFFFF&w=300&h=214&fm=webp&auto=compress&trim=color&q=90&dpr=2&updated_at=1652712336", "thumbUrl": "https://images.stockx.com/images/Nike-Dunk-Low-Chlorophyll-GS-Product.jpg?fit=fill&bg=FFFFFF&w=140&h=100&fm=webp&auto=compress&trim=color&q=90&dpr=2&updated_at=1652712336"}, "productCategory": "sneakers", "releaseDate": "2022-01-15", "retailPrice": 85, "shoe": "Nike Dunk Low", "title": "Nike Dunk Low Chlorophyll (GS)", "urlKey": "nike-dunk-low-chlorophyll-gs", "market": {"lowestAsk": 137, "salesThisPeriod": 22, "salesLastPeriod": 0, "highestBid": 197, "volatility": 0.108791, "deadstockSold": 5594, "pricePremium": 1.565, "averageDeadstockPrice": 142, "lastSale": 218, "changeValue": 43, "changePercentage": 0.245714, "lastLowestAskTime": 1663794332, "lastHighestBidTime": 1663767253, "lastSaleDate": "2022-09-21T17:55:10+00:00"}, "objectID": "e429f7ee-82bc-43f0-a6fa-088643b8a8fa"}, {"id": "31e78d4d-cb96-4535-8b01-2f294836e7d6", "uuid": "31e78d4d-cb96-4535-8b01-2f294836e7d6", "brand": "Nike", "colorway": "Racer Blue/Laser Blue-University Blue-White", "condition": "New", "description": "As part of the 2022 Nike SB Fruit Pack, the Nike SB Dunk Low Blue Raspberry features a Laser Blue tumbled leather upper with Racer Blue suede overlays and University Blue Swooshes. On the inside face of the tongue, a woven label depicting a cartoon-style raspberry character adds a playful look to the silhouette. From there, a cushioned Zoom Air sole completes the design.\n<br>\n<br>\nThe Nike SB Dunk Low Blue Raspberry released in June of 2022 and retailed for $110.", "media": {"smallImageUrl": "https://images.stockx.com/images/Nike-SB-Dunk-Low-Blue-Raspberry-Product.jpg?fit=fill&bg=FFFFFF&w=300&h=214&fm=webp&auto=compress&trim=color&q=90&dpr=2&updated_at=1654265793", "thumbUrl": "https://images.stockx.com/images/Nike-SB-Dunk-Low-Blue-Raspberry-Product.jpg?fit=fill&bg=FFFFFF&w=140&h=100&fm=webp&auto=compress&trim=color&q=90&dpr=2&updated_at=1654265793"}, "productCategory": "sneakers", "releaseDate": "2022-06-01", "retailPrice": 110, "shoe": "Nike SB Dunk Low", "title": "Nike SB Dunk Low Blue Raspberry", "urlKey": "nike-sb-dunk-low-blue-raspberry", "market": {"lowestAsk": 208, "salesThisPeriod": 22, "salesLastPeriod": 0, "highestBid": 355, "volatility": 0.170981, "deadstockSold": 3385, "pricePremium": 1.086, "averageDeadstockPrice": 242, "lastSale": 229, "changeValue": -46, "changePercentage": -0.168654, "lastLowestAskTime": 1663637358, "lastHighestBidTime": 1663746483, "lastSaleDate": "2022-09-21T07:59:05+00:00"}, "objectID": "31e78d4d-cb96-4535-8b01-2f294836e7d6"}, {"id": "8bc01ab2-1fba-466f-94bc-81293887e5a6", "uuid": "8bc01ab2-1fba-466f-94bc-81293887e5a6", "brand": "Nike", "colorway": "White/Rose Pink", "condition": "New", "description": "This Nike Dunk Low White Pink (GS) for grade-schoolers arrives in a smaller size in an almost all-colorless upper.\n<br>\n<br>\nThe Nike Dunk Low White Pink (GS) is dressed in smooth perforated white leather from heel to toe. Baby pink leather Swooshes appear on the medial and lateral sides, providing some color to the mostly white silhouette. Nike branding appears in white on the tongue tag, embroidered text on the heel tab, and insoles. An all-white sole unit (midsole and rubber outsole) completes the clean, monochromatic design.\n<br>\n<br>\nNike Dunk Low White Pink (GS) debuted in January 2022 and was available for $85.", "media": {"smallImageUrl": "https://images.stockx.com/images/Nike-Dunk-Low-White-Pink-GS-Product.jpg?fit=fill&bg=FFFFFF&w=300&h=214&fm=webp&auto=compress&trim=color&q=90&dpr=2&updated_at=1644224575", "thumbUrl": "https://images.stockx.com/images/Nike-Dunk-Low-White-Pink-GS-Product.jpg?fit=fill&bg=FFFFFF&w=140&h=100&fm=webp&auto=compress&trim=color&q=90&dpr=2&updated_at=1644224575"}, "productCategory": "sneakers", "releaseDate": "2022-01-15", "retailPrice": 85, "shoe": "Nike Dunk Low", "title": "Nike Dunk Low White Pink (GS)", "urlKey": "nike-dunk-low-white-pink-gs", "market": {"lowestAsk": 77, "salesThisPeriod": 22, "salesLastPeriod": 0, "highestBid": 80, "volatility": 0.150568, "deadstockSold": 2310, "pricePremium": -0.047, "averageDeadstockPrice": 100, "lastSale": 81, "changeValue": 2, "changePercentage": 0.025316, "lastLowestAskTime": 1663758792, "lastHighestBidTime": 1663767009, "lastSaleDate": "2022-09-21T20:37:30+00:00"}, "objectID": "8bc01ab2-1fba-466f-94bc-81293887e5a6"}, {"id": "9602bea6-c9a0-411d-8216-af11fb25806f", "uuid": "9602bea6-c9a0-411d-8216-af11fb25806f", "brand": "Nike", "colorway": "Court Purple/Clear Emerald", "condition": "New", "description": "Nike celebrated the 20th Anniversary of the moment WNBA legend Lisa Leslie became the first woman to dunk in a pro game with the women's exclusive Nike Dunk Low Lisa Leslie.\n<br>\n<br>\nNodding to Lisa Leslie's time playing for the Los Angeles Sparks, the Nike Dunk Low Lisa Leslie (Women's) boasts the signature Sparks team colors. It features a gold leather upper with deep purple overlays and vibrant turquoise Swooshes. At the heel, Leslie's number 9 is embroidered in a font style similar to the Sparks logo, adding a feeling of customization.\n<br>\n<br>\nThe Nike Dunk Low Lisa Leslie (Women's) released in July of 2022 and retailed for $130.", "media": {"smallImageUrl": "https://images.stockx.com/images/Nike-Dunk-Low-LX-Lisa-Leslie-W-Product.jpg?fit=fill&bg=FFFFFF&w=300&h=214&fm=webp&auto=compress&trim=color&q=90&dpr=2&updated_at=1659621622", "thumbUrl": "https://images.stockx.com/images/Nike-Dunk-Low-LX-Lisa-Leslie-W-Product.jpg?fit=fill&bg=FFFFFF&w=140&h=100&fm=webp&auto=compress&trim=color&q=90&dpr=2&updated_at=1659621622"}, "productCategory": "sneakers", "releaseDate": "2022-07-09", "retailPrice": 130, "shoe": "Nike Dunk Low LX", "title": "Nike Dunk Low LX Lisa Leslie (W)", "urlKey": "nike-dunk-low-lx-lisa-leslie-w", "market": {"lowestAsk": 104, "salesThisPeriod": 22, "salesLastPeriod": 0, "highestBid": 250, "volatility": 0.114864, "deadstockSold": 1336, "pricePremium": 0.246, "averageDeadstockPrice": 141, "lastSale": 162, "changeValue": 27, "changePercentage": 0.19376, "lastLowestAskTime": 1663709776, "lastHighestBidTime": 1662253130, "lastSaleDate": "2022-09-20T18:48:38+00:00"}, "objectID": "9602bea6-c9a0-411d-8216-af11fb25806f"}, {"id": "58f200fd-75ba-4e44-9b2f-be401681e93c", "uuid": "58f200fd-75ba-4e44-9b2f-be401681e93c", "brand": "Nike", "colorway": "Velvet Brown/Black", "condition": "New", "description": "The Nike Dunk Low Velvet Brown Black has an upper half repleted in a minor tone. Solid black covers the leather toe boxes, collars, quarters, and shoelaces as a dominant tone.\n<br>\n<br>\nThe Nike Dunk Low Velvet Brown Black has Swooshes and overlays across your forefoot, and its heels are raised, having a croc-like texture and colored in a brown velvet tone. To complete the shoe\u2019s design, it has a dusted gum bottom.\u00a0\u00a0\n<br> \u00a0\u00a0\u00a0\n<br>\u00a0\u00a0\nSince its debut in April 2022, Nike Dunk Low Velvet Brown Black has been among the celebrated colorways in the Dunk Low catalog. The Nike Dunk Low Velvet Brown Black retailed at $100.", "media": {"smallImageUrl": "https://images.stockx.com/images/Nike-Dunk-Low-Velvet-Brown-Black.jpg?fit=fill&bg=FFFFFF&w=300&h=214&fm=webp&auto=compress&trim=color&q=90&dpr=2&updated_at=1650150584", "thumbUrl": "https://images.stockx.com/images/Nike-Dunk-Low-Velvet-Brown-Black.jpg?fit=fill&bg=FFFFFF&w=140&h=100&fm=webp&auto=compress&trim=color&q=90&dpr=2&updated_at=1650150584"}, "productCategory": "sneakers", "releaseDate": "", "retailPrice": 100, "shoe": "Nike Dunk Low", "title": "Nike Dunk Low Velvet Brown Black", "urlKey": "nike-dunk-low-velvet-brown-black", "market": {"lowestAsk": 108, "salesThisPeriod": 22, "salesLastPeriod": 0, "highestBid": 150, "volatility": 0.175202, "deadstockSold": 1296, "pricePremium": 0.2, "averageDeadstockPrice": 119, "lastSale": 120, "changeValue": 23, "changePercentage": 0.237113, "lastLowestAskTime": 1663774899, "lastHighestBidTime": 1661219461, "lastSaleDate": "2022-09-21T15:40:29+00:00"}, "objectID": "58f200fd-75ba-4e44-9b2f-be401681e93c"}, {"id": "0b598b77-4ae2-414b-9e10-580e6b8f6bce", "uuid": "0b598b77-4ae2-414b-9e10-580e6b8f6bce", "brand": "Nike", "colorway": "Light Bone/Tumbled Grey-Coconut Milk-Alpha Orange", "condition": "New", "description": "Nike Dunk High Vintage Light Bone is a retro-release by Nike as it approaches its 40th anniversary. The high top shoe has dark grey/light grey/orange colorway.\n<br>\n<br>\nThe Nike Dunk High has an upper constructed in full light grey leather. The shoe also features a perforated toe box and padded collar made of synthetic fabric. It has dark grey overlays, side Swooshes, laces, and treaded outsole. The rubber midsole is slightly-yellowed. There is also some orange flair branding on the light grey tongue and insole.\n<br>\n<br>\nNike Dunk High Vintage Light Bone was released on 7th July 2022. At this time, it retailed at $110.", "media": {"smallImageUrl": "https://images.stockx.com/images/Nike-Dunk-High-Vintage-Light-Bone.jpg?fit=fill&bg=FFFFFF&w=300&h=214&fm=webp&auto=compress&trim=color&q=90&dpr=2&updated_at=1652351734", "thumbUrl": "https://images.stockx.com/images/Nike-Dunk-High-Vintage-Light-Bone.jpg?fit=fill&bg=FFFFFF&w=140&h=100&fm=webp&auto=compress&trim=color&q=90&dpr=2&updated_at=1652351734"}, "productCategory": "sneakers", "releaseDate": "", "retailPrice": 110, "shoe": "Nike Dunk High", "title": "Nike Dunk High Vintage Light Bone Grey", "urlKey": "nike-dunk-high-vintage-light-bone", "market": {"lowestAsk": 129, "salesThisPeriod": 22, "salesLastPeriod": 0, "highestBid": 160, "volatility": 0.260493, "deadstockSold": 875, "pricePremium": -0.091, "averageDeadstockPrice": 146, "lastSale": 100, "changeValue": -37, "changePercentage": -0.270073, "lastLowestAskTime": 1663698353, "lastHighestBidTime": 1663680664, "lastSaleDate": "2022-09-20T18:26:43+00:00"}, "objectID": "0b598b77-4ae2-414b-9e10-580e6b8f6bce"}, {"id": "b1b9a283-2db3-4fa6-b069-366796ab41d1", "uuid": "b1b9a283-2db3-4fa6-b069-366796ab41d1", "brand": "Nike", "colorway": "White/Light Orewood Brown", "condition": "New", "description": "Constructed of FlyLeather, a leather-like material made up of at least 50% recycled materials, the women's Nike Dunk Low Next Nature White Light Orewood Brown (W) features simple color blocking similar to the original 1985 Nike Dunk. It features a white base with Orewood Brown overlays and Swooshes. From there, a white and grey Air sole completes the design.\n<br>\n<br>\nThe women's Nike Dunk Low Next Nature White Light Orewood Brown (W) released in March of 2022 and retailed for $105.", "media": {"smallImageUrl": "https://images.stockx.com/images/Nike-Dunk-Low-Next-Nature-White-Light-Orewood-Brown-W-Product.jpg?fit=fill&bg=FFFFFF&w=300&h=214&fm=webp&auto=compress&trim=color&q=90&dpr=2&updated_at=1652120974", "thumbUrl": "https://images.stockx.com/images/Nike-Dunk-Low-Next-Nature-White-Light-Orewood-Brown-W-Product.jpg?fit=fill&bg=FFFFFF&w=140&h=100&fm=webp&auto=compress&trim=color&q=90&dpr=2&updated_at=1652120974"}, "productCategory": "sneakers", "releaseDate": "2022-01-22", "retailPrice": 105, "shoe": "Nike Dunk Low", "title": "Nike Dunk Low Next Nature White Light Orewood Brown (W)", "urlKey": "nike-dunk-low-next-nature-white-light-orewood-brown-w", "market": {"lowestAsk": 236, "salesThisPeriod": 21, "salesLastPeriod": 0, "highestBid": 285, "volatility": 0.079143, "deadstockSold": 7842, "pricePremium": 2.263, "averageDeadstockPrice": 207, "lastSale": 343, "changeValue": 49, "changePercentage": 0.165424, "lastLowestAskTime": 1663762574, "lastHighestBidTime": 1663692271, "lastSaleDate": "2022-09-21T15:15:07+00:00"}, "objectID": "b1b9a283-2db3-4fa6-b069-366796ab41d1"}, {"id": "5c3ebb72-583c-40da-85c2-52a5a5676847", "uuid": "5c3ebb72-583c-40da-85c2-52a5a5676847", "brand": "Nike", "colorway": "White/Green Glow-White", "condition": "New", "description": "After releasing the Nike Dunk Low Orange Pearl (W) and Nike Dunk Low College Navy (W) in the spring of 2021, Nike delivered yet another women\u2019s exclusive Dunk Low this season with the Nike Dunk Low Green Glow (W). While the Green Glow is the first of its kind, its usage of traditional Dunk color blocking adds a familiarity to the design.\n\nThe upper of the Nike Dunk Low Green Glow (W) is composed of white leather with Green Glow leather overlays and Swoosh logos. From there, a woven Nike label is sewn to the tongue and a white \"NIKE\" is embroidered on the heel. A white midsole and Green Glow outsole completes the design.\n\nThe women's Nike Dunk Low Green Glow (W) released in April of 2021 and retailed for $100.", "media": {"smallImageUrl": "https://images.stockx.com/images/Nike-Dunk-Low-Green-Glow-W-Product.jpg?fit=fill&bg=FFFFFF&w=300&h=214&fm=webp&auto=compress&trim=color&q=90&dpr=2&updated_at=1619204705", "thumbUrl": "https://images.stockx.com/images/Nike-Dunk-Low-Green-Glow-W-Product.jpg?fit=fill&bg=FFFFFF&w=140&h=100&fm=webp&auto=compress&trim=color&q=90&dpr=2&updated_at=1619204705"}, "productCategory": "sneakers", "releaseDate": "2021-04-16", "retailPrice": 100, "shoe": "Nike Dunk Low", "title": "Nike Dunk Low Green Glow (W)", "urlKey": "nike-dunk-low-green-glow-w", "market": {"lowestAsk": 175, "salesThisPeriod": 21, "salesLastPeriod": 0, "highestBid": 272, "volatility": 0.192922, "deadstockSold": 7298, "pricePremium": 1.2, "averageDeadstockPrice": 238, "lastSale": 220, "changeValue": 2, "changePercentage": 0.00685, "lastLowestAskTime": 1663804767, "lastHighestBidTime": 1663414519, "lastSaleDate": "2022-09-21T21:13:05+00:00"}, "objectID": "5c3ebb72-583c-40da-85c2-52a5a5676847"}, {"id": "58a4ce6b-d601-45a1-bff1-59ee0657a2ac", "uuid": "58a4ce6b-d601-45a1-bff1-59ee0657a2ac", "brand": "Nike", "colorway": "University Red/Spinach Green-Magic Ember", "condition": "New", "description": "Designed by Nike SB legend Todd Bratrud, the Nike SB Dunk High Strawberry Cough is composed of red ostrich-textual leather with shaggy green suede overlays and a green velour collar. From there, a graphic of a strawberry coughing embroidered on the heel and a semi-translucent sole add a custom feel.\n<br>\n<br>\nThe Nike SB Dunk High Strawberry Cough released in October of 2021 and retailed for $110.", "media": {"smallImageUrl": "https://images.stockx.com/images/Nike-SB-Dunk-High-Strawberry-Cough-Product.jpg?fit=fill&bg=FFFFFF&w=300&h=214&fm=webp&auto=compress&trim=color&q=90&dpr=2&updated_at=1635280495", "thumbUrl": "https://images.stockx.com/images/Nike-SB-Dunk-High-Strawberry-Cough-Product.jpg?fit=fill&bg=FFFFFF&w=140&h=100&fm=webp&auto=compress&trim=color&q=90&dpr=2&updated_at=1635280495"}, "productCategory": "sneakers", "releaseDate": "2021-10-22", "retailPrice": 110, "shoe": "Nike SB Dunk High", "title": "Nike SB Dunk High Strawberry Cough (Regular Box)", "urlKey": "nike-sb-dunk-high-strawberry-cough", "market": {"lowestAsk": 189, "salesThisPeriod": 21, "salesLastPeriod": 0, "highestBid": 555, "volatility": 0.157157, "deadstockSold": 5122, "pricePremium": 1.474, "averageDeadstockPrice": 430, "lastSale": 272, "changeValue": -117, "changePercentage": -0.302144, "lastLowestAskTime": 1663589394, "lastHighestBidTime": 1663716781, "lastSaleDate": "2022-09-21T08:50:15+00:00"}, "objectID": "58a4ce6b-d601-45a1-bff1-59ee0657a2ac"}, {"id": "116bab58-9dce-455e-9d7c-18980425d516", "uuid": "116bab58-9dce-455e-9d7c-18980425d516", "brand": "Nike", "colorway": "White/Multi", "condition": "New", "description": "In honor of Pride Month 2022, Nike SB celebrated the LGBTQIA+ community with the Nike SB Dunk Low Be True.\n<br>\n<br>\nBecause everyone is unique in their own way, each pair of the Nike SB Dunk Low Be True will have a one-of-a-kind look over time. Wear and tear on the painted white leather upper will reveal multicolor panels beneath the surface, similar to the Air Jordan 1 High SB Lance Mountain. From there, mismatched gradient blue and pink heel tabs and laces offer a spontaneous look, while gradient rainbow stitching throughout the design nods to the Pride flag.\n<br>\n<br>\nThe Nike SB Dunk Low Be True released in June of 2022 and retailed for $115.", "media": {"smallImageUrl": "https://images.stockx.com/images/Nike-SB-Dunk-Low-Pro-Be-True-Product-1.jpg?fit=fill&bg=FFFFFF&w=300&h=214&fm=webp&auto=compress&trim=color&q=90&dpr=2&updated_at=1658152883", "thumbUrl": "https://images.stockx.com/images/Nike-SB-Dunk-Low-Pro-Be-True-Product-1.jpg?fit=fill&bg=FFFFFF&w=140&h=100&fm=webp&auto=compress&trim=color&q=90&dpr=2&updated_at=1658152883"}, "productCategory": "sneakers", "releaseDate": "2022-06-22", "retailPrice": 115, "shoe": "Nike SB Dunk Low Pro", "title": "Nike SB Dunk Low Pro Be True", "urlKey": "nike-sb-dunk-low-pro-be-true", "market": {"lowestAsk": 125, "salesThisPeriod": 21, "salesLastPeriod": 0, "highestBid": 151, "volatility": 0.129651, "deadstockSold": 2339, "pricePremium": 0.217, "averageDeadstockPrice": 162, "lastSale": 140, "changeValue": 2, "changePercentage": 0.014493, "lastLowestAskTime": 1663769195, "lastHighestBidTime": 1663777321, "lastSaleDate": "2022-09-21T19:50:21+00:00"}, "objectID": "116bab58-9dce-455e-9d7c-18980425d516"}, {"id": "4ecc19a6-b06f-4d98-9c42-d6057d7250cf", "uuid": "4ecc19a6-b06f-4d98-9c42-d6057d7250cf", "brand": "Nike", "colorway": "Coconut Milk/Bio Beige-Sail", "condition": "New", "description": "Boasting a muted yellow colorway with hits of grays, pastel shades, and dangling threads hanging off an ornate upper heel embroidery is the Nike AF1 Nike Dunk Low Bright Side sneaker for women.\n<br>\n<br>\nUnlike the previously revealed, plainer-looking Jordan 1 Centre Court, the Nike Dunk Low Bright Side (W) pair has a more visually appealing silhouette featuring decorative patterns with a ribbed, corduroy-like material on the Swoosh logo, lace collars, and heel. \"On the Bright Side\" labeling is printed atop a single insole, including soft suede overlays and the signature Nike Grind rubber outsole.\n<br>\n<br>\nNike Dunk Low Bright Side (Women) was released in March 2022, retailing at $100.", "media": {"smallImageUrl": "https://images.stockx.com/images/Nike-Dunk-Low-Bright-Side-W-Product.jpg?fit=fill&bg=FFFFFF&w=300&h=214&fm=webp&auto=compress&trim=color&q=90&dpr=2&updated_at=1654800013", "thumbUrl": "https://images.stockx.com/images/Nike-Dunk-Low-Bright-Side-W-Product.jpg?fit=fill&bg=FFFFFF&w=140&h=100&fm=webp&auto=compress&trim=color&q=90&dpr=2&updated_at=1654800013"}, "productCategory": "sneakers", "releaseDate": "2022-02-03", "retailPrice": 100, "shoe": "Nike Dunk Low", "title": "Nike Dunk Low On the Bright Side (W)", "urlKey": "nike-dunk-low-bright-side-w", "market": {"lowestAsk": 151, "salesThisPeriod": 21, "salesLastPeriod": 0, "highestBid": 200, "volatility": 0.207907, "deadstockSold": 844, "pricePremium": 0.51, "averageDeadstockPrice": 172, "lastSale": 151, "changeValue": 1, "changePercentage": 0.006667, "lastLowestAskTime": 1663268135, "lastHighestBidTime": 1663720484, "lastSaleDate": "2022-09-21T05:14:22+00:00"}, "objectID": "4ecc19a6-b06f-4d98-9c42-d6057d7250cf"}, {"id": "7d2497e9-7416-4f4f-a9f4-2a947613518e", "uuid": "7d2497e9-7416-4f4f-a9f4-2a947613518e", "brand": "Nike", "colorway": "White/Gym Red/White", "condition": "New", "description": "The women's Nike Dunk Low Next Nature White Gym Red (W) features a white Flyleather upper with Gym Red overlays and Swooshes. From there, matching soles and woven tongue labels add the finishing touch.\n<br>\n<br>\nThe women's Nike Dunk Low Next Nature White Gym Red (W) released in May of 2022 and retailed for $105.", "media": {"smallImageUrl": "https://images.stockx.com/images/Nike-Dunk-Low-Next-Nature-White-Gym-Red-W-Product.jpg?fit=fill&bg=FFFFFF&w=300&h=214&fm=webp&auto=compress&trim=color&q=90&dpr=2&updated_at=1644492744", "thumbUrl": "https://images.stockx.com/images/Nike-Dunk-Low-Next-Nature-White-Gym-Red-W-Product.jpg?fit=fill&bg=FFFFFF&w=140&h=100&fm=webp&auto=compress&trim=color&q=90&dpr=2&updated_at=1644492744"}, "productCategory": "sneakers", "releaseDate": "2022-05-12", "retailPrice": 105, "shoe": "Nike Dunk Low", "title": "Nike Dunk Low Next Nature White Gym Red (W)", "urlKey": "nike-dunk-low-next-nature-white-gym-red-w", "market": {"lowestAsk": 227, "salesThisPeriod": 20, "salesLastPeriod": 0, "highestBid": 300, "volatility": 0.170946, "deadstockSold": 5110, "pricePremium": 1.221, "averageDeadstockPrice": 211, "lastSale": 233, "changeValue": -108, "changePercentage": -0.318173, "lastLowestAskTime": 1663621276, "lastHighestBidTime": 1663729406, "lastSaleDate": "2022-09-21T03:41:58+00:00"}, "objectID": "7d2497e9-7416-4f4f-a9f4-2a947613518e"}, {"id": "2685c395-e58d-450b-9956-dd8ed7b79446", "uuid": "2685c395-e58d-450b-9956-dd8ed7b79446", "brand": "Nike", "colorway": "White/Worn Blue-White", "condition": "New", "description": "As part of the 2022 Nike Dunk Paisley Pack, the women's exclusive Nike Dunk Low Blue Paisley (W) features a smooth white leather construction with light blue leather overlays, canvas Paisley Swooshes, and matching heel tabs. At the base, a white and light blue sole completes the design.\n<br>\n<br>\nThe Nike Dunk Low Blue Paisley (W) released in March of 2022 and retailed for $120.\n<br>\n<br>\nTo shop all Nike Dunks, <a href=\"https://stockx.com/nike/dunk\">click here.</a> ", "media": {"smallImageUrl": "https://images.stockx.com/images/Nike-Dunk-Low-Blue-Paisley-W-Product.jpg?fit=fill&bg=FFFFFF&w=300&h=214&fm=webp&auto=compress&trim=color&q=90&dpr=2&updated_at=1650981858", "thumbUrl": "https://images.stockx.com/images/Nike-Dunk-Low-Blue-Paisley-W-Product.jpg?fit=fill&bg=FFFFFF&w=140&h=100&fm=webp&auto=compress&trim=color&q=90&dpr=2&updated_at=1650981858"}, "productCategory": "sneakers", "releaseDate": "2022-01-01", "retailPrice": 120, "shoe": "Nike Dunk Low Essential", "title": "Nike Dunk Low Essential Paisley Pack Worn Blue (W)", "urlKey": "nike-dunk-low-blue-paisley-w", "market": {"lowestAsk": 186, "salesThisPeriod": 20, "salesLastPeriod": 0, "highestBid": 260, "volatility": 0.229586, "deadstockSold": 4798, "pricePremium": 0.417, "averageDeadstockPrice": 235, "lastSale": 170, "changeValue": -116, "changePercentage": -0.406898, "lastLowestAskTime": 1663711125, "lastHighestBidTime": 1663781486, "lastSaleDate": "2022-09-21T21:06:26+00:00"}, "objectID": "2685c395-e58d-450b-9956-dd8ed7b79446"}, {"id": "ecafb5fe-389c-4575-9ec1-80a015757043", "uuid": "ecafb5fe-389c-4575-9ec1-80a015757043", "brand": "Nike", "colorway": "Obsidian/Obsidian-Summit White-Sport Grey-Red Orbit", "condition": "New", "description": "Created by Peter Moore, the Nike Dunk Low Graffiti Navy sneaker model is another rendition of the Barbershop, Sun Club, Valerian Blue, and Teal Zeal graffiti colorways.\n<br>\n<br>\nThe Nike Dunk\u00a0Low Graffiti Navy low-cut style sneakers embrace classic detailing that gives them an artistic appearance, such as canvas underlays decorated with '90s multicolor spray paint graffiti effect. Like the other design versions, the silhouette features the usual midfoot Swooshes, graffiti-themed printed insoles, and white midsoles, including branded tongue tags and \"NIKE\" embroidered on the heels in gray and light-gray rubber outsoles.\n<br>\n<br>\nThe Nike Dunk Low Graffiti Navy model was released in April 2020, retailing at $110.", "media": {"smallImageUrl": "https://images.stockx.com/images/Nike-Dunk-Low-Graffiti-Navy.jpg?fit=fill&bg=FFFFFF&w=300&h=214&fm=webp&auto=compress&trim=color&q=90&dpr=2&updated_at=1649445192", "thumbUrl": "https://images.stockx.com/images/Nike-Dunk-Low-Graffiti-Navy.jpg?fit=fill&bg=FFFFFF&w=140&h=100&fm=webp&auto=compress&trim=color&q=90&dpr=2&updated_at=1649445192"}, "productCategory": "sneakers", "releaseDate": "", "retailPrice": 110, "shoe": "Nike Dunk Low", "title": "Nike Dunk Low Graffiti Navy", "urlKey": "nike-dunk-low-graffiti-navy", "market": {"lowestAsk": 96, "salesThisPeriod": 20, "salesLastPeriod": 0, "highestBid": 134, "volatility": 0.116624, "deadstockSold": 913, "pricePremium": -0.018, "averageDeadstockPrice": 114, "lastSale": 108, "changeValue": -11, "changePercentage": -0.093835, "lastLowestAskTime": 1663764189, "lastHighestBidTime": 1662392164, "lastSaleDate": "2022-09-21T15:33:31+00:00"}, "objectID": "ecafb5fe-389c-4575-9ec1-80a015757043"}, {"id": "c877b990-c317-4d56-9db3-8a00f404659c", "uuid": "c877b990-c317-4d56-9db3-8a00f404659c", "brand": "Nike", "colorway": "Sail/University Red/Hot Curry/Game Royal", "condition": "New", "description": "", "media": {"smallImageUrl": "https://images.stockx.com/images/Nike-Dunk-Low-Hot-Curry-Game-Royal-GS-Product.jpg?fit=fill&bg=FFFFFF&w=300&h=214&fm=webp&auto=compress&trim=color&q=90&dpr=2&updated_at=1662128968", "thumbUrl": "https://images.stockx.com/images/Nike-Dunk-Low-Hot-Curry-Game-Royal-GS-Product.jpg?fit=fill&bg=FFFFFF&w=140&h=100&fm=webp&auto=compress&trim=color&q=90&dpr=2&updated_at=1662128968"}, "productCategory": "sneakers", "releaseDate": "", "retailPrice": 85, "shoe": "Nike Dunk Low", "title": "Nike Dunk Low Hot Curry Game Royal (GS)", "urlKey": "nike-dunk-low-hot-curry-game-royal-gs", "market": {"lowestAsk": 91, "salesThisPeriod": 20, "salesLastPeriod": 0, "highestBid": 110, "volatility": 0.08568, "deadstockSold": 465, "pricePremium": 0.176, "averageDeadstockPrice": 116, "lastSale": 100, "changeValue": -2, "changePercentage": -0.019608, "lastLowestAskTime": 1663764462, "lastHighestBidTime": 1663759645, "lastSaleDate": "2022-09-21T10:23:30+00:00"}, "objectID": "c877b990-c317-4d56-9db3-8a00f404659c"}, {"id": "397887ea-3977-4cd9-ab40-224604b1b662", "uuid": "397887ea-3977-4cd9-ab40-224604b1b662", "brand": "Nike", "colorway": "Yellow/Tan-Blue", "condition": "New", "description": "", "media": {"smallImageUrl": "https://images.stockx.com/images/Nike-Dunk-Low-Cartoon.jpg?fit=fill&bg=FFFFFF&w=300&h=214&fm=webp&auto=compress&trim=color&q=90&dpr=2&updated_at=1660799214", "thumbUrl": "https://images.stockx.com/images/Nike-Dunk-Low-Cartoon.jpg?fit=fill&bg=FFFFFF&w=140&h=100&fm=webp&auto=compress&trim=color&q=90&dpr=2&updated_at=1660799214"}, "productCategory": "sneakers", "releaseDate": "", "retailPrice": 100, "shoe": "Nike Dunk Low", "title": "Nike Dunk Low Cartoon", "urlKey": "nike-dunk-low-cartoon", "market": {"lowestAsk": 139, "salesThisPeriod": 20, "salesLastPeriod": 0, "highestBid": 180, "volatility": 0.099353, "deadstockSold": 212, "pricePremium": 0.52, "averageDeadstockPrice": 130, "lastSale": 152, "changeValue": 6, "changePercentage": 0.040816, "lastLowestAskTime": 1663029104, "lastHighestBidTime": 1663434500, "lastSaleDate": "2022-09-21T17:37:04+00:00"}, "objectID": "397887ea-3977-4cd9-ab40-224604b1b662"}, {"id": "e0505df4-1c51-4a58-b2a6-aac3bf5cae69", "uuid": "e0505df4-1c51-4a58-b2a6-aac3bf5cae69", "brand": "Nike", "colorway": "White/Black/Safety Orange/Green Glow", "condition": "New", "description": "", "media": {"smallImageUrl": "https://images.stockx.com/images/Nike-Dunk-Low-Nike-101-GS.jpg?fit=fill&bg=FFFFFF&w=300&h=214&fm=webp&auto=compress&trim=color&q=90&dpr=2&updated_at=1657863438", "thumbUrl": "https://images.stockx.com/images/Nike-Dunk-Low-Nike-101-GS.jpg?fit=fill&bg=FFFFFF&w=140&h=100&fm=webp&auto=compress&trim=color&q=90&dpr=2&updated_at=1657863438"}, "productCategory": "sneakers", "releaseDate": "2022-05-01", "retailPrice": 85, "shoe": "Nike Dunk Low", "title": "Nike Dunk Low Nike 101 (GS)", "urlKey": "nike-dunk-low-nike-101-gs", "market": {"lowestAsk": 80, "salesThisPeriod": 20, "salesLastPeriod": 0, "highestBid": 81, "volatility": 0.096753, "deadstockSold": 209, "pricePremium": 0.024, "averageDeadstockPrice": 105, "lastSale": 87, "changeValue": 7, "changePercentage": 0.0875, "lastLowestAskTime": 1663771412, "lastHighestBidTime": 1663247918, "lastSaleDate": "2022-09-21T14:26:33+00:00"}, "objectID": "e0505df4-1c51-4a58-b2a6-aac3bf5cae69"}, {"id": "15378d51-87d8-41d5-bf88-1ffe59ed0687", "uuid": "15378d51-87d8-41d5-bf88-1ffe59ed0687", "brand": "Nike", "colorway": "Midnight Navy/Championship Grey-White", "condition": "New", "description": "The Nike Dunk Low Georgetown arrives with a smooth grey leather upper with Midnight Navy overlays and Swooshes. From there, matching woven Nike Air tongue tags, heel tabs, and Air soles complete the retro design.\n<br>\n<br>\nThe Nike Dunk Low Georgetown releases in November of 2021 and retails for $100.", "media": {"smallImageUrl": "https://images.stockx.com/images/Nike-Dunk-Low-Georgetown-Product.jpg?fit=fill&bg=FFFFFF&w=300&h=214&fm=webp&auto=compress&trim=color&q=90&dpr=2&updated_at=1634918141", "thumbUrl": "https://images.stockx.com/images/Nike-Dunk-Low-Georgetown-Product.jpg?fit=fill&bg=FFFFFF&w=140&h=100&fm=webp&auto=compress&trim=color&q=90&dpr=2&updated_at=1634918141"}, "productCategory": "sneakers", "releaseDate": "2021-11-05", "retailPrice": 100, "shoe": "Nike Dunk Low", "title": "Nike Dunk Low Georgetown", "urlKey": "nike-dunk-low-georgetown", "market": {"lowestAsk": 226, "salesThisPeriod": 19, "salesLastPeriod": 0, "highestBid": 290, "volatility": 0.099125, "deadstockSold": 24801, "pricePremium": 1.89, "averageDeadstockPrice": 227, "lastSale": 289, "changeValue": -16, "changePercentage": -0.052456, "lastLowestAskTime": 1663424555, "lastHighestBidTime": 1662174919, "lastSaleDate": "2022-09-21T15:39:15+00:00"}, "objectID": "15378d51-87d8-41d5-bf88-1ffe59ed0687"}, {"id": "783b4bdb-db32-4096-a8fe-82493946e9ea", "uuid": "783b4bdb-db32-4096-a8fe-82493946e9ea", "brand": "Nike", "colorway": "Grey Fog/White/Blue Void/Blue Void", "condition": "New", "description": "In commemoration of the NBA's 75th Anniversary, Nike delivered an exclusive iteration of the Nike Dunk Low paying homage to the history of the Brooklyn Nets.\n<br>\n<br>\nThe Nike Dunk Low EMB NBA 75th Anniversary Brooklyn Nets features a light grey leather upper with navy and white overlays. On the heel, a Brooklyn Nets graphic that takes inspiration from the retro New Jersey Nets logo is prominently displayed. From there, an NBA 75th Anniversary woven tongue label and red stitching details complete the design.\n<br>\n<br>\nThe Nike Dunk Low EMB NBA 75th Anniversary Brooklyn Nets released in October of 2021 and retailed for $110.", "media": {"smallImageUrl": "https://images.stockx.com/images/Nike-Dunk-Low-Brooklyn-Nets-NBA-75th-Anniversary-Product.jpg?fit=fill&bg=FFFFFF&w=300&h=214&fm=webp&auto=compress&trim=color&q=90&dpr=2&updated_at=1635358517", "thumbUrl": "https://images.stockx.com/images/Nike-Dunk-Low-Brooklyn-Nets-NBA-75th-Anniversary-Product.jpg?fit=fill&bg=FFFFFF&w=140&h=100&fm=webp&auto=compress&trim=color&q=90&dpr=2&updated_at=1635358517"}, "productCategory": "sneakers", "releaseDate": "2021-10-19", "retailPrice": 110, "shoe": "Nike Dunk Low EMB", "title": "Nike Dunk Low EMB NBA 75th Anniversary Brooklyn Nets", "urlKey": "nike-dunk-low-brooklyn-nets-nba-75th-anniversary", "market": {"lowestAsk": 148, "salesThisPeriod": 19, "salesLastPeriod": 0, "highestBid": 146, "volatility": 0.113429, "deadstockSold": 11463, "pricePremium": 0.573, "averageDeadstockPrice": 169, "lastSale": 173, "changeValue": -3, "changePercentage": -0.022242, "lastLowestAskTime": 1663419529, "lastHighestBidTime": 1663619753, "lastSaleDate": "2022-09-20T23:33:58+00:00"}, "objectID": "783b4bdb-db32-4096-a8fe-82493946e9ea"}, {"id": "6cb4093a-e615-44cb-8d3e-b3d01dcff242", "uuid": "6cb4093a-e615-44cb-8d3e-b3d01dcff242", "brand": "Nike", "colorway": "Black/Black-White", "condition": "New", "description": "The Nike SB Dunk Low Polaroid draws inspiration from the color spectrum found in Polaroid's logo and the casing of its instant film. Atop a black Durabuck upper, a triple-layered Swoosh creates a rainbow effect by overlapping blue and red patent leather Swooshes with a yellow transparent Swoosh. At the heel, white patent leather nods to the composition of Polaroid's instant film. From there, color spectrum embroidery on the toe and co-branded embroidery at the heel complete the design.\n<br>\n<br>\nThe Nike SB Dunk Low Polaroid released in April of 2022 and retailed for $120.", "media": {"smallImageUrl": "https://images.stockx.com/images/Nike-SB-Dunk-Low-Polaroid-Product.jpg?fit=fill&bg=FFFFFF&w=300&h=214&fm=webp&auto=compress&trim=color&q=90&dpr=2&updated_at=1649428692", "thumbUrl": "https://images.stockx.com/images/Nike-SB-Dunk-Low-Polaroid-Product.jpg?fit=fill&bg=FFFFFF&w=140&h=100&fm=webp&auto=compress&trim=color&q=90&dpr=2&updated_at=1649428692"}, "productCategory": "sneakers", "releaseDate": "2022-04-12", "retailPrice": 120, "shoe": "Nike SB Dunk Low", "title": "Nike SB Dunk Low Polaroid", "urlKey": "nike-sb-dunk-low-polaroid", "market": {"lowestAsk": 132, "salesThisPeriod": 19, "salesLastPeriod": 0, "highestBid": 210, "volatility": 0.142194, "deadstockSold": 6227, "pricePremium": 0.408, "averageDeadstockPrice": 187, "lastSale": 169, "changeValue": 33, "changePercentage": 0.236526, "lastLowestAskTime": 1663504121, "lastHighestBidTime": 1661822628, "lastSaleDate": "2022-09-19T15:00:08+00:00"}, "objectID": "6cb4093a-e615-44cb-8d3e-b3d01dcff242"}, {"id": "746376c0-1fd5-449f-8eab-6c32d9489cf2", "uuid": "746376c0-1fd5-449f-8eab-6c32d9489cf2", "brand": "Nike", "colorway": "Fire Pink/Gym Red-Mocha-White-Royal Blue-Black", "condition": "New", "description": "Nike and Dutch artist and sneaker collab veteran Parra teamed up for an Olympic inspired Nike SB Dunk Low with the Nike SB Dunk Low Parra Abstract Art.\n<br>\n<br>\nThe Nike SB Dunk Low Parra Abstract Art highlights Parra's surreal take on pop art. Off-white leather on the upper creates a blank canvas so that overlays smothered in vibrant, retro Parra patterns rise to prominence. Additional details like the embroidered mini-Swoosh on the toe box and gum outsole offer nostalgic appeal.\n<br>\n<br>\nThe Nike SB Dunk Low Parra Abstract Art released in July of 2021 and retailed for $110.", "media": {"smallImageUrl": "https://images.stockx.com/images/Nike-SB-Dunk-Low-Parra-2021-Product.jpg?fit=fill&bg=FFFFFF&w=300&h=214&fm=webp&auto=compress&trim=color&q=90&dpr=2&updated_at=1627326877", "thumbUrl": "https://images.stockx.com/images/Nike-SB-Dunk-Low-Parra-2021-Product.jpg?fit=fill&bg=FFFFFF&w=140&h=100&fm=webp&auto=compress&trim=color&q=90&dpr=2&updated_at=1627326877"}, "productCategory": "sneakers", "releaseDate": "2021-07-31", "retailPrice": 110, "shoe": "Nike SB Dunk Low Pro", "title": "Nike SB Dunk Low Pro Parra Abstract Art (2021)", "urlKey": "nike-sb-dunk-low-parra-2021", "market": {"lowestAsk": 238, "salesThisPeriod": 19, "salesLastPeriod": 0, "highestBid": 446, "volatility": 0.311467, "deadstockSold": 4985, "pricePremium": 1.236, "averageDeadstockPrice": 382, "lastSale": 246, "changeValue": -192, "changePercentage": -0.438356, "lastLowestAskTime": 1663712744, "lastHighestBidTime": 1663656214, "lastSaleDate": "2022-09-21T15:46:57+00:00"}, "objectID": "746376c0-1fd5-449f-8eab-6c32d9489cf2"}, {"id": "3a612884-c2d2-4e2d-a4d0-e1ed4117e10d", "uuid": "3a612884-c2d2-4e2d-a4d0-e1ed4117e10d", "brand": "Nike", "colorway": "Racer Blue/Racer Blue/Coconut Milk", "condition": "New", "description": "In 1948, Jackie Robinson broke the color barrier in baseball when he stepped onto the field for the Brooklyn Dodgers in his MLB debut. Nike honored the legacy of the iconic civil rights activist and baseball hero with the Nike Dunk Low Jackie Robinson.\n<br>\n<br>\nThe Nike Dunk Low Jackie Robinson boasts a Brooklyn Dodgers color palette with a light grey Durabuck upper, royal blue leather overlays, an embroidered mini-Swoosh at the toe, and a felted side Swoosh - reminiscent of baseball caps in the late-1940s. Throughout the design, Robinson's famous quote, \"I'm not concerned with you liking or disliking me\u2026All I ask is that you respect me as a human being\", is printed in a pattern format. At the heel, Robinson's number 42 is embroidered, providing a custom feel.\n<br>\n<br>\nThe Nike Dunk Low Jackie Robinson released in July of 2022 and retailed for $130.", "media": {"smallImageUrl": "https://images.stockx.com/images/Nike-Dunk-Low-Jackie-Robinson-Product.jpg?fit=fill&bg=FFFFFF&w=300&h=214&fm=webp&auto=compress&trim=color&q=90&dpr=2&updated_at=1659034398", "thumbUrl": "https://images.stockx.com/images/Nike-Dunk-Low-Jackie-Robinson-Product.jpg?fit=fill&bg=FFFFFF&w=140&h=100&fm=webp&auto=compress&trim=color&q=90&dpr=2&updated_at=1659034398"}, "productCategory": "sneakers", "releaseDate": "2022-07-19", "retailPrice": 130, "shoe": "Nike Dunk Low", "title": "Nike Dunk Low Jackie Robinson", "urlKey": "nike-dunk-low-jackie-robinson", "market": {"lowestAsk": 330, "salesThisPeriod": 19, "salesLastPeriod": 0, "highestBid": 420, "volatility": 0.077443, "deadstockSold": 3834, "pricePremium": 2.462, "averageDeadstockPrice": 390, "lastSale": 450, "changeValue": 40, "changePercentage": 0.097561, "lastLowestAskTime": 1663420643, "lastHighestBidTime": 1663113378, "lastSaleDate": "2022-09-21T18:09:34+00:00"}, "objectID": "3a612884-c2d2-4e2d-a4d0-e1ed4117e10d"}, {"id": "1f919e80-77e3-4dbd-a6ad-3a75fdacede9", "uuid": "1f919e80-77e3-4dbd-a6ad-3a75fdacede9", "brand": "Nike", "colorway": "Medium Grey/White/Varsity Red", "condition": "New", "description": "Nike re-issued one of its most notable Dunk colorways with the Nike Dunk Low Retro Medium Grey Varsity Red UNLV. The UNLV colorway debuted in 1985, as part of Nike\u2019s Be True To Your School Campaign for the Nike Dunk.\n<br>\n<br>\nThe Nike Dunk Low Retro Medium Grey Varsity Red UNLV features a red and grey leather upper, with grey on the vamp and medial panels and red on the upper\u2019s overlay and Swoosh. Nike Air branding is prominent on the tongue and heel. A white midsole and red EVA outsole wraps up the design.\n<br>\n<br>\nThe Nike Dunk Low Retro Medium Grey Varsity Red UNLV released in February of 2021 and retailed for $100.", "media": {"smallImageUrl": "https://images.stockx.com/images/Nike-Dunk-Low-Retro-Medium-Grey-Varsity-Red-2021-Product.jpg?fit=fill&bg=FFFFFF&w=300&h=214&fm=webp&auto=compress&trim=color&q=90&dpr=2&updated_at=1611778323", "thumbUrl": "https://images.stockx.com/images/Nike-Dunk-Low-Retro-Medium-Grey-Varsity-Red-2021-Product.jpg?fit=fill&bg=FFFFFF&w=140&h=100&fm=webp&auto=compress&trim=color&q=90&dpr=2&updated_at=1611778323"}, "productCategory": "sneakers", "releaseDate": "2021-02-18", "retailPrice": 110, "shoe": "Nike Dunk Low", "title": "Nike Dunk Low Retro Medium Grey Varsity Red UNLV (2021)", "urlKey": "nike-dunk-low-retro-medium-grey-varsity-red-2021", "market": {"lowestAsk": 200, "salesThisPeriod": 19, "salesLastPeriod": 0, "highestBid": 260, "volatility": 0.105504, "deadstockSold": 3487, "pricePremium": 1.055, "averageDeadstockPrice": 249, "lastSale": 226, "changeValue": -59, "changePercentage": -0.207018, "lastLowestAskTime": 1663766167, "lastHighestBidTime": 1663641034, "lastSaleDate": "2022-09-21T14:21:36+00:00"}, "objectID": "1f919e80-77e3-4dbd-a6ad-3a75fdacede9"}, {"id": "2af30ea6-fdf6-4d63-89cb-19be7654ae98", "uuid": "2af30ea6-fdf6-4d63-89cb-19be7654ae98", "brand": "Nike", "colorway": "Sail/Coast-University Gold", "condition": "New", "description": "Nike paid homage to the West Coast with the women's Nike Dunk Low Coast (W). The Coast colorway is reminiscent of UCLA Bruin school colors, prominently featuring light blue, white, and yellow.\n\nWhite and light blue leather comprise the upper of the Nike Dunk Low Coast (W), with white on the vamp and medial panels and light blue on the overlay and Swoosh. Hits of yellow are present in the Nike Air branding on the tongue and heel. A white midsole and light EVA outsole complete the design.\n\nThe women's Nike Dunk Low Coast (W) released in February of 2021 and retailed for $100.", "media": {"smallImageUrl": "https://images.stockx.com/images/Nike-Dunk-Low-Coast-Product.jpg?fit=fill&bg=FFFFFF&w=300&h=214&fm=webp&auto=compress&trim=color&q=90&dpr=2&updated_at=1611766524", "thumbUrl": "https://images.stockx.com/images/Nike-Dunk-Low-Coast-Product.jpg?fit=fill&bg=FFFFFF&w=140&h=100&fm=webp&auto=compress&trim=color&q=90&dpr=2&updated_at=1611766524"}, "productCategory": "sneakers", "releaseDate": "2021-02-18", "retailPrice": 100, "shoe": "Nike Dunk Low", "title": "Nike Dunk Low Coast (W)", "urlKey": "nike-dunk-low-coast", "market": {"lowestAsk": 290, "salesThisPeriod": 19, "salesLastPeriod": 0, "highestBid": 370, "volatility": 0.213358, "deadstockSold": 2950, "pricePremium": 1.62, "averageDeadstockPrice": 341, "lastSale": 262, "changeValue": 1, "changePercentage": 0.003831, "lastLowestAskTime": 1663767095, "lastHighestBidTime": 1663289837, "lastSaleDate": "2022-09-21T13:31:35+00:00"}, "objectID": "2af30ea6-fdf6-4d63-89cb-19be7654ae98"}, {"id": "c968dfa4-cba3-4af5-9ebd-b00824ddf2b7", "uuid": "c968dfa4-cba3-4af5-9ebd-b00824ddf2b7", "brand": "Nike", "colorway": "Black/Yellow Strike-Saturn", "condition": "New", "description": "The Nike Dunk High 1985 Yellow Acid Wash celebrates the aged effects of sneakers over time. Washed out black and yellow graphic overlays emphasize the appearance of wear and tear, while yellowed soles nod to the oxidation process. Also, these Dunks arrive in the design's original, high-cut form, explaining why they have a different shape from other Dunk Highs, which have more of a mid-cut silhouette.\n<br>\n<br>\nThe Nike Dunk High 1985 Yellow Acid Wash released in February of 2022 and retailed for $130.", "media": {"smallImageUrl": "https://images.stockx.com/images/Nike-Dunk-High-Yellow-Acid-Wash-Black-Product.jpg?fit=fill&bg=FFFFFF&w=300&h=214&fm=webp&auto=compress&trim=color&q=90&dpr=2&updated_at=1638552247", "thumbUrl": "https://images.stockx.com/images/Nike-Dunk-High-Yellow-Acid-Wash-Black-Product.jpg?fit=fill&bg=FFFFFF&w=140&h=100&fm=webp&auto=compress&trim=color&q=90&dpr=2&updated_at=1638552247"}, "productCategory": "sneakers", "releaseDate": "2022-02-23", "retailPrice": 130, "shoe": "Nike Dunk High 1985 SP", "title": "Nike Dunk High 1985 SP Yellow Acid Wash", "urlKey": "nike-dunk-high-yellow-acid-wash-black", "market": {"lowestAsk": 70, "salesThisPeriod": 19, "salesLastPeriod": 0, "highestBid": 96, "volatility": 0.114518, "deadstockSold": 2049, "pricePremium": -0.308, "averageDeadstockPrice": 122, "lastSale": 90, "changeValue": 10, "changePercentage": 0.122816, "lastLowestAskTime": 1663733765, "lastHighestBidTime": 1663557795, "lastSaleDate": "2022-09-21T18:31:24+00:00"}, "objectID": "c968dfa4-cba3-4af5-9ebd-b00824ddf2b7"}, {"id": "d9be9681-a4fa-4c7f-b979-b12544abc9bf", "uuid": "d9be9681-a4fa-4c7f-b979-b12544abc9bf", "brand": "Nike", "colorway": "Black/Black-White", "condition": "New", "description": "In a black monochromatic look, the Nike Dunk High Undercover Black embraces the signature 1985 Dunk silhouette with elongated collars and tongues. Smooth and tumbled leather construction offer a variety in touch, but maintain the design's low key appearance. At the heel, contrast printing of \"CHAOS\" and \"GLEICHGEWICHT\" (\"BALANCE\" in German) symbolize Undercover's motif of embracing the space between two polarizing states.\n<br>\n<br>\nThe Nike Dunk High Undercover Black released in March of 2022 and retailed for $150.", "media": {"smallImageUrl": "https://images.stockx.com/images/Nike-Dunk-High-Undercover-Chaos-Black-Product.jpg?fit=fill&bg=FFFFFF&w=300&h=214&fm=webp&auto=compress&trim=color&q=90&dpr=2&updated_at=1647013492", "thumbUrl": "https://images.stockx.com/images/Nike-Dunk-High-Undercover-Chaos-Black-Product.jpg?fit=fill&bg=FFFFFF&w=140&h=100&fm=webp&auto=compress&trim=color&q=90&dpr=2&updated_at=1647013492"}, "productCategory": "sneakers", "releaseDate": "2022-02-28", "retailPrice": 150, "shoe": "Nike Dunk High", "title": "Nike Dunk High Undercover Chaos Black", "urlKey": "nike-dunk-high-undercover-chaos-black", "market": {"lowestAsk": 73, "salesThisPeriod": 19, "salesLastPeriod": 0, "highestBid": 95, "volatility": 0.123275, "deadstockSold": 1518, "pricePremium": -0.225, "averageDeadstockPrice": 131, "lastSale": 116, "changeValue": 27, "changePercentage": 0.291156, "lastLowestAskTime": 1663759716, "lastHighestBidTime": 1663525539, "lastSaleDate": "2022-09-21T12:40:06+00:00"}, "objectID": "d9be9681-a4fa-4c7f-b979-b12544abc9bf"}, {"id": "cdb0cd6b-4532-40ac-a8df-d3e741ff7941", "uuid": "cdb0cd6b-4532-40ac-a8df-d3e741ff7941", "brand": "Nike", "colorway": "Mineral Slate/Sail-Black-White", "condition": "New", "description": "Nike SB releases the Dunk High with the updated Air Zoom branding in this Nike SB Dunk High Green Suede.\n<br>\n<br>\nThe Nike SB Dunk High Green Suede starts with a black textile construction on the upper, which is noted on the toe, side panels, and ankle collar. For contrast, green suede is added throughout the overlays and on the laces, tongue tag, and inner liner. Additional details include \"Nike SB\" and \"AIR ZOOM\" branding on the insoles, white suede Swooshes on the side panels, white rubber midsoles, and black rubber outsoles.\n<br>\n<br>\nThe Nike SB Dunk High Green Suede was released in February 2022 and retailed for $120.", "media": {"smallImageUrl": "https://images.stockx.com/images/Nike-SB-Dunk-High-Green-Suede-Productvv.jpg?fit=fill&bg=FFFFFF&w=300&h=214&fm=webp&auto=compress&trim=color&q=90&dpr=2&updated_at=1649779284", "thumbUrl": "https://images.stockx.com/images/Nike-SB-Dunk-High-Green-Suede-Productvv.jpg?fit=fill&bg=FFFFFF&w=140&h=100&fm=webp&auto=compress&trim=color&q=90&dpr=2&updated_at=1649779284"}, "productCategory": "sneakers", "releaseDate": "2022-02-19", "retailPrice": 120, "shoe": "Nike SB Dunk High Pro", "title": "Nike SB Dunk High Pro Mineral Slate Suede", "urlKey": "nike-sb-dunk-high-green-suede", "market": {"lowestAsk": 120, "salesThisPeriod": 19, "salesLastPeriod": 0, "highestBid": 140, "volatility": 0.11272, "deadstockSold": 1274, "pricePremium": 0.316, "averageDeadstockPrice": 149, "lastSale": 158, "changeValue": 32, "changePercentage": 0.25332, "lastLowestAskTime": 1663551948, "lastHighestBidTime": 1663527251, "lastSaleDate": "2022-09-21T20:02:39+00:00"}, "objectID": "cdb0cd6b-4532-40ac-a8df-d3e741ff7941"}, {"id": "9bed61b1-5dc9-482a-b9c2-5e6eec87550b", "uuid": "9bed61b1-5dc9-482a-b9c2-5e6eec87550b", "brand": "Nike", "colorway": "Chlorophyll/White-Vivid Green", "condition": "New", "description": "The Nike Dunk Low Chlorophyll (Preschool) arrives wearing a color combination of white, vivid green, and chlorophyll.\n<br>\n<br>\nThe preschool rendition of the Nike Dunk Low Chlorophyll (Preschool) comes constructed in a complete leather build featuring a green bottom with a darker shade of green on the overlays. The design is completed by white laces, Swoosh branding, and a midsole sitting on a green rubber outsole. The shoe displays a green Nike logo at its base and the back of the outsole.\n<br>\n<br>\nThe preschoolers' Nike Dunk Low Chlorophyll (Preschool) was released on May 25th, 2022, and retailed for $65.", "media": {"smallImageUrl": "https://images.stockx.com/images/Nike-Dunk-Low-Chlorophyll-PS-Product.jpg?fit=fill&bg=FFFFFF&w=300&h=214&fm=webp&auto=compress&trim=color&q=90&dpr=2&updated_at=1655884412", "thumbUrl": "https://images.stockx.com/images/Nike-Dunk-Low-Chlorophyll-PS-Product.jpg?fit=fill&bg=FFFFFF&w=140&h=100&fm=webp&auto=compress&trim=color&q=90&dpr=2&updated_at=1655884412"}, "productCategory": "sneakers", "releaseDate": "", "retailPrice": 65, "shoe": "Nike Dunk Low", "title": "Nike Dunk Low Chlorophyll (PS)", "urlKey": "nike-dunk-low-chlorophyll-ps", "market": {"lowestAsk": 75, "salesThisPeriod": 19, "salesLastPeriod": 0, "highestBid": 85, "volatility": 0.113714, "deadstockSold": 1257, "pricePremium": 0.508, "averageDeadstockPrice": 87, "lastSale": 98, "changeValue": 5, "changePercentage": 0.053763, "lastLowestAskTime": 1663415150, "lastHighestBidTime": 1663379634, "lastSaleDate": "2022-09-17T18:54:11+00:00"}, "objectID": "9bed61b1-5dc9-482a-b9c2-5e6eec87550b"}, {"id": "02e85dd2-c260-45d8-8318-b12833dbcc79", "uuid": "02e85dd2-c260-45d8-8318-b12833dbcc79", "brand": "Nike", "colorway": "Dark Marina Blue/White-Dutch Blue", "condition": "New", "description": "Drawing comparison to the 2001 Japanese-exclusive Nike Dunk Low Argon, the Nike Dunk Low Dark Marina Blue features a tonal blue smooth leather upper with contrasting white leather Swooshes. From there, woven Nike tongue labels and white Air soles complete the design.\n<br>\n<br>\nThe Nike Dunk Low Marina Blue released in March of 2022 and retailed for $100.", "media": {"smallImageUrl": "https://images.stockx.com/images/Nike-Dunk-Low-Dark-Marina-Blue-Product.jpg?fit=fill&bg=FFFFFF&w=300&h=214&fm=webp&auto=compress&trim=color&q=90&dpr=2&updated_at=1644311937", "thumbUrl": "https://images.stockx.com/images/Nike-Dunk-Low-Dark-Marina-Blue-Product.jpg?fit=fill&bg=FFFFFF&w=140&h=100&fm=webp&auto=compress&trim=color&q=90&dpr=2&updated_at=1644311937"}, "productCategory": "sneakers", "releaseDate": "2021-12-01", "retailPrice": 100, "shoe": "Nike Dunk Low", "title": "Nike Dunk Low Dark Marina Blue", "urlKey": "nike-dunk-low-dark-marina-blue", "market": {"lowestAsk": 176, "salesThisPeriod": 18, "salesLastPeriod": 0, "highestBid": 190, "volatility": 0.101648, "deadstockSold": 8571, "pricePremium": 0.69, "averageDeadstockPrice": 174, "lastSale": 169, "changeValue": 5, "changePercentage": 0.024535, "lastLowestAskTime": 1663794137, "lastHighestBidTime": 1663694836, "lastSaleDate": "2022-09-21T20:22:32+00:00"}, "objectID": "02e85dd2-c260-45d8-8318-b12833dbcc79"}, {"id": "4df3fd61-ab92-42a0-a953-42bc9ea10b10", "uuid": "4df3fd61-ab92-42a0-a953-42bc9ea10b10", "brand": "Nike", "colorway": "White/Orange/Gold/Pink", "condition": "New", "description": "", "media": {"smallImageUrl": "https://images.stockx.com/images/Nike-Dunk-Low-Disrupt-2-Sunrise-W-Product.jpg?fit=fill&bg=FFFFFF&w=300&h=214&fm=webp&auto=compress&trim=color&q=90&dpr=2&updated_at=1659705028", "thumbUrl": "https://images.stockx.com/images/Nike-Dunk-Low-Disrupt-2-Sunrise-W-Product.jpg?fit=fill&bg=FFFFFF&w=140&h=100&fm=webp&auto=compress&trim=color&q=90&dpr=2&updated_at=1659705028"}, "productCategory": "sneakers", "releaseDate": "", "retailPrice": 110, "shoe": "Nike Dunk Low Disrupt 2", "title": "Nike Dunk Low Disrupt 2 Sunrise (W)", "urlKey": "nike-dunk-low-disrupt-2-sunrise-w", "market": {"lowestAsk": 138, "salesThisPeriod": 18, "salesLastPeriod": 0, "highestBid": 138, "volatility": 0.085518, "deadstockSold": 451, "pricePremium": 0.509, "averageDeadstockPrice": 161, "lastSale": 166, "changeValue": -2, "changePercentage": -0.017216, "lastLowestAskTime": 1663751031, "lastHighestBidTime": 1663692937, "lastSaleDate": "2022-09-21T09:56:49+00:00"}, "objectID": "4df3fd61-ab92-42a0-a953-42bc9ea10b10"}, {"id": "383c39d2-1845-474e-bb9a-0eb7e4b84823", "uuid": "383c39d2-1845-474e-bb9a-0eb7e4b84823", "brand": "Nike", "colorway": "Carbon Green/Rift Blue-Sail", "condition": "New", "description": "The Nike Dunk Low Siempre Familia draws inspiration from Mictl\u0101n, the underworld in Aztec mythology that consists of nine layers, similar to Dante Alighieri's Inferno. Its tonal green reptilian-textural upper and Iguana heel illustration symbolize the inhabitants of the 8th and 9th levels of Mictl\u0101n. A decorative multicolor Swoosh displays palettes and graphic styles commonly associated with D\u00eda de Muertos, the Mexican Day of the Dead.\n<br>\n<br>\nThe Nike Dunk Low Siempre Familia released in February of 2022 and retailed for $120.", "media": {"smallImageUrl": "https://images.stockx.com/images/Nike-Dunk-Low-Siempre-Familia-Product.jpg?fit=fill&bg=FFFFFF&w=300&h=214&fm=webp&auto=compress&trim=color&q=90&dpr=2&updated_at=1646080685", "thumbUrl": "https://images.stockx.com/images/Nike-Dunk-Low-Siempre-Familia-Product.jpg?fit=fill&bg=FFFFFF&w=140&h=100&fm=webp&auto=compress&trim=color&q=90&dpr=2&updated_at=1646080685"}, "productCategory": "sneakers", "releaseDate": "2022-02-17", "retailPrice": 120, "shoe": "Nike Dunk Low", "title": "Nike Dunk Low Siempre Familia", "urlKey": "nike-dunk-low-siempre-familia", "market": {"lowestAsk": 129, "salesThisPeriod": 17, "salesLastPeriod": 0, "highestBid": 200, "volatility": 0.155409, "deadstockSold": 7694, "pricePremium": 0.233, "averageDeadstockPrice": 193, "lastSale": 148, "changeValue": 0, "changePercentage": 0, "lastLowestAskTime": 1663721860, "lastHighestBidTime": 1663198528, "lastSaleDate": "2022-09-20T17:12:20+00:00"}, "objectID": "383c39d2-1845-474e-bb9a-0eb7e4b84823"}, {"id": "333ea741-ee8b-4d4c-b278-48b673d747e8", "uuid": "333ea741-ee8b-4d4c-b278-48b673d747e8", "brand": "Nike", "colorway": "White/Game Royal-Total Orange", "condition": "New", "description": "The Nike Dunk High Game Royal pays homage to the original 1985 University of Kentucky colorway of the Nike Dunk. It features a white leather upper with Game Royal overlays and Swooshes. A matching sole and woven tongue label add the finishing touches.\n<br>\n<br>\nThe Nike Dunk High Game Royal released in June of 2021 and retailed for $110.", "media": {"smallImageUrl": "https://images.stockx.com/images/Nike-Dunk-High-Game-Royal-Product.jpg?fit=fill&bg=FFFFFF&w=300&h=214&fm=webp&auto=compress&trim=color&q=90&dpr=2&updated_at=1624468016", "thumbUrl": "https://images.stockx.com/images/Nike-Dunk-High-Game-Royal-Product.jpg?fit=fill&bg=FFFFFF&w=140&h=100&fm=webp&auto=compress&trim=color&q=90&dpr=2&updated_at=1624468016"}, "productCategory": "sneakers", "releaseDate": "2021-06-29", "retailPrice": 110, "shoe": "Nike Dunk High", "title": "Nike Dunk High Game Royal", "urlKey": "nike-dunk-high-game-royal", "market": {"lowestAsk": 157, "salesThisPeriod": 17, "salesLastPeriod": 0, "highestBid": 176, "volatility": 0.191693, "deadstockSold": 5418, "pricePremium": 0.2, "averageDeadstockPrice": 191, "lastSale": 132, "changeValue": -22, "changePercentage": -0.142857, "lastLowestAskTime": 1663791474, "lastHighestBidTime": 1663599797, "lastSaleDate": "2022-09-21T20:21:11+00:00"}, "objectID": "333ea741-ee8b-4d4c-b278-48b673d747e8"}, {"id": "2c896fe2-9f4f-4b0c-a884-2ed81ca34333", "uuid": "2c896fe2-9f4f-4b0c-a884-2ed81ca34333", "brand": "Nike", "colorway": "Aura/Worn Blue/White/Clear", "condition": "New", "description": "The gradeschool Nike Dunk Low Clear Blue (GS) features a light blue tumbled leather upper with Worn Blue overlays and a clear TPU Swoosh. At the base, a white and Worn Blue Air sole adds the finishing touch.\n<br>\n<br>\nThe gradeschool Nike Dunk Low Clear Blue (GS) released in 2022 and retailed for $85.", "media": {"smallImageUrl": "https://images.stockx.com/images/Nike-Dunk-Low-Clear-Blue-Swoosh-GS-Product.jpg?fit=fill&bg=FFFFFF&w=300&h=214&fm=webp&auto=compress&trim=color&q=90&dpr=2&updated_at=1649959331", "thumbUrl": "https://images.stockx.com/images/Nike-Dunk-Low-Clear-Blue-Swoosh-GS-Product.jpg?fit=fill&bg=FFFFFF&w=140&h=100&fm=webp&auto=compress&trim=color&q=90&dpr=2&updated_at=1649959331"}, "productCategory": "sneakers", "releaseDate": "2022-04-22", "retailPrice": 85, "shoe": "Nike Dunk Low", "title": "Nike Dunk Low Clear Blue Swoosh (GS)", "urlKey": "nike-dunk-low-clear-blue-swoosh-gs", "market": {"lowestAsk": 115, "salesThisPeriod": 17, "salesLastPeriod": 0, "highestBid": 151, "volatility": 0.088825, "deadstockSold": 4022, "pricePremium": 0.776, "averageDeadstockPrice": 131, "lastSale": 151, "changeValue": 6, "changePercentage": 0.041379, "lastLowestAskTime": 1663586487, "lastHighestBidTime": 1663638827, "lastSaleDate": "2022-09-20T15:28:32+00:00"}, "objectID": "2c896fe2-9f4f-4b0c-a884-2ed81ca34333"}, {"id": "2ad6c202-4aef-4364-97f0-07604d180322", "uuid": "2ad6c202-4aef-4364-97f0-07604d180322", "brand": "Nike", "colorway": "Black/White-Varsity Red", "condition": "New", "description": "The Nike SB Dunk High Supreme By Any Means Black draws inspiration from the Nike Dunk High Storm Trooper, a Japanese-exclusive Nike Dunk CO.JP colorway that was released in 1999. Constructed with a black and white leather upper, this Nike SB Dunk High sets a neutral background, allowing its decorative embroidery to shine. Customized \"SUP\" woven tongue labels, \"By Any Means\"  and Nike NYC heel embroideries, \"Supreme Team\" collar embroidery, and a \"No Love\" toe embroidery complete the design.\n<br>\n<br.\nThe Nike SB Dunk High Supreme By Any Means Black released in March of 2022.", "media": {"smallImageUrl": "https://images.stockx.com/images/Nike-SB-Dunk-High-Supreme-By-Any-Means-Black-Product.jpg?fit=fill&bg=FFFFFF&w=300&h=214&fm=webp&auto=compress&trim=color&q=90&dpr=2&updated_at=1646842575", "thumbUrl": "https://images.stockx.com/images/Nike-SB-Dunk-High-Supreme-By-Any-Means-Black-Product.jpg?fit=fill&bg=FFFFFF&w=140&h=100&fm=webp&auto=compress&trim=color&q=90&dpr=2&updated_at=1646842575"}, "productCategory": "sneakers", "releaseDate": "2022-03-03", "retailPrice": 128, "shoe": "Nike SB Dunk High", "title": "Nike SB Dunk High Supreme By Any Means Black", "urlKey": "nike-sb-dunk-high-supreme-by-any-means-black", "market": {"lowestAsk": 219, "salesThisPeriod": 17, "salesLastPeriod": 0, "highestBid": 260, "volatility": 0.167822, "deadstockSold": 3563, "pricePremium": 0.68, "averageDeadstockPrice": 300, "lastSale": 215, "changeValue": 10, "changePercentage": 0.046073, "lastLowestAskTime": 1663756895, "lastHighestBidTime": 1662404903, "lastSaleDate": "2022-09-21T03:05:58+00:00"}, "objectID": "2ad6c202-4aef-4364-97f0-07604d180322"}]}