{"Pagination": {"query": "nike dunk", "queryID": "8d1483161694369722ae6d94684b6213", "index": "PRODUCTION_PG_FEATURED_DESC", "limit": 40, "page": 9, "total": 2031, "lastPage": "/api/v3/browse?_search=nike%20dunk&dataType=product&facetsToRetrieve=%7B%7D&filterVersion=4&page=25&propsToRetrieve=brand%2CchildId%2Ccolorway%2Ccondition%2Cdescription%2Cid%2Cmarket.averageDeadstockPrice%2Cmarket.bidAskData%2Cmarket.changePercentage%2Cmarket.changeValue%2Cmarket.deadstockSold%2Cmarket.highestBid%2Cmarket.lastHighestBidTime%2Cmarket.lastLowestAskTime%2Cmarket.lastSale%2Cmarket.lastSaleDate%2Cmarket.lastSaleValue%2Cmarket.lowestAsk%2Cmarket.pricePremium%2Cmarket.salesInformation%2Cmarket.salesLastPeriod%2Cmarket.salesThisPeriod%2Cmarket.volatility%2Cmedia.smallImageUrl%2Cmedia.thumbUrl%2CproductCategory%2CreleaseDate%2CretailPrice%2Cshoe%2Ctitle%2CurlKey%2Cuuid", "sort": ["featured"], "order": ["DESC"], "currentPage": "/api/v3/browse?_search=nike%20dunk&dataType=product&facetsToRetrieve=%7B%7D&filterVersion=4&page=9&propsToRetrieve=brand%2CchildId%2Ccolorway%2Ccondition%2Cdescription%2Cid%2Cmarket.averageDeadstockPrice%2Cmarket.bidAskData%2Cmarket.changePercentage%2Cmarket.changeValue%2Cmarket.deadstockSold%2Cmarket.highestBid%2Cmarket.lastHighestBidTime%2Cmarket.lastLowestAskTime%2Cmarket.lastSale%2Cmarket.lastSaleDate%2Cmarket.lastSaleValue%2Cmarket.lowestAsk%2Cmarket.pricePremium%2Cmarket.salesInformation%2Cmarket.salesLastPeriod%2Cmarket.salesThisPeriod%2Cmarket.volatility%2Cmedia.smallImageUrl%2Cmedia.thumbUrl%2CproductCategory%2CreleaseDate%2CretailPrice%2Cshoe%2Ctitle%2CurlKey%2Cuuid", "nextPage": "/api/v3/browse?_search=nike%20dunk&dataType=product&facetsToRetrieve=%7B%7D&filterVersion=4&page=10&propsToRetrieve=brand%2CchildId%2Ccolorway%2Ccondition%2Cdescription%2Cid%2Cmarket.averageDeadstockPrice%2Cmarket.bidAskData%2Cmarket.changePercentage%2Cmarket.changeValue%2Cmarket.deadstockSold%2Cmarket.highestBid%2Cmarket.lastHighestBidTime%2Cmarket.lastLowestAskTime%2Cmarket.lastSale%2Cmarket.lastSaleDate%2Cmarket.lastSaleValue%2Cmarket.lowestAsk%2Cmarket.pricePremium%2Cmarket.salesInformation%2Cmarket.salesLastPeriod%2Cmarket.salesThisPeriod%2Cmarket.volatility%2Cmedia.smallImageUrl%2Cmedia.thumbUrl%2CproductCategory%2CreleaseDate%2CretailPrice%2Cshoe%2Ctitle%2CurlKey%2Cuuid", "previousPage": "/api/v3/browse?_search=nike%20dunk&dataType=product&facetsToRetrieve=%7B%7D&filterVersion=4&page=8&propsToRetrieve=brand%2CchildId%2Ccolorway%2Ccondition%2Cdescription%2Cid%2Cmarket.averageDeadstockPrice%2Cmarket.bidAskData%2Cmarket.changePercentage%2Cmarket.changeValue%2Cmarket.deadstockSold%2Cmarket.highestBid%2Cmarket.lastHighestBidTime%2Cmarket.lastLowestAskTime%2Cmarket.lastSale%2Cmarket.lastSaleDate%2Cmarket.lastSaleValue%2Cmarket.lowestAsk%2Cmarket.pricePremium%2Cmarket.salesInformation%2Cmarket.salesLastPeriod%2Cmarket.salesThisPeriod%2Cmarket.volatility%2Cmedia.smallImageUrl%2Cmedia.thumbUrl%2CproductCategory%2CreleaseDate%2CretailPrice%2Cshoe%2Ctitle%2CurlKey%2Cuuid"}, "Facets": {}, "Products": [{"id": "98122ecb-6789-40a3-9096-0619c954c00e", "uuid": "98122ecb-6789-40a3-9096-0619c954c00e", "brand": "Nike", "colorway": "Light Soft Pink/Shy Pink-Tan", "condition": "New", "description": "The Nike Dunk Mid Social Status Free Lunch Strawberry Milk features a pale pink leather upper with tonal pink velour overlays a pale yellow pearlescent Swoosh. From there, rope laces, turquoise interior lining, and mini Swoosh on the toe wrap complete the design.\n<br>\n<br>\nThe Nike Dunk Mid Social Status Free Lunch Strawberry Milk released in October of 2021 and retailed for $130.", "media": {"smallImageUrl": "https://images.stockx.com/images/Nike-Dunk-Mid-Social-Status-Light-Soft-Pink-Product.jpg?fit=fill&bg=FFFFFF&w=300&h=214&fm=webp&auto=compress&trim=color&q=90&dpr=2&updated_at=1633027563", "thumbUrl": "https://images.stockx.com/images/Nike-Dunk-Mid-Social-Status-Light-Soft-Pink-Product.jpg?fit=fill&bg=FFFFFF&w=140&h=100&fm=webp&auto=compress&trim=color&q=90&dpr=2&updated_at=1633027563"}, "productCategory": "sneakers", "releaseDate": "2021-10-15", "retailPrice": 130, "shoe": "Nike Dunk Mid", "title": "Nike Dunk Mid Social Status Free Lunch Strawberry Milk", "urlKey": "nike-dunk-mid-social-status-strawberry-milk", "market": {"lowestAsk": 159, "salesThisPeriod": 10, "salesLastPeriod": 0, "highestBid": 215, "volatility": 0.178904, "deadstockSold": 6359, "pricePremium": 0.115, "averageDeadstockPrice": 222, "lastSale": 145, "changeValue": -38, "changePercentage": -0.20765, "lastLowestAskTime": 1663708506, "lastHighestBidTime": 1661004423, "lastSaleDate": "2022-09-20T18:43:57+00:00"}, "objectID": "98122ecb-6789-40a3-9096-0619c954c00e"}, {"id": "cc5d324d-1bef-410c-ac6b-0bf97476a959", "uuid": "cc5d324d-1bef-410c-ac6b-0bf97476a959", "brand": "Nike", "colorway": "White/University Blue", "condition": "New", "description": "", "media": {"smallImageUrl": "https://stockx-assets.imgix.net/media/Product-Placeholder-Default-20210415.jpg?fit=fill&bg=FFFFFF&w=300&h=214&fm=webp&auto=compress&trim=color&q=90&dpr=2&updated_at=0", "thumbUrl": "https://stockx-assets.imgix.net/media/Product-Placeholder-Default-20210415.jpg?fit=fill&bg=FFFFFF&w=140&h=100&fm=webp&auto=compress&trim=color&q=90&dpr=2&updated_at=0"}, "productCategory": "sneakers", "releaseDate": "2022-09-30", "retailPrice": 180, "shoe": "Nike Dunk Low", "title": "Nike Dunk Low Off-White Futura UNC", "urlKey": "nike-dunk-low-off-white-futura-unc", "market": {"lowestAsk": 4103, "salesThisPeriod": 0, "salesLastPeriod": 0, "highestBid": 1000, "volatility": 0, "deadstockSold": 1, "pricePremium": 7.333, "averageDeadstockPrice": 1500, "lastSale": 1500, "changeValue": 0, "changePercentage": 0, "lastLowestAskTime": 1663764096, "lastHighestBidTime": 1662423434, "lastSaleDate": "2022-08-17T17:28:57+00:00"}, "objectID": "cc5d324d-1bef-410c-ac6b-0bf97476a959"}, {"id": "d8aae8b0-cfd8-45f5-b2de-3ef82434beed", "uuid": "d8aae8b0-cfd8-45f5-b2de-3ef82434beed", "brand": "Nike", "childId": null, "colorway": "Sail/Neutral Grey-Light Bone", "condition": "New", "description": "", "media": {"smallImageUrl": "https://images.stockx.com/images/Nike-Dunk-Low-Off-White-Lot-42.jpg?fit=fill&bg=FFFFFF&w=300&h=214&fm=webp&auto=compress&trim=color&q=90&dpr=2&updated_at=1628509317", "thumbUrl": "https://images.stockx.com/images/Nike-Dunk-Low-Off-White-Lot-42.jpg?fit=fill&bg=FFFFFF&w=140&h=100&fm=webp&auto=compress&trim=color&q=90&dpr=2&updated_at=1628509317"}, "productCategory": "sneakers", "releaseDate": "2021-08-09", "retailPrice": 180, "shoe": "Nike Dunk Low", "title": "Nike Dunk Low Off-White Lot 42", "urlKey": "nike-dunk-low-off-white-lot-42", "market": {"lowestAsk": 535, "salesThisPeriod": 2, "salesLastPeriod": 0, "highestBid": 575, "volatility": 0.093091, "deadstockSold": 367, "pricePremium": 2.833, "averageDeadstockPrice": 534, "lastSale": 690, "changeValue": 160, "changePercentage": 0.301887, "lastLowestAskTime": 1663625508, "lastHighestBidTime": 1661361448, "lastSaleDate": "2022-09-19T00:49:40+00:00"}, "objectID": "d8aae8b0-cfd8-45f5-b2de-3ef82434beed"}, {"id": "69d9bd4f-e8ea-43e5-b2d5-501402162ed2", "uuid": "69d9bd4f-e8ea-43e5-b2d5-501402162ed2", "brand": "Nike", "childId": null, "colorway": "Sail/Neutral Grey-Light Ginger", "condition": "New", "description": "", "media": {"smallImageUrl": "https://images.stockx.com/images/Nike-Dunk-Low-Off-White-Lot-34-Product.jpg?fit=fill&bg=FFFFFF&w=300&h=214&fm=webp&auto=compress&trim=color&q=90&dpr=2&updated_at=1635268888", "thumbUrl": "https://images.stockx.com/images/Nike-Dunk-Low-Off-White-Lot-34-Product.jpg?fit=fill&bg=FFFFFF&w=140&h=100&fm=webp&auto=compress&trim=color&q=90&dpr=2&updated_at=1635268888"}, "productCategory": "sneakers", "releaseDate": "2021-08-09", "retailPrice": 180, "shoe": "Nike Dunk Low", "title": "Nike Dunk Low Off-White Lot 34", "urlKey": "nike-dunk-low-off-white-lot-34", "market": {"lowestAsk": 531, "salesThisPeriod": 0, "salesLastPeriod": 0, "highestBid": 526, "volatility": 0.173963, "deadstockSold": 1041, "pricePremium": 2.472, "averageDeadstockPrice": 497, "lastSale": 625, "changeValue": -25, "changePercentage": -0.038462, "lastLowestAskTime": 1663658578, "lastHighestBidTime": 1663602395, "lastSaleDate": "2022-09-16T07:13:37+00:00"}, "objectID": "69d9bd4f-e8ea-43e5-b2d5-501402162ed2"}, {"id": "8c892513-47eb-4603-8b74-860bdb12672c", "uuid": "8c892513-47eb-4603-8b74-860bdb12672c", "brand": "Nike", "colorway": "Pink/Red-White", "condition": "New", "description": "Please note: This listing <b>requires<b> that you include Special Box, 3 pairs of laces (Red,White,Bacon), Print by Sean Cliver, Valentine's Day cards, and stickers. <b> Nike SB celebrated Valentine\u2019s Day by connecting with legendary artists Todd Bratrud and Sean Cliver to release the Nike SB Dunk Low Strangelove Skateboards (Special Box), now available on StockX. Todd has a history of being behind some of the most recognizable Nike SB colorways of all time and the Strangelove Dunk is another example of his creative prowess. \n<br>\n<br>\nThis SB Dunk Low is composed of a pink velvet upper with suede overlays and a red velvet Swoosh. Strangelove branding on the tongue, insole, and translucent outsole completes the design. These sneakers released in February of 2020 and retailed for $100.", "media": {"smallImageUrl": "https://images.stockx.com/images/Nike-SB-Dunk-Low-StrangeLove-Skateboards-Special-Box-1.png?fit=fill&bg=FFFFFF&w=300&h=214&fm=webp&auto=compress&trim=color&q=90&dpr=2&updated_at=1608516372", "thumbUrl": "https://images.stockx.com/images/Nike-SB-Dunk-Low-StrangeLove-Skateboards-Special-Box-1.png?fit=fill&bg=FFFFFF&w=140&h=100&fm=webp&auto=compress&trim=color&q=90&dpr=2&updated_at=1608516372"}, "productCategory": "sneakers", "releaseDate": "2020-02-01", "retailPrice": 100, "shoe": "Nike SB Dunk Low", "title": "Nike SB Dunk Low StrangeLove Skateboards (Special Box)", "urlKey": "nike-sb-dunk-low-strangelove-skateboards-special-box", "market": {"lowestAsk": 1799, "salesThisPeriod": 1, "salesLastPeriod": 0, "highestBid": 6000, "volatility": 0.783534, "deadstockSold": 24, "pricePremium": 9.5, "averageDeadstockPrice": 1997, "lastSale": 1050, "changeValue": 135, "changePercentage": 0.147541, "lastLowestAskTime": 1663747001, "lastHighestBidTime": 1663751580, "lastSaleDate": "2022-09-20T05:11:15+00:00"}, "objectID": "8c892513-47eb-4603-8b74-860bdb12672c"}, {"id": "19adf1e1-d259-4980-9cd8-387de5731018", "uuid": "19adf1e1-d259-4980-9cd8-387de5731018", "brand": "Nike", "colorway": "Black/Vachetta Tan-White-Black", "condition": "New", "description": "Nike SB and Japan\u2019s Medicom Toy brought their collaborative partnership into a new decade with the Nike SB Dunk Low Medicom Toy 2020. Medicom is known for its robust catalog of collectible toys. The Bearbrick figure is one of the most recognizable toys in their product line and is usually the focal point of collaboration for the brand. Nike SB and Medicom started their joint efforts in the early 2000s co-designing SB Dunk Lows and Bearbrick figures. After four releases, a fifth SB Dunk was announced.\n<br>\n<br>\nThe Nike SB Dunk Low Medicom Toy channels a bear in literal terms. A black hairy textile covers the entire upper while white appears at the heel. From there, Medicom branding on the tongue, white midsoles, and a grey outsole accentuate the silhouette\u2019s primarily dark features.\n<br>\n<br>\nThe Nike SB Dunk Low Medicom Toy 2020 released in August of 2020 and retailed for $100.", "media": {"smallImageUrl": "https://images.stockx.com/images/Nike-SB-Dunk-Low-Medicom-Toy-2020-Product.jpg?fit=fill&bg=FFFFFF&w=300&h=214&fm=webp&auto=compress&trim=color&q=90&dpr=2&updated_at=1607059648", "thumbUrl": "https://images.stockx.com/images/Nike-SB-Dunk-Low-Medicom-Toy-2020-Product.jpg?fit=fill&bg=FFFFFF&w=140&h=100&fm=webp&auto=compress&trim=color&q=90&dpr=2&updated_at=1607059648"}, "productCategory": "sneakers", "releaseDate": "2020-08-25", "retailPrice": 125, "shoe": "Nike SB Dunk Low", "title": "Nike SB Dunk Low Medicom Toy (2020)", "urlKey": "nike-sb-dunk-low-medicom-toy-2020", "market": {"lowestAsk": 186, "salesThisPeriod": 9, "salesLastPeriod": 0, "highestBid": 243, "volatility": 0.125956, "deadstockSold": 1041, "pricePremium": 0.824, "averageDeadstockPrice": 221, "lastSale": 228, "changeValue": 28, "changePercentage": 0.14, "lastLowestAskTime": 1662923375, "lastHighestBidTime": 1663681919, "lastSaleDate": "2022-09-20T13:25:45+00:00"}, "objectID": "19adf1e1-d259-4980-9cd8-387de5731018"}, {"id": "a8ba16a1-5f01-4cf3-bc01-f6723981e075", "uuid": "a8ba16a1-5f01-4cf3-bc01-f6723981e075", "brand": "Nike", "colorway": "Sail/Neutral Grey-Orange Pulse", "condition": "New", "description": "", "media": {"smallImageUrl": "https://images.stockx.com/images/Nike-Dunk-Low-Off-White-Lot-19-Product.jpg?fit=fill&bg=FFFFFF&w=300&h=214&fm=webp&auto=compress&trim=color&q=90&dpr=2&updated_at=1638552273", "thumbUrl": "https://images.stockx.com/images/Nike-Dunk-Low-Off-White-Lot-19-Product.jpg?fit=fill&bg=FFFFFF&w=140&h=100&fm=webp&auto=compress&trim=color&q=90&dpr=2&updated_at=1638552273"}, "productCategory": "sneakers", "releaseDate": "2021-08-09", "retailPrice": 180, "shoe": "Nike Dunk Low", "title": "Nike Dunk Low Off-White Lot 19", "urlKey": "nike-dunk-low-off-white-lot-19", "market": {"lowestAsk": 420, "salesThisPeriod": 3, "salesLastPeriod": 0, "highestBid": 569, "volatility": 0.073677, "deadstockSold": 756, "pricePremium": 1.556, "averageDeadstockPrice": 430, "lastSale": 460, "changeValue": 47, "changePercentage": 0.113801, "lastLowestAskTime": 1663772945, "lastHighestBidTime": 1661704922, "lastSaleDate": "2022-09-21T05:59:02+00:00"}, "objectID": "a8ba16a1-5f01-4cf3-bc01-f6723981e075"}, {"id": "c968dfa4-cba3-4af5-9ebd-b00824ddf2b7", "uuid": "c968dfa4-cba3-4af5-9ebd-b00824ddf2b7", "brand": "Nike", "colorway": "Black/Yellow Strike-Saturn", "condition": "New", "description": "The Nike Dunk High 1985 Yellow Acid Wash celebrates the aged effects of sneakers over time. Washed out black and yellow graphic overlays emphasize the appearance of wear and tear, while yellowed soles nod to the oxidation process. Also, these Dunks arrive in the design's original, high-cut form, explaining why they have a different shape from other Dunk Highs, which have more of a mid-cut silhouette.\n<br>\n<br>\nThe Nike Dunk High 1985 Yellow Acid Wash released in February of 2022 and retailed for $130.", "media": {"smallImageUrl": "https://images.stockx.com/images/Nike-Dunk-High-Yellow-Acid-Wash-Black-Product.jpg?fit=fill&bg=FFFFFF&w=300&h=214&fm=webp&auto=compress&trim=color&q=90&dpr=2&updated_at=1638552247", "thumbUrl": "https://images.stockx.com/images/Nike-Dunk-High-Yellow-Acid-Wash-Black-Product.jpg?fit=fill&bg=FFFFFF&w=140&h=100&fm=webp&auto=compress&trim=color&q=90&dpr=2&updated_at=1638552247"}, "productCategory": "sneakers", "releaseDate": "2022-02-23", "retailPrice": 130, "shoe": "Nike Dunk High 1985 SP", "title": "Nike Dunk High 1985 SP Yellow Acid Wash", "urlKey": "nike-dunk-high-yellow-acid-wash-black", "market": {"lowestAsk": 70, "salesThisPeriod": 19, "salesLastPeriod": 0, "highestBid": 96, "volatility": 0.114518, "deadstockSold": 2049, "pricePremium": -0.308, "averageDeadstockPrice": 122, "lastSale": 90, "changeValue": 10, "changePercentage": 0.122816, "lastLowestAskTime": 1663733765, "lastHighestBidTime": 1663557795, "lastSaleDate": "2022-09-21T18:31:24+00:00"}, "objectID": "c968dfa4-cba3-4af5-9ebd-b00824ddf2b7"}, {"id": "a66bb565-1038-40e4-aaf3-51556383570f", "uuid": "a66bb565-1038-40e4-aaf3-51556383570f", "brand": "Nike", "colorway": "Fossil Stone/Black/Sail", "condition": "New", "description": "", "media": {"smallImageUrl": "https://images.stockx.com/images/Nike-Dunk-High-Fossil-Stone-W-Product.jpg?fit=fill&bg=FFFFFF&w=300&h=214&fm=webp&auto=compress&trim=color&q=90&dpr=2&updated_at=1658815766", "thumbUrl": "https://images.stockx.com/images/Nike-Dunk-High-Fossil-Stone-W-Product.jpg?fit=fill&bg=FFFFFF&w=140&h=100&fm=webp&auto=compress&trim=color&q=90&dpr=2&updated_at=1658815766"}, "productCategory": "sneakers", "releaseDate": "", "retailPrice": 120, "shoe": "Nike Dunk High", "title": "Nike Dunk High Fossil Stone (W)", "urlKey": "nike-dunk-high-fossil-stone-w", "market": {"lowestAsk": 135, "salesThisPeriod": 17, "salesLastPeriod": 0, "highestBid": 150, "volatility": 0.057914, "deadstockSold": 415, "pricePremium": 0.168, "averageDeadstockPrice": 150, "lastSale": 140, "changeValue": 1, "changePercentage": 0.001201, "lastLowestAskTime": 1663803380, "lastHighestBidTime": 1663439578, "lastSaleDate": "2022-09-21T21:45:21+00:00"}, "objectID": "a66bb565-1038-40e4-aaf3-51556383570f"}, {"id": "c2568641-0e1f-44ae-8268-23c8fb75f7a8", "uuid": "c2568641-0e1f-44ae-8268-23c8fb75f7a8", "brand": "Nike", "childId": null, "colorway": "White/Black-Green-Red-Gum", "condition": "New", "description": "", "media": {"smallImageUrl": "https://images.stockx.com/images/Nike-SB-Dunk-Low-Frame-Skate-Habibi-Product.jpg?fit=fill&bg=FFFFFF&w=300&h=214&fm=webp&auto=compress&trim=color&q=90&dpr=2&updated_at=1609446362", "thumbUrl": "https://images.stockx.com/images/Nike-SB-Dunk-Low-Frame-Skate-Habibi-Product.jpg?fit=fill&bg=FFFFFF&w=140&h=100&fm=webp&auto=compress&trim=color&q=90&dpr=2&updated_at=1609446362"}, "productCategory": "sneakers", "releaseDate": "2020-12-05", "retailPrice": 110, "shoe": "Nike SB Dunk Low", "title": "Nike SB Dunk Low Frame Skate Habibi", "urlKey": "nike-sb-dunk-low-frame-skate-habibi", "market": {"lowestAsk": 787, "salesThisPeriod": 4, "salesLastPeriod": 0, "highestBid": 851, "volatility": 0.132407, "deadstockSold": 422, "pricePremium": 6.682, "averageDeadstockPrice": 830, "lastSale": 845, "changeValue": 6, "changePercentage": 0.006501, "lastLowestAskTime": 1663741715, "lastHighestBidTime": 1663368309, "lastSaleDate": "2022-09-20T21:00:09+00:00"}, "objectID": "c2568641-0e1f-44ae-8268-23c8fb75f7a8"}, {"id": "3c4e1471-863a-469a-91dc-70f62574aa2d", "uuid": "3c4e1471-863a-469a-91dc-70f62574aa2d", "brand": "Nike", "colorway": "White/Royal-University Red", "condition": "New", "description": "The Nike Dunk Low USA (Women) was launched as a women\u2019s edition of the USA-themed Nike Dunk Lows in June 2022.\n<br>\n<br>\nThe Nike Dunk Low USA (Women) sneaker features a trifecta USA-themed university red, white, and royal blue colorway. The sneaker has adopted a typical Dunk fashion\u2019s white leather base layer with the side Swoosh appearing in a university red color and blue overlays. The blue laces contrast the white mesh tongue. The blue insole features a university red colored Nike Air branding. The sneaker\u2019s design is completed by a white Dunk midsole atop a blue parted patterned rubber outsole.\n<br>\n<br>\nDuring its release in June 2022, Nike Dunk Low USA (Women) retailed at $100.", "media": {"smallImageUrl": "https://images.stockx.com/images/Nike-Dunk-Low-USA-W.jpg?fit=fill&bg=FFFFFF&w=300&h=214&fm=webp&auto=compress&trim=color&q=90&dpr=2&updated_at=1649663806", "thumbUrl": "https://images.stockx.com/images/Nike-Dunk-Low-USA-W.jpg?fit=fill&bg=FFFFFF&w=140&h=100&fm=webp&auto=compress&trim=color&q=90&dpr=2&updated_at=1649663806"}, "productCategory": "sneakers", "releaseDate": "", "retailPrice": 100, "shoe": "Nike Dunk Low", "title": "Nike Dunk Low USA (W)", "urlKey": "nike-dunk-low-usa-w", "market": {"lowestAsk": 117, "salesThisPeriod": 6, "salesLastPeriod": 0, "highestBid": 160, "volatility": 0.192229, "deadstockSold": 826, "pricePremium": 0.29, "averageDeadstockPrice": 132, "lastSale": 129, "changeValue": 18, "changePercentage": 0.162162, "lastLowestAskTime": 1663354995, "lastHighestBidTime": 1663450272, "lastSaleDate": "2022-09-20T17:31:40+00:00"}, "objectID": "3c4e1471-863a-469a-91dc-70f62574aa2d"}, {"id": "cdb0cd6b-4532-40ac-a8df-d3e741ff7941", "uuid": "cdb0cd6b-4532-40ac-a8df-d3e741ff7941", "brand": "Nike", "colorway": "Mineral Slate/Sail-Black-White", "condition": "New", "description": "Nike SB releases the Dunk High with the updated Air Zoom branding in this Nike SB Dunk High Green Suede.\n<br>\n<br>\nThe Nike SB Dunk High Green Suede starts with a black textile construction on the upper, which is noted on the toe, side panels, and ankle collar. For contrast, green suede is added throughout the overlays and on the laces, tongue tag, and inner liner. Additional details include \"Nike SB\" and \"AIR ZOOM\" branding on the insoles, white suede Swooshes on the side panels, white rubber midsoles, and black rubber outsoles.\n<br>\n<br>\nThe Nike SB Dunk High Green Suede was released in February 2022 and retailed for $120.", "media": {"smallImageUrl": "https://images.stockx.com/images/Nike-SB-Dunk-High-Green-Suede-Productvv.jpg?fit=fill&bg=FFFFFF&w=300&h=214&fm=webp&auto=compress&trim=color&q=90&dpr=2&updated_at=1649779284", "thumbUrl": "https://images.stockx.com/images/Nike-SB-Dunk-High-Green-Suede-Productvv.jpg?fit=fill&bg=FFFFFF&w=140&h=100&fm=webp&auto=compress&trim=color&q=90&dpr=2&updated_at=1649779284"}, "productCategory": "sneakers", "releaseDate": "2022-02-19", "retailPrice": 120, "shoe": "Nike SB Dunk High Pro", "title": "Nike SB Dunk High Pro Mineral Slate Suede", "urlKey": "nike-sb-dunk-high-green-suede", "market": {"lowestAsk": 120, "salesThisPeriod": 19, "salesLastPeriod": 0, "highestBid": 140, "volatility": 0.11272, "deadstockSold": 1274, "pricePremium": 0.316, "averageDeadstockPrice": 149, "lastSale": 158, "changeValue": 32, "changePercentage": 0.25332, "lastLowestAskTime": 1663551948, "lastHighestBidTime": 1663527251, "lastSaleDate": "2022-09-21T20:02:39+00:00"}, "objectID": "cdb0cd6b-4532-40ac-a8df-d3e741ff7941"}, {"id": "4b58a3a0-8176-4ca8-af91-3af51480206e", "uuid": "4b58a3a0-8176-4ca8-af91-3af51480206e", "brand": "Nike", "colorway": "Yellow Ochre/Terra Brown", "condition": "New", "description": "", "media": {"smallImageUrl": "https://images.stockx.com/images/Nike-Dunk-SB-Low-Yellow-Lobster-Product.jpg?fit=fill&bg=FFFFFF&w=300&h=214&fm=webp&auto=compress&trim=color&q=90&dpr=2&updated_at=1606324855", "thumbUrl": "https://images.stockx.com/images/Nike-Dunk-SB-Low-Yellow-Lobster-Product.jpg?fit=fill&bg=FFFFFF&w=140&h=100&fm=webp&auto=compress&trim=color&q=90&dpr=2&updated_at=1606324855"}, "productCategory": "sneakers", "releaseDate": "2009-07-27", "retailPrice": 0, "shoe": "Nike SB Dunk Low", "title": "Nike SB Dunk Low Yellow Lobster", "urlKey": "nike-dunk-sb-low-yellow-lobster", "market": {"lowestAsk": 50000, "salesThisPeriod": 0, "salesLastPeriod": 0, "highestBid": 17642, "volatility": 0, "deadstockSold": 0, "pricePremium": 0, "averageDeadstockPrice": 0, "lastSale": 42634, "changeValue": 26135, "changePercentage": 1.5839, "lastLowestAskTime": 1661912042, "lastHighestBidTime": 1661289592, "lastSaleDate": "2021-05-23T17:37:41+00:00"}, "objectID": "4b58a3a0-8176-4ca8-af91-3af51480206e"}, {"id": "7e8084c2-57b9-4be1-88fb-47b8c7cbad46", "uuid": "7e8084c2-57b9-4be1-88fb-47b8c7cbad46", "brand": "Nike", "colorway": "Wheat/Light Fusion Red-Dark Purple", "condition": "New", "description": "", "media": {"smallImageUrl": "https://images.stockx.com/images/Nike-SB-Dunk-Low-Reverse-Papa-Bear-Product.jpg?fit=fill&bg=FFFFFF&w=300&h=214&fm=webp&auto=compress&trim=color&q=90&dpr=2&updated_at=1621444366", "thumbUrl": "https://images.stockx.com/images/Nike-SB-Dunk-Low-Reverse-Papa-Bear-Product.jpg?fit=fill&bg=FFFFFF&w=140&h=100&fm=webp&auto=compress&trim=color&q=90&dpr=2&updated_at=1621444366"}, "productCategory": "sneakers", "releaseDate": "2021-05-01", "retailPrice": 100, "shoe": "Nike SB Dunk Low", "title": "Nike SB Dunk Low Reverse Papa Bear", "urlKey": "nike-sb-dunk-low-reverse-papa-bear", "market": {"lowestAsk": 200, "salesThisPeriod": 6, "salesLastPeriod": 0, "highestBid": 300, "volatility": 0.141475, "deadstockSold": 1828, "pricePremium": 0.89, "averageDeadstockPrice": 234, "lastSale": 189, "changeValue": -14, "changePercentage": -0.068966, "lastLowestAskTime": 1663624261, "lastHighestBidTime": 1663161484, "lastSaleDate": "2022-09-20T01:01:05+00:00"}, "objectID": "7e8084c2-57b9-4be1-88fb-47b8c7cbad46"}, {"id": "0a7465cb-9a93-4f85-9553-f0946c6d26fb", "uuid": "0a7465cb-9a93-4f85-9553-f0946c6d26fb", "brand": "Nike", "colorway": "Pro Green/White-Washed Teal", "condition": "New", "description": "", "media": {"smallImageUrl": "https://images.stockx.com/images/Nike-Dunk-High-Retro-SE-Athletic-Club-Pro-Green-Product.jpg?fit=fill&bg=FFFFFF&w=300&h=214&fm=webp&auto=compress&trim=color&q=90&dpr=2&updated_at=1657026709", "thumbUrl": "https://images.stockx.com/images/Nike-Dunk-High-Retro-SE-Athletic-Club-Pro-Green-Product.jpg?fit=fill&bg=FFFFFF&w=140&h=100&fm=webp&auto=compress&trim=color&q=90&dpr=2&updated_at=1657026709"}, "productCategory": "sneakers", "releaseDate": "", "retailPrice": 120, "shoe": "Nike Dunk High Retro SE", "title": "Nike Dunk High Retro SE Athletic Club Pro Green", "urlKey": "nike-dunk-high-retro-se-athletic-club-pro-green", "market": {"lowestAsk": 79, "salesThisPeriod": 13, "salesLastPeriod": 0, "highestBid": 100, "volatility": 0.068086, "deadstockSold": 123, "pricePremium": -0.175, "averageDeadstockPrice": 108, "lastSale": 99, "changeValue": 10, "changePercentage": 0.11236, "lastLowestAskTime": 1663593446, "lastHighestBidTime": 1663434750, "lastSaleDate": "2022-09-21T20:21:01+00:00"}, "objectID": "0a7465cb-9a93-4f85-9553-f0946c6d26fb"}, {"id": "3d9abdf6-44b1-4049-be6a-c6a7a2a4aff4", "uuid": "3d9abdf6-44b1-4049-be6a-c6a7a2a4aff4", "brand": "Nike", "childId": null, "colorway": "Muslin/Black-Muslin", "condition": "New", "description": "Nike SB brought back early-2000s vibes with the Nike SB Dunk Low Pro Hennessy, now available on StockX.  This colorway draws inspiration from vintage Hennessy bottles, adding a cognac touch to a classic silhouette.\n<br>\n<br>\nThis SB Dunk Low is composed of a leather light gold upper with suede overlays and a mesh tongue. A black Swoosh, rustic rubber midsole, and gold heel tabs completes the design. These sneakers released in April of 2020 and retailed for $100.", "media": {"smallImageUrl": "https://images.stockx.com/images/Nike-SB-Dunk-Low-Pro-Hennessy-Product.jpg?fit=fill&bg=FFFFFF&w=300&h=214&fm=webp&auto=compress&trim=color&q=90&dpr=2&updated_at=1607048142", "thumbUrl": "https://images.stockx.com/images/Nike-SB-Dunk-Low-Pro-Hennessy-Product.jpg?fit=fill&bg=FFFFFF&w=140&h=100&fm=webp&auto=compress&trim=color&q=90&dpr=2&updated_at=1607048142"}, "productCategory": "sneakers", "releaseDate": "2020-04-01", "retailPrice": 100, "shoe": "Nike SB Dunk Low Pro", "title": "Nike SB Dunk Low Pro Hennessy", "urlKey": "nike-sb-dunk-low-pro-hennessy", "market": {"lowestAsk": 280, "salesThisPeriod": 0, "salesLastPeriod": 0, "highestBid": 367, "volatility": 0.123453, "deadstockSold": 492, "pricePremium": 3.9, "averageDeadstockPrice": 335, "lastSale": 490, "changeValue": 80, "changePercentage": 0.192768, "lastLowestAskTime": 1661746142, "lastHighestBidTime": 1663666610, "lastSaleDate": "2022-09-16T08:18:35+00:00"}, "objectID": "3d9abdf6-44b1-4049-be6a-c6a7a2a4aff4"}, {"id": "1d8ae61c-1b9c-4d5d-92c3-e5e989eda377", "uuid": "1d8ae61c-1b9c-4d5d-92c3-e5e989eda377", "brand": "Nike", "colorway": "Sail/Neutral Grey-Energy", "condition": "New", "description": "", "media": {"smallImageUrl": "https://images.stockx.com/images/Nike-Dunk-Low-Off-White-Lot-36-Product.jpg?fit=fill&bg=FFFFFF&w=300&h=214&fm=webp&auto=compress&trim=color&q=90&dpr=2&updated_at=1647445618", "thumbUrl": "https://images.stockx.com/images/Nike-Dunk-Low-Off-White-Lot-36-Product.jpg?fit=fill&bg=FFFFFF&w=140&h=100&fm=webp&auto=compress&trim=color&q=90&dpr=2&updated_at=1647445618"}, "productCategory": "sneakers", "releaseDate": "2021-08-09", "retailPrice": 180, "shoe": "Nike Dunk Low", "title": "Nike Dunk Low Off-White Lot 36", "urlKey": "nike-dunk-low-off-white-lot-36", "market": {"lowestAsk": 519, "salesThisPeriod": 2, "salesLastPeriod": 0, "highestBid": 501, "volatility": 0.157162, "deadstockSold": 952, "pricePremium": 2.306, "averageDeadstockPrice": 497, "lastSale": 595, "changeValue": 156, "changePercentage": 0.352902, "lastLowestAskTime": 1663152696, "lastHighestBidTime": 1663582052, "lastSaleDate": "2022-09-18T08:04:07+00:00"}, "objectID": "1d8ae61c-1b9c-4d5d-92c3-e5e989eda377"}, {"id": "c3fe9e73-dcf3-4715-8ea6-8b6738411fbb", "uuid": "c3fe9e73-dcf3-4715-8ea6-8b6738411fbb", "brand": "Nike", "colorway": "White/Black", "condition": "New", "description": "", "media": {"smallImageUrl": "https://images.stockx.com/images/Nike-Dunk-High-Reverse-Panda-Product.jpg?fit=fill&bg=FFFFFF&w=300&h=214&fm=webp&auto=compress&trim=color&q=90&dpr=2&updated_at=1661942154", "thumbUrl": "https://images.stockx.com/images/Nike-Dunk-High-Reverse-Panda-Product.jpg?fit=fill&bg=FFFFFF&w=140&h=100&fm=webp&auto=compress&trim=color&q=90&dpr=2&updated_at=1661942154"}, "productCategory": "sneakers", "releaseDate": "", "retailPrice": 110, "shoe": "Nike Dunk High", "title": "Nike Dunk High Reverse Panda", "urlKey": "nike-dunk-high-reverse-panda", "market": {"lowestAsk": 113, "salesThisPeriod": 4, "salesLastPeriod": 0, "highestBid": 120, "volatility": 0.086437, "deadstockSold": 252, "pricePremium": 0.073, "averageDeadstockPrice": 131, "lastSale": 118, "changeValue": 4, "changePercentage": 0.035088, "lastLowestAskTime": 1663708897, "lastHighestBidTime": 1663648485, "lastSaleDate": "2022-09-20T14:16:08+00:00"}, "objectID": "c3fe9e73-dcf3-4715-8ea6-8b6738411fbb"}, {"id": "aa6d480e-0101-4435-b238-8fb88e30e71e", "uuid": "aa6d480e-0101-4435-b238-8fb88e30e71e", "brand": "Nike", "colorway": "Chile Red/White-Safety Orange", "condition": "New", "description": "PLEASE NOTE:Due to this being a sample, shoebox is not guaranteed.", "media": {"smallImageUrl": "https://images.stockx.com/images/Nike-SB-Dunk-Low-7-Eleven-Product.jpg?fit=fill&bg=FFFFFF&w=300&h=214&fm=webp&auto=compress&trim=color&q=90&dpr=2&updated_at=1608516539", "thumbUrl": "https://images.stockx.com/images/Nike-SB-Dunk-Low-7-Eleven-Product.jpg?fit=fill&bg=FFFFFF&w=140&h=100&fm=webp&auto=compress&trim=color&q=90&dpr=2&updated_at=1608516539"}, "productCategory": "sneakers", "releaseDate": "", "retailPrice": 100, "shoe": "Nike SB Dunk Low", "title": "Nike SB Dunk Low 7-Eleven", "urlKey": "nike-sb-dunk-low-7-eleven", "market": {"lowestAsk": 1379, "salesThisPeriod": 0, "salesLastPeriod": 0, "highestBid": 1819, "volatility": 0.214124, "deadstockSold": 43, "pricePremium": 28.99, "averageDeadstockPrice": 1684, "lastSale": 2999, "changeValue": 401, "changePercentage": 0.154349, "lastLowestAskTime": 1663096189, "lastHighestBidTime": 1663080290, "lastSaleDate": "2022-09-16T13:24:29+00:00"}, "objectID": "aa6d480e-0101-4435-b238-8fb88e30e71e"}, {"id": "fa4d0e3d-dd73-44e6-80f1-15cd66110d4c", "uuid": "fa4d0e3d-dd73-44e6-80f1-15cd66110d4c", "brand": "Nike", "colorway": "Dark Curry/Tan-Shy Pink-University Blue", "condition": "New", "description": "The Nike Dunk Mid Social Status Chocolate Milk fully embodies the staple cafeteria beverage. It arrives in a tonal brown velour and tumbled leather construction with pink semi-translucent Swooshes. From there, green Social Status and Nike branded tongues are reminiscent of milk crates.\n<br>\n<br>\nThe Nike Dunk Mid Social Status Chocolate Milk released in September of 2021 and retailed for $130.", "media": {"smallImageUrl": "https://images.stockx.com/images/Nike-Dunk-Mid-Social-Status-Burnt-Brown-Product.jpg?fit=fill&bg=FFFFFF&w=300&h=214&fm=webp&auto=compress&trim=color&q=90&dpr=2&updated_at=1632232211", "thumbUrl": "https://images.stockx.com/images/Nike-Dunk-Mid-Social-Status-Burnt-Brown-Product.jpg?fit=fill&bg=FFFFFF&w=140&h=100&fm=webp&auto=compress&trim=color&q=90&dpr=2&updated_at=1632232211"}, "productCategory": "sneakers", "releaseDate": "2021-09-17", "retailPrice": 130, "shoe": "Nike Dunk Mid", "title": "Nike Dunk Mid Social Status Free Lunch Chocolate Milk", "urlKey": "nike-dunk-mid-social-status-chocolate-milk", "market": {"lowestAsk": 160, "salesThisPeriod": 9, "salesLastPeriod": 0, "highestBid": 222, "volatility": 0.228585, "deadstockSold": 5749, "pricePremium": 0.454, "averageDeadstockPrice": 229, "lastSale": 189, "changeValue": 34, "changePercentage": 0.219355, "lastLowestAskTime": 1663798997, "lastHighestBidTime": 1663103333, "lastSaleDate": "2022-09-21T14:10:27+00:00"}, "objectID": "fa4d0e3d-dd73-44e6-80f1-15cd66110d4c"}, {"id": "4ad14e70-90b7-496c-a088-6b0012cfb12e", "uuid": "4ad14e70-90b7-496c-a088-6b0012cfb12e", "brand": "Nike", "colorway": "Coconut Milk/Coconut Milk/Coconut Milk", "condition": "New", "description": "", "media": {"smallImageUrl": "https://images.stockx.com/images/Nike-Dunk-Low-Disrupt-Coconut-Milk-W-Product.jpg?fit=fill&bg=FFFFFF&w=300&h=214&fm=webp&auto=compress&trim=color&q=90&dpr=2&updated_at=1636391719", "thumbUrl": "https://images.stockx.com/images/Nike-Dunk-Low-Disrupt-Coconut-Milk-W-Product.jpg?fit=fill&bg=FFFFFF&w=140&h=100&fm=webp&auto=compress&trim=color&q=90&dpr=2&updated_at=1636391719"}, "productCategory": "sneakers", "releaseDate": "2022-01-06", "retailPrice": 110, "shoe": "Nike Dunk Low Disrupt", "title": "Nike Dunk Low Disrupt Coconut Milk (W)", "urlKey": "nike-dunk-low-disrupt-coconut-milk-w", "market": {"lowestAsk": 155, "salesThisPeriod": 6, "salesLastPeriod": 0, "highestBid": 160, "volatility": 0.139184, "deadstockSold": 2308, "pricePremium": 0.445, "averageDeadstockPrice": 160, "lastSale": 159, "changeValue": -48, "changePercentage": -0.233749, "lastLowestAskTime": 1663707157, "lastHighestBidTime": 1663538019, "lastSaleDate": "2022-09-20T14:27:19+00:00"}, "objectID": "4ad14e70-90b7-496c-a088-6b0012cfb12e"}, {"id": "b4797002-89b7-4edb-95ab-24357f151e58", "uuid": "b4797002-89b7-4edb-95ab-24357f151e58", "brand": "StockX", "colorway": "", "condition": "New", "description": "This StockX Vault NFT represents and tracks proof of ownership of the actual sneaker stored within our StockX Vault, which has been verified via StockX\u2019s authentication process.  <br><br>\n\nA piece of sneaker collab history, the Nike SB Dunk Low Ben & Jerry\u2019s Chunky Dunky is now a part of StockX's Vault NFT experience. Drawing inspiration from Ben & Jerry\u2019s colorful ice cream pint packaging, this release goes beyond a simple new colorway and features unique detailing that had never been used before on the Dunk Low silhouette. This Nike SB Dunk Low is composed of a cloudy blue sky and green meadow leather upper with faux cowhide on the overlays and tongues. Yellow Swooshes on the side resemble melting ice cream with leather protruding the standard pattern in a drip-like fashion. Tie-dye interiors, Ben & Jerry\u2019s style Nike branding on the heel tab, and a white and green sole completes the design. These sneakers released in May of 2020 and retailed for $100 USD.<br><br>\n\nFor storing this card with StockX Vault, you may be granted exclusive access to StockX benefits.<br><br>  \n\nTo see this NFT on the blockchain, <a href=\"https://etherscan.io/address/0x9212c3e33eafb390d0d215950bd8bea1fcc24324\">click here</a>. You can learn more about NFTs on StockX <a href=\"https://stockx.com/lp/nfts\">here</a>. <br><br>\n\nThe Fine Print:<br>\n- The Vault NFT is not affiliated or associated with, sponsored by, or officially connected to Nike or any of its subsidiaries or affiliates. Any Nike name(s), use and trademark(s) used in the Vault NFT are all the property of Nike and are used in the Vault NFT solely to refer to the physical product to which the Vault NFT corresponds. For more information on official Nike products, please visit www.nike.com.<br>\n- If the physical item associated with this Vault NFT is redeemed by the owner, it is removed from the StockX Vault and shipped to the owner. StockX will then remove the Vault NFT from the owner's Portfolio and from circulation (i.e., \"burn\" the Vault NFT). Owners can request to withdraw the physical item from the StockX Vault by filling out the Vault Redemption Form, <a href=\"https://stockx.com/help/contact/nft-redeem\" target=\"_new\">which can be found here</a>.<br>\n- Minted on Ethereum blockchain.\n", "media": {"smallImageUrl": "https://images.stockx.com/images/chunky-dunky-vault-nft.jpg?fit=fill&bg=FFFFFF&w=300&h=214&fm=webp&auto=compress&trim=color&q=90&dpr=2&updated_at=1642520738", "thumbUrl": "https://images.stockx.com/images/chunky-dunky-vault-nft.jpg?fit=fill&bg=FFFFFF&w=140&h=100&fm=webp&auto=compress&trim=color&q=90&dpr=2&updated_at=1642520738"}, "productCategory": "nft", "releaseDate": "2022-01-18", "retailPrice": 0, "shoe": "Vaulted Goods", "title": "StockX Vault NFT Nike SB Dunk Low Ben & Jerry\u2019s Chunky Dunky - US M 10 Vaulted Goods", "urlKey": "chunky-dunky-vault-nft", "market": {"lowestAsk": 0, "salesThisPeriod": 0, "salesLastPeriod": 0, "highestBid": 1205, "volatility": 1.6753, "deadstockSold": 12, "pricePremium": 0, "averageDeadstockPrice": 2673, "lastSale": 900, "changeValue": -850, "changePercentage": -0.485714, "lastLowestAskTime": 0, "lastHighestBidTime": 1662745966, "lastSaleDate": "2022-08-24T19:22:34+00:00"}, "objectID": "b4797002-89b7-4edb-95ab-24357f151e58"}, {"id": "da85e3c8-76f4-4942-90f8-e17b337c297b", "uuid": "da85e3c8-76f4-4942-90f8-e17b337c297b", "brand": "Nike", "colorway": "Black/Neutral Grey/University Blue/White", "condition": "New", "description": "The mismatched nature between the Nike Dunk Low Scrap\u00a0Black Neutral Grey University Blue White left and right shoe results from stitching together a mixture of off-cut materials from Nike factories.\n<br>\n<br>\nThe Nike Dunk\u00a0Low Scrap Black Neutral Grey University Blue White silhouette is constructed using a mix of leather and mesh materials in abstract style with detailing of exposed stitching and patchwork overlays. To complete the shoe's design is a white midsole over a blue rubber outsole.\n<br>\n<br>\nNike Dunk Low Scrap Black Neutral Grey University Blue White model was released in May 2022, retailing at $110.", "media": {"smallImageUrl": "https://images.stockx.com/images/Nike-Dunk-Low-Scrap-Black-Neutral-Grey-University-Blue-White-Product.jpg?fit=fill&bg=FFFFFF&w=300&h=214&fm=webp&auto=compress&trim=color&q=90&dpr=2&updated_at=1657026747", "thumbUrl": "https://images.stockx.com/images/Nike-Dunk-Low-Scrap-Black-Neutral-Grey-University-Blue-White-Product.jpg?fit=fill&bg=FFFFFF&w=140&h=100&fm=webp&auto=compress&trim=color&q=90&dpr=2&updated_at=1657026747"}, "productCategory": "sneakers", "releaseDate": "2022-05-01", "retailPrice": 110, "shoe": "Nike Dunk Low Scrap", "title": "Nike Dunk Low Scrap Black Neutral Grey University Blue White", "urlKey": "nike-dunk-low-scrap-black-neutral-grey-university-blue-white", "market": {"lowestAsk": 157, "salesThisPeriod": 3, "salesLastPeriod": 0, "highestBid": 195, "volatility": 0.184559, "deadstockSold": 475, "pricePremium": 0.791, "averageDeadstockPrice": 159, "lastSale": 197, "changeValue": -55, "changePercentage": -0.218254, "lastLowestAskTime": 1663585444, "lastHighestBidTime": 1663802564, "lastSaleDate": "2022-09-21T23:14:25+00:00"}, "objectID": "da85e3c8-76f4-4942-90f8-e17b337c297b"}, {"id": "7de8f559-237d-4c83-bc7e-c64858bdfb12", "uuid": "7de8f559-237d-4c83-bc7e-c64858bdfb12", "brand": "Nike", "colorway": "Black/Ceramic-Nori", "condition": "New", "description": "The Nike Dunk Low Ceramic made its return in 2020. Originally released in 2001, the Ceramic colorway was a part of the \"Ugly Duckling\" pack with fellow pack-mates the Veener and Plum, which have each seen a retro treatment in 2020. This week\u2019s release brings back the nearly 10-year old colorway, giving fans of the OG pair a way to re-up or add it to their collection.\n<br>\n<br>\nSimilar to the other colorways within the pack, the Nike Dunk Low Ceramic is composed of a premium suede upper. Orange appears throughout the upper with hits of black and green on the toe and Nike Swoosh. Lastly, a mesh tongue wraps the sneaker up, bringing it back in true original form.\n<br>\n<br>\nThe Nike Dunk Low Ceramic released in November of 2020 for $100.\n", "media": {"smallImageUrl": "https://images.stockx.com/images/Nike-Dunk-Low-Ceramic-2020-Product.jpg?fit=fill&bg=FFFFFF&w=300&h=214&fm=webp&auto=compress&trim=color&q=90&dpr=2&updated_at=1609369734", "thumbUrl": "https://images.stockx.com/images/Nike-Dunk-Low-Ceramic-2020-Product.jpg?fit=fill&bg=FFFFFF&w=140&h=100&fm=webp&auto=compress&trim=color&q=90&dpr=2&updated_at=1609369734"}, "productCategory": "sneakers", "releaseDate": "2020-11-19", "retailPrice": 100, "shoe": "Nike Dunk Low", "title": "Nike Dunk Low Ceramic (2020)", "urlKey": "nike-dunk-low-ceramic-2020", "market": {"lowestAsk": 240, "salesThisPeriod": 13, "salesLastPeriod": 0, "highestBid": 301, "volatility": 0.111154, "deadstockSold": 1199, "pricePremium": 1.66, "averageDeadstockPrice": 306, "lastSale": 266, "changeValue": 1, "changePercentage": 0.003774, "lastLowestAskTime": 1663764200, "lastHighestBidTime": 1663764972, "lastSaleDate": "2022-09-21T05:00:16+00:00"}, "objectID": "7de8f559-237d-4c83-bc7e-c64858bdfb12"}, {"id": "c8cc3faa-a8ea-4b8b-bfe7-7b54e9b51c46", "uuid": "c8cc3faa-a8ea-4b8b-bfe7-7b54e9b51c46", "brand": "Nike", "childId": null, "colorway": "Blue Fury/Deep Royal-Blue Fury", "condition": "New", "description": "Nike SB brought back early-2000s vibes with the Nike SB Dunk Low Pro Blue Fury, now available on StockX.  This colorway is reminiscent of traditional Hypnotiq branding, adding an electric feel to a classic silhouette.\n<br>\n<br>\nThis SB Dunk Low is composed of a leather Blue Fury upper with suede overlays and a mesh tongue. A deep blue Swoosh, white midsole, and an icy translucent outsole completes the design. These sneakers released in April of 2020 and retailed for $100.", "media": {"smallImageUrl": "https://images.stockx.com/images/Nike-SB-Dunk-Low-Pro-Blue-Fury_Product.jpg?fit=fill&bg=FFFFFF&w=300&h=214&fm=webp&auto=compress&trim=color&q=90&dpr=2&updated_at=1607059691", "thumbUrl": "https://images.stockx.com/images/Nike-SB-Dunk-Low-Pro-Blue-Fury_Product.jpg?fit=fill&bg=FFFFFF&w=140&h=100&fm=webp&auto=compress&trim=color&q=90&dpr=2&updated_at=1607059691"}, "productCategory": "sneakers", "releaseDate": "2020-04-01", "retailPrice": 100, "shoe": "Nike SB Dunk Low Pro", "title": "Nike SB Dunk Low Pro Blue Fury", "urlKey": "nike-sb-dunk-low-pro-blue-fury", "market": {"lowestAsk": 200, "salesThisPeriod": 2, "salesLastPeriod": 0, "highestBid": 365, "volatility": 0.234934, "deadstockSold": 501, "pricePremium": 1.777, "averageDeadstockPrice": 282, "lastSale": 278, "changeValue": -72, "changePercentage": -0.206647, "lastLowestAskTime": 1663758752, "lastHighestBidTime": 1662222184, "lastSaleDate": "2022-09-19T21:55:22+00:00"}, "objectID": "c8cc3faa-a8ea-4b8b-bfe7-7b54e9b51c46"}, {"id": "ca96e5f4-b5a5-48c3-8ea4-db9b0d247673", "uuid": "ca96e5f4-b5a5-48c3-8ea4-db9b0d247673", "brand": "Nike", "colorway": "Sail/Neutral Grey", "condition": "New", "description": "This Nike Dunk Low Off White Lot 11 is a product of the Dear Summer collection, a follow-up to the first Nike Dunk and Off White collaboration.\n<br>\n<br>\nThe Nike Dunk Low Off White Lot 11  features a white leather upper with grey suede overlays. The low-top includes Off White touches, such as the plastic zip tie and Helvetica text. The sneakers feature an orange secondary lacing system, an exposed foam tongue, and an \"11 of 50\" badge attached on the side midsole.\n<br>\n<br>\nThe Nike Dunk Low Off White Lot 11 debuted in August 2021 and is available for $180.", "media": {"smallImageUrl": "https://images.stockx.com/images/Nike-Dunk-Low-Off-White-Lot-11-Product.jpg?fit=fill&bg=FFFFFF&w=300&h=214&fm=webp&auto=compress&trim=color&q=90&dpr=2&updated_at=1629741895", "thumbUrl": "https://images.stockx.com/images/Nike-Dunk-Low-Off-White-Lot-11-Product.jpg?fit=fill&bg=FFFFFF&w=140&h=100&fm=webp&auto=compress&trim=color&q=90&dpr=2&updated_at=1629741895"}, "productCategory": "sneakers", "releaseDate": "2021-08-09", "retailPrice": 180, "shoe": "Nike Dunk Low", "title": "Nike Dunk Low Off-White Lot 11", "urlKey": "nike-dunk-low-off-white-lot-11", "market": {"lowestAsk": 450, "salesThisPeriod": 0, "salesLastPeriod": 0, "highestBid": 540, "volatility": 0.14186, "deadstockSold": 632, "pricePremium": 1.666, "averageDeadstockPrice": 503, "lastSale": 480, "changeValue": 5, "changePercentage": 0.010168, "lastLowestAskTime": 1663649132, "lastHighestBidTime": 1660872821, "lastSaleDate": "2022-09-16T00:49:36+00:00"}, "objectID": "ca96e5f4-b5a5-48c3-8ea4-db9b0d247673"}, {"id": "afd25108-b587-4975-8a34-cd4526225406", "uuid": "afd25108-b587-4975-8a34-cd4526225406", "brand": "Nike", "colorway": "White/Racer Blue/Atomic Green/Black", "condition": "New", "description": "", "media": {"smallImageUrl": "https://images.stockx.com/images/Nike-Dunk-High-Blue-Satin-W.jpg?fit=fill&bg=FFFFFF&w=300&h=214&fm=webp&auto=compress&trim=color&q=90&dpr=2&updated_at=1656091843", "thumbUrl": "https://images.stockx.com/images/Nike-Dunk-High-Blue-Satin-W.jpg?fit=fill&bg=FFFFFF&w=140&h=100&fm=webp&auto=compress&trim=color&q=90&dpr=2&updated_at=1656091843"}, "productCategory": "sneakers", "releaseDate": "2022-07-22", "retailPrice": 125, "shoe": "Nike Dunk High", "title": "Nike Dunk High Blue Satin (W)", "urlKey": "nike-dunk-high-blue-satin-w", "market": {"lowestAsk": 120, "salesThisPeriod": 9, "salesLastPeriod": 0, "highestBid": 135, "volatility": 0.149834, "deadstockSold": 231, "pricePremium": 0.12, "averageDeadstockPrice": 140, "lastSale": 140, "changeValue": 18, "changePercentage": 0.147541, "lastLowestAskTime": 1663708088, "lastHighestBidTime": 1663535825, "lastSaleDate": "2022-09-19T17:51:44+00:00"}, "objectID": "afd25108-b587-4975-8a34-cd4526225406"}, {"id": "f9285811-1983-4710-9b1c-0d59817843fd", "uuid": "f9285811-1983-4710-9b1c-0d59817843fd", "brand": "Nike", "colorway": "Sail/Neutral Grey-Crimson Tint", "condition": "New", "description": "This Nike Dunk Low Off White Lot 12 is a product of the Dear Summer collection, a follow-up to the first Nike Dunk and Off White collaboration.\n<br>\n<br>\nThe Nike Dunk Low Off White Lot 12 features a white leather upper with grey suede overlays. The low-top includes Off White touches, such as the plastic zip tie and Helvetica text. The sneakers feature a crimson tint secondary lacing system, an exposed foam tongue, and a \"12 of 50\" badge attached on the side midsole.\n<br>\n<br>\nThe Nike Dunk Low Off White Lot 12 debuted in August 2021 and retailed for $180.", "media": {"smallImageUrl": "https://images.stockx.com/images/Nike-Dunk-Low-Off-White-Lot-12-Product.jpg?fit=fill&bg=FFFFFF&w=300&h=214&fm=webp&auto=compress&trim=color&q=90&dpr=2&updated_at=1637676374", "thumbUrl": "https://images.stockx.com/images/Nike-Dunk-Low-Off-White-Lot-12-Product.jpg?fit=fill&bg=FFFFFF&w=140&h=100&fm=webp&auto=compress&trim=color&q=90&dpr=2&updated_at=1637676374"}, "productCategory": "sneakers", "releaseDate": "2021-08-09", "retailPrice": 180, "shoe": "Nike Dunk Low", "title": "Nike Dunk Low Off-White Lot 12", "urlKey": "nike-dunk-low-off-white-lot-12", "market": {"lowestAsk": 465, "salesThisPeriod": 2, "salesLastPeriod": 0, "highestBid": 789, "volatility": 0.192428, "deadstockSold": 880, "pricePremium": 1.361, "averageDeadstockPrice": 462, "lastSale": 425, "changeValue": -29, "changePercentage": -0.063877, "lastLowestAskTime": 1663688425, "lastHighestBidTime": 1663575171, "lastSaleDate": "2022-09-19T23:52:32+00:00"}, "objectID": "f9285811-1983-4710-9b1c-0d59817843fd"}, {"id": "d9be9681-a4fa-4c7f-b979-b12544abc9bf", "uuid": "d9be9681-a4fa-4c7f-b979-b12544abc9bf", "brand": "Nike", "colorway": "Black/Black-White", "condition": "New", "description": "In a black monochromatic look, the Nike Dunk High Undercover Black embraces the signature 1985 Dunk silhouette with elongated collars and tongues. Smooth and tumbled leather construction offer a variety in touch, but maintain the design's low key appearance. At the heel, contrast printing of \"CHAOS\" and \"GLEICHGEWICHT\" (\"BALANCE\" in German) symbolize Undercover's motif of embracing the space between two polarizing states.\n<br>\n<br>\nThe Nike Dunk High Undercover Black released in March of 2022 and retailed for $150.", "media": {"smallImageUrl": "https://images.stockx.com/images/Nike-Dunk-High-Undercover-Chaos-Black-Product.jpg?fit=fill&bg=FFFFFF&w=300&h=214&fm=webp&auto=compress&trim=color&q=90&dpr=2&updated_at=1647013492", "thumbUrl": "https://images.stockx.com/images/Nike-Dunk-High-Undercover-Chaos-Black-Product.jpg?fit=fill&bg=FFFFFF&w=140&h=100&fm=webp&auto=compress&trim=color&q=90&dpr=2&updated_at=1647013492"}, "productCategory": "sneakers", "releaseDate": "2022-02-28", "retailPrice": 150, "shoe": "Nike Dunk High", "title": "Nike Dunk High Undercover Chaos Black", "urlKey": "nike-dunk-high-undercover-chaos-black", "market": {"lowestAsk": 73, "salesThisPeriod": 19, "salesLastPeriod": 0, "highestBid": 95, "volatility": 0.123275, "deadstockSold": 1518, "pricePremium": -0.225, "averageDeadstockPrice": 131, "lastSale": 116, "changeValue": 27, "changePercentage": 0.291156, "lastLowestAskTime": 1663759716, "lastHighestBidTime": 1663525539, "lastSaleDate": "2022-09-21T12:40:06+00:00"}, "objectID": "d9be9681-a4fa-4c7f-b979-b12544abc9bf"}, {"id": "0ea4da06-43a6-49c4-8fb1-76a804c3912a", "uuid": "0ea4da06-43a6-49c4-8fb1-76a804c3912a", "brand": "Nike", "colorway": "Black/Spruce Aura-White", "condition": "New", "description": "Tokyo-based fashion label AMBUSH teamed up with Nike to add an abstract twist to the Dunk High silhouette with the Nike Dunk High Ambush Black. This collaboration draws its inspiration from Japanese bike, car, and truck culture, which explains the re-imagined proportions on the silhouette that almost make it look aerodynamic. Features like the extended Swoosh and prominent heel counter nod to the extended tail pipes and lifted rear chassis of motorcycles and trucks.\n<br>\n<br>\nThe Nike Dunk High Ambush Black arrives with a white and black leather upper in traditional color blocking (a design format similar to early Nike Dunk releases in 1985),  and an exaggerated Swoosh that extends beyond the heel. Outside of the re-imagined Swoosh, other features differentiate this design from traditional Nike Dunks like a raised heel counter with significant separation on the back of the shoe, revealing a larger amount of white leather panelling, and an extended black plastic unit donning Ambush branding encapsulates the heel. An exposed foam tongue, white sole, and co-branded tongue tag complete this design.\n<br>\n<br>\nThe Nike Dunk High Ambush Black released in December of 2020 and retailed for $180.", "media": {"smallImageUrl": "https://images.stockx.com/images/Nike-Dunk-High-Ambush-Black-White-Product.jpg?fit=fill&bg=FFFFFF&w=300&h=214&fm=webp&auto=compress&trim=color&q=90&dpr=2&updated_at=1609445233", "thumbUrl": "https://images.stockx.com/images/Nike-Dunk-High-Ambush-Black-White-Product.jpg?fit=fill&bg=FFFFFF&w=140&h=100&fm=webp&auto=compress&trim=color&q=90&dpr=2&updated_at=1609445233"}, "productCategory": "sneakers", "releaseDate": "2020-12-11", "retailPrice": 180, "shoe": "Nike Dunk High", "title": "Nike Dunk High Ambush Black White", "urlKey": "nike-dunk-high-ambush-black-white", "market": {"lowestAsk": 400, "salesThisPeriod": 0, "salesLastPeriod": 0, "highestBid": 450, "volatility": 0.103029, "deadstockSold": 669, "pricePremium": 2.157, "averageDeadstockPrice": 541, "lastSale": 568, "changeValue": 89, "changePercentage": 0.185031, "lastLowestAskTime": 1663789422, "lastHighestBidTime": 1663756865, "lastSaleDate": "2022-09-17T03:39:49+00:00"}, "objectID": "0ea4da06-43a6-49c4-8fb1-76a804c3912a"}, {"id": "b99bddda-d9ca-4c08-a673-1639c294e642", "uuid": "b99bddda-d9ca-4c08-a673-1639c294e642", "brand": "Nike", "colorway": "Aqua/Chrome", "condition": "New", "description": "", "media": {"smallImageUrl": "https://images.stockx.com/images/Nike-Dunk-SB-Low-Diamond-Supply-Co-Tiffany-Product.jpg?fit=fill&bg=FFFFFF&w=300&h=214&fm=webp&auto=compress&trim=color&q=90&dpr=2&updated_at=1606324850", "thumbUrl": "https://images.stockx.com/images/Nike-Dunk-SB-Low-Diamond-Supply-Co-Tiffany-Product.jpg?fit=fill&bg=FFFFFF&w=140&h=100&fm=webp&auto=compress&trim=color&q=90&dpr=2&updated_at=1606324850"}, "productCategory": "sneakers", "releaseDate": "2005-08-01", "retailPrice": 65, "shoe": "Nike SB Dunk Low", "title": "Nike SB Dunk Low Diamond Supply Co. Aqua Blue", "urlKey": "nike-dunk-sb-low-diamond-supply-co-aqua-blue", "market": {"lowestAsk": 3192, "salesThisPeriod": 0, "salesLastPeriod": 0, "highestBid": 3000, "volatility": 0.130351, "deadstockSold": 60, "pricePremium": 42.831, "averageDeadstockPrice": 2869, "lastSale": 2849, "changeValue": 399, "changePercentage": 0.162857, "lastLowestAskTime": 1663580689, "lastHighestBidTime": 1663622081, "lastSaleDate": "2022-08-30T00:31:43+00:00"}, "objectID": "b99bddda-d9ca-4c08-a673-1639c294e642"}, {"id": "d9e0276b-6937-4a1f-87c6-5ee1d4f24f6c", "uuid": "d9e0276b-6937-4a1f-87c6-5ee1d4f24f6c", "brand": "Nike", "colorway": "White/Green Noise-White", "condition": "New", "description": "The Nike Dunk Low White Lucky Green (Women) has a green gum sole, with the midsole being white. The rest of the shoe has a white base.\n<br>\n<br>\nThe swoosh symbol appears in green. On the toe of the shoe, there are perforated air holes. Both the tongue and the laces are white as well. On the tongue, you will find the Nike logo in green, as well as additional green details on the very top of the heel.\u00a0\n<br>\n<br>\nThe Nike Dunk Low White Lucky Green (Women) was first put on the market in November of 2021. This item\u2019s retail price began at $100.", "media": {"smallImageUrl": "https://images.stockx.com/images/Nike-Dunk-Low-White-Lucky-Green-W-Product.jpg?fit=fill&bg=FFFFFF&w=300&h=214&fm=webp&auto=compress&trim=color&q=90&dpr=2&updated_at=1637606254", "thumbUrl": "https://images.stockx.com/images/Nike-Dunk-Low-White-Lucky-Green-W-Product.jpg?fit=fill&bg=FFFFFF&w=140&h=100&fm=webp&auto=compress&trim=color&q=90&dpr=2&updated_at=1637606254"}, "productCategory": "sneakers", "releaseDate": "2021-11-13", "retailPrice": 100, "shoe": "Nike Dunk Low", "title": "Nike Dunk Low White Green Noise (W)", "urlKey": "nike-dunk-low-white-green-noise-w", "market": {"lowestAsk": 167, "salesThisPeriod": 6, "salesLastPeriod": 0, "highestBid": 165, "volatility": 0.092148, "deadstockSold": 2763, "pricePremium": 1.05, "averageDeadstockPrice": 173, "lastSale": 205, "changeValue": 22, "changePercentage": 0.119623, "lastLowestAskTime": 1663695955, "lastHighestBidTime": 1663598875, "lastSaleDate": "2022-09-19T18:02:59+00:00"}, "objectID": "d9e0276b-6937-4a1f-87c6-5ee1d4f24f6c"}, {"id": "797a01e1-f0e1-4783-8b39-498310c6b570", "uuid": "797a01e1-f0e1-4783-8b39-498310c6b570", "brand": "Nike", "childId": null, "colorway": "White/Red-Pink", "condition": "New", "description": "", "media": {"smallImageUrl": "https://images.stockx.com/images/Nike-SB-Dunk-Low-Parra-Product.jpg?fit=fill&bg=FFFFFF&w=300&h=214&fm=webp&auto=compress&trim=color&q=90&dpr=2&updated_at=1606324266", "thumbUrl": "https://images.stockx.com/images/Nike-SB-Dunk-Low-Parra-Product.jpg?fit=fill&bg=FFFFFF&w=140&h=100&fm=webp&auto=compress&trim=color&q=90&dpr=2&updated_at=1606324266"}, "productCategory": "sneakers", "releaseDate": "2019-07-27", "retailPrice": 100, "shoe": "Nike SB Dunk Low", "title": "Nike SB Dunk Low Parra", "urlKey": "nike-sb-dunk-low-parra", "market": {"lowestAsk": 327, "salesThisPeriod": 2, "salesLastPeriod": 0, "highestBid": 360, "volatility": 0.199006, "deadstockSold": 336, "pricePremium": 2.41, "averageDeadstockPrice": 419, "lastSale": 341, "changeValue": -173, "changePercentage": -0.336576, "lastLowestAskTime": 1663632694, "lastHighestBidTime": 1662511847, "lastSaleDate": "2022-09-19T17:08:28+00:00"}, "objectID": "797a01e1-f0e1-4783-8b39-498310c6b570"}, {"id": "8a2e005e-87b1-461a-8c21-01dc1eb77fde", "uuid": "8a2e005e-87b1-461a-8c21-01dc1eb77fde", "brand": "Nike", "colorway": "Magma Orange/Magma Orange-Pearl White", "condition": "New", "description": "", "media": {"smallImageUrl": "https://images.stockx.com/images/Nike-Dunk-Low-Magma-Orange-W.jpg?fit=fill&bg=FFFFFF&w=300&h=214&fm=webp&auto=compress&trim=color&q=90&dpr=2&updated_at=1661934227", "thumbUrl": "https://images.stockx.com/images/Nike-Dunk-Low-Magma-Orange-W.jpg?fit=fill&bg=FFFFFF&w=140&h=100&fm=webp&auto=compress&trim=color&q=90&dpr=2&updated_at=1661934227"}, "productCategory": "sneakers", "releaseDate": "", "retailPrice": 120, "shoe": "Nike Dunk Low", "title": "Nike Dunk Low Magma Orange (W)", "urlKey": "nike-dunk-low-magma-orange-w", "market": {"lowestAsk": 130, "salesThisPeriod": 23, "salesLastPeriod": 0, "highestBid": 201, "volatility": 0.167543, "deadstockSold": 108, "pricePremium": 0.25, "averageDeadstockPrice": 155, "lastSale": 150, "changeValue": -10, "changePercentage": -0.0625, "lastLowestAskTime": 1663735284, "lastHighestBidTime": 1663803860, "lastSaleDate": "2022-09-21T23:42:14+00:00"}, "objectID": "8a2e005e-87b1-461a-8c21-01dc1eb77fde"}, {"id": "584ba1b2-973d-40d5-8e25-7c9bb84a2d5a", "uuid": "584ba1b2-973d-40d5-8e25-7c9bb84a2d5a", "brand": "Nike", "colorway": "Sail/Neutral Grey-Electro Green", "condition": "New", "description": "This Nike Dunk Low Off White Lot 14 is a product of the Dear Summer collection, a follow-up to the first Nike Dunk and Off White collaboration.\n<br>\n<br>\nThe Nike Dunk Low Off White Lot 14 features a white leather upper with grey suede overlays. The low-top includes Off White touches, such as the plastic zip tie and Helvetica text. The sneakers feature an electro green secondary lacing system, an exposed foam tongue, and a \"14 of 50\" badge attached on the side midsole.\n<br>\n<br>\nThe Nike Dunk Low Off White Lot 14 debuted in August 2021 and retailed for $180.", "media": {"smallImageUrl": "https://images.stockx.com/images/Nike-Dunk-Low-Off-White-Lot-14-Product.jpg?fit=fill&bg=FFFFFF&w=300&h=214&fm=webp&auto=compress&trim=color&q=90&dpr=2&updated_at=1629306435", "thumbUrl": "https://images.stockx.com/images/Nike-Dunk-Low-Off-White-Lot-14-Product.jpg?fit=fill&bg=FFFFFF&w=140&h=100&fm=webp&auto=compress&trim=color&q=90&dpr=2&updated_at=1629306435"}, "productCategory": "sneakers", "releaseDate": "2021-08-09", "retailPrice": 180, "shoe": "Nike Dunk Low", "title": "Nike Dunk Low Off-White Lot 14", "urlKey": "nike-dunk-low-off-white-lot-14", "market": {"lowestAsk": 464, "salesThisPeriod": 2, "salesLastPeriod": 0, "highestBid": 485, "volatility": 0.149084, "deadstockSold": 845, "pricePremium": 4.304, "averageDeadstockPrice": 458, "lastSale": 955, "changeValue": 442, "changePercentage": 0.861047, "lastLowestAskTime": 1663345119, "lastHighestBidTime": 1663240418, "lastSaleDate": "2022-09-19T12:04:51+00:00"}, "objectID": "584ba1b2-973d-40d5-8e25-7c9bb84a2d5a"}, {"id": "46e4eaa5-e438-4231-8532-470b39a9a028", "uuid": "46e4eaa5-e438-4231-8532-470b39a9a028", "brand": "Nike", "colorway": "Sail/Neutral Grey-Habanero Red", "condition": "New", "description": "This Nike Dunk Low Off White Lot 13 is a product of the Dear Summer collection, a follow-up to the first Nike Dunk and Off White collaboration.\n<br>\n<br>\nThe Nike Dunk Low Off White Lot 13  features a white leather upper with grey suede overlays. The low-top includes Off White touches, such as the plastic zip tie and Helvetica text. The sneakers feature a habanero red secondary lacing system, an exposed foam tongue, and a \"13 of 50\" badge attached on the side midsole.\n<br>\n<br>\nThe Nike Dunk Low Off White Lot 13 debuted in August 2021 and retailed for $180.", "media": {"smallImageUrl": "https://images.stockx.com/images/Nike-Dunk-Low-Off-White-Lot-13-Product.jpg?fit=fill&bg=FFFFFF&w=300&h=214&fm=webp&auto=compress&trim=color&q=90&dpr=2&updated_at=1629818568", "thumbUrl": "https://images.stockx.com/images/Nike-Dunk-Low-Off-White-Lot-13-Product.jpg?fit=fill&bg=FFFFFF&w=140&h=100&fm=webp&auto=compress&trim=color&q=90&dpr=2&updated_at=1629818568"}, "productCategory": "sneakers", "releaseDate": "2021-08-09", "retailPrice": 180, "shoe": "Nike Dunk Low", "title": "Nike Dunk Low Off-White Lot 13", "urlKey": "nike-dunk-low-off-white-lot-13", "market": {"lowestAsk": 450, "salesThisPeriod": 2, "salesLastPeriod": 0, "highestBid": 450, "volatility": 0.189457, "deadstockSold": 849, "pricePremium": 0.928, "averageDeadstockPrice": 456, "lastSale": 347, "changeValue": -153, "changePercentage": -0.306, "lastLowestAskTime": 1663335910, "lastHighestBidTime": 1662080602, "lastSaleDate": "2022-09-20T02:42:33+00:00"}, "objectID": "46e4eaa5-e438-4231-8532-470b39a9a028"}, {"id": "8a832bed-9d30-4546-acf5-7f6a89e82540", "uuid": "8a832bed-9d30-4546-acf5-7f6a89e82540", "brand": "Nike", "childId": null, "colorway": "White/Light Chocolate-Roma Green", "condition": "New", "description": "The Nike Dunk Low Free.99 White features a white leather upper with multi-colored overlays and a Light Chocolate Swoosh. On the insole, price sticker graphics are printed with \"Free.99\" text showing on the sticker. A white and light orange sole adds the finishing touches.\n<br>\n<br>\nThe Nike Dunk Low Free.99 White released in June of 2021 and retailed for $110.", "media": {"smallImageUrl": "https://images.stockx.com/images/Nike-Dunk-Low-Free-99-White-Product.jpg?fit=fill&bg=FFFFFF&w=300&h=214&fm=webp&auto=compress&trim=color&q=90&dpr=2&updated_at=1644311999", "thumbUrl": "https://images.stockx.com/images/Nike-Dunk-Low-Free-99-White-Product.jpg?fit=fill&bg=FFFFFF&w=140&h=100&fm=webp&auto=compress&trim=color&q=90&dpr=2&updated_at=1644311999"}, "productCategory": "sneakers", "releaseDate": "2021-06-25", "retailPrice": 110, "shoe": "Nike Dunk Low", "title": "Nike Dunk Low Free 99 White", "urlKey": "nike-dunk-low-free-99-white", "market": {"lowestAsk": 193, "salesThisPeriod": 6, "salesLastPeriod": 0, "highestBid": 220, "volatility": 0.257501, "deadstockSold": 2473, "pricePremium": 1.036, "averageDeadstockPrice": 212, "lastSale": 224, "changeValue": -48, "changePercentage": -0.17904, "lastLowestAskTime": 1663751635, "lastHighestBidTime": 1663470993, "lastSaleDate": "2022-09-21T14:03:16+00:00"}, "objectID": "8a832bed-9d30-4546-acf5-7f6a89e82540"}, {"id": "ea335530-4f47-4155-b504-8ba6c2f783a2", "uuid": "ea335530-4f47-4155-b504-8ba6c2f783a2", "brand": "Nike", "colorway": "Wheat/Wheat-Baroque Brown-Gum", "condition": "New", "description": "", "media": {"smallImageUrl": "https://images.stockx.com/images/Nike-SB-Dunk-Low-Wheat-2020-Product.jpg?fit=fill&bg=FFFFFF&w=300&h=214&fm=webp&auto=compress&trim=color&q=90&dpr=2&updated_at=1609446382", "thumbUrl": "https://images.stockx.com/images/Nike-SB-Dunk-Low-Wheat-2020-Product.jpg?fit=fill&bg=FFFFFF&w=140&h=100&fm=webp&auto=compress&trim=color&q=90&dpr=2&updated_at=1609446382"}, "productCategory": "sneakers", "releaseDate": "2021-02-06", "retailPrice": 110, "shoe": "Nike SB Dunk Low", "title": "Nike SB Dunk Low Wheat (2020)", "urlKey": "nike-sb-dunk-low-wheat-2020", "market": {"lowestAsk": 159, "salesThisPeriod": 6, "salesLastPeriod": 0, "highestBid": 252, "volatility": 0.201391, "deadstockSold": 747, "pricePremium": 1.045, "averageDeadstockPrice": 232, "lastSale": 225, "changeValue": -17, "changePercentage": -0.070443, "lastLowestAskTime": 1663763771, "lastHighestBidTime": 1662932291, "lastSaleDate": "2022-09-21T13:40:09+00:00"}, "objectID": "ea335530-4f47-4155-b504-8ba6c2f783a2"}, {"id": "397887ea-3977-4cd9-ab40-224604b1b662", "uuid": "397887ea-3977-4cd9-ab40-224604b1b662", "brand": "Nike", "colorway": "Yellow/Tan-Blue", "condition": "New", "description": "", "media": {"smallImageUrl": "https://images.stockx.com/images/Nike-Dunk-Low-Cartoon.jpg?fit=fill&bg=FFFFFF&w=300&h=214&fm=webp&auto=compress&trim=color&q=90&dpr=2&updated_at=1660799214", "thumbUrl": "https://images.stockx.com/images/Nike-Dunk-Low-Cartoon.jpg?fit=fill&bg=FFFFFF&w=140&h=100&fm=webp&auto=compress&trim=color&q=90&dpr=2&updated_at=1660799214"}, "productCategory": "sneakers", "releaseDate": "", "retailPrice": 100, "shoe": "Nike Dunk Low", "title": "Nike Dunk Low Cartoon", "urlKey": "nike-dunk-low-cartoon", "market": {"lowestAsk": 139, "salesThisPeriod": 20, "salesLastPeriod": 0, "highestBid": 180, "volatility": 0.099353, "deadstockSold": 212, "pricePremium": 0.52, "averageDeadstockPrice": 130, "lastSale": 152, "changeValue": 6, "changePercentage": 0.040816, "lastLowestAskTime": 1663029104, "lastHighestBidTime": 1663434500, "lastSaleDate": "2022-09-21T17:37:04+00:00"}, "objectID": "397887ea-3977-4cd9-ab40-224604b1b662"}, {"id": "58c3ece7-64cb-4164-8731-87c188e731e4", "uuid": "58c3ece7-64cb-4164-8731-87c188e731e4", "brand": "Nike", "colorway": "Grey/Light Blue/Multicolor", "condition": "New", "description": "", "media": {"smallImageUrl": "https://images.stockx.com/images/Nike-Dunk-Low-3D-Swoosh-Grey-GS.jpg?fit=fill&bg=FFFFFF&w=300&h=214&fm=webp&auto=compress&trim=color&q=90&dpr=2&updated_at=1654737606", "thumbUrl": "https://images.stockx.com/images/Nike-Dunk-Low-3D-Swoosh-Grey-GS.jpg?fit=fill&bg=FFFFFF&w=140&h=100&fm=webp&auto=compress&trim=color&q=90&dpr=2&updated_at=1654737606"}, "productCategory": "sneakers", "releaseDate": "2022-05-01", "retailPrice": 85, "shoe": "Nike Dunk Low", "title": "Nike Dunk Low 3D Swoosh Grey (GS)", "urlKey": "nike-dunk-low-3d-swoosh-grey-gs", "market": {"lowestAsk": 90, "salesThisPeriod": 6, "salesLastPeriod": 0, "highestBid": 112, "volatility": 0.148918, "deadstockSold": 432, "pricePremium": 0.318, "averageDeadstockPrice": 97, "lastSale": 112, "changeValue": 0, "changePercentage": 0, "lastLowestAskTime": 1663763876, "lastHighestBidTime": 1663776879, "lastSaleDate": "2022-09-21T16:11:29+00:00"}, "objectID": "58c3ece7-64cb-4164-8731-87c188e731e4"}]}