{"Pagination": {"query": "nike dunk", "queryID": "b1707c52cf87aeb98c8ccf6c3a24c99e", "index": "PRODUCTION_PG_FEATURED_DESC", "limit": 40, "page": 17, "total": 1993, "lastPage": "/api/v3/browse?_search=nike%20dunk&dataType=product&facetsToRetrieve=%7B%7D&filterVersion=4&page=25&propsToRetrieve=brand%2CchildId%2Ccolorway%2Ccondition%2Cdescription%2Cid%2Cmarket.averageDeadstockPrice%2Cmarket.bidAskData%2Cmarket.changePercentage%2Cmarket.changeValue%2Cmarket.deadstockSold%2Cmarket.highestBid%2Cmarket.lastHighestBidTime%2Cmarket.lastLowestAskTime%2Cmarket.lastSale%2Cmarket.lastSaleDate%2Cmarket.lastSaleValue%2Cmarket.lowestAsk%2Cmarket.pricePremium%2Cmarket.salesInformation%2Cmarket.salesLastPeriod%2Cmarket.salesThisPeriod%2Cmarket.volatility%2Cmedia.smallImageUrl%2Cmedia.thumbUrl%2CproductCategory%2CreleaseDate%2CretailPrice%2Cshoe%2Ctitle%2CurlKey%2Cuuid", "sort": ["featured"], "order": ["DESC"], "currentPage": "/api/v3/browse?_search=nike%20dunk&dataType=product&facetsToRetrieve=%7B%7D&filterVersion=4&page=17&propsToRetrieve=brand%2CchildId%2Ccolorway%2Ccondition%2Cdescription%2Cid%2Cmarket.averageDeadstockPrice%2Cmarket.bidAskData%2Cmarket.changePercentage%2Cmarket.changeValue%2Cmarket.deadstockSold%2Cmarket.highestBid%2Cmarket.lastHighestBidTime%2Cmarket.lastLowestAskTime%2Cmarket.lastSale%2Cmarket.lastSaleDate%2Cmarket.lastSaleValue%2Cmarket.lowestAsk%2Cmarket.pricePremium%2Cmarket.salesInformation%2Cmarket.salesLastPeriod%2Cmarket.salesThisPeriod%2Cmarket.volatility%2Cmedia.smallImageUrl%2Cmedia.thumbUrl%2CproductCategory%2CreleaseDate%2CretailPrice%2Cshoe%2Ctitle%2CurlKey%2Cuuid", "nextPage": "/api/v3/browse?_search=nike%20dunk&dataType=product&facetsToRetrieve=%7B%7D&filterVersion=4&page=18&propsToRetrieve=brand%2CchildId%2Ccolorway%2Ccondition%2Cdescription%2Cid%2Cmarket.averageDeadstockPrice%2Cmarket.bidAskData%2Cmarket.changePercentage%2Cmarket.changeValue%2Cmarket.deadstockSold%2Cmarket.highestBid%2Cmarket.lastHighestBidTime%2Cmarket.lastLowestAskTime%2Cmarket.lastSale%2Cmarket.lastSaleDate%2Cmarket.lastSaleValue%2Cmarket.lowestAsk%2Cmarket.pricePremium%2Cmarket.salesInformation%2Cmarket.salesLastPeriod%2Cmarket.salesThisPeriod%2Cmarket.volatility%2Cmedia.smallImageUrl%2Cmedia.thumbUrl%2CproductCategory%2CreleaseDate%2CretailPrice%2Cshoe%2Ctitle%2CurlKey%2Cuuid", "previousPage": "/api/v3/browse?_search=nike%20dunk&dataType=product&facetsToRetrieve=%7B%7D&filterVersion=4&page=16&propsToRetrieve=brand%2CchildId%2Ccolorway%2Ccondition%2Cdescription%2Cid%2Cmarket.averageDeadstockPrice%2Cmarket.bidAskData%2Cmarket.changePercentage%2Cmarket.changeValue%2Cmarket.deadstockSold%2Cmarket.highestBid%2Cmarket.lastHighestBidTime%2Cmarket.lastLowestAskTime%2Cmarket.lastSale%2Cmarket.lastSaleDate%2Cmarket.lastSaleValue%2Cmarket.lowestAsk%2Cmarket.pricePremium%2Cmarket.salesInformation%2Cmarket.salesLastPeriod%2Cmarket.salesThisPeriod%2Cmarket.volatility%2Cmedia.smallImageUrl%2Cmedia.thumbUrl%2CproductCategory%2CreleaseDate%2CretailPrice%2Cshoe%2Ctitle%2CurlKey%2Cuuid"}, "Facets": {}, "Products": [{"id": "17e00439-8a40-4b7f-bde3-2d9baf33769a", "uuid": "17e00439-8a40-4b7f-bde3-2d9baf33769a", "brand": "Nike", "colorway": "Summit White/White-Sail-Black", "condition": "New", "description": "The women's Nike Dunk High Up Summit White (W) features a Summit White leather upper with Summit White and Sail overlays and Swooshes. Atop the Swoosh overlay, a mini Swoosh is embroidered, overlapping the panel. At the base, a doubled midsole and Sail outsole completes the design. \n<br>\n<br>\nThe women's Nike Dunk High Up Summit White (W) released in October of 2021 and retailed for $120.", "media": {"smallImageUrl": "https://images.stockx.com/images/Nike-Dunk-High-Rebel-White-Sail-Product.jpg?fit=fill&bg=FFFFFF&w=300&h=214&fm=webp&auto=compress&trim=color&q=90&dpr=2&updated_at=1639422141", "thumbUrl": "https://images.stockx.com/images/Nike-Dunk-High-Rebel-White-Sail-Product.jpg?fit=fill&bg=FFFFFF&w=140&h=100&fm=webp&auto=compress&trim=color&q=90&dpr=2&updated_at=1639422141"}, "productCategory": "sneakers", "releaseDate": "2021-08-12", "retailPrice": 120, "shoe": "Nike Dunk High Up", "title": "Nike Dunk High Up Summit White Sail (W)", "urlKey": "nike-dunk-high-rebel-summit-white-sail-w", "market": {"lowestAsk": 71, "salesThisPeriod": 2, "salesLastPeriod": 0, "highestBid": 72, "volatility": 0.16578, "deadstockSold": 898, "pricePremium": -0.299, "averageDeadstockPrice": 106, "lastSale": 84, "changeValue": -8, "changePercentage": -0.088164, "lastLowestAskTime": 1663587944, "lastHighestBidTime": 1663093350, "lastSaleDate": "2022-09-19T09:00:51+00:00"}, "objectID": "17e00439-8a40-4b7f-bde3-2d9baf33769a"}, {"id": "87bbe6a5-5236-45dc-bcdc-9849b6380370", "uuid": "87bbe6a5-5236-45dc-bcdc-9849b6380370", "brand": "Nike", "colorway": "Sail/Multi-Color-Birch-Rustic", "condition": "New", "description": "", "media": {"smallImageUrl": "https://images.stockx.com/images/Nike-Dunk-High-Bodega-Sail-Multi-Product.jpg?fit=fill&bg=FFFFFF&w=300&h=214&fm=webp&auto=compress&trim=color&q=90&dpr=2&updated_at=1611084376", "thumbUrl": "https://images.stockx.com/images/Nike-Dunk-High-Bodega-Sail-Multi-Product.jpg?fit=fill&bg=FFFFFF&w=140&h=100&fm=webp&auto=compress&trim=color&q=90&dpr=2&updated_at=1611084376"}, "productCategory": "sneakers", "releaseDate": "2020-12-30", "retailPrice": 120, "shoe": "Nike Dunk High", "title": "Nike Dunk High Bodega Sail Multi (Friends and Family)", "urlKey": "nike-dunk-high-bodega-sail-multi", "market": {"lowestAsk": 235, "salesThisPeriod": 1, "salesLastPeriod": 0, "highestBid": 271, "volatility": 0.162796, "deadstockSold": 921, "pricePremium": 1.167, "averageDeadstockPrice": 314, "lastSale": 260, "changeValue": -103, "changePercentage": -0.283747, "lastLowestAskTime": 1663361013, "lastHighestBidTime": 1663350881, "lastSaleDate": "2022-09-15T12:34:46+00:00"}, "objectID": "87bbe6a5-5236-45dc-bcdc-9849b6380370"}, {"id": "af164054-3155-4264-8c90-2b7807d4d22f", "uuid": "af164054-3155-4264-8c90-2b7807d4d22f", "brand": "Nike", "childId": null, "colorway": "Tour Yellow/Chrome-Tour Yellow", "condition": "New", "description": "", "media": {"smallImageUrl": "https://images.stockx.com/images/Nike-SB-Dunk-Low-Diamond-Supply-Co-Yellow-Product.jpg?fit=fill&bg=FFFFFF&w=300&h=214&fm=webp&auto=compress&trim=color&q=90&dpr=2&updated_at=1608516193", "thumbUrl": "https://images.stockx.com/images/Nike-SB-Dunk-Low-Diamond-Supply-Co-Yellow-Product.jpg?fit=fill&bg=FFFFFF&w=140&h=100&fm=webp&auto=compress&trim=color&q=90&dpr=2&updated_at=1608516193"}, "productCategory": "sneakers", "releaseDate": "2018-11-03", "retailPrice": 100, "shoe": "Nike SB Dunk Low", "title": "Nike SB Dunk Low Diamond Supply Co Canary Diamond (Friends and Family)", "urlKey": "nike-sb-dunk-low-diamond-supply-co-yellow-diamond", "market": {"lowestAsk": 6865, "salesThisPeriod": 1, "salesLastPeriod": 0, "highestBid": 5220, "volatility": 0.316522, "deadstockSold": 10, "pricePremium": 54, "averageDeadstockPrice": 5330, "lastSale": 5500, "changeValue": 0, "changePercentage": 0, "lastLowestAskTime": 1662495121, "lastHighestBidTime": 1663400992, "lastSaleDate": "2022-09-20T18:50:42+00:00"}, "objectID": "af164054-3155-4264-8c90-2b7807d4d22f"}, {"id": "14b34dfe-9734-4953-af79-5039002faf3a", "uuid": "14b34dfe-9734-4953-af79-5039002faf3a", "brand": "Nike", "colorway": "Colorway: Metallic Silver/Sail-White-Metallic Silver", "condition": "New", "description": "", "media": {"smallImageUrl": "https://images.stockx.com/images/Nike-Dunk-Low-Metallic-Silver.jpg?fit=fill&bg=FFFFFF&w=300&h=214&fm=webp&auto=compress&trim=color&q=90&dpr=2&updated_at=1661758889", "thumbUrl": "https://images.stockx.com/images/Nike-Dunk-Low-Metallic-Silver.jpg?fit=fill&bg=FFFFFF&w=140&h=100&fm=webp&auto=compress&trim=color&q=90&dpr=2&updated_at=1661758889"}, "productCategory": "sneakers", "releaseDate": "", "retailPrice": 110, "shoe": "Nike Dunk Low", "title": "Nike Dunk Low Metallic Silver", "urlKey": "nike-dunk-low-metallic-silver", "market": {"lowestAsk": 108, "salesThisPeriod": 4, "salesLastPeriod": 0, "highestBid": 125, "volatility": 0.114169, "deadstockSold": 24, "pricePremium": -0.182, "averageDeadstockPrice": 97, "lastSale": 90, "changeValue": 5, "changePercentage": 0.058824, "lastLowestAskTime": 1663595411, "lastHighestBidTime": 1663271343, "lastSaleDate": "2022-09-20T14:35:23+00:00"}, "objectID": "14b34dfe-9734-4953-af79-5039002faf3a"}, {"id": "58b622d1-bfed-4dc7-9f89-1ee2d7623b06", "uuid": "58b622d1-bfed-4dc7-9f89-1ee2d7623b06", "brand": "Nike", "colorway": "White/Midnight Navy-Green-Volt", "condition": "New", "description": "", "media": {"smallImageUrl": "https://images.stockx.com/images/Nike-Dunk-High-Sports-Specialties-White-Navy-Product.jpg?fit=fill&bg=FFFFFF&w=300&h=214&fm=webp&auto=compress&trim=color&q=90&dpr=2&updated_at=1633530524", "thumbUrl": "https://images.stockx.com/images/Nike-Dunk-High-Sports-Specialties-White-Navy-Product.jpg?fit=fill&bg=FFFFFF&w=140&h=100&fm=webp&auto=compress&trim=color&q=90&dpr=2&updated_at=1633530524"}, "productCategory": "sneakers", "releaseDate": "2021-09-10", "retailPrice": 110, "shoe": "Nike Dunk High", "title": "Nike Dunk High Sports Specialties White Navy", "urlKey": "nike-dunk-high-sports-specialties-white-navy", "market": {"lowestAsk": 100, "salesThisPeriod": 1, "salesLastPeriod": 0, "highestBid": 122, "volatility": 0.206004, "deadstockSold": 1263, "pricePremium": 0.116, "averageDeadstockPrice": 138, "lastSale": 123, "changeValue": 7, "changePercentage": 0.057816, "lastLowestAskTime": 1663666814, "lastHighestBidTime": 1663563530, "lastSaleDate": "2022-09-19T15:48:23+00:00"}, "objectID": "58b622d1-bfed-4dc7-9f89-1ee2d7623b06"}, {"id": "9efaa8a8-ba60-4d6a-9e51-1aa7fbfed8fb", "uuid": "9efaa8a8-ba60-4d6a-9e51-1aa7fbfed8fb", "brand": "Nike", "colorway": "Black/True Red", "condition": "New", "description": "", "media": {"smallImageUrl": "https://images.stockx.com/images/Nike-Dunk-SB-Low-Vamps.jpg?fit=fill&bg=FFFFFF&w=300&h=214&fm=webp&auto=compress&trim=color&q=90&dpr=2&updated_at=1607060985", "thumbUrl": "https://images.stockx.com/images/Nike-Dunk-SB-Low-Vamps.jpg?fit=fill&bg=FFFFFF&w=140&h=100&fm=webp&auto=compress&trim=color&q=90&dpr=2&updated_at=1607060985"}, "productCategory": "sneakers", "releaseDate": "", "retailPrice": 100, "shoe": "Nike SB Dunk Low", "title": "Nike SB Dunk Low Vamps", "urlKey": "nike-dunk-sb-low-vamps", "market": {"lowestAsk": 650, "salesThisPeriod": 2, "salesLastPeriod": 0, "highestBid": 750, "volatility": 1.17135, "deadstockSold": 9, "pricePremium": 0, "averageDeadstockPrice": 574, "lastSale": 203, "changeValue": -7, "changePercentage": -0.033333, "lastLowestAskTime": 1663205058, "lastHighestBidTime": 1662790224, "lastSaleDate": "2022-09-19T01:07:27+00:00"}, "objectID": "9efaa8a8-ba60-4d6a-9e51-1aa7fbfed8fb"}, {"id": "ba100169-41a3-4b47-93da-34040c96a394", "uuid": "ba100169-41a3-4b47-93da-34040c96a394", "brand": "Nike", "childId": null, "colorway": "White/White-Medium Grey", "condition": "New", "description": "", "media": {"smallImageUrl": "https://images.stockx.com/images/Nike-Dunk-Low-Jordan-Pack-Product.jpg?fit=fill&bg=FFFFFF&w=300&h=214&fm=webp&auto=compress&trim=color&q=90&dpr=2&updated_at=1608510738", "thumbUrl": "https://images.stockx.com/images/Nike-Dunk-Low-Jordan-Pack-Product.jpg?fit=fill&bg=FFFFFF&w=140&h=100&fm=webp&auto=compress&trim=color&q=90&dpr=2&updated_at=1608510738"}, "productCategory": "sneakers", "releaseDate": "", "retailPrice": 120, "shoe": "Nike Dunk Low", "title": "Nike Dunk Low Jordan Pack", "urlKey": "nike-dunk-low-jordan-pack", "market": {"lowestAsk": 450, "salesThisPeriod": 0, "salesLastPeriod": 0, "highestBid": 400, "volatility": 0.310488, "deadstockSold": 22, "pricePremium": 0, "averageDeadstockPrice": 470, "lastSale": 450, "changeValue": -150, "changePercentage": -0.25, "lastLowestAskTime": 1663736810, "lastHighestBidTime": 1659907929, "lastSaleDate": "2022-09-12T03:57:19+00:00"}, "objectID": "ba100169-41a3-4b47-93da-34040c96a394"}, {"id": "abf9f3b6-928c-4cfc-9adc-4c9a28e55c2d", "uuid": "abf9f3b6-928c-4cfc-9adc-4c9a28e55c2d", "brand": "Nike", "colorway": "White/Grey/Black", "condition": "New", "description": "", "media": {"smallImageUrl": "https://images.stockx.com/images/Nike-Dunk-Low-Glitch-Swoosh-White-Grey-GS.jpg?fit=fill&bg=FFFFFF&w=300&h=214&fm=webp&auto=compress&trim=color&q=90&dpr=2&updated_at=1652142757", "thumbUrl": "https://images.stockx.com/images/Nike-Dunk-Low-Glitch-Swoosh-White-Grey-GS.jpg?fit=fill&bg=FFFFFF&w=140&h=100&fm=webp&auto=compress&trim=color&q=90&dpr=2&updated_at=1652142757"}, "productCategory": "sneakers", "releaseDate": "2022-05-01", "retailPrice": 85, "shoe": "Nike Dunk Low Glitch Swoosh", "title": "Nike Dunk Low Glitch Swoosh White Grey (GS)", "urlKey": "nike-dunk-low-glitch-swoosh-white-grey-gs", "market": {"lowestAsk": 114, "salesThisPeriod": 1, "salesLastPeriod": 0, "highestBid": 102, "volatility": 0.078357, "deadstockSold": 70, "pricePremium": 0.341, "averageDeadstockPrice": 123, "lastSale": 114, "changeValue": -4, "changePercentage": -0.033898, "lastLowestAskTime": 1663642702, "lastHighestBidTime": 1663374427, "lastSaleDate": "2022-09-18T00:14:36+00:00"}, "objectID": "abf9f3b6-928c-4cfc-9adc-4c9a28e55c2d"}, {"id": "9ec5f6ee-1fc0-43fa-82f3-affbbeb639e1", "uuid": "9ec5f6ee-1fc0-43fa-82f3-affbbeb639e1", "brand": "Nike", "colorway": "Black/Multi-Olive", "condition": "New", "description": "", "media": {"smallImageUrl": "https://images.stockx.com/images/Nike-Dunk-Low-Crazy-Camo-GS-Product.jpg?fit=fill&bg=FFFFFF&w=300&h=214&fm=webp&auto=compress&trim=color&q=90&dpr=2&updated_at=1629741815", "thumbUrl": "https://images.stockx.com/images/Nike-Dunk-Low-Crazy-Camo-GS-Product.jpg?fit=fill&bg=FFFFFF&w=140&h=100&fm=webp&auto=compress&trim=color&q=90&dpr=2&updated_at=1629741815"}, "productCategory": "sneakers", "releaseDate": "", "retailPrice": 95, "shoe": "Nike Dunk Low", "title": "Nike Dunk Low Crazy Camo (GS)", "urlKey": "nike-dunk-low-crazy-camo-gs", "market": {"lowestAsk": 154, "salesThisPeriod": 2, "salesLastPeriod": 0, "highestBid": 149, "volatility": 0.118327, "deadstockSold": 1928, "pricePremium": 0.621, "averageDeadstockPrice": 147, "lastSale": 154, "changeValue": -19, "changePercentage": -0.109827, "lastLowestAskTime": 1663069240, "lastHighestBidTime": 1662266667, "lastSaleDate": "2022-09-17T22:11:32+00:00"}, "objectID": "9ec5f6ee-1fc0-43fa-82f3-affbbeb639e1"}, {"id": "1553f698-e290-4962-a17c-6a3097baa5a7", "uuid": "1553f698-e290-4962-a17c-6a3097baa5a7", "brand": "Nike", "colorway": "Medium Grey/Varsity Red-White", "condition": "New", "description": "", "media": {"smallImageUrl": "https://images.stockx.com/images/Nike-Dunk-Low-UNLV-PS-Product.jpg?fit=fill&bg=FFFFFF&w=300&h=214&fm=webp&auto=compress&trim=color&q=90&dpr=2&updated_at=1650481003", "thumbUrl": "https://images.stockx.com/images/Nike-Dunk-Low-UNLV-PS-Product.jpg?fit=fill&bg=FFFFFF&w=140&h=100&fm=webp&auto=compress&trim=color&q=90&dpr=2&updated_at=1650481003"}, "productCategory": "sneakers", "releaseDate": "2021-02-18", "retailPrice": 65, "shoe": "Nike Dunk Low", "title": "Nike Dunk Low UNLV (PS)", "urlKey": "nike-dunk-low-unlv-ps", "market": {"lowestAsk": 111, "salesThisPeriod": 0, "salesLastPeriod": 0, "highestBid": 81, "volatility": 0.231025, "deadstockSold": 226, "pricePremium": 0.062, "averageDeadstockPrice": 116, "lastSale": 69, "changeValue": -58, "changePercentage": -0.456693, "lastLowestAskTime": 1661181735, "lastHighestBidTime": 1663590194, "lastSaleDate": "2022-09-15T11:01:04+00:00"}, "objectID": "1553f698-e290-4962-a17c-6a3097baa5a7"}, {"id": "6f470f64-1b61-4217-b619-76027f7f3b14", "uuid": "6f470f64-1b61-4217-b619-76027f7f3b14", "brand": "Nike", "childId": null, "colorway": "White/Cement Grey-Black-Infrared", "condition": "New", "description": "The Nike SB Dunk Low Infrared Orange Label draws inspiration from the original Nike Air Max 90 Infrared. It features a white, Cement Grey, black, and Infrared woven mesh and suede upper with the bright Infrared colors mostly on the bottom and top edges of the silhouette, leaving the remaining grey and black tones of the upper sandwiched between the red and white shades. From there, a grey Swoosh and a Zoom Air sole complete the design.\n<br>\n<br>\nThe Nike SB Dunk Low Infrared Orange Label released in January of 2020 and retailed for $100.", "media": {"smallImageUrl": "https://images.stockx.com/images/Nike-SB-Dunk-Low-Infrared-Orange-Label-Product.jpg?fit=fill&bg=FFFFFF&w=300&h=214&fm=webp&auto=compress&trim=color&q=90&dpr=2&updated_at=1606323042", "thumbUrl": "https://images.stockx.com/images/Nike-SB-Dunk-Low-Infrared-Orange-Label-Product.jpg?fit=fill&bg=FFFFFF&w=140&h=100&fm=webp&auto=compress&trim=color&q=90&dpr=2&updated_at=1606323042"}, "productCategory": "sneakers", "releaseDate": "2020-01-20", "retailPrice": 100, "shoe": "Nike SB Dunk Low", "title": "Nike SB Dunk Low Infrared Orange Label", "urlKey": "nike-sb-dunk-low-infrared-orange-label", "market": {"lowestAsk": 222, "salesThisPeriod": 1, "salesLastPeriod": 0, "highestBid": 300, "volatility": 0.162628, "deadstockSold": 236, "pricePremium": 2.249, "averageDeadstockPrice": 299, "lastSale": 325, "changeValue": 95, "changePercentage": 0.412609, "lastLowestAskTime": 1663414368, "lastHighestBidTime": 1662679830, "lastSaleDate": "2022-09-17T17:32:57+00:00"}, "objectID": "6f470f64-1b61-4217-b619-76027f7f3b14"}, {"id": "84bfe521-4aad-4c7f-bb59-6aec823206d4", "uuid": "84bfe521-4aad-4c7f-bb59-6aec823206d4", "brand": "Nike", "colorway": "Black/Black-Turquoise", "condition": "New", "description": "", "media": {"smallImageUrl": "https://images.stockx.com/images/Nike-Dunk-Low-Un-Tiffany.png?fit=fill&bg=FFFFFF&w=300&h=214&fm=webp&auto=compress&trim=color&q=90&dpr=2&updated_at=1614195369", "thumbUrl": "https://images.stockx.com/images/Nike-Dunk-Low-Un-Tiffany.png?fit=fill&bg=FFFFFF&w=140&h=100&fm=webp&auto=compress&trim=color&q=90&dpr=2&updated_at=1614195369"}, "productCategory": "sneakers", "releaseDate": "2006-04-01", "retailPrice": 90, "shoe": "Nike Dunk Low", "title": "Nike Dunk Low Un-Tiffany", "urlKey": "nike-dunk-low-un-tiffany", "market": {"lowestAsk": 750, "salesThisPeriod": 0, "salesLastPeriod": 0, "highestBid": 600, "volatility": 0.847795, "deadstockSold": 6, "pricePremium": 4.556, "averageDeadstockPrice": 654, "lastSale": 500, "changeValue": -1098, "changePercentage": -0.687109, "lastLowestAskTime": 1663188916, "lastHighestBidTime": 1663474511, "lastSaleDate": "2022-05-29T23:44:16+00:00"}, "objectID": "84bfe521-4aad-4c7f-bb59-6aec823206d4"}, {"id": "710fb5c7-bc5e-4cb5-9c39-85c0d3889fd4", "uuid": "710fb5c7-bc5e-4cb5-9c39-85c0d3889fd4", "brand": "Nike", "colorway": "Zest/Black", "condition": "New", "description": "", "media": {"smallImageUrl": "https://images.stockx.com/images/Nike-Dunk-SB-Low-Piet-Mondrian-Product.jpg?fit=fill&bg=FFFFFF&w=300&h=214&fm=webp&auto=compress&trim=color&q=90&dpr=2&updated_at=1607047927", "thumbUrl": "https://images.stockx.com/images/Nike-Dunk-SB-Low-Piet-Mondrian-Product.jpg?fit=fill&bg=FFFFFF&w=140&h=100&fm=webp&auto=compress&trim=color&q=90&dpr=2&updated_at=1607047927"}, "productCategory": "sneakers", "releaseDate": "2008-02-01", "retailPrice": 65, "shoe": "Nike SB Dunk Low", "title": "Nike SB Dunk Low Piet Mondrian", "urlKey": "nike-dunk-sb-low-piet-mondrian", "market": {"lowestAsk": 1645, "salesThisPeriod": 0, "salesLastPeriod": 0, "highestBid": 2066, "volatility": 2.05574, "deadstockSold": 11, "pricePremium": 15.154, "averageDeadstockPrice": 2126, "lastSale": 1050, "changeValue": -792, "changePercentage": -0.429967, "lastLowestAskTime": 1661965980, "lastHighestBidTime": 1659992534, "lastSaleDate": "2022-08-31T18:23:36+00:00"}, "objectID": "710fb5c7-bc5e-4cb5-9c39-85c0d3889fd4"}, {"id": "92bbad2d-d04b-4a58-8f95-43b6a570a4d7", "uuid": "92bbad2d-d04b-4a58-8f95-43b6a570a4d7", "brand": "Nike", "colorway": "White/Sail-University Orange", "condition": "New", "description": "", "media": {"smallImageUrl": "https://images.stockx.com/images/Nike-Dunk-High-First-Use-White-Sail-Orange-W-Product.jpg?fit=fill&bg=FFFFFF&w=300&h=214&fm=webp&auto=compress&trim=color&q=90&dpr=2&updated_at=1630349968", "thumbUrl": "https://images.stockx.com/images/Nike-Dunk-High-First-Use-White-Sail-Orange-W-Product.jpg?fit=fill&bg=FFFFFF&w=140&h=100&fm=webp&auto=compress&trim=color&q=90&dpr=2&updated_at=1630349968"}, "productCategory": "sneakers", "releaseDate": "", "retailPrice": 120, "shoe": "Nike Dunk High", "title": "Nike Dunk High First Use White Sail Orange (W)", "urlKey": "nike-dunk-high-first-use-white-sail-orange-w", "market": {"lowestAsk": 121, "salesThisPeriod": 6, "salesLastPeriod": 0, "highestBid": 250, "volatility": 0.367068, "deadstockSold": 829, "pricePremium": 0.167, "averageDeadstockPrice": 170, "lastSale": 140, "changeValue": 32, "changePercentage": 0.296296, "lastLowestAskTime": 1663768421, "lastHighestBidTime": 1663726319, "lastSaleDate": "2022-09-21T00:10:53+00:00"}, "objectID": "92bbad2d-d04b-4a58-8f95-43b6a570a4d7"}, {"id": "de00545c-1126-425a-b433-5856eac7e18a", "uuid": "de00545c-1126-425a-b433-5856eac7e18a", "brand": "Nike", "colorway": "White/Pure Platinum/Total Orange", "condition": "New", "description": "", "media": {"smallImageUrl": "https://images.stockx.com/images/Nike-Dunk-Low-SE-3D-Swoosh-Pure-Platinum-Total-Orange-GS-Product.jpg?fit=fill&bg=FFFFFF&w=300&h=214&fm=webp&auto=compress&trim=color&q=90&dpr=2&updated_at=1644224521", "thumbUrl": "https://images.stockx.com/images/Nike-Dunk-Low-SE-3D-Swoosh-Pure-Platinum-Total-Orange-GS-Product.jpg?fit=fill&bg=FFFFFF&w=140&h=100&fm=webp&auto=compress&trim=color&q=90&dpr=2&updated_at=1644224521"}, "productCategory": "sneakers", "releaseDate": "", "retailPrice": 95, "shoe": "Nike Dunk Low SE", "title": "Nike Dunk Low SE 3D Swoosh Pure Platinum Total Orange (GS)", "urlKey": "nike-dunk-low-se-3d-swoosh-pure-platinum-total-orange-gs", "market": {"lowestAsk": 98, "salesThisPeriod": 3, "salesLastPeriod": 0, "highestBid": 101, "volatility": 0.096737, "deadstockSold": 314, "pricePremium": 0.202, "averageDeadstockPrice": 116, "lastSale": 114, "changeValue": 23, "changePercentage": 0.239782, "lastLowestAskTime": 1663708401, "lastHighestBidTime": 1663573720, "lastSaleDate": "2022-09-21T10:33:28+00:00"}, "objectID": "de00545c-1126-425a-b433-5856eac7e18a"}, {"id": "bb6380ec-9cd1-43ed-9097-8844a948ec8f", "uuid": "bb6380ec-9cd1-43ed-9097-8844a948ec8f", "brand": "Nike", "colorway": "Light Soft Pink/Pale Coral", "condition": "New", "description": "", "media": {"smallImageUrl": "https://images.stockx.com/images/Nike-Dunk-Low-Disrupt-W-Product.jpg?fit=fill&bg=FFFFFF&w=300&h=214&fm=webp&auto=compress&trim=color&q=90&dpr=2&updated_at=1633366220", "thumbUrl": "https://images.stockx.com/images/Nike-Dunk-Low-Disrupt-W-Product.jpg?fit=fill&bg=FFFFFF&w=140&h=100&fm=webp&auto=compress&trim=color&q=90&dpr=2&updated_at=1633366220"}, "productCategory": "sneakers", "releaseDate": "2021-08-03", "retailPrice": 110, "shoe": "Nike Dunk Low Disrupt", "title": "Nike Dunk Low Disrupt Light Soft Pink (W)", "urlKey": "nike-dunk-low-disrupt-light-soft-pink-w", "market": {"lowestAsk": 84, "salesThisPeriod": 7, "salesLastPeriod": 0, "highestBid": 109, "volatility": 0.13575, "deadstockSold": 768, "pricePremium": -0.164, "averageDeadstockPrice": 108, "lastSale": 92, "changeValue": 0, "changePercentage": 0, "lastLowestAskTime": 1663778637, "lastHighestBidTime": 1662981097, "lastSaleDate": "2022-09-20T19:04:55+00:00"}, "objectID": "bb6380ec-9cd1-43ed-9097-8844a948ec8f"}, {"id": "4821bfda-97b0-403a-8dda-821f1afc6fcf", "uuid": "4821bfda-97b0-403a-8dda-821f1afc6fcf", "brand": "Nike", "colorway": "Sail/Neutral Grey-Sweet Beet", "condition": "New", "description": "", "media": {"smallImageUrl": "https://images.stockx.com/images/Nike-Dunk-Low-Off-White-Lot-35-Product.jpg?fit=fill&bg=FFFFFF&w=300&h=214&fm=webp&auto=compress&trim=color&q=90&dpr=2&updated_at=1637177855", "thumbUrl": "https://images.stockx.com/images/Nike-Dunk-Low-Off-White-Lot-35-Product.jpg?fit=fill&bg=FFFFFF&w=140&h=100&fm=webp&auto=compress&trim=color&q=90&dpr=2&updated_at=1637177855"}, "productCategory": "sneakers", "releaseDate": "2021-08-09", "retailPrice": 180, "shoe": "Nike Dunk Low", "title": "Nike Dunk Low Off-White Lot 35", "urlKey": "nike-dunk-low-off-white-lot-35", "market": {"lowestAsk": 476, "salesThisPeriod": 0, "salesLastPeriod": 0, "highestBid": 585, "volatility": 0.223505, "deadstockSold": 152, "pricePremium": 1.367, "averageDeadstockPrice": 494, "lastSale": 426, "changeValue": -268, "changePercentage": -0.386167, "lastLowestAskTime": 1663674882, "lastHighestBidTime": 1663783608, "lastSaleDate": "2022-09-15T17:08:58+00:00"}, "objectID": "4821bfda-97b0-403a-8dda-821f1afc6fcf"}, {"id": "cad333fc-7cdf-4120-b5d7-de8094d46337", "uuid": "cad333fc-7cdf-4120-b5d7-de8094d46337", "brand": "Nike", "colorway": "Black/Dark Chocolate-Copa", "condition": "New", "description": "", "media": {"smallImageUrl": "https://images.stockx.com/images/Nike-Dunk-Low-Free-99-Black-GS-Product.jpg?fit=fill&bg=FFFFFF&w=300&h=214&fm=webp&auto=compress&trim=color&q=90&dpr=2&updated_at=1624468061", "thumbUrl": "https://images.stockx.com/images/Nike-Dunk-Low-Free-99-Black-GS-Product.jpg?fit=fill&bg=FFFFFF&w=140&h=100&fm=webp&auto=compress&trim=color&q=90&dpr=2&updated_at=1624468061"}, "productCategory": "sneakers", "releaseDate": "2021-05-07", "retailPrice": 95, "shoe": "Nike Dunk Low", "title": "Nike Dunk Low Free 99 Black (GS)", "urlKey": "nike-dunk-low-free-99-black-gs", "market": {"lowestAsk": 99, "salesThisPeriod": 5, "salesLastPeriod": 0, "highestBid": 105, "volatility": 0.116777, "deadstockSold": 1222, "pricePremium": 0.662, "averageDeadstockPrice": 124, "lastSale": 158, "changeValue": 20, "changePercentage": 0.144336, "lastLowestAskTime": 1663057222, "lastHighestBidTime": 1663403127, "lastSaleDate": "2022-09-21T16:55:26+00:00"}, "objectID": "cad333fc-7cdf-4120-b5d7-de8094d46337"}, {"id": "53380f77-af51-449f-bc89-bae6692c390c", "uuid": "53380f77-af51-449f-bc89-bae6692c390c", "brand": "Nike", "colorway": "University Gold/University Gold-Black", "condition": "New", "description": "", "media": {"smallImageUrl": "https://images.stockx.com/images/Nike-Air-Rubber-Dunk-Off-White-University-Gold-PS-Product.jpg?fit=fill&bg=FFFFFF&w=300&h=214&fm=webp&auto=compress&trim=color&q=90&dpr=2&updated_at=1609368948", "thumbUrl": "https://images.stockx.com/images/Nike-Air-Rubber-Dunk-Off-White-University-Gold-PS-Product.jpg?fit=fill&bg=FFFFFF&w=140&h=100&fm=webp&auto=compress&trim=color&q=90&dpr=2&updated_at=1609368948"}, "productCategory": "sneakers", "releaseDate": "2020-10-01", "retailPrice": 90, "shoe": "Nike Air Rubber Dunk", "title": "Nike Air Rubber Dunk Off-White University Gold (PS)", "urlKey": "nike-air-rubber-dunk-off-white-university-gold-ps", "market": {"lowestAsk": 141, "salesThisPeriod": 0, "salesLastPeriod": 0, "highestBid": 125, "volatility": 0.204813, "deadstockSold": 112, "pricePremium": 0.556, "averageDeadstockPrice": 159, "lastSale": 140, "changeValue": 25, "changePercentage": 0.217391, "lastLowestAskTime": 1662572088, "lastHighestBidTime": 1663800029, "lastSaleDate": "2022-09-17T02:09:01+00:00"}, "objectID": "53380f77-af51-449f-bc89-bae6692c390c"}, {"id": "113cc685-3eb7-4ef0-a30a-a1d161d8cc3d", "uuid": "113cc685-3eb7-4ef0-a30a-a1d161d8cc3d", "brand": "Nike", "colorway": "Sail/Neutral Grey-Chile Red", "condition": "New", "description": "", "media": {"smallImageUrl": "https://images.stockx.com/images/Nike-Dunk-Low-Off-White-Lot-33-Product.jpg?fit=fill&bg=FFFFFF&w=300&h=214&fm=webp&auto=compress&trim=color&q=90&dpr=2&updated_at=1631303076", "thumbUrl": "https://images.stockx.com/images/Nike-Dunk-Low-Off-White-Lot-33-Product.jpg?fit=fill&bg=FFFFFF&w=140&h=100&fm=webp&auto=compress&trim=color&q=90&dpr=2&updated_at=1631303076"}, "productCategory": "sneakers", "releaseDate": "2021-08-09", "retailPrice": 180, "shoe": "Nike Dunk Low", "title": "Nike Dunk Low Off-White Lot 33", "urlKey": "nike-dunk-low-off-white-lot-33", "market": {"lowestAsk": 512, "salesThisPeriod": 0, "salesLastPeriod": 0, "highestBid": 575, "volatility": 0.270078, "deadstockSold": 140, "pricePremium": 1.844, "averageDeadstockPrice": 536, "lastSale": 512, "changeValue": -84, "changePercentage": -0.14094, "lastLowestAskTime": 1663391418, "lastHighestBidTime": 1661888393, "lastSaleDate": "2022-09-16T13:56:51+00:00"}, "objectID": "113cc685-3eb7-4ef0-a30a-a1d161d8cc3d"}, {"id": "4b6668ea-c6cd-4251-8c5a-bea97584e949", "uuid": "4b6668ea-c6cd-4251-8c5a-bea97584e949", "brand": "Nike", "colorway": "White/Black-Varsity Red", "condition": "New", "description": "", "media": {"smallImageUrl": "https://images.stockx.com/images/Nike-Dunk-Low-White-Black-Red-GS.png?fit=fill&bg=FFFFFF&w=300&h=214&fm=webp&auto=compress&trim=color&q=90&dpr=2&updated_at=1614195216", "thumbUrl": "https://images.stockx.com/images/Nike-Dunk-Low-White-Black-Red-GS.png?fit=fill&bg=FFFFFF&w=140&h=100&fm=webp&auto=compress&trim=color&q=90&dpr=2&updated_at=1614195216"}, "productCategory": "sneakers", "releaseDate": "2012-01-01", "retailPrice": 85, "shoe": "Nike Dunk Low", "title": "Nike Dunk Low White Black Red (GS)", "urlKey": "nike-dunk-low-white-black-red-gs", "market": {"lowestAsk": 459, "salesThisPeriod": 0, "salesLastPeriod": 0, "highestBid": 225, "volatility": 0.2375, "deadstockSold": 2, "pricePremium": 0, "averageDeadstockPrice": 305, "lastSale": 400, "changeValue": 190, "changePercentage": 0.904762, "lastLowestAskTime": 1663695950, "lastHighestBidTime": 1661216491, "lastSaleDate": "2022-08-15T05:30:31+00:00"}, "objectID": "4b6668ea-c6cd-4251-8c5a-bea97584e949"}, {"id": "e8be8e36-6a17-46dc-84f2-1dfcd2a4b54a", "uuid": "e8be8e36-6a17-46dc-84f2-1dfcd2a4b54a", "brand": "Nike", "colorway": "Black/Black-Red", "condition": "New", "description": "", "media": {"smallImageUrl": "https://images.stockx.com/images/Nike-SB-Dunk-High-Iron-Maiden.png?fit=fill&bg=FFFFFF&w=300&h=214&fm=webp&auto=compress&trim=color&q=90&dpr=2&updated_at=1608510932", "thumbUrl": "https://images.stockx.com/images/Nike-SB-Dunk-High-Iron-Maiden.png?fit=fill&bg=FFFFFF&w=140&h=100&fm=webp&auto=compress&trim=color&q=90&dpr=2&updated_at=1608510932"}, "productCategory": "sneakers", "releaseDate": "2003-01-01", "retailPrice": 0, "shoe": "Nike SB Dunk High", "title": "Nike SB Dunk High Iron Maiden", "urlKey": "nike-sb-dunk-high-iron-maiden", "market": {"lowestAsk": 25000, "salesThisPeriod": 0, "salesLastPeriod": 0, "highestBid": 8500, "volatility": 0, "deadstockSold": 0, "pricePremium": 0, "averageDeadstockPrice": 0, "lastSale": 8000, "changeValue": 5500, "changePercentage": 2.2, "lastLowestAskTime": 1662236286, "lastHighestBidTime": 1663181288, "lastSaleDate": "2020-09-02T15:40:13+00:00"}, "objectID": "e8be8e36-6a17-46dc-84f2-1dfcd2a4b54a"}, {"id": "c4906031-6338-45c4-a1fe-bc284093e4e1", "uuid": "c4906031-6338-45c4-a1fe-bc284093e4e1", "brand": "Nike", "colorway": "White/White/White", "condition": "New", "description": "", "media": {"smallImageUrl": "https://images.stockx.com/images/Nike-Dunk-Low-Dover-Street-Market-Triple-White-Velvet.jpg?fit=fill&bg=FFFFFF&w=300&h=214&fm=webp&auto=compress&trim=color&q=90&dpr=2&updated_at=1643799338", "thumbUrl": "https://images.stockx.com/images/Nike-Dunk-Low-Dover-Street-Market-Triple-White-Velvet.jpg?fit=fill&bg=FFFFFF&w=140&h=100&fm=webp&auto=compress&trim=color&q=90&dpr=2&updated_at=1643799338"}, "productCategory": "sneakers", "releaseDate": "2022-02-05", "retailPrice": 150, "shoe": "Nike Dunk Low", "title": "Nike Dunk Low Dover Street Market Triple White Velvet", "urlKey": "nike-dunk-low-dover-street-market-triple-white-velvet", "market": {"lowestAsk": 229, "salesThisPeriod": 1, "salesLastPeriod": 0, "highestBid": 350, "volatility": 0.193382, "deadstockSold": 285, "pricePremium": 1.237, "averageDeadstockPrice": 338, "lastSale": 336, "changeValue": -5, "changePercentage": -0.015994, "lastLowestAskTime": 1661348778, "lastHighestBidTime": 1663643321, "lastSaleDate": "2022-09-18T17:55:20+00:00"}, "objectID": "c4906031-6338-45c4-a1fe-bc284093e4e1"}, {"id": "2da408d8-068a-4e64-846f-15c082ec7369", "uuid": "2da408d8-068a-4e64-846f-15c082ec7369", "brand": "Nike", "colorway": "Iced Jade/Circuit Orange-Sail-Barley Green", "condition": "New", "description": "", "media": {"smallImageUrl": "https://images.stockx.com/images/Nike-SB-Dunk-High-Thomas-Campbell-What-The-Dunk-Product.jpg?fit=fill&bg=FFFFFF&w=300&h=214&fm=webp&auto=compress&trim=color&q=90&dpr=2&updated_at=1608515912", "thumbUrl": "https://images.stockx.com/images/Nike-SB-Dunk-High-Thomas-Campbell-What-The-Dunk-Product.jpg?fit=fill&bg=FFFFFF&w=140&h=100&fm=webp&auto=compress&trim=color&q=90&dpr=2&updated_at=1608515912"}, "productCategory": "sneakers", "releaseDate": "2017-07-05", "retailPrice": 110, "shoe": "Nike SB Dunk High", "title": "Nike SB Dunk High Thomas Campbell What the Dunk", "urlKey": "nike-sb-dunk-high-thomas-campbell-what-the-dunk", "market": {"lowestAsk": 550, "salesThisPeriod": 0, "salesLastPeriod": 0, "highestBid": 756, "volatility": 0.238651, "deadstockSold": 50, "pricePremium": 3.545, "averageDeadstockPrice": 792, "lastSale": 500, "changeValue": -149, "changePercentage": -0.229584, "lastLowestAskTime": 1663173331, "lastHighestBidTime": 1663179546, "lastSaleDate": "2022-09-12T21:47:40+00:00"}, "objectID": "2da408d8-068a-4e64-846f-15c082ec7369"}, {"id": "0bc76822-dfd5-4070-8e77-fba81d190647", "uuid": "0bc76822-dfd5-4070-8e77-fba81d190647", "brand": "Nike", "childId": null, "colorway": "White/Blue-Black", "condition": "New", "description": "The Nike SB Dunk Low Truck It features a brilliantly striped Swoosh logo with two shades of blue and light blue stitching around the edges. A gradient blue Nike logo on the heel completes the retro look and reflects the colors of the desert sky.\n<br>\n<br>\nThe Nike SB Dunk Low Truck It released in January of 2020 and retailed for $114.", "media": {"smallImageUrl": "https://images.stockx.com/images/Nike-SB-Dunk-Low-Truck-It.jpg?fit=fill&bg=FFFFFF&w=300&h=214&fm=webp&auto=compress&trim=color&q=90&dpr=2&updated_at=1607046226", "thumbUrl": "https://images.stockx.com/images/Nike-SB-Dunk-Low-Truck-It.jpg?fit=fill&bg=FFFFFF&w=140&h=100&fm=webp&auto=compress&trim=color&q=90&dpr=2&updated_at=1607046226"}, "productCategory": "sneakers", "releaseDate": "2020-01-03", "retailPrice": 114, "shoe": "Nike SB Dunk Low", "title": "Nike SB Dunk Low Truck It", "urlKey": "nike-sb-dunk-low-truck-it", "market": {"lowestAsk": 297, "salesThisPeriod": 0, "salesLastPeriod": 0, "highestBid": 325, "volatility": 0.234123, "deadstockSold": 170, "pricePremium": 1.219, "averageDeadstockPrice": 334, "lastSale": 253, "changeValue": 19, "changePercentage": 0.081197, "lastLowestAskTime": 1662557812, "lastHighestBidTime": 1661656124, "lastSaleDate": "2022-09-12T18:46:57+00:00"}, "objectID": "0bc76822-dfd5-4070-8e77-fba81d190647"}, {"id": "e8ab4560-f84b-4780-8a20-44a061cc963c", "uuid": "e8ab4560-f84b-4780-8a20-44a061cc963c", "brand": "Nike", "childId": null, "colorway": "White/White-Game Royal", "condition": "New", "description": "", "media": {"smallImageUrl": "https://images.stockx.com/images/Nike-SB-Dunk-Low-Premium-White-Game-Royal-Product.jpg?fit=fill&bg=FFFFFF&w=300&h=214&fm=webp&auto=compress&trim=color&q=90&dpr=2&updated_at=1607060369", "thumbUrl": "https://images.stockx.com/images/Nike-SB-Dunk-Low-Premium-White-Game-Royal-Product.jpg?fit=fill&bg=FFFFFF&w=140&h=100&fm=webp&auto=compress&trim=color&q=90&dpr=2&updated_at=1607060369"}, "productCategory": "sneakers", "releaseDate": "2019-07-20", "retailPrice": 95, "shoe": "Nike SB Dunk Low", "title": "Nike SB Dunk Low Premium White Game Royal", "urlKey": "nike-sb-dunk-low-premium-white-game-royal", "market": {"lowestAsk": 350, "salesThisPeriod": 0, "salesLastPeriod": 0, "highestBid": 385, "volatility": 0.125863, "deadstockSold": 84, "pricePremium": 2.895, "averageDeadstockPrice": 415, "lastSale": 370, "changeValue": 50, "changePercentage": 0.15625, "lastLowestAskTime": 1662508301, "lastHighestBidTime": 1663681592, "lastSaleDate": "2022-09-16T02:03:02+00:00"}, "objectID": "e8ab4560-f84b-4780-8a20-44a061cc963c"}, {"id": "08dac150-1e15-4ce1-811d-13a06e6e5ffe", "uuid": "08dac150-1e15-4ce1-811d-13a06e6e5ffe", "brand": "Nike", "childId": null, "colorway": "Black/Washed Coral-Black", "condition": "New", "description": "", "media": {"smallImageUrl": "https://images.stockx.com/images/Nike-SB-Dunk-Low-Black-Washed-Coral-Product.jpg?fit=fill&bg=FFFFFF&w=300&h=214&fm=webp&auto=compress&trim=color&q=90&dpr=2&updated_at=1607045521", "thumbUrl": "https://images.stockx.com/images/Nike-SB-Dunk-Low-Black-Washed-Coral-Product.jpg?fit=fill&bg=FFFFFF&w=140&h=100&fm=webp&auto=compress&trim=color&q=90&dpr=2&updated_at=1607045521"}, "productCategory": "sneakers", "releaseDate": "2019-05-15", "retailPrice": 90, "shoe": "Nike SB Dunk Low", "title": "Nike SB Dunk Low Black Washed Coral", "urlKey": "nike-sb-dunk-low-black-washed-coral", "market": {"lowestAsk": 408, "salesThisPeriod": 0, "salesLastPeriod": 0, "highestBid": 450, "volatility": 0.292973, "deadstockSold": 46, "pricePremium": 3.444, "averageDeadstockPrice": 416, "lastSale": 400, "changeValue": 32, "changePercentage": 0.085197, "lastLowestAskTime": 1663170402, "lastHighestBidTime": 1663054990, "lastSaleDate": "2022-08-14T18:45:18+00:00"}, "objectID": "08dac150-1e15-4ce1-811d-13a06e6e5ffe"}, {"id": "fb9b9079-b9c6-4bd3-8178-2c326c38955b", "uuid": "fb9b9079-b9c6-4bd3-8178-2c326c38955b", "brand": "Nike", "colorway": "Canvas/Mid Soft Pink-Burnt Brown", "condition": "New", "description": "", "media": {"smallImageUrl": "https://images.stockx.com/images/Nike-Dunk-Low-Social-Status-Free-Lunch-Chocolate-Milk-PS-Product.jpg?fit=fill&bg=FFFFFF&w=300&h=214&fm=webp&auto=compress&trim=color&q=90&dpr=2&updated_at=1633027478", "thumbUrl": "https://images.stockx.com/images/Nike-Dunk-Low-Social-Status-Free-Lunch-Chocolate-Milk-PS-Product.jpg?fit=fill&bg=FFFFFF&w=140&h=100&fm=webp&auto=compress&trim=color&q=90&dpr=2&updated_at=1633027478"}, "productCategory": "sneakers", "releaseDate": "2021-09-04", "retailPrice": 80, "shoe": "Nike Dunk Low", "title": "Nike Dunk Low Social Status Free Lunch Chocolate Milk (PS)", "urlKey": "nike-dunk-low-social-status-free-lunch-chocolate-milk-ps", "market": {"lowestAsk": 119, "salesThisPeriod": 0, "salesLastPeriod": 0, "highestBid": 120, "volatility": 0.442372, "deadstockSold": 873, "pricePremium": 0.65, "averageDeadstockPrice": 126, "lastSale": 132, "changeValue": 17, "changePercentage": 0.147826, "lastLowestAskTime": 1661424014, "lastHighestBidTime": 1663129130, "lastSaleDate": "2022-09-14T10:44:22+00:00"}, "objectID": "fb9b9079-b9c6-4bd3-8178-2c326c38955b"}, {"id": "86f66fbe-18bf-4d0f-9d92-a9d742a733d9", "uuid": "86f66fbe-18bf-4d0f-9d92-a9d742a733d9", "brand": "Nike", "colorway": "Pink/Red-White", "condition": "New", "description": "", "media": {"smallImageUrl": "https://images.stockx.com/images/Nike-Dunk-Low-Pink-Red-White-TD-Product.jpg?fit=fill&bg=FFFFFF&w=300&h=214&fm=webp&auto=compress&trim=color&q=90&dpr=2&updated_at=1646406424", "thumbUrl": "https://images.stockx.com/images/Nike-Dunk-Low-Pink-Red-White-TD-Product.jpg?fit=fill&bg=FFFFFF&w=140&h=100&fm=webp&auto=compress&trim=color&q=90&dpr=2&updated_at=1646406424"}, "productCategory": "sneakers", "releaseDate": "", "retailPrice": 60, "shoe": "Nike Dunk Low", "title": "Nike Dunk Low Pink Red White (TD)", "urlKey": "nike-dunk-low-pink-red-white-td", "market": {"lowestAsk": 60, "salesThisPeriod": 1, "salesLastPeriod": 0, "highestBid": 80, "volatility": 0.103044, "deadstockSold": 1374, "pricePremium": 0.844, "averageDeadstockPrice": 79, "lastSale": 111, "changeValue": 27, "changePercentage": 0.317286, "lastLowestAskTime": 1663598018, "lastHighestBidTime": 1662063427, "lastSaleDate": "2022-09-16T15:51:43+00:00"}, "objectID": "86f66fbe-18bf-4d0f-9d92-a9d742a733d9"}, {"id": "45b2115b-ef1d-4529-a56e-fb64c038beb9", "uuid": "45b2115b-ef1d-4529-a56e-fb64c038beb9", "brand": "Nike", "colorway": "Green/Metallic Gold-White-Light Gum", "condition": "New", "description": "", "media": {"smallImageUrl": "https://images.stockx.com/images/Nike-SB-Dunk-Low-Pro-St-Patricks-Day-TD-2022-Product.jpg?fit=fill&bg=FFFFFF&w=300&h=214&fm=webp&auto=compress&trim=color&q=90&dpr=2&updated_at=1657544003", "thumbUrl": "https://images.stockx.com/images/Nike-SB-Dunk-Low-Pro-St-Patricks-Day-TD-2022-Product.jpg?fit=fill&bg=FFFFFF&w=140&h=100&fm=webp&auto=compress&trim=color&q=90&dpr=2&updated_at=1657544003"}, "productCategory": "sneakers", "releaseDate": "2022-06-07", "retailPrice": 60, "shoe": "Nike SB Dunk Low Pro", "title": "Nike SB Dunk Low Pro St. Patrick's Day (TD) (2022)", "urlKey": "nike-sb-dunk-low-pro-st-patricks-day-td-2022", "market": {"lowestAsk": 86, "salesThisPeriod": 1, "salesLastPeriod": 0, "highestBid": 80, "volatility": 0.094443, "deadstockSold": 207, "pricePremium": 0.6, "averageDeadstockPrice": 89, "lastSale": 96, "changeValue": -5, "changePercentage": -0.049505, "lastLowestAskTime": 1663699978, "lastHighestBidTime": 1662131299, "lastSaleDate": "2022-09-17T21:18:43+00:00"}, "objectID": "45b2115b-ef1d-4529-a56e-fb64c038beb9"}, {"id": "8815126a-e3af-41da-a8fd-e060d6954f50", "uuid": "8815126a-e3af-41da-a8fd-e060d6954f50", "brand": "Nike", "colorway": "Black/White-Medium Grey-Black", "condition": "New", "description": "", "media": {"smallImageUrl": "https://images.stockx.com/images/Nike-SB-Dunk-Low-Elite-Bearbrick-2017-Product.jpg?fit=fill&bg=FFFFFF&w=300&h=214&fm=webp&auto=compress&trim=color&q=90&dpr=2&updated_at=1607045764", "thumbUrl": "https://images.stockx.com/images/Nike-SB-Dunk-Low-Elite-Bearbrick-2017-Product.jpg?fit=fill&bg=FFFFFF&w=140&h=100&fm=webp&auto=compress&trim=color&q=90&dpr=2&updated_at=1607045764"}, "productCategory": "sneakers", "releaseDate": "2017-11-24", "retailPrice": 115, "shoe": "Nike SB Dunk Low Elite", "title": "Nike SB Dunk Low Elite Medicom Bearbrick", "urlKey": "nike-sb-dunk-low-elite-bearbrick", "market": {"lowestAsk": 167, "salesThisPeriod": 0, "salesLastPeriod": 0, "highestBid": 225, "volatility": 0.29737, "deadstockSold": 65, "pricePremium": 1.255, "averageDeadstockPrice": 306, "lastSale": 259, "changeValue": -211, "changePercentage": -0.449426, "lastLowestAskTime": 1663717031, "lastHighestBidTime": 1659875887, "lastSaleDate": "2022-09-01T08:33:44+00:00"}, "objectID": "8815126a-e3af-41da-a8fd-e060d6954f50"}, {"id": "4a1555e6-a51f-4a51-ae94-269a0c45d6b7", "uuid": "4a1555e6-a51f-4a51-ae94-269a0c45d6b7", "brand": "Nike", "colorway": "Black/Academy-Blue", "condition": "New", "description": "", "media": {"smallImageUrl": "https://images.stockx.com/images/Nike-Dunk-SB-Low-Patagonia-Product.jpg?fit=fill&bg=FFFFFF&w=300&h=214&fm=webp&auto=compress&trim=color&q=90&dpr=2&updated_at=1612831784", "thumbUrl": "https://images.stockx.com/images/Nike-Dunk-SB-Low-Patagonia-Product.jpg?fit=fill&bg=FFFFFF&w=140&h=100&fm=webp&auto=compress&trim=color&q=90&dpr=2&updated_at=1612831784"}, "productCategory": "sneakers", "releaseDate": "", "retailPrice": 100, "shoe": "Nike SB Dunk Low", "title": "Nike SB Dunk Low Patagonia", "urlKey": "nike-dunk-sb-low-patagonia", "market": {"lowestAsk": 1498, "salesThisPeriod": 0, "salesLastPeriod": 0, "highestBid": 750, "volatility": 0.931385, "deadstockSold": 9, "pricePremium": 0, "averageDeadstockPrice": 697, "lastSale": 420, "changeValue": 226, "changePercentage": 1.16495, "lastLowestAskTime": 1658243996, "lastHighestBidTime": 1663277224, "lastSaleDate": "2022-08-30T13:51:48+00:00"}, "objectID": "4a1555e6-a51f-4a51-ae94-269a0c45d6b7"}, {"id": "1662d679-db15-45cf-bd67-7407b64212a2", "uuid": "1662d679-db15-45cf-bd67-7407b64212a2", "brand": "Nike", "colorway": "White/Bone-Peach-Aqua", "condition": "New", "description": "The Nike Dunk Low Tropical Twist (GS) arrives in a Light Bone, Tropical Twist, black, and white color scheme. Mismatched Swooshes add a playful touch to complete the design. \n<br>\n<br>\nThe Nike Dunk Low Tropical Twist (GS) released in May of 2021 and retailed for $85.", "media": {"smallImageUrl": "https://images.stockx.com/images/Nike-Dunk-Low-White-Bone-Peach-Aqua-GS-Product.jpg?fit=fill&bg=FFFFFF&w=300&h=214&fm=webp&auto=compress&trim=color&q=90&dpr=2&updated_at=1623168754", "thumbUrl": "https://images.stockx.com/images/Nike-Dunk-Low-White-Bone-Peach-Aqua-GS-Product.jpg?fit=fill&bg=FFFFFF&w=140&h=100&fm=webp&auto=compress&trim=color&q=90&dpr=2&updated_at=1623168754"}, "productCategory": "sneakers", "releaseDate": "", "retailPrice": 100, "shoe": "Nike Dunk Low", "title": "Nike Dunk Low Tropical Twist (GS)", "urlKey": "nike-dunk-low-tropical-twist-gs", "market": {"lowestAsk": 132, "salesThisPeriod": 0, "salesLastPeriod": 0, "highestBid": 144, "volatility": 0.113261, "deadstockSold": 872, "pricePremium": 0.73, "averageDeadstockPrice": 141, "lastSale": 173, "changeValue": 23, "changePercentage": 0.153333, "lastLowestAskTime": 1661785518, "lastHighestBidTime": 1662312047, "lastSaleDate": "2022-09-13T23:42:24+00:00"}, "objectID": "1662d679-db15-45cf-bd67-7407b64212a2"}, {"id": "f55c1e3e-b766-40a6-ae97-fde8b069af26", "uuid": "f55c1e3e-b766-40a6-ae97-fde8b069af26", "brand": "Nike", "childId": null, "colorway": "Wolf Grey/Summit White-Clear", "condition": "New", "description": "", "media": {"smallImageUrl": "https://images.stockx.com/images/Nike-SB-Dunk-Low-Wolf-Grey-Product.jpg?fit=fill&bg=FFFFFF&w=300&h=214&fm=webp&auto=compress&trim=color&q=90&dpr=2&updated_at=1607047225", "thumbUrl": "https://images.stockx.com/images/Nike-SB-Dunk-Low-Wolf-Grey-Product.jpg?fit=fill&bg=FFFFFF&w=140&h=100&fm=webp&auto=compress&trim=color&q=90&dpr=2&updated_at=1607047225"}, "productCategory": "sneakers", "releaseDate": "2017-12-01", "retailPrice": 90, "shoe": "Nike SB Dunk Low", "title": "Nike SB Dunk Low Wolf Grey", "urlKey": "nike-sb-dunk-low-wolf-grey", "market": {"lowestAsk": 932, "salesThisPeriod": 0, "salesLastPeriod": 0, "highestBid": 325, "volatility": 0.173635, "deadstockSold": 9, "pricePremium": 9.733, "averageDeadstockPrice": 533, "lastSale": 966, "changeValue": 466, "changePercentage": 0.932, "lastLowestAskTime": 1662020778, "lastHighestBidTime": 1660814066, "lastSaleDate": "2022-03-12T03:45:55+00:00"}, "objectID": "f55c1e3e-b766-40a6-ae97-fde8b069af26"}, {"id": "2a3fc25b-8ff4-4933-b85f-cfa3af98879f", "uuid": "2a3fc25b-8ff4-4933-b85f-cfa3af98879f", "brand": "Nike", "colorway": "Multicolor/Multicolor", "condition": "New", "description": "", "media": {"smallImageUrl": "https://images.stockx.com/images/Nike-Dunk-Low-Chinese-New-Year-Firecracker-2021-TD.png?fit=fill&bg=FFFFFF&w=300&h=214&fm=webp&auto=compress&trim=color&q=90&dpr=2&updated_at=1610700767", "thumbUrl": "https://images.stockx.com/images/Nike-Dunk-Low-Chinese-New-Year-Firecracker-2021-TD.png?fit=fill&bg=FFFFFF&w=140&h=100&fm=webp&auto=compress&trim=color&q=90&dpr=2&updated_at=1610700767"}, "productCategory": "sneakers", "releaseDate": "2021-01-22", "retailPrice": 55, "shoe": "Nike Dunk Low", "title": "Nike Dunk Low Chinese New Year Firecracker (2021) (TD)", "urlKey": "nike-dunk-low-chinese-new-year-firecracker-2021-td", "market": {"lowestAsk": 152, "salesThisPeriod": 0, "salesLastPeriod": 0, "highestBid": 79, "volatility": 0.166354, "deadstockSold": 79, "pricePremium": 2.018, "averageDeadstockPrice": 147, "lastSale": 166, "changeValue": 6, "changePercentage": 0.0375, "lastLowestAskTime": 1663519551, "lastHighestBidTime": 1663519302, "lastSaleDate": "2022-09-12T16:07:20+00:00"}, "objectID": "2a3fc25b-8ff4-4933-b85f-cfa3af98879f"}, {"id": "bd85964e-c881-4152-b462-603a91514b20", "uuid": "bd85964e-c881-4152-b462-603a91514b20", "brand": "Nike", "colorway": "Navy/Multicolor", "condition": "New", "description": "", "media": {"smallImageUrl": "https://images.stockx.com/images/Nike-Dunk-Low-Graffiti-Navy-PS.jpg?fit=fill&bg=FFFFFF&w=300&h=214&fm=webp&auto=compress&trim=color&q=90&dpr=2&updated_at=1655521830", "thumbUrl": "https://images.stockx.com/images/Nike-Dunk-Low-Graffiti-Navy-PS.jpg?fit=fill&bg=FFFFFF&w=140&h=100&fm=webp&auto=compress&trim=color&q=90&dpr=2&updated_at=1655521830"}, "productCategory": "sneakers", "releaseDate": "", "retailPrice": 70, "shoe": "Nike Dunk Low", "title": "Nike Dunk Low Graffiti Navy (PS)", "urlKey": "nike-dunk-low-graffiti-navy-ps", "market": {"lowestAsk": 59, "salesThisPeriod": 3, "salesLastPeriod": 0, "highestBid": 70, "volatility": 0.225834, "deadstockSold": 133, "pricePremium": -0.286, "averageDeadstockPrice": 76, "lastSale": 50, "changeValue": 0, "changePercentage": 0, "lastLowestAskTime": 1663771172, "lastHighestBidTime": 1662083152, "lastSaleDate": "2022-09-20T23:47:00+00:00"}, "objectID": "bd85964e-c881-4152-b462-603a91514b20"}, {"id": "d0d7594c-5cfb-42bb-9f80-2d06b9519a69", "uuid": "d0d7594c-5cfb-42bb-9f80-2d06b9519a69", "brand": "Nike", "colorway": "Grey Fog/White/Blue Void/Blue Void", "condition": "New", "description": "", "media": {"smallImageUrl": "https://images.stockx.com/images/Nike-Dunk-Low-EMB-NBA-75th-Anniversary-Brooklyn-Nets-PS-Product.jpg?fit=fill&bg=FFFFFF&w=300&h=214&fm=webp&auto=compress&trim=color&q=90&dpr=2&updated_at=1639682235", "thumbUrl": "https://images.stockx.com/images/Nike-Dunk-Low-EMB-NBA-75th-Anniversary-Brooklyn-Nets-PS-Product.jpg?fit=fill&bg=FFFFFF&w=140&h=100&fm=webp&auto=compress&trim=color&q=90&dpr=2&updated_at=1639682235"}, "productCategory": "sneakers", "releaseDate": "", "retailPrice": 65, "shoe": "Nike Dunk Low EMB", "title": "Nike Dunk Low EMB NBA 75th Anniversary Brooklyn Nets (PS)", "urlKey": "nike-dunk-low-emb-nba-75th-anniversary-brooklyn-nets-ps", "market": {"lowestAsk": 50, "salesThisPeriod": 2, "salesLastPeriod": 0, "highestBid": 90, "volatility": 0.161407, "deadstockSold": 480, "pricePremium": 1.692, "averageDeadstockPrice": 86, "lastSale": 175, "changeValue": 90, "changePercentage": 1.05882, "lastLowestAskTime": 1663708908, "lastHighestBidTime": 1662593400, "lastSaleDate": "2022-09-19T18:51:47+00:00"}, "objectID": "d0d7594c-5cfb-42bb-9f80-2d06b9519a69"}, {"id": "6f72d81c-3c41-436d-be06-59364d11db37", "uuid": "6f72d81c-3c41-436d-be06-59364d11db37", "brand": "Nike", "colorway": "White/Electro Purple/Midnight Navy", "condition": "New", "description": "", "media": {"smallImageUrl": "https://images.stockx.com/images/Nike-Dunk-High-Electro-Purple-Midnght-Navy-PS.jpg?fit=fill&bg=FFFFFF&w=300&h=214&fm=webp&auto=compress&trim=color&q=90&dpr=2&updated_at=1655835867", "thumbUrl": "https://images.stockx.com/images/Nike-Dunk-High-Electro-Purple-Midnght-Navy-PS.jpg?fit=fill&bg=FFFFFF&w=140&h=100&fm=webp&auto=compress&trim=color&q=90&dpr=2&updated_at=1655835867"}, "productCategory": "sneakers", "releaseDate": "2022-04-30", "retailPrice": 80, "shoe": "Nike Dunk High", "title": "Nike Dunk High Electro Purple Midnght Navy (PS)", "urlKey": "nike-dunk-high-electro-purple-midnght-navy-ps", "market": {"lowestAsk": 68, "salesThisPeriod": 2, "salesLastPeriod": 0, "highestBid": 40, "volatility": 0.624486, "deadstockSold": 13, "pricePremium": -0.25, "averageDeadstockPrice": 103, "lastSale": 60, "changeValue": -40, "changePercentage": -0.4, "lastLowestAskTime": 1663795908, "lastHighestBidTime": 1663511886, "lastSaleDate": "2022-09-19T18:05:16+00:00"}, "objectID": "6f72d81c-3c41-436d-be06-59364d11db37"}, {"id": "bb711fb6-83ba-4969-a970-73c5fba5f30d", "uuid": "bb711fb6-83ba-4969-a970-73c5fba5f30d", "brand": "Nike", "colorway": "Metallic Cool Grey/Metallic Cool Grey", "condition": "New", "description": "", "media": {"smallImageUrl": "https://images.stockx.com/images/Nike-Dunk-Low-6-0-Delorean-DMC-12-Product.jpg?fit=fill&bg=FFFFFF&w=300&h=214&fm=webp&auto=compress&trim=color&q=90&dpr=2&updated_at=1607667546", "thumbUrl": "https://images.stockx.com/images/Nike-Dunk-Low-6-0-Delorean-DMC-12-Product.jpg?fit=fill&bg=FFFFFF&w=140&h=100&fm=webp&auto=compress&trim=color&q=90&dpr=2&updated_at=1607667546"}, "productCategory": "sneakers", "releaseDate": "2010-11-26", "retailPrice": 90, "shoe": "Nike Dunk Low 6.0 SE", "title": "Nike Dunk Low 6.0 SE Delorean DMC-12", "urlKey": "nike-dunk-low-6-0-se-delorean-dmc-12", "market": {"lowestAsk": 900, "salesThisPeriod": 0, "salesLastPeriod": 0, "highestBid": 420, "volatility": 0.190739, "deadstockSold": 12, "pricePremium": 9.222, "averageDeadstockPrice": 591, "lastSale": 920, "changeValue": 470, "changePercentage": 1.04444, "lastLowestAskTime": 1662483258, "lastHighestBidTime": 1660941428, "lastSaleDate": "2022-08-22T02:46:11+00:00"}, "objectID": "bb711fb6-83ba-4969-a970-73c5fba5f30d"}, {"id": "158b3453-aca5-46d4-9f48-64024136b236", "uuid": "158b3453-aca5-46d4-9f48-64024136b236", "brand": "Nike", "childId": null, "colorway": "Ice Blue/White-Metallic Gold-Metallic Silver", "condition": "New", "description": "", "media": {"smallImageUrl": "https://images.stockx.com/images/Nike-SB-Dunk-Low-Sean-Cliver-Special-Box-Product.jpg?fit=fill&bg=FFFFFF&w=300&h=214&fm=webp&auto=compress&trim=color&q=90&dpr=2&updated_at=1613352428", "thumbUrl": "https://images.stockx.com/images/Nike-SB-Dunk-Low-Sean-Cliver-Special-Box-Product.jpg?fit=fill&bg=FFFFFF&w=140&h=100&fm=webp&auto=compress&trim=color&q=90&dpr=2&updated_at=1613352428"}, "productCategory": "sneakers", "releaseDate": "2020-12-19", "retailPrice": 140, "shoe": "Nike SB Dunk Low", "title": "Nike SB Dunk Low Sean Cliver (Special Box)", "urlKey": "nike-sb-dunk-low-sean-cliver-special-box", "market": {"lowestAsk": 848, "salesThisPeriod": 0, "salesLastPeriod": 0, "highestBid": 765, "volatility": 0.32521, "deadstockSold": 23, "pricePremium": 5.387, "averageDeadstockPrice": 894, "lastSale": 894, "changeValue": -59, "changePercentage": -0.062112, "lastLowestAskTime": 1663303050, "lastHighestBidTime": 1662867825, "lastSaleDate": "2022-08-19T05:18:52+00:00"}, "objectID": "158b3453-aca5-46d4-9f48-64024136b236"}]}