{"Pagination": {"query": "nike dunk", "queryID": "8b36797d886ece8f068d0694a56019a1", "index": "PRODUCTION_PG_FEATURED_DESC", "limit": 40, "page": 5, "total": 1960, "lastPage": "/api/v3/browse?_search=nike%20dunk&dataType=product&facetsToRetrieve=%7B%7D&filterVersion=4&page=25&propsToRetrieve=brand%2CchildId%2Ccolorway%2Ccondition%2Cdescription%2Cid%2Cmarket.averageDeadstockPrice%2Cmarket.bidAskData%2Cmarket.changePercentage%2Cmarket.changeValue%2Cmarket.deadstockSold%2Cmarket.highestBid%2Cmarket.lastHighestBidTime%2Cmarket.lastLowestAskTime%2Cmarket.lastSale%2Cmarket.lastSaleDate%2Cmarket.lastSaleValue%2Cmarket.lowestAsk%2Cmarket.pricePremium%2Cmarket.salesInformation%2Cmarket.salesLastPeriod%2Cmarket.salesThisPeriod%2Cmarket.volatility%2Cmedia.smallImageUrl%2Cmedia.thumbUrl%2CproductCategory%2CreleaseDate%2CretailPrice%2Cshoe%2Ctitle%2CurlKey%2Cuuid", "sort": ["featured"], "order": ["DESC"], "currentPage": "/api/v3/browse?_search=nike%20dunk&dataType=product&facetsToRetrieve=%7B%7D&filterVersion=4&page=5&propsToRetrieve=brand%2CchildId%2Ccolorway%2Ccondition%2Cdescription%2Cid%2Cmarket.averageDeadstockPrice%2Cmarket.bidAskData%2Cmarket.changePercentage%2Cmarket.changeValue%2Cmarket.deadstockSold%2Cmarket.highestBid%2Cmarket.lastHighestBidTime%2Cmarket.lastLowestAskTime%2Cmarket.lastSale%2Cmarket.lastSaleDate%2Cmarket.lastSaleValue%2Cmarket.lowestAsk%2Cmarket.pricePremium%2Cmarket.salesInformation%2Cmarket.salesLastPeriod%2Cmarket.salesThisPeriod%2Cmarket.volatility%2Cmedia.smallImageUrl%2Cmedia.thumbUrl%2CproductCategory%2CreleaseDate%2CretailPrice%2Cshoe%2Ctitle%2CurlKey%2Cuuid", "nextPage": "/api/v3/browse?_search=nike%20dunk&dataType=product&facetsToRetrieve=%7B%7D&filterVersion=4&page=6&propsToRetrieve=brand%2CchildId%2Ccolorway%2Ccondition%2Cdescription%2Cid%2Cmarket.averageDeadstockPrice%2Cmarket.bidAskData%2Cmarket.changePercentage%2Cmarket.changeValue%2Cmarket.deadstockSold%2Cmarket.highestBid%2Cmarket.lastHighestBidTime%2Cmarket.lastLowestAskTime%2Cmarket.lastSale%2Cmarket.lastSaleDate%2Cmarket.lastSaleValue%2Cmarket.lowestAsk%2Cmarket.pricePremium%2Cmarket.salesInformation%2Cmarket.salesLastPeriod%2Cmarket.salesThisPeriod%2Cmarket.volatility%2Cmedia.smallImageUrl%2Cmedia.thumbUrl%2CproductCategory%2CreleaseDate%2CretailPrice%2Cshoe%2Ctitle%2CurlKey%2Cuuid", "previousPage": "/api/v3/browse?_search=nike%20dunk&dataType=product&facetsToRetrieve=%7B%7D&filterVersion=4&page=4&propsToRetrieve=brand%2CchildId%2Ccolorway%2Ccondition%2Cdescription%2Cid%2Cmarket.averageDeadstockPrice%2Cmarket.bidAskData%2Cmarket.changePercentage%2Cmarket.changeValue%2Cmarket.deadstockSold%2Cmarket.highestBid%2Cmarket.lastHighestBidTime%2Cmarket.lastLowestAskTime%2Cmarket.lastSale%2Cmarket.lastSaleDate%2Cmarket.lastSaleValue%2Cmarket.lowestAsk%2Cmarket.pricePremium%2Cmarket.salesInformation%2Cmarket.salesLastPeriod%2Cmarket.salesThisPeriod%2Cmarket.volatility%2Cmedia.smallImageUrl%2Cmedia.thumbUrl%2CproductCategory%2CreleaseDate%2CretailPrice%2Cshoe%2Ctitle%2CurlKey%2Cuuid"}, "Facets": {}, "Products": [{"id": "e55a750d-344b-4522-a76f-8bb5972a19cf", "uuid": "e55a750d-344b-4522-a76f-8bb5972a19cf", "brand": "Nike", "childId": null, "colorway": "Sail/Medium Curry-Fossil", "condition": "New", "description": "Nike added a luxe twist to the Dunk Low with the Nike Dunk Low Medium Curry. The Curry colorway first made its way onto the Nike Dunk Low in 1999 as part of the Nike CO.JP (Concept Japan) collection. Since then, there have been multiple Curry Dunk releases in Nike\u2019s catalog, including the 2003 Nike Dunk High Premium Curry, 2010 Nike Dunk Low VNTG Dark Curry, and now, the Nike Dunk Low Medium Curry.\n<br>\n<br>\nThe upper of the Nike Dunk Low Medium Curry is composed of Sail hairy suede with Medium Curry overlays and a Bone-colored Swoosh. Nike branding is present on its traditional woven tongue tag and Medium Curry heel patch. A Sail nylon tongue, Sail midsole, and Medium Curry outsole complete this retro design.\n<br>\n<br>\nThe Nike Dunk Low Medium Curry released in March of 2021 and retailed for $100.", "media": {"smallImageUrl": "https://images.stockx.com/images/Nike-Dunk-Low-Medium-Curry-Product.jpg?fit=fill&bg=FFFFFF&w=300&h=214&fm=webp&auto=compress&trim=color&q=90&dpr=2&updated_at=1612991778", "thumbUrl": "https://images.stockx.com/images/Nike-Dunk-Low-Medium-Curry-Product.jpg?fit=fill&bg=FFFFFF&w=140&h=100&fm=webp&auto=compress&trim=color&q=90&dpr=2&updated_at=1612991778"}, "productCategory": "sneakers", "releaseDate": "2021-03-29", "retailPrice": 110, "shoe": "Nike Dunk Low", "title": "Nike Dunk Low Medium Curry", "urlKey": "nike-dunk-low-medium-curry", "market": {"lowestAsk": 415, "salesThisPeriod": 13, "salesLastPeriod": 0, "highestBid": 574, "volatility": 0.091564, "deadstockSold": 1726, "pricePremium": 3.727, "averageDeadstockPrice": 487, "lastSale": 520, "changeValue": 140, "changePercentage": 0.368421, "lastLowestAskTime": 1663704342, "lastHighestBidTime": 1663577850, "lastSaleDate": "2022-09-21T16:01:14+00:00"}, "objectID": "e55a750d-344b-4522-a76f-8bb5972a19cf"}, {"id": "2a2080c8-3c90-40e2-9b69-7254a01d38c4", "uuid": "2a2080c8-3c90-40e2-9b69-7254a01d38c4", "brand": "Nike", "colorway": "Rope/Special Cardinal", "condition": "New", "description": "", "media": {"smallImageUrl": "https://images.stockx.com/images/Nike-Dunk-SB-Low-Paris.jpg?fit=fill&bg=FFFFFF&w=300&h=214&fm=webp&auto=compress&trim=color&q=90&dpr=2&updated_at=1606325852", "thumbUrl": "https://images.stockx.com/images/Nike-Dunk-SB-Low-Paris.jpg?fit=fill&bg=FFFFFF&w=140&h=100&fm=webp&auto=compress&trim=color&q=90&dpr=2&updated_at=1606325852"}, "productCategory": "sneakers", "releaseDate": "2002-03-01", "retailPrice": 60, "shoe": "Nike SB Dunk Low", "title": "Nike SB Dunk Low Paris", "urlKey": "nike-dunk-sb-low-paris", "market": {"lowestAsk": 81200, "salesThisPeriod": 0, "salesLastPeriod": 0, "highestBid": 15000, "volatility": 0, "deadstockSold": 1, "pricePremium": 1032.33, "averageDeadstockPrice": 62000, "lastSale": 62000, "changeValue": 0, "changePercentage": 0, "lastLowestAskTime": 1663686167, "lastHighestBidTime": 1663686118, "lastSaleDate": "2022-01-06T08:00:27+00:00"}, "objectID": "2a2080c8-3c90-40e2-9b69-7254a01d38c4"}, {"id": "d8a703a0-c144-47cf-b97f-4596a9d793a4", "uuid": "d8a703a0-c144-47cf-b97f-4596a9d793a4", "brand": "Nike", "childId": null, "colorway": "Voltage Purple/Voltage Purple", "condition": "New", "description": "NOTE: Due to limited availability during the release, we cannot guarantee that the blue laces will be included. It's not often that people find purple lobsters, it's also not often that people wear the rare Nike SB Dunk Low Concepts Purple Lobster. This Nike SB Dunk low comes with a purple upper with a white accent, purple Nike \"Swoosh\", black midsole, and purple sole. These sneakers released in December 2018 and retailed for $130. Add some rare heat to the sneaker collection and Buy these now on StockX.", "media": {"smallImageUrl": "https://images.stockx.com/images/Nike-SB-Dunk-Low-Concepts-Purple-Lobster-Product.jpg?fit=fill&bg=FFFFFF&w=300&h=214&fm=webp&auto=compress&trim=color&q=90&dpr=2&updated_at=1606322845", "thumbUrl": "https://images.stockx.com/images/Nike-SB-Dunk-Low-Concepts-Purple-Lobster-Product.jpg?fit=fill&bg=FFFFFF&w=140&h=100&fm=webp&auto=compress&trim=color&q=90&dpr=2&updated_at=1606322845"}, "productCategory": "sneakers", "releaseDate": "2018-12-14", "retailPrice": 130, "shoe": "Nike SB Dunk Low", "title": "Nike SB Dunk Low Concepts Purple Lobster", "urlKey": "nike-sb-dunk-low-concepts-purple-lobster", "market": {"lowestAsk": 1048, "salesThisPeriod": 4, "salesLastPeriod": 0, "highestBid": 1236, "volatility": 0.104891, "deadstockSold": 159, "pricePremium": 8.055, "averageDeadstockPrice": 1070, "lastSale": 1177, "changeValue": -108, "changePercentage": -0.084033, "lastLowestAskTime": 1663761108, "lastHighestBidTime": 1662916795, "lastSaleDate": "2022-09-20T19:23:46+00:00"}, "objectID": "d8a703a0-c144-47cf-b97f-4596a9d793a4"}, {"id": "fa390fe5-74eb-4aa3-b462-d0a8dd801c2a", "uuid": "fa390fe5-74eb-4aa3-b462-d0a8dd801c2a", "brand": "Nike", "colorway": "Black/Off Noir/White", "condition": "New", "description": "", "media": {"smallImageUrl": "https://images.stockx.com/images/Nike-Dunk-Low-Black-White-2022-GS.jpg?fit=fill&bg=FFFFFF&w=300&h=214&fm=webp&auto=compress&trim=color&q=90&dpr=2&updated_at=1657655877", "thumbUrl": "https://images.stockx.com/images/Nike-Dunk-Low-Black-White-2022-GS.jpg?fit=fill&bg=FFFFFF&w=140&h=100&fm=webp&auto=compress&trim=color&q=90&dpr=2&updated_at=1657655877"}, "productCategory": "sneakers", "releaseDate": "2022-07-12", "retailPrice": 90, "shoe": "Nike Dunk Low", "title": "Nike Dunk Low Black White (2022) (GS)", "urlKey": "nike-dunk-low-black-white-2022-gs", "market": {"lowestAsk": 75, "salesThisPeriod": 28, "salesLastPeriod": 0, "highestBid": 80, "volatility": 0.046923, "deadstockSold": 625, "pricePremium": -0.056, "averageDeadstockPrice": 93, "lastSale": 85, "changeValue": 5, "changePercentage": 0.0625, "lastLowestAskTime": 1663618202, "lastHighestBidTime": 1663722453, "lastSaleDate": "2022-09-21T15:57:35+00:00"}, "objectID": "fa390fe5-74eb-4aa3-b462-d0a8dd801c2a"}, {"id": "048f69a1-30db-42fd-af1f-ae3367e15626", "uuid": "048f69a1-30db-42fd-af1f-ae3367e15626", "brand": "Nike", "colorway": "Black/Metallic Silver-Black", "condition": "New", "description": "The Nike Dunk Low Off-White Lot 50 features a black canvas upper with smooth black leather overlays and silver Swooshes. From there, black soles with purple \"Lot 50 of 50\" placquets, black overlays, and purple detailing complete the design.\n<br>\n<br>\nThe Nike Dunk Low Off-White Lot 50 released in August of 2021 and retailed for $150.", "media": {"smallImageUrl": "https://images.stockx.com/images/Nike-Dunk-Low-Off-White-Lot-50-V2-Product.jpg?fit=fill&bg=FFFFFF&w=300&h=214&fm=webp&auto=compress&trim=color&q=90&dpr=2&updated_at=1630350033", "thumbUrl": "https://images.stockx.com/images/Nike-Dunk-Low-Off-White-Lot-50-V2-Product.jpg?fit=fill&bg=FFFFFF&w=140&h=100&fm=webp&auto=compress&trim=color&q=90&dpr=2&updated_at=1630350033"}, "productCategory": "sneakers", "releaseDate": "2021-08-02", "retailPrice": 180, "shoe": "Nike Dunk Low", "title": "Nike Dunk Low Off-White Lot 50", "urlKey": "nike-dunk-low-off-white-lot-50", "market": {"lowestAsk": 743, "salesThisPeriod": 1, "salesLastPeriod": 0, "highestBid": 1360, "volatility": 0.141298, "deadstockSold": 1162, "pricePremium": 3.289, "averageDeadstockPrice": 1046, "lastSale": 772, "changeValue": -58, "changePercentage": -0.06988, "lastLowestAskTime": 1663581365, "lastHighestBidTime": 1662257268, "lastSaleDate": "2022-09-18T16:41:13+00:00"}, "objectID": "048f69a1-30db-42fd-af1f-ae3367e15626"}, {"id": "0e5356bd-64f9-4a55-83ce-c5ad9f531f2f", "uuid": "0e5356bd-64f9-4a55-83ce-c5ad9f531f2f", "brand": "Nike", "colorway": "Light Iron Ore/White/Game Royal/University Red", "condition": "New", "description": "The Nike Dunk Low Light Iron Ore Red Blue features a white tumbled leather upper with Light Iron Ore suede overlays and red tumbled leather Swooshes. A golden yellow embroidered mini Swoosh at the toe and a  bright green heel patch adds a subtle flair. At the base, a white and light blue sole completes the design.\n<br>\n<br>\nThe Nike Dunk Low Light Iron Ore Red Blue released in 2022 and retailed for $110.", "media": {"smallImageUrl": "https://images.stockx.com/images/Nike-Dunk-Low-Light-Iron-Ore-Red-Blue-Product.jpg?fit=fill&bg=FFFFFF&w=300&h=214&fm=webp&auto=compress&trim=color&q=90&dpr=2&updated_at=1654154887", "thumbUrl": "https://images.stockx.com/images/Nike-Dunk-Low-Light-Iron-Ore-Red-Blue-Product.jpg?fit=fill&bg=FFFFFF&w=140&h=100&fm=webp&auto=compress&trim=color&q=90&dpr=2&updated_at=1654154887"}, "productCategory": "sneakers", "releaseDate": "", "retailPrice": 110, "shoe": "Nike Dunk Low", "title": "Nike Dunk Low Light Iron Ore Red Blue", "urlKey": "nike-dunk-low-light-iron-ore-red-blue", "market": {"lowestAsk": 170, "salesThisPeriod": 14, "salesLastPeriod": 0, "highestBid": 200, "volatility": 0.090891, "deadstockSold": 3628, "pricePremium": 0.564, "averageDeadstockPrice": 145, "lastSale": 172, "changeValue": -8, "changePercentage": -0.044444, "lastLowestAskTime": 1663696031, "lastHighestBidTime": 1663653710, "lastSaleDate": "2022-09-20T17:39:33+00:00"}, "objectID": "0e5356bd-64f9-4a55-83ce-c5ad9f531f2f"}, {"id": "da9bbeb1-c944-4618-bade-ab08841d2375", "uuid": "da9bbeb1-c944-4618-bade-ab08841d2375", "brand": "Nike", "colorway": "White/Varsity Royal", "condition": "New", "description": "Nike celebrated the 35th Anniversary of the Nike Dunk by releasing the Nike Dunk Low SP Syracuse (2020), now available on StockX. The Nike Dunk debuted as part of the 1985 Nike College Color\u2019s program, a program that delivered footwear in the school colors of 12 popular basketball programs allowing fans to support their favorite teams from head to toe. This Kentucky colorway was among the first collegiate colorways Nike released, breaking the mold for colorways used on basketball shoes.\n<br>\n<br>\nThis Nike Dunk Low SP is composed of a white leather upper with varsity royal leather overlays. A white midsole, royal outsole, and classic Nike branding on the tongue completes the design. These sneakers released in March of 2020 and retailed for $100.", "media": {"smallImageUrl": "https://images.stockx.com/images/Nike-Dunk-Low-SP-Kentucky_Product.jpg?fit=fill&bg=FFFFFF&w=300&h=214&fm=webp&auto=compress&trim=color&q=90&dpr=2&updated_at=1606322330", "thumbUrl": "https://images.stockx.com/images/Nike-Dunk-Low-SP-Kentucky_Product.jpg?fit=fill&bg=FFFFFF&w=140&h=100&fm=webp&auto=compress&trim=color&q=90&dpr=2&updated_at=1606322330"}, "productCategory": "sneakers", "releaseDate": "2020-03-14", "retailPrice": 100, "shoe": "Nike Dunk Low SP", "title": "Nike Dunk Low SP Kentucky (2020)", "urlKey": "nike-dunk-low-sp-kentucky", "market": {"lowestAsk": 400, "salesThisPeriod": 4, "salesLastPeriod": 0, "highestBid": 500, "volatility": 0.09019, "deadstockSold": 698, "pricePremium": 4.73, "averageDeadstockPrice": 554, "lastSale": 573, "changeValue": 123, "changePercentage": 0.273333, "lastLowestAskTime": 1663270643, "lastHighestBidTime": 1660811436, "lastSaleDate": "2022-09-20T02:33:34+00:00"}, "objectID": "da9bbeb1-c944-4618-bade-ab08841d2375"}, {"id": "1f919e80-77e3-4dbd-a6ad-3a75fdacede9", "uuid": "1f919e80-77e3-4dbd-a6ad-3a75fdacede9", "brand": "Nike", "colorway": "Medium Grey/White/Varsity Red", "condition": "New", "description": "Nike re-issued one of its most notable Dunk colorways with the Nike Dunk Low Retro Medium Grey Varsity Red UNLV. The UNLV colorway debuted in 1985, as part of Nike\u2019s Be True To Your School Campaign for the Nike Dunk.\n<br>\n<br>\nThe Nike Dunk Low Retro Medium Grey Varsity Red UNLV features a red and grey leather upper, with grey on the vamp and medial panels and red on the upper\u2019s overlay and Swoosh. Nike Air branding is prominent on the tongue and heel. A white midsole and red EVA outsole wraps up the design.\n<br>\n<br>\nThe Nike Dunk Low Retro Medium Grey Varsity Red UNLV released in February of 2021 and retailed for $100.", "media": {"smallImageUrl": "https://images.stockx.com/images/Nike-Dunk-Low-Retro-Medium-Grey-Varsity-Red-2021-Product.jpg?fit=fill&bg=FFFFFF&w=300&h=214&fm=webp&auto=compress&trim=color&q=90&dpr=2&updated_at=1611778323", "thumbUrl": "https://images.stockx.com/images/Nike-Dunk-Low-Retro-Medium-Grey-Varsity-Red-2021-Product.jpg?fit=fill&bg=FFFFFF&w=140&h=100&fm=webp&auto=compress&trim=color&q=90&dpr=2&updated_at=1611778323"}, "productCategory": "sneakers", "releaseDate": "2021-02-18", "retailPrice": 110, "shoe": "Nike Dunk Low", "title": "Nike Dunk Low Retro Medium Grey Varsity Red UNLV (2021)", "urlKey": "nike-dunk-low-retro-medium-grey-varsity-red-2021", "market": {"lowestAsk": 200, "salesThisPeriod": 19, "salesLastPeriod": 0, "highestBid": 260, "volatility": 0.105504, "deadstockSold": 3487, "pricePremium": 1.055, "averageDeadstockPrice": 249, "lastSale": 226, "changeValue": -59, "changePercentage": -0.207018, "lastLowestAskTime": 1663766167, "lastHighestBidTime": 1663641034, "lastSaleDate": "2022-09-21T14:21:36+00:00"}, "objectID": "1f919e80-77e3-4dbd-a6ad-3a75fdacede9"}, {"id": "58a4ce6b-d601-45a1-bff1-59ee0657a2ac", "uuid": "58a4ce6b-d601-45a1-bff1-59ee0657a2ac", "brand": "Nike", "colorway": "University Red/Spinach Green-Magic Ember", "condition": "New", "description": "Designed by Nike SB legend Todd Bratrud, the Nike SB Dunk High Strawberry Cough is composed of red ostrich-textual leather with shaggy green suede overlays and a green velour collar. From there, a graphic of a strawberry coughing embroidered on the heel and a semi-translucent sole add a custom feel.\n<br>\n<br>\nThe Nike SB Dunk High Strawberry Cough released in October of 2021 and retailed for $110.", "media": {"smallImageUrl": "https://images.stockx.com/images/Nike-SB-Dunk-High-Strawberry-Cough-Product.jpg?fit=fill&bg=FFFFFF&w=300&h=214&fm=webp&auto=compress&trim=color&q=90&dpr=2&updated_at=1635280495", "thumbUrl": "https://images.stockx.com/images/Nike-SB-Dunk-High-Strawberry-Cough-Product.jpg?fit=fill&bg=FFFFFF&w=140&h=100&fm=webp&auto=compress&trim=color&q=90&dpr=2&updated_at=1635280495"}, "productCategory": "sneakers", "releaseDate": "2021-10-22", "retailPrice": 110, "shoe": "Nike SB Dunk High", "title": "Nike SB Dunk High Strawberry Cough (Regular Box)", "urlKey": "nike-sb-dunk-high-strawberry-cough", "market": {"lowestAsk": 189, "salesThisPeriod": 21, "salesLastPeriod": 0, "highestBid": 555, "volatility": 0.157157, "deadstockSold": 5122, "pricePremium": 1.474, "averageDeadstockPrice": 430, "lastSale": 272, "changeValue": -117, "changePercentage": -0.302144, "lastLowestAskTime": 1663589394, "lastHighestBidTime": 1663716781, "lastSaleDate": "2022-09-21T08:50:15+00:00"}, "objectID": "58a4ce6b-d601-45a1-bff1-59ee0657a2ac"}, {"id": "b0c0114a-f1c3-45c1-9d6a-33a8a62e9944", "uuid": "b0c0114a-f1c3-45c1-9d6a-33a8a62e9944", "brand": "Nike", "colorway": "Coconut Milk/Black/Team Orange", "condition": "New", "description": "Nike SB Dunk High San Francisco Giants, style code DO9394-100, has become one of the most celebrated footwear lines in the Nike series.\n<br>\n<br>\nNike SB Dunk High San Francisco Giants is a product of synthetic leather at the upper and a rubber outsole. The sneaker is embellished in a coconut milk, team orange, and black colorway. It features black with an orange Swoosh across the quarter panel to the heel notch. The white midsole and black team orange at the outsole complete the sneaker's design.\n<br>\n<br>\nNike SB Dunk High San Francisco Giants debuted at a retail price of $125 on July 26, 2022.", "media": {"smallImageUrl": "https://images.stockx.com/images/Nike-SB-Dunk-High-San-Francisco-Giants-Product.jpg?fit=fill&bg=FFFFFF&w=300&h=214&fm=webp&auto=compress&trim=color&q=90&dpr=2&updated_at=1657782130", "thumbUrl": "https://images.stockx.com/images/Nike-SB-Dunk-High-San-Francisco-Giants-Product.jpg?fit=fill&bg=FFFFFF&w=140&h=100&fm=webp&auto=compress&trim=color&q=90&dpr=2&updated_at=1657782130"}, "productCategory": "sneakers", "releaseDate": "2022-07-26", "retailPrice": 125, "shoe": "Nike SB Dunk High Pro Premium", "title": "Nike SB Dunk High Pro Premium San Francisco Giants", "urlKey": "nike-sb-dunk-high-san-francisco-giants", "market": {"lowestAsk": 115, "salesThisPeriod": 37, "salesLastPeriod": 0, "highestBid": 132, "volatility": 0.079675, "deadstockSold": 955, "pricePremium": 0.126, "averageDeadstockPrice": 140, "lastSale": 141, "changeValue": 5, "changePercentage": 0.034883, "lastLowestAskTime": 1663632316, "lastHighestBidTime": 1663732319, "lastSaleDate": "2022-09-21T06:38:26+00:00"}, "objectID": "b0c0114a-f1c3-45c1-9d6a-33a8a62e9944"}, {"id": "2ad6c202-4aef-4364-97f0-07604d180322", "uuid": "2ad6c202-4aef-4364-97f0-07604d180322", "brand": "Nike", "colorway": "Black/White-Varsity Red", "condition": "New", "description": "The Nike SB Dunk High Supreme By Any Means Black draws inspiration from the Nike Dunk High Storm Trooper, a Japanese-exclusive Nike Dunk CO.JP colorway that was released in 1999. Constructed with a black and white leather upper, this Nike SB Dunk High sets a neutral background, allowing its decorative embroidery to shine. Customized \"SUP\" woven tongue labels, \"By Any Means\"  and Nike NYC heel embroideries, \"Supreme Team\" collar embroidery, and a \"No Love\" toe embroidery complete the design.\n<br>\n<br.\nThe Nike SB Dunk High Supreme By Any Means Black released in March of 2022.", "media": {"smallImageUrl": "https://images.stockx.com/images/Nike-SB-Dunk-High-Supreme-By-Any-Means-Black-Product.jpg?fit=fill&bg=FFFFFF&w=300&h=214&fm=webp&auto=compress&trim=color&q=90&dpr=2&updated_at=1646842575", "thumbUrl": "https://images.stockx.com/images/Nike-SB-Dunk-High-Supreme-By-Any-Means-Black-Product.jpg?fit=fill&bg=FFFFFF&w=140&h=100&fm=webp&auto=compress&trim=color&q=90&dpr=2&updated_at=1646842575"}, "productCategory": "sneakers", "releaseDate": "2022-03-03", "retailPrice": 128, "shoe": "Nike SB Dunk High", "title": "Nike SB Dunk High Supreme By Any Means Black", "urlKey": "nike-sb-dunk-high-supreme-by-any-means-black", "market": {"lowestAsk": 219, "salesThisPeriod": 17, "salesLastPeriod": 0, "highestBid": 260, "volatility": 0.167822, "deadstockSold": 3563, "pricePremium": 0.68, "averageDeadstockPrice": 300, "lastSale": 215, "changeValue": 10, "changePercentage": 0.046073, "lastLowestAskTime": 1663756895, "lastHighestBidTime": 1662404903, "lastSaleDate": "2022-09-21T03:05:58+00:00"}, "objectID": "2ad6c202-4aef-4364-97f0-07604d180322"}, {"id": "5ad6c7bd-5fb6-4400-851f-c79dfa5c7f8c", "uuid": "5ad6c7bd-5fb6-4400-851f-c79dfa5c7f8c", "brand": "Nike", "colorway": "Dark Driftwood/Photo Blue-Rattan", "condition": "New", "description": "The Nike Dunk Low size Dark Driftwood is one of Nike\u2019s top releases of 2022 .\n<br>\n<br>\nNike Dunk Low size Dark Driftwood is made of leather, cotton, and rubber. It features a dark-brown, smooth leather overlay and a textured brown-gray underlay. It also has a cotton Swoosh in brown. The shoe\u2019s sole is made of rubber, with a white top and a dark gray bottom. Finally, the shoes have a blue Nike logo at the side that\u2019s stitched with black thread and a Nike label at the back.\n<br>\n<br>\nNike Dunk Low size Dark Driftwood was released on March 3, 2022, and retailed\u00a0at $110.", "media": {"smallImageUrl": "https://images.stockx.com/images/Nike-Dunk-Low-size-Dark-Driftwood-Product.jpg?fit=fill&bg=FFFFFF&w=300&h=214&fm=webp&auto=compress&trim=color&q=90&dpr=2&updated_at=1647011714", "thumbUrl": "https://images.stockx.com/images/Nike-Dunk-Low-size-Dark-Driftwood-Product.jpg?fit=fill&bg=FFFFFF&w=140&h=100&fm=webp&auto=compress&trim=color&q=90&dpr=2&updated_at=1647011714"}, "productCategory": "sneakers", "releaseDate": "2022-03-03", "retailPrice": 110, "shoe": "Nike Dunk Low", "title": "Nike Dunk Low size? Dark Driftwood", "urlKey": "nike-dunk-low-size-dark-driftwood", "market": {"lowestAsk": 163, "salesThisPeriod": 32, "salesLastPeriod": 0, "highestBid": 225, "volatility": 0.07251, "deadstockSold": 1428, "pricePremium": 0.499, "averageDeadstockPrice": 253, "lastSale": 165, "changeValue": 4, "changePercentage": 0.024286, "lastLowestAskTime": 1663802286, "lastHighestBidTime": 1661466346, "lastSaleDate": "2022-09-21T21:27:40+00:00"}, "objectID": "5ad6c7bd-5fb6-4400-851f-c79dfa5c7f8c"}, {"id": "c877b990-c317-4d56-9db3-8a00f404659c", "uuid": "c877b990-c317-4d56-9db3-8a00f404659c", "brand": "Nike", "colorway": "Sail/University Red/Hot Curry/Game Royal", "condition": "New", "description": "", "media": {"smallImageUrl": "https://images.stockx.com/images/Nike-Dunk-Low-Hot-Curry-Game-Royal-GS-Product.jpg?fit=fill&bg=FFFFFF&w=300&h=214&fm=webp&auto=compress&trim=color&q=90&dpr=2&updated_at=1662128968", "thumbUrl": "https://images.stockx.com/images/Nike-Dunk-Low-Hot-Curry-Game-Royal-GS-Product.jpg?fit=fill&bg=FFFFFF&w=140&h=100&fm=webp&auto=compress&trim=color&q=90&dpr=2&updated_at=1662128968"}, "productCategory": "sneakers", "releaseDate": "", "retailPrice": 85, "shoe": "Nike Dunk Low", "title": "Nike Dunk Low Hot Curry Game Royal (GS)", "urlKey": "nike-dunk-low-hot-curry-game-royal-gs", "market": {"lowestAsk": 91, "salesThisPeriod": 20, "salesLastPeriod": 0, "highestBid": 110, "volatility": 0.08568, "deadstockSold": 465, "pricePremium": 0.176, "averageDeadstockPrice": 116, "lastSale": 100, "changeValue": -2, "changePercentage": -0.019608, "lastLowestAskTime": 1663764462, "lastHighestBidTime": 1663759645, "lastSaleDate": "2022-09-21T10:23:30+00:00"}, "objectID": "c877b990-c317-4d56-9db3-8a00f404659c"}, {"id": "13c6fb85-83ad-4210-8e0e-893edd04c0e2", "uuid": "13c6fb85-83ad-4210-8e0e-893edd04c0e2", "brand": "Nike", "colorway": "White/University Blue-White", "condition": "New", "description": "", "media": {"smallImageUrl": "https://images.stockx.com/images/Nike-Dunk-Low-UNC-2021-PS-Product.jpg?fit=fill&bg=FFFFFF&w=300&h=214&fm=webp&auto=compress&trim=color&q=90&dpr=2&updated_at=1630350563", "thumbUrl": "https://images.stockx.com/images/Nike-Dunk-Low-UNC-2021-PS-Product.jpg?fit=fill&bg=FFFFFF&w=140&h=100&fm=webp&auto=compress&trim=color&q=90&dpr=2&updated_at=1630350563"}, "productCategory": "sneakers", "releaseDate": "2021-06-24", "retailPrice": 65, "shoe": "Nike Dunk Low", "title": "Nike Dunk Low UNC (2021) (PS)", "urlKey": "nike-dunk-low-unc-2021-ps", "market": {"lowestAsk": 166, "salesThisPeriod": 2, "salesLastPeriod": 0, "highestBid": 191, "volatility": 0.181059, "deadstockSold": 1627, "pricePremium": 2.386, "averageDeadstockPrice": 135, "lastSale": 220, "changeValue": 15, "changePercentage": 0.068495, "lastLowestAskTime": 1663776425, "lastHighestBidTime": 1663527522, "lastSaleDate": "2022-09-21T06:22:14+00:00"}, "objectID": "13c6fb85-83ad-4210-8e0e-893edd04c0e2"}, {"id": "ef9e23ea-623e-4689-a7ef-d02fc61de2c9", "uuid": "ef9e23ea-623e-4689-a7ef-d02fc61de2c9", "brand": "Nike", "colorway": "University Gold/Midnight Navy-White", "condition": "New", "description": "Virgil Abloh pays homage to skate culture\u2019s adoption of 1980\u2019s Nike Basketball silhouettes with the Nike Dunk Low Off-White Michigan, now available on StockX. When Nike unveiled the Dunk as the centerpiece of their Nike College Color\u2019s program in 1985, seven different colleges were represented in the first colorways offered, with Michigan was one of the first schools.\n<br>\n<br>\nThis Dunk Low is comprised of a university gold leather upper with midnight navy overlays. A unique secondary lacing system, zip-ties, and signature Off-White text on the sides completes the design. These sneakers released in December of 2019 for $170.", "media": {"smallImageUrl": "https://images.stockx.com/images/Nike-Dunk-Low-Off-White-Michigan-Product.jpg?fit=fill&bg=FFFFFF&w=300&h=214&fm=webp&auto=compress&trim=color&q=90&dpr=2&updated_at=1606324941", "thumbUrl": "https://images.stockx.com/images/Nike-Dunk-Low-Off-White-Michigan-Product.jpg?fit=fill&bg=FFFFFF&w=140&h=100&fm=webp&auto=compress&trim=color&q=90&dpr=2&updated_at=1606324941"}, "productCategory": "sneakers", "releaseDate": "2019-12-20", "retailPrice": 170, "shoe": "Nike Dunk Low", "title": "Nike Dunk Low Off-White University Gold Midnight Navy", "urlKey": "nike-dunk-low-off-white-michigan", "market": {"lowestAsk": 620, "salesThisPeriod": 3, "salesLastPeriod": 0, "highestBid": 857, "volatility": 0.098453, "deadstockSold": 825, "pricePremium": 2.894, "averageDeadstockPrice": 674, "lastSale": 662, "changeValue": 2, "changePercentage": 0.002907, "lastLowestAskTime": 1663360738, "lastHighestBidTime": 1655283884, "lastSaleDate": "2022-09-20T11:25:40+00:00"}, "objectID": "ef9e23ea-623e-4689-a7ef-d02fc61de2c9"}, {"id": "a29c2f2b-c6b3-4dc2-9654-4cc032e8f726", "uuid": "a29c2f2b-c6b3-4dc2-9654-4cc032e8f726", "brand": "Nike", "colorway": "Sequoia/Sequoia-Zinnia-Eucalyptus Fog", "condition": "New", "description": "Since its first release, the women\u2019s Nike Dunk Low Avocado continues to record high sales within the Nike catalog.\n<br>\n<br>\nThe Nike Dunk Low Avocado is a product of premium leather featuring avocado-inspired colors. The upper of the shoe, its toe box, heel counter, and pull tap are made of all-black premium leather. The tongue of Nike Dunk Low Avocado is made up of smooth leather beneath black cotton shoelaces. It has an all-white rubber midsole with a black rubber outsole completing the design.\n<br>\n<br>\nNike Dunk Low Avocado debuted on August 24, 2022. At the time of the shoe\u2019s first release, its price was $120.", "media": {"smallImageUrl": "https://images.stockx.com/images/Nike-Dunk-Low-Avocado-W-Product.jpg?fit=fill&bg=FFFFFF&w=300&h=214&fm=webp&auto=compress&trim=color&q=90&dpr=2&updated_at=1650654895", "thumbUrl": "https://images.stockx.com/images/Nike-Dunk-Low-Avocado-W-Product.jpg?fit=fill&bg=FFFFFF&w=140&h=100&fm=webp&auto=compress&trim=color&q=90&dpr=2&updated_at=1650654895"}, "productCategory": "sneakers", "releaseDate": "", "retailPrice": 120, "shoe": "Nike Dunk Low", "title": "Nike Dunk Low Avocado (W)", "urlKey": "nike-dunk-low-avocado-w", "market": {"lowestAsk": 90, "salesThisPeriod": 16, "salesLastPeriod": 0, "highestBid": 119, "volatility": 0.101856, "deadstockSold": 748, "pricePremium": -0.217, "averageDeadstockPrice": 109, "lastSale": 94, "changeValue": 1, "changePercentage": 0.010753, "lastLowestAskTime": 1663598734, "lastHighestBidTime": 1663245579, "lastSaleDate": "2022-09-20T01:17:41+00:00"}, "objectID": "a29c2f2b-c6b3-4dc2-9654-4cc032e8f726"}, {"id": "cd2e255a-fad2-4521-a6c0-4c02bcb824ef", "uuid": "cd2e255a-fad2-4521-a6c0-4c02bcb824ef", "brand": "Nike", "childId": null, "colorway": "Signal Blue/White-Night Purple", "condition": "New", "description": "The Nike Dunk Low Undefeated 5 On It features a blue leather upper with snake print overlays, purple canvas quarter panels, and white suede Swooshes. From there, Undefeated logos on the heel and woven tongue label complete the design.\n<br>\n<br>\nThe Nike Dunk Low Undefeated 5 On It released in August of 2021 and retailed for $120.", "media": {"smallImageUrl": "https://images.stockx.com/images/Nike-Dunk-Low-UNDEFEATED-Dunk-vs-AF1-Product.jpg?fit=fill&bg=FFFFFF&w=300&h=214&fm=webp&auto=compress&trim=color&q=90&dpr=2&updated_at=1629131353", "thumbUrl": "https://images.stockx.com/images/Nike-Dunk-Low-UNDEFEATED-Dunk-vs-AF1-Product.jpg?fit=fill&bg=FFFFFF&w=140&h=100&fm=webp&auto=compress&trim=color&q=90&dpr=2&updated_at=1629131353"}, "productCategory": "sneakers", "releaseDate": "2021-08-06", "retailPrice": 120, "shoe": "Nike Dunk Low", "title": "Nike Dunk Low Undefeated 5 On It Dunk vs. AF1", "urlKey": "nike-dunk-low-undefeated-dunk-vs-af1", "market": {"lowestAsk": 126, "salesThisPeriod": 15, "salesLastPeriod": 0, "highestBid": 225, "volatility": 0.096193, "deadstockSold": 5613, "pricePremium": 0.705, "averageDeadstockPrice": 175, "lastSale": 205, "changeValue": 34, "changePercentage": 0.195785, "lastLowestAskTime": 1663702265, "lastHighestBidTime": 1663768381, "lastSaleDate": "2022-09-21T12:09:29+00:00"}, "objectID": "cd2e255a-fad2-4521-a6c0-4c02bcb824ef"}, {"id": "c065fab0-ba99-4d35-aca9-c8071e359c0b", "uuid": "c065fab0-ba99-4d35-aca9-c8071e359c0b", "brand": "Nike", "colorway": "Grey/White-Chlorophyll-Black", "condition": "New", "description": "Drawing inspiration from the original Nike Air Trainer 1 Chlorophyll, the Nike SB Dunk Low Chlorophyll features a white perforated leather upper with grey and black hairy suede overlays. Hits of green on the heel embroidery and lining add a subtle contrast. At the base, a white Zoom Air sole adds the finishing touch.\n<br>\n<br>\nThe Nike SB Dunk Low Chlorophyll released in March of 2022 and retailed for $100.", "media": {"smallImageUrl": "https://images.stockx.com/images/Nike-SB-Dunk-Low-Chlorophyll-Product.jpg?fit=fill&bg=FFFFFF&w=300&h=214&fm=webp&auto=compress&trim=color&q=90&dpr=2&updated_at=1637254658", "thumbUrl": "https://images.stockx.com/images/Nike-SB-Dunk-Low-Chlorophyll-Product.jpg?fit=fill&bg=FFFFFF&w=140&h=100&fm=webp&auto=compress&trim=color&q=90&dpr=2&updated_at=1637254658"}, "productCategory": "sneakers", "releaseDate": "2022-01-01", "retailPrice": 100, "shoe": "Nike SB Dunk Low", "title": "Nike SB Dunk Low Chlorophyll", "urlKey": "nike-sb-dunk-low-chlorophyll", "market": {"lowestAsk": 200, "salesThisPeriod": 9, "salesLastPeriod": 0, "highestBid": 275, "volatility": 0.095956, "deadstockSold": 4739, "pricePremium": 1.721, "averageDeadstockPrice": 227, "lastSale": 272, "changeValue": 40, "changePercentage": 0.170803, "lastLowestAskTime": 1663708890, "lastHighestBidTime": 1663801144, "lastSaleDate": "2022-09-21T15:35:31+00:00"}, "objectID": "c065fab0-ba99-4d35-aca9-c8071e359c0b"}, {"id": "fbeb76ec-338d-4d72-b575-f522c610933d", "uuid": "fbeb76ec-338d-4d72-b575-f522c610933d", "brand": "Nike", "childId": null, "colorway": "Black/Metallic Gold-White", "condition": "New", "description": "Supreme and Nike SB joined forces once again in 2021, only this time to deliver an SB Dunk Low inspired by one of the most sought-after Supreme SBs of all time. Donning gold stars and faux croc skin, the Nike SB Dunk Low Supreme Black nods to the extremely rare 2003 Nike SB Dunk High Supreme. The 2021 SB Dunk Low adds a twist to the OG with a new color palette and shape.\n<br>\n<br>\nThe Nike SB Dunk Low Supreme Black features a white leather upper with black faux croc skin overlays and gold stars printed on the medial panel. Nike branding is prominent on the signature Nike SB overstuffed tongue and croc skin heel patch. A gold metallic Supreme deubr\u00e9, white midsole, and black outsole wrap up the design.\n<br>\n<br>\nThe Nike SB Dunk Low Supreme Black released in March of 2021 and retailed for $110.", "media": {"smallImageUrl": "https://images.stockx.com/images/Nike-SB-Dunk-Low-Supreme-Black-Product.jpg?fit=fill&bg=FFFFFF&w=300&h=214&fm=webp&auto=compress&trim=color&q=90&dpr=2&updated_at=1615495712", "thumbUrl": "https://images.stockx.com/images/Nike-SB-Dunk-Low-Supreme-Black-Product.jpg?fit=fill&bg=FFFFFF&w=140&h=100&fm=webp&auto=compress&trim=color&q=90&dpr=2&updated_at=1615495712"}, "productCategory": "sneakers", "releaseDate": "2021-03-04", "retailPrice": 110, "shoe": "Nike SB Dunk Low", "title": "Nike SB Dunk Low Supreme Stars Black (2021)", "urlKey": "nike-sb-dunk-low-supreme-black", "market": {"lowestAsk": 610, "salesThisPeriod": 5, "salesLastPeriod": 0, "highestBid": 775, "volatility": 0.117657, "deadstockSold": 737, "pricePremium": 5.191, "averageDeadstockPrice": 749, "lastSale": 681, "changeValue": -49, "changePercentage": -0.067123, "lastLowestAskTime": 1663725245, "lastHighestBidTime": 1663775259, "lastSaleDate": "2022-09-21T05:46:06+00:00"}, "objectID": "fbeb76ec-338d-4d72-b575-f522c610933d"}, {"id": "e041ee35-350c-4668-8842-0328d2ffbb6c", "uuid": "e041ee35-350c-4668-8842-0328d2ffbb6c", "brand": "Nike", "colorway": "White/Midnight Navy", "condition": "New", "description": "Nodding to the aged appeal of vintage Nike Dunks, the women's Nike Dunk Low Vintage Navy (W) features a white leather upper with navy overlays and Swooshes. At the base, a yellowed midsole gives off an aged, worn-in feel. Woven Nike tongue labels and an embroidered Nike heel patch add the finishing touch to this retro design.\n<br>\n<br>\nThe women's Nike Dunk Low Vintage Navy (W) releases in 2022 and retails for $100.", "media": {"smallImageUrl": "https://images.stockx.com/images/Nike-Dunk-Low-Vintage-Navy-W.jpg?fit=fill&bg=FFFFFF&w=300&h=214&fm=webp&auto=compress&trim=color&q=90&dpr=2&updated_at=1641240384", "thumbUrl": "https://images.stockx.com/images/Nike-Dunk-Low-Vintage-Navy-W.jpg?fit=fill&bg=FFFFFF&w=140&h=100&fm=webp&auto=compress&trim=color&q=90&dpr=2&updated_at=1641240384"}, "productCategory": "sneakers", "releaseDate": "2022-03-04", "retailPrice": 100, "shoe": "Nike Dunk Low", "title": "Nike Dunk Low Vintage Navy (W)", "urlKey": "nike-dunk-low-vintage-navy-w", "market": {"lowestAsk": 248, "salesThisPeriod": 13, "salesLastPeriod": 0, "highestBid": 330, "volatility": 0.072728, "deadstockSold": 3194, "pricePremium": 1.65, "averageDeadstockPrice": 287, "lastSale": 265, "changeValue": -15, "changePercentage": -0.053571, "lastLowestAskTime": 1663686449, "lastHighestBidTime": 1663408147, "lastSaleDate": "2022-09-20T16:42:32+00:00"}, "objectID": "e041ee35-350c-4668-8842-0328d2ffbb6c"}, {"id": "cf524b28-61b5-46c3-8abf-10b808027946", "uuid": "cf524b28-61b5-46c3-8abf-10b808027946", "brand": "Nike", "colorway": "Sail/Coconut Milk-Burnt Orange", "condition": "New", "description": "", "media": {"smallImageUrl": "https://images.stockx.com/images/Nike-Dunk-Low-SE-85-Double-Swoosh-Sail-Orange-W.jpg?fit=fill&bg=FFFFFF&w=300&h=214&fm=webp&auto=compress&trim=color&q=90&dpr=2&updated_at=1659351523", "thumbUrl": "https://images.stockx.com/images/Nike-Dunk-Low-SE-85-Double-Swoosh-Sail-Orange-W.jpg?fit=fill&bg=FFFFFF&w=140&h=100&fm=webp&auto=compress&trim=color&q=90&dpr=2&updated_at=1659351523"}, "productCategory": "sneakers", "releaseDate": "", "retailPrice": 100, "shoe": "Nike Dunk Low SE 85", "title": "Nike Dunk Low SE 85 Double Swoosh Sail Orange (W)", "urlKey": "nike-dunk-low-se-85-double-swoosh-sail-orange-w", "market": {"lowestAsk": 112, "salesThisPeriod": 34, "salesLastPeriod": 0, "highestBid": 143, "volatility": 0.048082, "deadstockSold": 350, "pricePremium": 0.15, "averageDeadstockPrice": 132, "lastSale": 115, "changeValue": -11, "changePercentage": -0.087302, "lastLowestAskTime": 1663751515, "lastHighestBidTime": 1663533343, "lastSaleDate": "2022-09-21T08:13:38+00:00"}, "objectID": "cf524b28-61b5-46c3-8abf-10b808027946"}, {"id": "2e1bbf96-2e92-4b79-8d9b-60d4c052f8e2", "uuid": "2e1bbf96-2e92-4b79-8d9b-60d4c052f8e2", "brand": "Nike", "colorway": "Rattan/Summit White/Sail/Black", "condition": "New", "description": "The Nike Dunk High Next Nature Toasty Rattan has an off-white sole, with the base featuring the same color.\n<br>\n<br>\nWhite laces lay on top of a white tongue. The very top of the shoe falls just at the top of the ankle for most wearers. Strips of beige leather are used as accents on the sides of the shoes, as well as on the heel and toe. The Nike swoosh shape appears in black and wraps around the back of the foot.\n<br>\n<br>\nThe Nike Dunk High Next Nature Toasty Rattan first was put on the market in November of 2021. The starting price for these shoes was $130.", "media": {"smallImageUrl": "https://images.stockx.com/images/Nike-Dunk-High-Next-Nature-Toasty-Rattan-Product.jpg?fit=fill&bg=FFFFFF&w=300&h=214&fm=webp&auto=compress&trim=color&q=90&dpr=2&updated_at=1646233587", "thumbUrl": "https://images.stockx.com/images/Nike-Dunk-High-Next-Nature-Toasty-Rattan-Product.jpg?fit=fill&bg=FFFFFF&w=140&h=100&fm=webp&auto=compress&trim=color&q=90&dpr=2&updated_at=1646233587"}, "productCategory": "sneakers", "releaseDate": "2021-11-05", "retailPrice": 130, "shoe": "Nike Dunk High", "title": "Nike Dunk High Next Nature Toasty Rattan", "urlKey": "nike-dunk-high-next-nature-toasty-rattan", "market": {"lowestAsk": 103, "salesThisPeriod": 14, "salesLastPeriod": 0, "highestBid": 140, "volatility": 0.142041, "deadstockSold": 2493, "pricePremium": 0.231, "averageDeadstockPrice": 146, "lastSale": 160, "changeValue": 50, "changePercentage": 0.454545, "lastLowestAskTime": 1663419932, "lastHighestBidTime": 1663779330, "lastSaleDate": "2022-09-21T05:05:03+00:00"}, "objectID": "2e1bbf96-2e92-4b79-8d9b-60d4c052f8e2"}, {"id": "c01282f0-7ea8-4fb5-b01f-0ed76162f5a7", "uuid": "c01282f0-7ea8-4fb5-b01f-0ed76162f5a7", "brand": "Nike", "colorway": "White/Royal Blue", "condition": "New", "description": "The Nike SB Dunk High Pro ISO Kentucky is made of smooth leather that gives these shoes a subtle yet stylish appearance. They\u2019re convenient for everyday life or for playing basketball.\n<br>\n<br>\nThis fresh high-top Nike SB Dunk High Pro ISO Kentuck is primarily composed of two colors, which are royal blue and white. It has a white leather base that is complemented by royal blue overlays, as well as white laces on a white tongue. The Nike swoosh symbol is included on the side in the vibrant royal blue.\n<br>\n<br>\nThe Nike SB Dunk High Pro ISO Kentucky had an initial release date of February 2022. The starting retail price for this model was $110.", "media": {"smallImageUrl": "https://images.stockx.com/images/Nike-SB-Dunk-High-Pro-ISO-Kentucky-Product.jpg?fit=fill&bg=FFFFFF&w=300&h=214&fm=webp&auto=compress&trim=color&q=90&dpr=2&updated_at=1647360118", "thumbUrl": "https://images.stockx.com/images/Nike-SB-Dunk-High-Pro-ISO-Kentucky-Product.jpg?fit=fill&bg=FFFFFF&w=140&h=100&fm=webp&auto=compress&trim=color&q=90&dpr=2&updated_at=1647360118"}, "productCategory": "sneakers", "releaseDate": "2022-02-05", "retailPrice": 110, "shoe": "Nike SB Dunk High Pro ISO", "title": "Nike SB Dunk High Pro ISO Kentucky", "urlKey": "nike-sb-dunk-high-pro-iso-kentucky", "market": {"lowestAsk": 139, "salesThisPeriod": 15, "salesLastPeriod": 0, "highestBid": 160, "volatility": 0.1584, "deadstockSold": 2198, "pricePremium": 0.455, "averageDeadstockPrice": 170, "lastSale": 160, "changeValue": 34, "changePercentage": 0.269841, "lastLowestAskTime": 1663711887, "lastHighestBidTime": 1663421298, "lastSaleDate": "2022-09-21T01:02:09+00:00"}, "objectID": "c01282f0-7ea8-4fb5-b01f-0ed76162f5a7"}, {"id": "bbe5e978-776d-4da8-934f-85d0b957347a", "uuid": "bbe5e978-776d-4da8-934f-85d0b957347a", "brand": "Nike", "colorway": "White/Black/Cream", "condition": "New", "description": "The women's Nike Dunk High Vintage Black (W) features a classic two-toned black and white leather upper. At the base, yellowed laces and soles that give off an aged look complete the design.\n<br>\n<br>\nThe women's Nike Dunk High Vintage Black (W)  released in April of 2022 and retailed for $125.", "media": {"smallImageUrl": "https://images.stockx.com/images/Nike-Dunk-High-Vintage-Black-W-Product.jpg?fit=fill&bg=FFFFFF&w=300&h=214&fm=webp&auto=compress&trim=color&q=90&dpr=2&updated_at=1652464006", "thumbUrl": "https://images.stockx.com/images/Nike-Dunk-High-Vintage-Black-W-Product.jpg?fit=fill&bg=FFFFFF&w=140&h=100&fm=webp&auto=compress&trim=color&q=90&dpr=2&updated_at=1652464006"}, "productCategory": "sneakers", "releaseDate": "2022-04-07", "retailPrice": 125, "shoe": "Nike Dunk High", "title": "Nike Dunk High Vintage Black (W)", "urlKey": "nike-dunk-high-vintage-black-w", "market": {"lowestAsk": 109, "salesThisPeriod": 5, "salesLastPeriod": 0, "highestBid": 159, "volatility": 0.302584, "deadstockSold": 1680, "pricePremium": -0.136, "averageDeadstockPrice": 166, "lastSale": 108, "changeValue": -123, "changePercentage": -0.533228, "lastLowestAskTime": 1663604378, "lastHighestBidTime": 1663509793, "lastSaleDate": "2022-09-19T13:02:16+00:00"}, "objectID": "bbe5e978-776d-4da8-934f-85d0b957347a"}, {"id": "ed47c4d3-6e9f-47ee-8775-b5e9b743265a", "uuid": "ed47c4d3-6e9f-47ee-8775-b5e9b743265a", "brand": "Nike", "colorway": "Court Purple/Black/White", "condition": "New", "description": "This skateboarding (SB) Nike SB Dunk Low Court Purple delivers a straightforward colorway of the classic silhouette. The Nike SB Dunk Low Court Purple uses a white leather upper with contrasting black overlays on the forefoot, eyestay, and collar. Court purple makes its appearance on the heel overlay, which is matched by the rubber outsole that features a grippy traction pattern originally designed for basketball courts. A Zoom Air unit in the heel and a padded tongue are included for maximum comfort. \n<br>\n<br>\nThe Nike SB Dunk Low Court Purple was released in January 2021 and retailed for $100.", "media": {"smallImageUrl": "https://images.stockx.com/images/Nike-SB-Dunk-Low-Court-Purple-Product.jpg?fit=fill&bg=FFFFFF&w=300&h=214&fm=webp&auto=compress&trim=color&q=90&dpr=2&updated_at=1612295457", "thumbUrl": "https://images.stockx.com/images/Nike-SB-Dunk-Low-Court-Purple-Product.jpg?fit=fill&bg=FFFFFF&w=140&h=100&fm=webp&auto=compress&trim=color&q=90&dpr=2&updated_at=1612295457"}, "productCategory": "sneakers", "releaseDate": "2021-01-23", "retailPrice": 100, "shoe": "Nike SB Dunk Low", "title": "Nike SB Dunk Low Court Purple", "urlKey": "nike-sb-dunk-low-court-purple", "market": {"lowestAsk": 230, "salesThisPeriod": 11, "salesLastPeriod": 0, "highestBid": 301, "volatility": 0.140557, "deadstockSold": 1811, "pricePremium": 1.522, "averageDeadstockPrice": 306, "lastSale": 252, "changeValue": -22, "changePercentage": -0.082775, "lastLowestAskTime": 1663204583, "lastHighestBidTime": 1663802297, "lastSaleDate": "2022-09-21T19:44:42+00:00"}, "objectID": "ed47c4d3-6e9f-47ee-8775-b5e9b743265a"}, {"id": "0a15374e-968f-46f5-b69a-099df78ce9a7", "uuid": "0a15374e-968f-46f5-b69a-099df78ce9a7", "brand": "Nike", "colorway": "White/Washed Denim-Red", "condition": "New", "description": "The Nike Dunk High Denim (Women's) arrives with a tumbled white leather upper with bleached denim overlays and smooth red leather Swooshes. To coincide with the design's throwback aesthetic, a slightly yellowed sole provides an aged look.\n<br>\n<br>\nThe Nike Dunk High Denim (Women's) released in June of 2022 and retailed for $125.\n", "media": {"smallImageUrl": "https://images.stockx.com/images/Nike-Dunk-High-Washed-Denim-Pack-W.jpg?fit=fill&bg=FFFFFF&w=300&h=214&fm=webp&auto=compress&trim=color&q=90&dpr=2&updated_at=1650914344", "thumbUrl": "https://images.stockx.com/images/Nike-Dunk-High-Washed-Denim-Pack-W.jpg?fit=fill&bg=FFFFFF&w=140&h=100&fm=webp&auto=compress&trim=color&q=90&dpr=2&updated_at=1650914344"}, "productCategory": "sneakers", "releaseDate": "2022-05-01", "retailPrice": 110, "shoe": "Nike Dunk High", "title": "Nike Dunk High Washed Denim Pack (W)", "urlKey": "nike-dunk-high-washed-denim-pack-w", "market": {"lowestAsk": 112, "salesThisPeriod": 23, "salesLastPeriod": 0, "highestBid": 130, "volatility": 0.104799, "deadstockSold": 1431, "pricePremium": 0.49, "averageDeadstockPrice": 132, "lastSale": 164, "changeValue": 24, "changePercentage": 0.170553, "lastLowestAskTime": 1663654970, "lastHighestBidTime": 1663352560, "lastSaleDate": "2022-09-21T14:51:52+00:00"}, "objectID": "0a15374e-968f-46f5-b69a-099df78ce9a7"}, {"id": "f2051bb2-97d9-4d92-8d45-0463194355f4", "uuid": "f2051bb2-97d9-4d92-8d45-0463194355f4", "brand": "Nike", "colorway": "White/Light Thistle/Lapis", "condition": "New", "description": "", "media": {"smallImageUrl": "https://images.stockx.com/images/Nike-Dunk-Low-Blueberry-PS.jpg?fit=fill&bg=FFFFFF&w=300&h=214&fm=webp&auto=compress&trim=color&q=90&dpr=2&updated_at=1660656234", "thumbUrl": "https://images.stockx.com/images/Nike-Dunk-Low-Blueberry-PS.jpg?fit=fill&bg=FFFFFF&w=140&h=100&fm=webp&auto=compress&trim=color&q=90&dpr=2&updated_at=1660656234"}, "productCategory": "sneakers", "releaseDate": "2022-08-03", "retailPrice": 70, "shoe": "Nike Dunk Low", "title": "Nike Dunk Low Blueberry (PS)", "urlKey": "nike-dunk-low-blueberry-ps", "market": {"lowestAsk": 70, "salesThisPeriod": 6, "salesLastPeriod": 0, "highestBid": 75, "volatility": 0.209551, "deadstockSold": 151, "pricePremium": 0.029, "averageDeadstockPrice": 92, "lastSale": 72, "changeValue": -7, "changePercentage": -0.088608, "lastLowestAskTime": 1663772083, "lastHighestBidTime": 1663414524, "lastSaleDate": "2022-09-21T11:37:29+00:00"}, "objectID": "f2051bb2-97d9-4d92-8d45-0463194355f4"}, {"id": "172679f6-d0f9-4a02-8bfc-96fe7109b7f0", "uuid": "172679f6-d0f9-4a02-8bfc-96fe7109b7f0", "brand": "Nike", "colorway": "Black/White/Hyper Cobalt", "condition": "New", "description": "The Nike Dunk Low Retro Black Hyper Cobalt brings familiar color blocking to the basketball silhouette, sharing a flipped design of the classic Air Jordan 1 Royal. \n<br> \n<br>\nThe Nike Dunk Low Retro Black Hyper Cobalt (2021) features a mix of Black and Hyper Cobalt leather overlays throughout the upper. Traditional \"NIKE\" branding is embroidered in black on the heel. A Black and Hyper Cobalt Nike logo tongue tag is stitched atop a nylon tongue. To finish off the design is a Hyper Cobalt outsole.\n<br> \n<br>\nThe Nike Dunk Low Retro Black Hyper Cobalt (2021) released in February of 2021 for $100.", "media": {"smallImageUrl": "https://images.stockx.com/images/Nike-Dunk-Low-Retro-Black-Hyper-Cobalt-2021-Product.jpg?fit=fill&bg=FFFFFF&w=300&h=214&fm=webp&auto=compress&trim=color&q=90&dpr=2&updated_at=1613671290", "thumbUrl": "https://images.stockx.com/images/Nike-Dunk-Low-Retro-Black-Hyper-Cobalt-2021-Product.jpg?fit=fill&bg=FFFFFF&w=140&h=100&fm=webp&auto=compress&trim=color&q=90&dpr=2&updated_at=1613671290"}, "productCategory": "sneakers", "releaseDate": "2021-02-18", "retailPrice": 100, "shoe": "Nike Dunk Low", "title": "Nike Dunk Low Retro Black Hyper Cobalt (2021)", "urlKey": "nike-dunk-low-retro-black-hyper-cobalt-2021", "market": {"lowestAsk": 178, "salesThisPeriod": 9, "salesLastPeriod": 0, "highestBid": 215, "volatility": 0.113206, "deadstockSold": 4111, "pricePremium": 1.3, "averageDeadstockPrice": 214, "lastSale": 230, "changeValue": 35, "changePercentage": 0.179487, "lastLowestAskTime": 1663802178, "lastHighestBidTime": 1663258466, "lastSaleDate": "2022-09-21T17:57:37+00:00"}, "objectID": "172679f6-d0f9-4a02-8bfc-96fe7109b7f0"}, {"id": "dbf57051-697b-4f67-86bb-cfac46420f2d", "uuid": "dbf57051-697b-4f67-86bb-cfac46420f2d", "brand": "Nike", "childId": null, "colorway": "Sail/Neutral Grey-Racer Blue", "condition": "New", "description": "", "media": {"smallImageUrl": "https://images.stockx.com/images/Nike-Dunk-Low-Off-White-Lot-32-Product.jpg?fit=fill&bg=FFFFFF&w=300&h=214&fm=webp&auto=compress&trim=color&q=90&dpr=2&updated_at=1629211257", "thumbUrl": "https://images.stockx.com/images/Nike-Dunk-Low-Off-White-Lot-32-Product.jpg?fit=fill&bg=FFFFFF&w=140&h=100&fm=webp&auto=compress&trim=color&q=90&dpr=2&updated_at=1629211257"}, "productCategory": "sneakers", "releaseDate": "2021-08-09", "retailPrice": 180, "shoe": "Nike Dunk Low", "title": "Nike Dunk Low Off-White Lot 32", "urlKey": "nike-dunk-low-off-white-lot-32", "market": {"lowestAsk": 582, "salesThisPeriod": 2, "salesLastPeriod": 0, "highestBid": 745, "volatility": 0.131434, "deadstockSold": 1181, "pricePremium": 3.144, "averageDeadstockPrice": 544, "lastSale": 746, "changeValue": 102, "changePercentage": 0.158385, "lastLowestAskTime": 1663053586, "lastHighestBidTime": 1663277266, "lastSaleDate": "2022-09-20T12:04:48+00:00"}, "objectID": "dbf57051-697b-4f67-86bb-cfac46420f2d"}, {"id": "f0134c8c-b4a0-42fb-8bcd-c51866db1d99", "uuid": "f0134c8c-b4a0-42fb-8bcd-c51866db1d99", "brand": "Nike", "colorway": "White/Pink Velvet/White", "condition": "New", "description": "The kids Nike Dunk Low Pink Velvet (GS) features a white leather upper with pink leather overlays and metallic pink Swooshes. From there, a velvet Nike branded heel tab, woven tongue label, and pale pink semi translucent outsole completes the design.\n<br>\n<br>\nThe kids Nike Dunk Low Pink Velvet (GS) released in November of 2021 and retailed for $95.", "media": {"smallImageUrl": "https://images.stockx.com/images/Nike-Dunk-Low-Pink-Velvet-GS-Product.jpg?fit=fill&bg=FFFFFF&w=300&h=214&fm=webp&auto=compress&trim=color&q=90&dpr=2&updated_at=1635268915", "thumbUrl": "https://images.stockx.com/images/Nike-Dunk-Low-Pink-Velvet-GS-Product.jpg?fit=fill&bg=FFFFFF&w=140&h=100&fm=webp&auto=compress&trim=color&q=90&dpr=2&updated_at=1635268915"}, "productCategory": "sneakers", "releaseDate": "2021-11-24", "retailPrice": 95, "shoe": "Nike Dunk Low", "title": "Nike Dunk Low Pink Velvet (GS)", "urlKey": "nike-dunk-low-pink-velvet-gs", "market": {"lowestAsk": 203, "salesThisPeriod": 12, "salesLastPeriod": 0, "highestBid": 215, "volatility": 0.081211, "deadstockSold": 10810, "pricePremium": 1.295, "averageDeadstockPrice": 189, "lastSale": 218, "changeValue": 35, "changePercentage": 0.188128, "lastLowestAskTime": 1663383680, "lastHighestBidTime": 1663072600, "lastSaleDate": "2022-09-21T01:26:54+00:00"}, "objectID": "f0134c8c-b4a0-42fb-8bcd-c51866db1d99"}, {"id": "796882e1-685f-4bbb-8720-075b76db84dd", "uuid": "796882e1-685f-4bbb-8720-075b76db84dd", "brand": "Nike", "colorway": "White/Photon Dust-White", "condition": "New", "description": "The women's Nike Dunk Low Photon Dust (W) is made of white leather with Photon Dust leather overlays and Swooshes. A woven Nike label on the tongue and embroidered Nike branding completes the design.\n\nThe women's Nike Dunk Low Photon Dust (W) released in May of 2021 and retailed for $100.", "media": {"smallImageUrl": "https://images.stockx.com/images/Nike-Dunk-Low-Photon-Dust-W-Product.jpg?fit=fill&bg=FFFFFF&w=300&h=214&fm=webp&auto=compress&trim=color&q=90&dpr=2&updated_at=1620404906", "thumbUrl": "https://images.stockx.com/images/Nike-Dunk-Low-Photon-Dust-W-Product.jpg?fit=fill&bg=FFFFFF&w=140&h=100&fm=webp&auto=compress&trim=color&q=90&dpr=2&updated_at=1620404906"}, "productCategory": "sneakers", "releaseDate": "2021-05-19", "retailPrice": 100, "shoe": "Nike Dunk Low", "title": "Nike Dunk Low Photon Dust (W)", "urlKey": "nike-dunk-low-photon-dust-w", "market": {"lowestAsk": 298, "salesThisPeriod": 3, "salesLastPeriod": 0, "highestBid": 340, "volatility": 0.137071, "deadstockSold": 2371, "pricePremium": 2.15, "averageDeadstockPrice": 323, "lastSale": 315, "changeValue": 47, "changePercentage": 0.175373, "lastLowestAskTime": 1663709593, "lastHighestBidTime": 1663754879, "lastSaleDate": "2022-09-21T15:41:08+00:00"}, "objectID": "796882e1-685f-4bbb-8720-075b76db84dd"}, {"id": "6e749dd5-8901-4dde-94ac-1058016c9c02", "uuid": "6e749dd5-8901-4dde-94ac-1058016c9c02", "brand": "Nike", "colorway": "Black/Teal-White", "condition": "New", "description": "At the top of its black tongue, the Nike Dunk Low Barbershop Black has the brand\u2019s red logo. An abstract print appears on the side of the shoe, just above the Swoosh.\n<br>\n<br>\nThis model has an ice blue sole with a white midsole. Next to the midsole, you will see the black base, composed of pebbled leather. The lining of the shoe and the Nike swoosh logo are both made out of the same ice blue.\n<br>\n<br>\nThe Nike Dunk Low Barbershop Black was first put on the market in June of 2022. It had a retail price that started at $110 for men\u2019s sizes.", "media": {"smallImageUrl": "https://images.stockx.com/images/Nike-Dunk-Low-Barbershop-Black-Product.jpg?fit=fill&bg=FFFFFF&w=300&h=214&fm=webp&auto=compress&trim=color&q=90&dpr=2&updated_at=1654800013", "thumbUrl": "https://images.stockx.com/images/Nike-Dunk-Low-Barbershop-Black-Product.jpg?fit=fill&bg=FFFFFF&w=140&h=100&fm=webp&auto=compress&trim=color&q=90&dpr=2&updated_at=1654800013"}, "productCategory": "sneakers", "releaseDate": "2022-03-01", "retailPrice": 110, "shoe": "Nike Dunk Low SE", "title": "Nike Dunk Low SE Barber Shop Black", "urlKey": "nike-dunk-low-barbershop-black", "market": {"lowestAsk": 99, "salesThisPeriod": 40, "salesLastPeriod": 0, "highestBid": 130, "volatility": 0.058141, "deadstockSold": 1819, "pricePremium": -0.118, "averageDeadstockPrice": 140, "lastSale": 97, "changeValue": 0, "changePercentage": 0, "lastLowestAskTime": 1663751881, "lastHighestBidTime": 1663429297, "lastSaleDate": "2022-09-21T22:55:00+00:00"}, "objectID": "6e749dd5-8901-4dde-94ac-1058016c9c02"}, {"id": "71796eae-88f9-41af-b926-17b2e81d6764", "uuid": "71796eae-88f9-41af-b926-17b2e81d6764", "brand": "Nike", "colorway": "Sail/Starfish/Black", "condition": "New", "description": "The Nike Dunk Low Halloween 2021 (GS) for grade schoolers for grade schoolers is a redesigned edition of the classic Nike Dunk Low, released in the period preceding Halloween.\n<br>\n<br>\nA product of creative designers, this colorway features a white leather base upper contrasted by black overlays with glow-in-the-dark graphics. It also features a Starfish Orange Nike Swoosh, a translucent rubber outsole with a luminescent finish, and engraved Nike word marks on its heel tab and tongue tag. Additionally, it boasts an Orange insole with a Spider graphic and Nike logo.\n<br>\n<br>\nThe Nike Dunk Low Halloween 2021 (GS) for grade schoolers was released on 1st April 2022. At the time of its release, it had a retail price of $95.", "media": {"smallImageUrl": "https://images.stockx.com/images/Nike-Dunk-Low-Halloween-2021-GS-Product.jpg?fit=fill&bg=FFFFFF&w=300&h=214&fm=webp&auto=compress&trim=color&q=90&dpr=2&updated_at=1636143928", "thumbUrl": "https://images.stockx.com/images/Nike-Dunk-Low-Halloween-2021-GS-Product.jpg?fit=fill&bg=FFFFFF&w=140&h=100&fm=webp&auto=compress&trim=color&q=90&dpr=2&updated_at=1636143928"}, "productCategory": "sneakers", "releaseDate": "2022-04-01", "retailPrice": 95, "shoe": "Nike Dunk Low PRM", "title": "Nike Dunk Low PRM Halloween (2021) (GS)", "urlKey": "nike-dunk-low-halloween-2021-gs", "market": {"lowestAsk": 125, "salesThisPeriod": 24, "salesLastPeriod": 0, "highestBid": 151, "volatility": 0.071916, "deadstockSold": 7323, "pricePremium": 0.537, "averageDeadstockPrice": 155, "lastSale": 146, "changeValue": -12, "changePercentage": -0.075949, "lastLowestAskTime": 1663561003, "lastHighestBidTime": 1663657225, "lastSaleDate": "2022-09-20T04:35:17+00:00"}, "objectID": "71796eae-88f9-41af-b926-17b2e81d6764"}, {"id": "f5b056e8-962a-4af9-ad97-cb1fa8001d56", "uuid": "f5b056e8-962a-4af9-ad97-cb1fa8001d56", "brand": "Nike", "colorway": "Sequoia/Orange-Medium Olive-Sail", "condition": "New", "description": "The Nike Dunk Low Next Nature Toasty Sequoia features a dark olive quilted construction made up of 100% recycled polyester. Hits of sharp orange on the smooth leather Swoosh and heel patch add a striking contrast to its muted base. From there, a fleece lined interior offers a winterized feel.\n<br>\n<br>\nThe Nike Dunk Low Next Nature Toasty Sequoia released in May of 2022 and retailed for $110.", "media": {"smallImageUrl": "https://images.stockx.com/images/Nike-Dunk-Low-Retro-NN-Toasty-Sequoia-Product.jpg?fit=fill&bg=FFFFFF&w=300&h=214&fm=webp&auto=compress&trim=color&q=90&dpr=2&updated_at=1637089196", "thumbUrl": "https://images.stockx.com/images/Nike-Dunk-Low-Retro-NN-Toasty-Sequoia-Product.jpg?fit=fill&bg=FFFFFF&w=140&h=100&fm=webp&auto=compress&trim=color&q=90&dpr=2&updated_at=1637089196"}, "productCategory": "sneakers", "releaseDate": "2022-05-10", "retailPrice": 110, "shoe": "Nike Dunk Low Retro", "title": "Nike Dunk Low Retro Next Nature Sequoia", "urlKey": "nike-dunk-low-retro-nn-toasty-sequoia", "market": {"lowestAsk": 100, "salesThisPeriod": 25, "salesLastPeriod": 0, "highestBid": 135, "volatility": 0.163682, "deadstockSold": 5261, "pricePremium": -0.091, "averageDeadstockPrice": 138, "lastSale": 100, "changeValue": -65, "changePercentage": -0.393939, "lastLowestAskTime": 1663801062, "lastHighestBidTime": 1663719956, "lastSaleDate": "2022-09-21T22:02:37+00:00"}, "objectID": "f5b056e8-962a-4af9-ad97-cb1fa8001d56"}, {"id": "0cab40b6-66c3-468e-bd99-bc03d6ccdd61", "uuid": "0cab40b6-66c3-468e-bd99-bc03d6ccdd61", "brand": "Nike", "colorway": "Cacao Wow/Off Noir-Gorge Green", "condition": "New", "description": "", "media": {"smallImageUrl": "https://images.stockx.com/images/Nike-Dunk-Low-Safari-Cacao-Wow-Product.jpg?fit=fill&bg=FFFFFF&w=300&h=214&fm=webp&auto=compress&trim=color&q=90&dpr=2&updated_at=1658500625", "thumbUrl": "https://images.stockx.com/images/Nike-Dunk-Low-Safari-Cacao-Wow-Product.jpg?fit=fill&bg=FFFFFF&w=140&h=100&fm=webp&auto=compress&trim=color&q=90&dpr=2&updated_at=1658500625"}, "productCategory": "sneakers", "releaseDate": "", "retailPrice": 120, "shoe": "Nike Dunk Low", "title": "Nike Dunk Low Safari Golden Moss", "urlKey": "nike-dunk-low-safari-cacao-wow", "market": {"lowestAsk": 101, "salesThisPeriod": 23, "salesLastPeriod": 0, "highestBid": 128, "volatility": 0.107414, "deadstockSold": 639, "pricePremium": -0.1, "averageDeadstockPrice": 130, "lastSale": 108, "changeValue": -31, "changePercentage": -0.223022, "lastLowestAskTime": 1663514762, "lastHighestBidTime": 1663805121, "lastSaleDate": "2022-09-21T23:08:46+00:00"}, "objectID": "0cab40b6-66c3-468e-bd99-bc03d6ccdd61"}, {"id": "4914bc5d-17b4-49d8-9085-47ef1d459f87", "uuid": "4914bc5d-17b4-49d8-9085-47ef1d459f87", "brand": "Nike", "colorway": "Wine/Black-White", "condition": "New", "description": "The Nike Dunk High fragment design Beijing arrives with a purple leather upper plus black overlays and Swooshes. A debossed white fragment design lightning bolt appears at the heel, a common detail that is prominent in most fragment Nikes.\n<br>\n<br>\nThe Nike Dunk High fragment design Beijing released in June of 2021 and retailed for $150.", "media": {"smallImageUrl": "https://images.stockx.com/images/nike-dunk-high-fragment-design-bejing-2021-ps-main.jpg?fit=fill&bg=FFFFFF&w=300&h=214&fm=webp&auto=compress&trim=color&q=90&dpr=2&updated_at=1629212241", "thumbUrl": "https://images.stockx.com/images/nike-dunk-high-fragment-design-bejing-2021-ps-main.jpg?fit=fill&bg=FFFFFF&w=140&h=100&fm=webp&auto=compress&trim=color&q=90&dpr=2&updated_at=1629212241"}, "productCategory": "sneakers", "releaseDate": "2021-06-05", "retailPrice": 150, "shoe": "Nike Dunk High", "title": "Nike Dunk High Fragment Beijing (2021)", "urlKey": "nike-dunk-high-fragment-design-beijing-2021", "market": {"lowestAsk": 90, "salesThisPeriod": 13, "salesLastPeriod": 0, "highestBid": 127, "volatility": 0.197886, "deadstockSold": 4559, "pricePremium": -0.233, "averageDeadstockPrice": 154, "lastSale": 115, "changeValue": -37, "changePercentage": -0.247957, "lastLowestAskTime": 1663733209, "lastHighestBidTime": 1663048313, "lastSaleDate": "2022-09-21T02:30:50+00:00"}, "objectID": "4914bc5d-17b4-49d8-9085-47ef1d459f87"}, {"id": "1ffa9057-ac23-45c8-ab83-9bcafdb9bba3", "uuid": "1ffa9057-ac23-45c8-ab83-9bcafdb9bba3", "brand": "Nike", "colorway": "Cacao Wow/Marina-Rough Green-Pilgrim", "condition": "New", "description": "The upper part of Nike Dunk Low NH Cacao Wow sneakers comprise of leather and a mesh. Hairy suede overlays run from the Nike Dunk Low NH Cacao Wow's upper part down to the heels.\n<br>\n<br>\n\u200b\u200b\u200b\u200b\u200b\u200b\u200bThis sneaker also features sets of aqua-colored beads. The beads are attached to the sneaker's laces. The stitching details advanced by the aqua-colored help in elevating its overall look.\n<br>\n<br>\nNike Dunk Low NH Cacao Wow is categorized under Nike's sports sneakers. This sneaker was released on July 21st, 2022. At the time of its debut, Nike Dunk Low NH Cacao Wow retailed at a price of $120.", "media": {"smallImageUrl": "https://images.stockx.com/images/Nike-Dunk-Low-NH-Cacao-Wow-Product.jpg?fit=fill&bg=FFFFFF&w=300&h=214&fm=webp&auto=compress&trim=color&q=90&dpr=2&updated_at=1656421770", "thumbUrl": "https://images.stockx.com/images/Nike-Dunk-Low-NH-Cacao-Wow-Product.jpg?fit=fill&bg=FFFFFF&w=140&h=100&fm=webp&auto=compress&trim=color&q=90&dpr=2&updated_at=1656421770"}, "productCategory": "sneakers", "releaseDate": "", "retailPrice": 120, "shoe": "Nike Dunk Low NH", "title": "Nike Dunk Low NH Cacao Wow", "urlKey": "nike-dunk-low-nh-cacao-wow", "market": {"lowestAsk": 95, "salesThisPeriod": 36, "salesLastPeriod": 0, "highestBid": 101, "volatility": 0.072958, "deadstockSold": 1063, "pricePremium": -0.192, "averageDeadstockPrice": 111, "lastSale": 97, "changeValue": -2, "changePercentage": -0.020202, "lastLowestAskTime": 1663786596, "lastHighestBidTime": 1663648163, "lastSaleDate": "2022-09-21T21:44:41+00:00"}, "objectID": "1ffa9057-ac23-45c8-ab83-9bcafdb9bba3"}, {"id": "1df15ac7-494c-410e-85c3-4f44a22e8c6b", "uuid": "1df15ac7-494c-410e-85c3-4f44a22e8c6b", "brand": "Nike", "colorway": "White/Midnight Navy", "condition": "New", "description": "Also known as the Nike Dunk High Villanova, the Nike Dunk High Championship Navy displays classic color-blocking with a white leather upper and Championship Navy overlays. From there, a matching woven tongue label and sole complete the retro design.\n<br>\n<br>\nThe Nike Dunk High Championship Navy was released in October of 2021 and retailed for $110.", "media": {"smallImageUrl": "https://images.stockx.com/images/Nike-Dunk-High-Midnight-Navy-Product.jpg?fit=fill&bg=FFFFFF&w=300&h=214&fm=webp&auto=compress&trim=color&q=90&dpr=2&updated_at=1631713258", "thumbUrl": "https://images.stockx.com/images/Nike-Dunk-High-Midnight-Navy-Product.jpg?fit=fill&bg=FFFFFF&w=140&h=100&fm=webp&auto=compress&trim=color&q=90&dpr=2&updated_at=1631713258"}, "productCategory": "sneakers", "releaseDate": "2021-10-08", "retailPrice": 110, "shoe": "Nike Dunk High", "title": "Nike Dunk High Championship Navy", "urlKey": "nike-dunk-high-midnight-navy", "market": {"lowestAsk": 133, "salesThisPeriod": 9, "salesLastPeriod": 0, "highestBid": 150, "volatility": 0.109696, "deadstockSold": 15567, "pricePremium": 0.236, "averageDeadstockPrice": 167, "lastSale": 136, "changeValue": -29, "changePercentage": -0.175758, "lastLowestAskTime": 1663700720, "lastHighestBidTime": 1663585069, "lastSaleDate": "2022-09-20T14:48:27+00:00"}, "objectID": "1df15ac7-494c-410e-85c3-4f44a22e8c6b"}, {"id": "fbfce2ba-eb7a-44cd-a0da-7932e3cd132f", "uuid": "fbfce2ba-eb7a-44cd-a0da-7932e3cd132f", "brand": "Nike", "colorway": "Pale Ivory/Light Madder Root/Sail/Venice", "condition": "New", "description": "The Nike Dunk Low Disrupt 2 Pale Ivory (W) for women puts a twist on the usual monochromatic look with its signature Dunk Low Disrupt 2 layered design. \n<br>\n<br>\nThe Nike Dunk Low Disrupt 2 Pale Ivory (W) features a white canvas upper with beige suede overlays, featuring double eye stays and multiple lacing options. On the lateral side, Blue and brown stitching takes the form of the Swoosh, which wraps around the panels of the silhouette. Underfoot, a white midsole and a beige outsole crafted from recycled materials complete the silhouette. \n<br>\n<br>\nThe Nike Dunk Low Disrupt 2 Pale Ivory (W) was released in March 2022 and retailed for $110.", "media": {"smallImageUrl": "https://images.stockx.com/images/Nike-Dunk-Low-Disrupt-2-Pale-Ivory-W-Product.jpg?fit=fill&bg=FFFFFF&w=300&h=214&fm=webp&auto=compress&trim=color&q=90&dpr=2&updated_at=1645432145", "thumbUrl": "https://images.stockx.com/images/Nike-Dunk-Low-Disrupt-2-Pale-Ivory-W-Product.jpg?fit=fill&bg=FFFFFF&w=140&h=100&fm=webp&auto=compress&trim=color&q=90&dpr=2&updated_at=1645432145"}, "productCategory": "sneakers", "releaseDate": "2022-03-30", "retailPrice": 110, "shoe": "Nike Dunk Low Disrupt 2", "title": "Nike Dunk Low Disrupt 2 Pale Ivory (W)", "urlKey": "nike-dunk-low-disrupt-2-pale-ivory-w", "market": {"lowestAsk": 120, "salesThisPeriod": 17, "salesLastPeriod": 0, "highestBid": 123, "volatility": 0.174233, "deadstockSold": 2575, "pricePremium": 0.218, "averageDeadstockPrice": 133, "lastSale": 134, "changeValue": -31, "changePercentage": -0.192108, "lastLowestAskTime": 1663785709, "lastHighestBidTime": 1663683376, "lastSaleDate": "2022-09-21T13:41:48+00:00"}, "objectID": "fbfce2ba-eb7a-44cd-a0da-7932e3cd132f"}, {"id": "25d65524-d259-4349-ac16-437e31e811f7", "uuid": "25d65524-d259-4349-ac16-437e31e811f7", "brand": "Nike", "colorway": "Sail/Neutral Grey-Hyper Violet", "condition": "New", "description": "", "media": {"smallImageUrl": "https://images.stockx.com/images/Nike-Dunk-Low-Off-White-Lot-28.jpg?fit=fill&bg=FFFFFF&w=300&h=214&fm=webp&auto=compress&trim=color&q=90&dpr=2&updated_at=1628509267", "thumbUrl": "https://images.stockx.com/images/Nike-Dunk-Low-Off-White-Lot-28.jpg?fit=fill&bg=FFFFFF&w=140&h=100&fm=webp&auto=compress&trim=color&q=90&dpr=2&updated_at=1628509267"}, "productCategory": "sneakers", "releaseDate": "2021-08-09", "retailPrice": 180, "shoe": "Nike Dunk Low", "title": "Nike Dunk Low Off-White Lot 28", "urlKey": "nike-dunk-low-off-white-lot-28", "market": {"lowestAsk": 474, "salesThisPeriod": 6, "salesLastPeriod": 0, "highestBid": 620, "volatility": 0.149084, "deadstockSold": 938, "pricePremium": 1.361, "averageDeadstockPrice": 509, "lastSale": 425, "changeValue": -55, "changePercentage": -0.114583, "lastLowestAskTime": 1663724759, "lastHighestBidTime": 1661811426, "lastSaleDate": "2022-09-20T13:08:01+00:00"}, "objectID": "25d65524-d259-4349-ac16-437e31e811f7"}]}