{"Pagination": {"query": "nike dunk", "queryID": "5df1f180134ea4316cacd8be776799d8", "index": "PRODUCTION_PG_FEATURED_DESC", "limit": 40, "page": 1, "total": 2858, "lastPage": "/api/v3/browse?_search=nike%20dunk&dataType=product&facetsToRetrieve=%7B%7D&filterVersion=4&page=25&propsToRetrieve=brand%2CchildId%2Ccolorway%2Ccondition%2Cdescription%2Cid%2Cmarket.averageDeadstockPrice%2Cmarket.bidAskData%2Cmarket.changePercentage%2Cmarket.changeValue%2Cmarket.deadstockSold%2Cmarket.highestBid%2Cmarket.lastHighestBidTime%2Cmarket.lastLowestAskTime%2Cmarket.lastSale%2Cmarket.lastSaleDate%2Cmarket.lastSaleValue%2Cmarket.lowestAsk%2Cmarket.pricePremium%2Cmarket.salesInformation%2Cmarket.salesLastPeriod%2Cmarket.salesThisPeriod%2Cmarket.volatility%2Cmedia.smallImageUrl%2Cmedia.thumbUrl%2CproductCategory%2CreleaseDate%2CretailPrice%2Cshoe%2Ctitle%2CurlKey%2Cuuid", "sort": ["featured"], "order": ["DESC"], "currentPage": "/api/v3/browse?_search=nike%20dunk&dataType=product&facetsToRetrieve=%7B%7D&filterVersion=4&page=1&propsToRetrieve=brand%2CchildId%2Ccolorway%2Ccondition%2Cdescription%2Cid%2Cmarket.averageDeadstockPrice%2Cmarket.bidAskData%2Cmarket.changePercentage%2Cmarket.changeValue%2Cmarket.deadstockSold%2Cmarket.highestBid%2Cmarket.lastHighestBidTime%2Cmarket.lastLowestAskTime%2Cmarket.lastSale%2Cmarket.lastSaleDate%2Cmarket.lastSaleValue%2Cmarket.lowestAsk%2Cmarket.pricePremium%2Cmarket.salesInformation%2Cmarket.salesLastPeriod%2Cmarket.salesThisPeriod%2Cmarket.volatility%2Cmedia.smallImageUrl%2Cmedia.thumbUrl%2CproductCategory%2CreleaseDate%2CretailPrice%2Cshoe%2Ctitle%2CurlKey%2Cuuid", "nextPage": "/api/v3/browse?_search=nike%20dunk&dataType=product&facetsToRetrieve=%7B%7D&filterVersion=4&page=2&propsToRetrieve=brand%2CchildId%2Ccolorway%2Ccondition%2Cdescription%2Cid%2Cmarket.averageDeadstockPrice%2Cmarket.bidAskData%2Cmarket.changePercentage%2Cmarket.changeValue%2Cmarket.deadstockSold%2Cmarket.highestBid%2Cmarket.lastHighestBidTime%2Cmarket.lastLowestAskTime%2Cmarket.lastSale%2Cmarket.lastSaleDate%2Cmarket.lastSaleValue%2Cmarket.lowestAsk%2Cmarket.pricePremium%2Cmarket.salesInformation%2Cmarket.salesLastPeriod%2Cmarket.salesThisPeriod%2Cmarket.volatility%2Cmedia.smallImageUrl%2Cmedia.thumbUrl%2CproductCategory%2CreleaseDate%2CretailPrice%2Cshoe%2Ctitle%2CurlKey%2Cuuid", "previousPage": null}, "Facets": {}, "Products": [{"id": "5e6a1e57-1c7d-435a-82bd-5666a13560fe", "uuid": "5e6a1e57-1c7d-435a-82bd-5666a13560fe", "brand": "Nike", "colorway": "White/Black", "condition": "New", "description": "From the school-spirited College Colors Program to the vibrant Nike CO.JP collection, Nike Dunks have seen many colorways since the design\u2019s inception in 1985. But with each new colorway, the Dunk\u2019s classic color-blocking has remained in some capacity. Nike put its timeless color-blocking to work with the Nike Dunk Low Retro White Black.\n<br>\n<br>\nThe upper Nike Dunk Low Retro White Black is constructed of white leather with black leather overlays and Swooshes. Classic Nike branding is featured on the nylon tongue, nodding to traditional Dunk design elements. A white midsole and black outsole complete the design.\n<br>\n<br>\nThe Nike Dunk Low Retro White Black released in January of 2021 and retailed for $100.\n<br>\n<br>\nTo shop all Nike Dunks, <a href=\"https://stockx.com/nike/dunk\">click here.</a>\n", "media": {"smallImageUrl": "https://images.stockx.com/images/Nike-Dunk-Low-Retro-White-Black-2021-Product.jpg?fit=fill&bg=FFFFFF&w=300&h=214&fm=webp&auto=compress&trim=color&q=90&dpr=2&updated_at=1633027409", "thumbUrl": "https://images.stockx.com/images/Nike-Dunk-Low-Retro-White-Black-2021-Product.jpg?fit=fill&bg=FFFFFF&w=140&h=100&fm=webp&auto=compress&trim=color&q=90&dpr=2&updated_at=1633027409"}, "productCategory": "sneakers", "releaseDate": "2021-03-10", "retailPrice": 110, "shoe": "Nike Dunk Low Retro", "title": "Nike Dunk Low Retro White Black Panda (2021)", "urlKey": "nike-dunk-low-retro-white-black-2021", "market": {"lowestAsk": 167, "salesThisPeriod": 1761, "salesLastPeriod": 0, "highestBid": 201, "volatility": 0.095237, "deadstockSold": 170710, "pricePremium": 0.637, "averageDeadstockPrice": 233, "lastSale": 180, "changeValue": -4, "changePercentage": -0.026906, "lastLowestAskTime": 1663799752, "lastHighestBidTime": 1663782478, "lastSaleDate": "2022-09-21T22:34:12+00:00"}, "objectID": "5e6a1e57-1c7d-435a-82bd-5666a13560fe"}, {"id": "010bd75e-8f7d-49fb-b6a4-fe3e59d0e5d7", "uuid": "010bd75e-8f7d-49fb-b6a4-fe3e59d0e5d7", "brand": "Nike", "colorway": "White/Medium Olive-White", "condition": "New", "description": "", "media": {"smallImageUrl": "https://images.stockx.com/images/Nike-Dunk-Low-Medium-Olive-W-Product.jpg?fit=fill&bg=FFFFFF&w=300&h=214&fm=webp&auto=compress&trim=color&q=90&dpr=2&updated_at=1661350424", "thumbUrl": "https://images.stockx.com/images/Nike-Dunk-Low-Medium-Olive-W-Product.jpg?fit=fill&bg=FFFFFF&w=140&h=100&fm=webp&auto=compress&trim=color&q=90&dpr=2&updated_at=1661350424"}, "productCategory": "sneakers", "releaseDate": "2022-09-09", "retailPrice": 110, "shoe": "Nike Dunk Low", "title": "Nike Dunk Low Medium Olive (W)", "urlKey": "nike-dunk-low-medium-olive-w", "market": {"lowestAsk": 180, "salesThisPeriod": 1141, "salesLastPeriod": 0, "highestBid": 217, "volatility": 0.076822, "deadstockSold": 3777, "pricePremium": 0.455, "averageDeadstockPrice": 184, "lastSale": 160, "changeValue": -36, "changePercentage": -0.183673, "lastLowestAskTime": 1663803892, "lastHighestBidTime": 1663715146, "lastSaleDate": "2022-09-21T23:53:11+00:00"}, "objectID": "010bd75e-8f7d-49fb-b6a4-fe3e59d0e5d7"}, {"id": "e175c189-cf87-4007-bc94-e5b919c4c75c", "uuid": "e175c189-cf87-4007-bc94-e5b919c4c75c", "brand": "Nike", "colorway": "White/Black", "condition": "New", "description": "The Nike Dunk Low White Black 2021 women\u2019s sneaker features a white and black leather upper with perforations on the toe box.  The base of the upper starts with white leather, and black leather wraps around it in an even pattern. A black Nike Swoosh logo adorns either side of the upper and wraps around the ankle to complete the design. \n<br>\n<br>\nThe Nike Dunk Low White Black 2021 women\u2019s sneaker released in March of 2021 and retailed for $100.\n<br>\n<br>\nTo shop all Nike Dunks, <a href=\"https://stockx.com/nike/dunk\">click here.</a> \n", "media": {"smallImageUrl": "https://images.stockx.com/images/Nike-Dunk-Low-White-Black-2021-W-Product.jpg?fit=fill&bg=FFFFFF&w=300&h=214&fm=webp&auto=compress&trim=color&q=90&dpr=2&updated_at=1611766850", "thumbUrl": "https://images.stockx.com/images/Nike-Dunk-Low-White-Black-2021-W-Product.jpg?fit=fill&bg=FFFFFF&w=140&h=100&fm=webp&auto=compress&trim=color&q=90&dpr=2&updated_at=1611766850"}, "productCategory": "sneakers", "releaseDate": "2021-03-10", "retailPrice": 100, "shoe": "Nike Dunk Low Retro", "title": "Nike Dunk Low Retro White Black Panda (2021) (W)", "urlKey": "nike-dunk-low-white-black-2021-w", "market": {"lowestAsk": 163, "salesThisPeriod": 1031, "salesLastPeriod": 0, "highestBid": 178, "volatility": 0.055592, "deadstockSold": 73467, "pricePremium": 0.83, "averageDeadstockPrice": 216, "lastSale": 183, "changeValue": 19, "changePercentage": 0.113993, "lastLowestAskTime": 1663799012, "lastHighestBidTime": 1663799841, "lastSaleDate": "2022-09-21T23:15:58+00:00"}, "objectID": "e175c189-cf87-4007-bc94-e5b919c4c75c"}, {"id": "59f9f4de-a8b8-46fc-841f-42961d3567e7", "uuid": "59f9f4de-a8b8-46fc-841f-42961d3567e7", "brand": "Nike", "colorway": "White/Black-White", "condition": "New", "description": "The Nike Dunk Low Retro White Black (GS) silhouette comes in a stark black and white colorway and is made from premium leather materials throughout. Additionally, white Nike lettering complements the rear ankle support of the silhouette while the Nike Air text along with the customary company Swoosh logo adorns the tongue. In keeping with the color scheme, a white midsole resting atop a black outsole rounds out the look of this Dunk Low Retro shoe. \n<br>\n<br>\nThe Nike Dunk Low Retro White Black (GS) released in March of 2021 and retailed for $85.", "media": {"smallImageUrl": "https://images.stockx.com/images/Nike-Dunk-Low-Retro-White-Black-GS-Product.jpg?fit=fill&bg=FFFFFF&w=300&h=214&fm=webp&auto=compress&trim=color&q=90&dpr=2&updated_at=1613360456", "thumbUrl": "https://images.stockx.com/images/Nike-Dunk-Low-Retro-White-Black-GS-Product.jpg?fit=fill&bg=FFFFFF&w=140&h=100&fm=webp&auto=compress&trim=color&q=90&dpr=2&updated_at=1613360456"}, "productCategory": "sneakers", "releaseDate": "2021-03-10", "retailPrice": 85, "shoe": "Nike Dunk Low Retro", "title": "Nike Dunk Low Retro White Black Panda (2021) (GS)", "urlKey": "nike-dunk-low-retro-white-black-gs", "market": {"lowestAsk": 135, "salesThisPeriod": 497, "salesLastPeriod": 0, "highestBid": 167, "volatility": 0.079608, "deadstockSold": 70422, "pricePremium": 0.965, "averageDeadstockPrice": 192, "lastSale": 167, "changeValue": 2, "changePercentage": 0.012121, "lastLowestAskTime": 1663803263, "lastHighestBidTime": 1663713538, "lastSaleDate": "2022-09-21T23:37:46+00:00"}, "objectID": "59f9f4de-a8b8-46fc-841f-42961d3567e7"}, {"id": "d45f2407-68ff-4e1f-b65e-cd5d54f8784b", "uuid": "d45f2407-68ff-4e1f-b65e-cd5d54f8784b", "brand": "Nike", "colorway": "Grey Fog/Light Crimson", "condition": "New", "description": "", "media": {"smallImageUrl": "https://images.stockx.com/images/Nike-Dunk-Low-SE-Jackpot-Product.jpg?fit=fill&bg=FFFFFF&w=300&h=214&fm=webp&auto=compress&trim=color&q=90&dpr=2&updated_at=1661437314", "thumbUrl": "https://images.stockx.com/images/Nike-Dunk-Low-SE-Jackpot-Product.jpg?fit=fill&bg=FFFFFF&w=140&h=100&fm=webp&auto=compress&trim=color&q=90&dpr=2&updated_at=1661437314"}, "productCategory": "sneakers", "releaseDate": "2022-08-31", "retailPrice": 120, "shoe": "Nike Dunk Low SE", "title": "Nike Dunk Low SE Lottery Pack Grey Fog", "urlKey": "nike-dunk-low-se-jackpot", "market": {"lowestAsk": 164, "salesThisPeriod": 449, "salesLastPeriod": 0, "highestBid": 280, "volatility": 0.070648, "deadstockSold": 4599, "pricePremium": 0.788, "averageDeadstockPrice": 192, "lastSale": 215, "changeValue": 15, "changePercentage": 0.074627, "lastLowestAskTime": 1663793400, "lastHighestBidTime": 1663377084, "lastSaleDate": "2022-09-21T20:42:45+00:00"}, "objectID": "d45f2407-68ff-4e1f-b65e-cd5d54f8784b"}, {"id": "7d37091c-f214-491a-a50c-d289f0f7e255", "uuid": "7d37091c-f214-491a-a50c-d289f0f7e255", "brand": "Nike", "colorway": "White/Black-Total Orange", "condition": "New", "description": "The Nike Dunk High Black White 2021features a smooth white leather upper with perforations on the toe box. Black leather overlays, eyestays and Swooshes match the black laces. Orange hits on the insole add the Total Orange to the vintage White/Black colorway. The rubber outsole is black with a concentric-circles pattern for traction. The midsole is white with visible threading around the shoe. Black Nike branding appears on the white tongue and the heel features a black loop with arcs of white-on-white horizontal threading below it.\n<br>\n<br>\u00a0\nThe Nike Dunk High Black White 2021 was released on January 27, 2022 at a retail price of $115.", "media": {"smallImageUrl": "https://images.stockx.com/images/Nike-Dunk-Low-Black-White-2021-Product.jpg?fit=fill&bg=FFFFFF&w=300&h=214&fm=webp&auto=compress&trim=color&q=90&dpr=2&updated_at=1645037142", "thumbUrl": "https://images.stockx.com/images/Nike-Dunk-Low-Black-White-2021-Product.jpg?fit=fill&bg=FFFFFF&w=140&h=100&fm=webp&auto=compress&trim=color&q=90&dpr=2&updated_at=1645037142"}, "productCategory": "sneakers", "releaseDate": "2022-01-27", "retailPrice": 110, "shoe": "Nike Dunk High", "title": "Nike Dunk High Black White (2021)", "urlKey": "nike-dunk-high-black-white-total-orange-2021", "market": {"lowestAsk": 120, "salesThisPeriod": 347, "salesLastPeriod": 0, "highestBid": 200, "volatility": 0.056688, "deadstockSold": 29496, "pricePremium": 0.091, "averageDeadstockPrice": 159, "lastSale": 120, "changeValue": 1, "changePercentage": 0.002297, "lastLowestAskTime": 1663792884, "lastHighestBidTime": 1663686495, "lastSaleDate": "2022-09-21T22:49:31+00:00"}, "objectID": "7d37091c-f214-491a-a50c-d289f0f7e255"}, {"id": "4b147a60-ac79-4957-8efa-ba5443a642ac", "uuid": "4b147a60-ac79-4957-8efa-ba5443a642ac", "brand": "Nike", "colorway": "Pale Ivory/Malachite/Black", "condition": "New", "description": "", "media": {"smallImageUrl": "https://images.stockx.com/images/Nike-Dunk-Low-SE-Lottery-Product.jpg?fit=fill&bg=FFFFFF&w=300&h=214&fm=webp&auto=compress&trim=color&q=90&dpr=2&updated_at=1662733640", "thumbUrl": "https://images.stockx.com/images/Nike-Dunk-Low-SE-Lottery-Product.jpg?fit=fill&bg=FFFFFF&w=140&h=100&fm=webp&auto=compress&trim=color&q=90&dpr=2&updated_at=1662733640"}, "productCategory": "sneakers", "releaseDate": "2022-08-31", "retailPrice": 120, "shoe": "Nike Dunk Low SE", "title": "Nike Dunk Low SE Lottery Pack Malachite Green", "urlKey": "nike-dunk-low-se-lottery", "market": {"lowestAsk": 150, "salesThisPeriod": 322, "salesLastPeriod": 0, "highestBid": 325, "volatility": 0.087143, "deadstockSold": 4131, "pricePremium": 0.588, "averageDeadstockPrice": 175, "lastSale": 191, "changeValue": 8, "changePercentage": 0.041556, "lastLowestAskTime": 1663803286, "lastHighestBidTime": 1663738255, "lastSaleDate": "2022-09-21T23:29:53+00:00"}, "objectID": "4b147a60-ac79-4957-8efa-ba5443a642ac"}, {"id": "bf47fda4-bb43-4d56-b392-5ffc095661e7", "uuid": "bf47fda4-bb43-4d56-b392-5ffc095661e7", "brand": "Nike", "colorway": "Pink/Pink", "condition": "New", "description": "The Nike Dunk Low Triple Pink has a full leather build, which makes use of three distinct shades of pink to complete the look. The base has a light shade of pink, with a slightly contrasting pink overlay.\n<br>\n<br>\nThe look is completed by the Nike Swoosh in a bold pink that provides a strong contrast and stands out noticeably on the shoe. In addition to the Swoosh on both sides, the Nike Dunk Low Triple Pink (Grade School) features Nike branding on the sole, heel, tongue, and inner sole. This shoe comes in Grade School (GS) sizing.\n<br>\n<br>\nThe Nike Dunk Low Triple Pink (Grade School) was released in early June, 2022, at the retail price of $85.", "media": {"smallImageUrl": "https://images.stockx.com/images/Nike-Dunk-Low-Triple-Pink-GS-Product.jpg?fit=fill&bg=FFFFFF&w=300&h=214&fm=webp&auto=compress&trim=color&q=90&dpr=2&updated_at=1661523004", "thumbUrl": "https://images.stockx.com/images/Nike-Dunk-Low-Triple-Pink-GS-Product.jpg?fit=fill&bg=FFFFFF&w=140&h=100&fm=webp&auto=compress&trim=color&q=90&dpr=2&updated_at=1661523004"}, "productCategory": "sneakers", "releaseDate": "2022-06-01", "retailPrice": 85, "shoe": "Nike Dunk Low", "title": "Nike Dunk Low Triple Pink (GS)", "urlKey": "nike-dunk-low-triple-pink-gs", "market": {"lowestAsk": 130, "salesThisPeriod": 300, "salesLastPeriod": 0, "highestBid": 219, "volatility": 0.089286, "deadstockSold": 7895, "pricePremium": 1.447, "averageDeadstockPrice": 184, "lastSale": 208, "changeValue": 51, "changePercentage": 0.324841, "lastLowestAskTime": 1663771588, "lastHighestBidTime": 1663803931, "lastSaleDate": "2022-09-21T23:44:56+00:00"}, "objectID": "bf47fda4-bb43-4d56-b392-5ffc095661e7"}, {"id": "9cef4a34-e238-4f5d-8dc9-35a1718fd1a2", "uuid": "9cef4a34-e238-4f5d-8dc9-35a1718fd1a2", "brand": "Nike", "colorway": "Racer Blue/White", "condition": "New", "description": "The Nike Dunk Low Racer Blue White features a smooth Racer Blue leather upper with contrasting white leather overlays and Swooshes. A woven Nike tongue tag and heel embroidery nod to the original stylings of the 1985 Nike Dunk. At the base, a matching EVA foam sole completes the design.\n<br>\n<br>\nThe Nike Dunk Low Racer Blue White released in 2022 and retailed for $100.", "media": {"smallImageUrl": "https://images.stockx.com/images/Nike-Dunk-Low-Racer-Blue-White-Product.jpg?fit=fill&bg=FFFFFF&w=300&h=214&fm=webp&auto=compress&trim=color&q=90&dpr=2&updated_at=1654154937", "thumbUrl": "https://images.stockx.com/images/Nike-Dunk-Low-Racer-Blue-White-Product.jpg?fit=fill&bg=FFFFFF&w=140&h=100&fm=webp&auto=compress&trim=color&q=90&dpr=2&updated_at=1654154937"}, "productCategory": "sneakers", "releaseDate": "", "retailPrice": 100, "shoe": "Nike Dunk Low", "title": "Nike Dunk Low Racer Blue White", "urlKey": "nike-dunk-low-racer-blue-white", "market": {"lowestAsk": 124, "salesThisPeriod": 291, "salesLastPeriod": 0, "highestBid": 145, "volatility": 0.088644, "deadstockSold": 13875, "pricePremium": 0.23, "averageDeadstockPrice": 149, "lastSale": 123, "changeValue": -10, "changePercentage": -0.075188, "lastLowestAskTime": 1663803970, "lastHighestBidTime": 1663617920, "lastSaleDate": "2022-09-21T23:43:22+00:00"}, "objectID": "9cef4a34-e238-4f5d-8dc9-35a1718fd1a2"}, {"id": "6c534d8e-3e6a-4c68-9014-bd4d9cc030d3", "uuid": "6c534d8e-3e6a-4c68-9014-bd4d9cc030d3", "brand": "Nike", "colorway": "Blue Jay/University Gold-White", "condition": "New", "description": "The Nike Dunk Low UCLA closely resembles the school colors used by the University of California Los Angeles.\n<br>\n<br>\nThe upper of the Nike Dunk Low UCLA is made of University Gold-colored leather. The sneaker\u2019s upper part also features 'Blue Jay' leather overlays. The tongue of this shoe is golden colored and features blue detailing. The white midsole of this sneaker create an airy break from the combination of a gold-blue color that widely constitutes this shoe. \n<br>\n<br>\nA matching blue outsole rounds off this sneaker. Nike Dunk Low UCLA will debut on August 9th, 2022 at a retail price of $100.", "media": {"smallImageUrl": "https://images.stockx.com/images/Nike-Dunk-Low-UCLA-Product.jpg?fit=fill&bg=FFFFFF&w=300&h=214&fm=webp&auto=compress&trim=color&q=90&dpr=2&updated_at=1659591846", "thumbUrl": "https://images.stockx.com/images/Nike-Dunk-Low-UCLA-Product.jpg?fit=fill&bg=FFFFFF&w=140&h=100&fm=webp&auto=compress&trim=color&q=90&dpr=2&updated_at=1659591846"}, "productCategory": "sneakers", "releaseDate": "", "retailPrice": 100, "shoe": "Nike Dunk Low", "title": "Nike Dunk Low UCLA", "urlKey": "nike-dunk-low-ucla", "market": {"lowestAsk": 129, "salesThisPeriod": 265, "salesLastPeriod": 0, "highestBid": 192, "volatility": 0.054974, "deadstockSold": 7239, "pricePremium": 0.41, "averageDeadstockPrice": 153, "lastSale": 141, "changeValue": 0, "changePercentage": 0, "lastLowestAskTime": 1663770895, "lastHighestBidTime": 1663717390, "lastSaleDate": "2022-09-21T16:15:19+00:00"}, "objectID": "6c534d8e-3e6a-4c68-9014-bd4d9cc030d3"}, {"id": "473b7bc3-c541-429e-8c1f-d656e953066d", "uuid": "473b7bc3-c541-429e-8c1f-d656e953066d", "brand": "Nike", "colorway": "White/Gym Red-Yellow", "condition": "New", "description": "Nike has done it again with the Nike Dunk Low USC, code style DD1391-602 sneaker design featuring the University of Southern California Trojans' official colors.\n<br>\n<br>\nNike Dunk Low USC is constructed of leather material on the upper and rubber on the outsole. Nike Dunk Low USC features a colorway composed of white, gym red, and yellow covering 90% of the upper, with yellow Nike branding at the heel and tongue. A white perforated vamp and a red suede Swoosh complete the design of this sneaker.\n<br>\n<br>\nNike Dunk Low USC was released at a retail price of $100 on August 9, 2022.", "media": {"smallImageUrl": "https://images.stockx.com/images/Nike-Dunk-Low-USC-Product.jpg?fit=fill&bg=FFFFFF&w=300&h=214&fm=webp&auto=compress&trim=color&q=90&dpr=2&updated_at=1660311144", "thumbUrl": "https://images.stockx.com/images/Nike-Dunk-Low-USC-Product.jpg?fit=fill&bg=FFFFFF&w=140&h=100&fm=webp&auto=compress&trim=color&q=90&dpr=2&updated_at=1660311144"}, "productCategory": "sneakers", "releaseDate": "", "retailPrice": 100, "shoe": "Nike Dunk Low", "title": "Nike Dunk Low USC", "urlKey": "nike-dunk-low-usc", "market": {"lowestAsk": 142, "salesThisPeriod": 239, "salesLastPeriod": 0, "highestBid": 193, "volatility": 0.085879, "deadstockSold": 7942, "pricePremium": 0.54, "averageDeadstockPrice": 161, "lastSale": 154, "changeValue": -19, "changePercentage": -0.109827, "lastLowestAskTime": 1663781853, "lastHighestBidTime": 1663439345, "lastSaleDate": "2022-09-21T22:22:47+00:00"}, "objectID": "473b7bc3-c541-429e-8c1f-d656e953066d"}, {"id": "a84b53cb-e946-41ba-9744-3f66d4c89c7c", "uuid": "a84b53cb-e946-41ba-9744-3f66d4c89c7c", "brand": "Nike", "colorway": "Black/White-University Red", "condition": "New", "description": "The women's Nike Dunk High Panda (W) features white and black leather upper with a matching sole. From there, hits of red on the woven tongue label add some subtle flair.\n\nThe women's Nike Dunk High Black White (W) released in July of 2021 and retailed for $110.", "media": {"smallImageUrl": "https://images.stockx.com/images/Nike-Dunk-High-Panda-2021-W-Product.jpg?fit=fill&bg=FFFFFF&w=300&h=214&fm=webp&auto=compress&trim=color&q=90&dpr=2&updated_at=1638807175", "thumbUrl": "https://images.stockx.com/images/Nike-Dunk-High-Panda-2021-W-Product.jpg?fit=fill&bg=FFFFFF&w=140&h=100&fm=webp&auto=compress&trim=color&q=90&dpr=2&updated_at=1638807175"}, "productCategory": "sneakers", "releaseDate": "2021-07-27", "retailPrice": 110, "shoe": "Nike Dunk High", "title": "Nike Dunk High Panda (2021) (W)", "urlKey": "nike-dunk-high-panda-2021-w", "market": {"lowestAsk": 126, "salesThisPeriod": 200, "salesLastPeriod": 0, "highestBid": 127, "volatility": 0.069014, "deadstockSold": 33030, "pricePremium": 0.218, "averageDeadstockPrice": 162, "lastSale": 134, "changeValue": -3, "changePercentage": -0.021898, "lastLowestAskTime": 1663758883, "lastHighestBidTime": 1663795113, "lastSaleDate": "2022-09-21T23:07:43+00:00"}, "objectID": "a84b53cb-e946-41ba-9744-3f66d4c89c7c"}, {"id": "0f26d510-c9a4-471c-bff3-8e1651dd9f5f", "uuid": "0f26d510-c9a4-471c-bff3-8e1651dd9f5f", "brand": "Nike", "colorway": "Valerian Blue/White/University Red/Valerian Blue", "condition": "New", "description": "The Nike Dunk Low Valerian Blue arrives in a smooth white leather construction with deep Valerian Blue overlays and Swooshes. Hits of red on the woven tongue label and heel embroidery add a subtle contrast. At the base, a matching white and blue Air sole completes the design.\n<br>\n<br>\nThe Nike Dunk Low Valerian Blue released in May of 2022 and retailed for $100.", "media": {"smallImageUrl": "https://images.stockx.com/images/Nike-Dunk-Low-Valerian-Blue-Product.jpg?fit=fill&bg=FFFFFF&w=300&h=214&fm=webp&auto=compress&trim=color&q=90&dpr=2&updated_at=1652712361", "thumbUrl": "https://images.stockx.com/images/Nike-Dunk-Low-Valerian-Blue-Product.jpg?fit=fill&bg=FFFFFF&w=140&h=100&fm=webp&auto=compress&trim=color&q=90&dpr=2&updated_at=1652712361"}, "productCategory": "sneakers", "releaseDate": "2022-05-01", "retailPrice": 100, "shoe": "Nike Dunk Low", "title": "Nike Dunk Low Valerian Blue", "urlKey": "nike-dunk-low-valerian-blue", "market": {"lowestAsk": 173, "salesThisPeriod": 196, "salesLastPeriod": 0, "highestBid": 191, "volatility": 0.064027, "deadstockSold": 16476, "pricePremium": 0.899, "averageDeadstockPrice": 178, "lastSale": 190, "changeValue": -15, "changePercentage": -0.076342, "lastLowestAskTime": 1663783460, "lastHighestBidTime": 1663759702, "lastSaleDate": "2022-09-21T22:16:08+00:00"}, "objectID": "0f26d510-c9a4-471c-bff3-8e1651dd9f5f"}, {"id": "620cac3b-4f0c-4285-a4b1-e7902d7043d5", "uuid": "620cac3b-4f0c-4285-a4b1-e7902d7043d5", "brand": "Nike", "colorway": "Coconut Milk/White-Sail", "condition": "New", "description": "The Nike Dunk Low Coconut Milk features an off-white tumbled leather upper with pale yellow overlays and white Swooshes. Woven tongue labels and heel embroideries nod to the original 1985 design. From there, a matching Air sole at the base completes the design.\n<br>\n<br>\nThe Nike Dunk Low Coconut Milk released in March of 2022 and retailed for $100.\n<br>\n<br>\nDISCLAIMER: Yellow may appear different in various lighting situations.", "media": {"smallImageUrl": "https://images.stockx.com/images/Nike-Dunk-Low-Coconut-Milk-V3-Product.jpg?fit=fill&bg=FFFFFF&w=300&h=214&fm=webp&auto=compress&trim=color&q=90&dpr=2&updated_at=1661735440", "thumbUrl": "https://images.stockx.com/images/Nike-Dunk-Low-Coconut-Milk-V3-Product.jpg?fit=fill&bg=FFFFFF&w=140&h=100&fm=webp&auto=compress&trim=color&q=90&dpr=2&updated_at=1661735440"}, "productCategory": "sneakers", "releaseDate": "2022-03-01", "retailPrice": 100, "shoe": "Nike Dunk Low", "title": "Nike Dunk Low Coconut Milk", "urlKey": "nike-dunk-low-coconut-milk", "market": {"lowestAsk": 147, "salesThisPeriod": 179, "salesLastPeriod": 0, "highestBid": 242, "volatility": 0.118752, "deadstockSold": 24010, "pricePremium": 0.788, "averageDeadstockPrice": 168, "lastSale": 179, "changeValue": -10, "changePercentage": -0.057592, "lastLowestAskTime": 1663721721, "lastHighestBidTime": 1660065497, "lastSaleDate": "2022-09-21T22:06:01+00:00"}, "objectID": "620cac3b-4f0c-4285-a4b1-e7902d7043d5"}, {"id": "c5cc8e01-e9c9-48cd-a4bf-cbd4260f7a8d", "uuid": "c5cc8e01-e9c9-48cd-a4bf-cbd4260f7a8d", "brand": "Nike", "colorway": "White/Black", "condition": "New", "description": "A collaborative design of Nike and Mathew M.\u00a0Williams, the Nike Dunk Low World Champs\u00a0Black White model boasts an all-too-familiar black and white colorway on a textured leather base.\n<br>\n<br>\nLike the Air Force 1\u2019s, the Nike Dunk Low\u00a0World Champs\u00a0Black White silhouette features a gold stitched brand\u00a0on the shoe tongue and the heel tab, including a black and gold pair of lace dubraes. To complete the look are black leather panels on the mudguard, lace eyelets, heel panel, and a Swoosh detailing extending to the heel tab.\n<br>\n<br>\nThe Nike Dunk Low World Champs Black White sneaker was released in May 2022, retailing at $120.", "media": {"smallImageUrl": "https://images.stockx.com/images/Nike-Dunk-Low-World-Champs-Black-White-Product.jpg?fit=fill&bg=FFFFFF&w=300&h=214&fm=webp&auto=compress&trim=color&q=90&dpr=2&updated_at=1658500691", "thumbUrl": "https://images.stockx.com/images/Nike-Dunk-Low-World-Champs-Black-White-Product.jpg?fit=fill&bg=FFFFFF&w=140&h=100&fm=webp&auto=compress&trim=color&q=90&dpr=2&updated_at=1658500691"}, "productCategory": "sneakers", "releaseDate": "2022-05-21", "retailPrice": 100, "shoe": "Nike Dunk Low", "title": "Nike Dunk Low World Champs Black White", "urlKey": "nike-dunk-low-world-champs-black-white", "market": {"lowestAsk": 159, "salesThisPeriod": 166, "salesLastPeriod": 0, "highestBid": 195, "volatility": 0.066111, "deadstockSold": 4343, "pricePremium": 0.66, "averageDeadstockPrice": 167, "lastSale": 166, "changeValue": -20, "changePercentage": -0.107527, "lastLowestAskTime": 1663768951, "lastHighestBidTime": 1663735922, "lastSaleDate": "2022-09-21T21:56:05+00:00"}, "objectID": "c5cc8e01-e9c9-48cd-a4bf-cbd4260f7a8d"}, {"id": "4fefbbb7-d7cb-4860-be5c-cde6412bf041", "uuid": "4fefbbb7-d7cb-4860-be5c-cde6412bf041", "brand": "Nike", "colorway": "White/Rose Whisper", "condition": "New", "description": "The women's Nike Dunk Low Rose Whisper arrives in a classic two-tone color blocked look similar to the original Nike Dunks of the 1980s. This Dunk offers a warm palette primed for the summer weather, with a white and Rose Whisper leather construction. Matching woven tongue labels contribute to the design's retro feel, while an EVA foam sole provides cushioning.\n<br>\n<br>\nThe women's Nike Dunk Low Rose Whisper released in June of 2022 and retailed for $100.", "media": {"smallImageUrl": "https://images.stockx.com/images/Nike-Dunk-Low-Rose-Whisper-W-Product.jpg?fit=fill&bg=FFFFFF&w=300&h=214&fm=webp&auto=compress&trim=color&q=90&dpr=2&updated_at=1650654997", "thumbUrl": "https://images.stockx.com/images/Nike-Dunk-Low-Rose-Whisper-W-Product.jpg?fit=fill&bg=FFFFFF&w=140&h=100&fm=webp&auto=compress&trim=color&q=90&dpr=2&updated_at=1650654997"}, "productCategory": "sneakers", "releaseDate": "2022-03-01", "retailPrice": 100, "shoe": "Nike Dunk Low", "title": "Nike Dunk Low Rose Whisper (W)", "urlKey": "nike-dunk-low-rose-whisper-w", "market": {"lowestAsk": 163, "salesThisPeriod": 162, "salesLastPeriod": 0, "highestBid": 175, "volatility": 0.065879, "deadstockSold": 13702, "pricePremium": 0.75, "averageDeadstockPrice": 170, "lastSale": 175, "changeValue": 20, "changePercentage": 0.129032, "lastLowestAskTime": 1663803852, "lastHighestBidTime": 1663795091, "lastSaleDate": "2022-09-21T23:13:02+00:00"}, "objectID": "4fefbbb7-d7cb-4860-be5c-cde6412bf041"}, {"id": "681ee0e6-829e-41f0-9bca-a381ef90ff8d", "uuid": "681ee0e6-829e-41f0-9bca-a381ef90ff8d", "brand": "Nike", "colorway": "Vast Grey/Summit White/Pearl White", "condition": "New", "description": "The Nike Dunk Low Premium Vast Grey features a tonal grey suede upper, with warmer tones making up the base while cooler tones make up the overlays. From there, a contrasting cream and grey sole completes the design.\n<br>\n<br>\nThe Nike Dunk Low Premium Vast Grey released in August of 2022 and retailed for $110.", "media": {"smallImageUrl": "https://images.stockx.com/images/Nike-Dunk-Low-Premium-Vast-Grey-Product.jpg?fit=fill&bg=FFFFFF&w=300&h=214&fm=webp&auto=compress&trim=color&q=90&dpr=2&updated_at=1642765088", "thumbUrl": "https://images.stockx.com/images/Nike-Dunk-Low-Premium-Vast-Grey-Product.jpg?fit=fill&bg=FFFFFF&w=140&h=100&fm=webp&auto=compress&trim=color&q=90&dpr=2&updated_at=1642765088"}, "productCategory": "sneakers", "releaseDate": "2022-08-23", "retailPrice": 110, "shoe": "Nike Dunk Low Premium", "title": "Nike Dunk Low Premium Vast Grey", "urlKey": "nike-dunk-low-premium-vast-grey", "market": {"lowestAsk": 128, "salesThisPeriod": 160, "salesLastPeriod": 0, "highestBid": 189, "volatility": 0.088492, "deadstockSold": 15629, "pricePremium": 0.764, "averageDeadstockPrice": 177, "lastSale": 194, "changeValue": 67, "changePercentage": 0.527559, "lastLowestAskTime": 1663803839, "lastHighestBidTime": 1663773282, "lastSaleDate": "2022-09-21T23:25:02+00:00"}, "objectID": "681ee0e6-829e-41f0-9bca-a381ef90ff8d"}, {"id": "c98e2c71-be78-4814-a4a0-12c233098dcf", "uuid": "c98e2c71-be78-4814-a4a0-12c233098dcf", "brand": "Nike", "colorway": "Judge Grey/Brown/White", "condition": "New", "description": "The Swoosh on the Nike Dunk Low Judge Grey is white, as are the laces and the Nike logo on the tongue.\n<br>\n<br>\nThis low-top sneaker has a full leather construction with a mocha-brown base color that\u2019s complemented by a lighter overlay around the heel, where the laces go through and around the toe. The Nike Dunk Low Judge Grey\u2019s sole matches the lighter hue on the overlays, but it also has a white highlight between the base of the sole and the shoe itself.\n<br>\n<br>\nThe Nike Dunk Low Judge Grey sneaker was made available for retail at a price of $100 in June, 2022.", "media": {"smallImageUrl": "https://images.stockx.com/images/Nike-Dunk-Low-Judge-Grey-Product.jpg?fit=fill&bg=FFFFFF&w=300&h=214&fm=webp&auto=compress&trim=color&q=90&dpr=2&updated_at=1659678821", "thumbUrl": "https://images.stockx.com/images/Nike-Dunk-Low-Judge-Grey-Product.jpg?fit=fill&bg=FFFFFF&w=140&h=100&fm=webp&auto=compress&trim=color&q=90&dpr=2&updated_at=1659678821"}, "productCategory": "sneakers", "releaseDate": "", "retailPrice": 100, "shoe": "Nike Dunk Low", "title": "Nike Dunk Low Judge Grey", "urlKey": "nike-dunk-low-judge-grey", "market": {"lowestAsk": 132, "salesThisPeriod": 157, "salesLastPeriod": 0, "highestBid": 295, "volatility": 0.114117, "deadstockSold": 7960, "pricePremium": 0.435, "averageDeadstockPrice": 160, "lastSale": 144, "changeValue": 0, "changePercentage": -0.003162, "lastLowestAskTime": 1663804194, "lastHighestBidTime": 1663714209, "lastSaleDate": "2022-09-21T23:49:25+00:00"}, "objectID": "c98e2c71-be78-4814-a4a0-12c233098dcf"}, {"id": "61d186e6-d293-4c5c-82d3-c2b52fbd018d", "uuid": "61d186e6-d293-4c5c-82d3-c2b52fbd018d", "brand": "Nike", "colorway": "Deep Royal Blue/White-Sport Red-Gum Light Brown", "condition": "New", "description": "The Nike SB Dunk Low Los Angeles Dodgers features a white leather upper with blue overlays and red Swoosh logos. The \"Nike\" brand name is prevanlent on the heel tab in red.\n<br>\n<br>\nThe Nike SB Dunk Low Los Angeles Dodgers is a low-top sneaker with lace-up closure style. The shoe features a blue and white color scheme that has shades similar to the traditional blue and white worn by the MLB's LA Dodgers. It has a light-brown sole with a pink graphic on the ankle\u2019s right side.\n<br>\n<br>\nThe Nike SB Dunk Low Los Angeles Dodgers was released in June of 2022 at the retail price of $110.", "media": {"smallImageUrl": "https://images.stockx.com/images/Nike-SB-Dunk-Low-Los-Angeles-Dodgers-Product.jpg?fit=fill&bg=FFFFFF&w=300&h=214&fm=webp&auto=compress&trim=color&q=90&dpr=2&updated_at=1657285119", "thumbUrl": "https://images.stockx.com/images/Nike-SB-Dunk-Low-Los-Angeles-Dodgers-Product.jpg?fit=fill&bg=FFFFFF&w=140&h=100&fm=webp&auto=compress&trim=color&q=90&dpr=2&updated_at=1657285119"}, "productCategory": "sneakers", "releaseDate": "2022-06-01", "retailPrice": 110, "shoe": "Nike SB Dunk Low", "title": "Nike SB Dunk Low Los Angeles Dodgers", "urlKey": "nike-sb-dunk-low-los-angeles-dodgers", "market": {"lowestAsk": 216, "salesThisPeriod": 148, "salesLastPeriod": 0, "highestBid": 300, "volatility": 0.058862, "deadstockSold": 6605, "pricePremium": 1.182, "averageDeadstockPrice": 223, "lastSale": 240, "changeValue": -23, "changePercentage": -0.087452, "lastLowestAskTime": 1663776301, "lastHighestBidTime": 1663340006, "lastSaleDate": "2022-09-21T19:17:08+00:00"}, "objectID": "61d186e6-d293-4c5c-82d3-c2b52fbd018d"}, {"id": "c39d0ff2-4d40-4354-83dc-2ee4f5843523", "uuid": "c39d0ff2-4d40-4354-83dc-2ee4f5843523", "brand": "Nike", "colorway": "White/Washed Teal/Electro Purple", "condition": "New", "description": "The women's Nike Dunk Low Safari Mix (W) explores exotic patterns and textures with its one-of-a-kind construction. Atop a white leather base, the upper features vibrant overlays constructed of leopard-pattern Durabuck, safari print, faux-horsehair, suede, and smooth leather. Vintage-style Nike woven tongue labels add the finishing touch.\n<br>\n<br>\nThe women's Nike Dunk Low Safari Mix (W) released in March of 2022 and retailed for $120.", "media": {"smallImageUrl": "https://images.stockx.com/images/Nike-Dunk-Low-Safari-Mix-W-Product.jpg?fit=fill&bg=FFFFFF&w=300&h=214&fm=webp&auto=compress&trim=color&q=90&dpr=2&updated_at=1650480982", "thumbUrl": "https://images.stockx.com/images/Nike-Dunk-Low-Safari-Mix-W-Product.jpg?fit=fill&bg=FFFFFF&w=140&h=100&fm=webp&auto=compress&trim=color&q=90&dpr=2&updated_at=1650480982"}, "productCategory": "sneakers", "releaseDate": "2022-05-05", "retailPrice": 120, "shoe": "Nike Dunk Low", "title": "Nike Dunk Low Safari Mix (W)", "urlKey": "nike-dunk-low-safari-mix-w", "market": {"lowestAsk": 111, "salesThisPeriod": 143, "salesLastPeriod": 0, "highestBid": 260, "volatility": 0.093991, "deadstockSold": 20465, "pricePremium": 0.314, "averageDeadstockPrice": 144, "lastSale": 158, "changeValue": 7, "changePercentage": 0.042163, "lastLowestAskTime": 1663085763, "lastHighestBidTime": 1661450672, "lastSaleDate": "2022-09-19T10:17:27+00:00"}, "objectID": "c39d0ff2-4d40-4354-83dc-2ee4f5843523"}, {"id": "00230645-15ec-4da9-93d7-2f3d64d39f85", "uuid": "00230645-15ec-4da9-93d7-2f3d64d39f85", "brand": "Nike", "colorway": "White/Black-White", "condition": "New", "description": "The Nike Dunk Low Retro White Black PS features an entirely white leather upper with black overlays. The touches of black continue to the Swoosh branding, and the vintage basketball shoe is finished off with a padded collar and nylon mesh tongue, a white midsole, and a black outsole and treading.\u00a0\n<br>\n<br>\nThe Nike Dunk Low Retro White Black PS was released in March 2021 and originally retailed for $65.", "media": {"smallImageUrl": "https://images.stockx.com/images/Nike-Dunk-Low-Retro-White-Black-PS-Product.jpg?fit=fill&bg=FFFFFF&w=300&h=214&fm=webp&auto=compress&trim=color&q=90&dpr=2&updated_at=1624468188", "thumbUrl": "https://images.stockx.com/images/Nike-Dunk-Low-Retro-White-Black-PS-Product.jpg?fit=fill&bg=FFFFFF&w=140&h=100&fm=webp&auto=compress&trim=color&q=90&dpr=2&updated_at=1624468188"}, "productCategory": "sneakers", "releaseDate": "2021-03-10", "retailPrice": 65, "shoe": "Nike Dunk Low Retro", "title": "Nike Dunk Low Retro White Black Panda (2021) (PS)", "urlKey": "nike-dunk-low-retro-white-black-ps", "market": {"lowestAsk": 72, "salesThisPeriod": 142, "salesLastPeriod": 0, "highestBid": 122, "volatility": 0.08508, "deadstockSold": 15370, "pricePremium": -0.038, "averageDeadstockPrice": 96, "lastSale": 63, "changeValue": -9, "changePercentage": -0.13576, "lastLowestAskTime": 1663769698, "lastHighestBidTime": 1663580249, "lastSaleDate": "2022-09-21T22:51:37+00:00"}, "objectID": "00230645-15ec-4da9-93d7-2f3d64d39f85"}, {"id": "f525a88c-e2e9-4427-9d4f-f1e4ca7cd023", "uuid": "f525a88c-e2e9-4427-9d4f-f1e4ca7cd023", "brand": "Nike", "colorway": "White/Lilac", "condition": "New", "description": "Next Nature Lilac is a Dunk Low retro release. It is made of 20% recycled materials.\u00a0\n<br>\n<br>\nThe women\u2019s Nike Dunk Low has a white leather upper with a perforated toe box. It also has lilac overlays, Swooshes, and laces. A purple Nike label appears on its white tongue. It also features a volt insole with a black Nike pinwheel logo. The purple heel cap includes an embroidered white Nike logo. A white rubber midsole matching its purple Grind rubber outsole completes the design.\n<br>\n<br>\nThe women\u2019s Next Nature Lilac Dunk Low was released on July 1, 2022, retailing at $100.", "media": {"smallImageUrl": "https://images.stockx.com/images/Nike-Dunk-Low-Next-Nature-Lilac-W-Product.jpg?fit=fill&bg=FFFFFF&w=300&h=214&fm=webp&auto=compress&trim=color&q=90&dpr=2&updated_at=1659075259", "thumbUrl": "https://images.stockx.com/images/Nike-Dunk-Low-Next-Nature-Lilac-W-Product.jpg?fit=fill&bg=FFFFFF&w=140&h=100&fm=webp&auto=compress&trim=color&q=90&dpr=2&updated_at=1659075259"}, "productCategory": "sneakers", "releaseDate": "", "retailPrice": 100, "shoe": "Nike Dunk Low", "title": "Nike Dunk Low Next Nature Lilac (W)", "urlKey": "nike-dunk-low-next-nature-lilac-w", "market": {"lowestAsk": 150, "salesThisPeriod": 136, "salesLastPeriod": 0, "highestBid": 202, "volatility": 0.094388, "deadstockSold": 3083, "pricePremium": 1.106, "averageDeadstockPrice": 177, "lastSale": 211, "changeValue": 49, "changePercentage": 0.299739, "lastLowestAskTime": 1663802329, "lastHighestBidTime": 1663750201, "lastSaleDate": "2022-09-21T22:58:52+00:00"}, "objectID": "f525a88c-e2e9-4427-9d4f-f1e4ca7cd023"}, {"id": "b5997425-391e-430d-b755-13ecbd136b15", "uuid": "b5997425-391e-430d-b755-13ecbd136b15", "brand": "Nike", "colorway": "Peach Cream/White/Peach Cream", "condition": "New", "description": "", "media": {"smallImageUrl": "https://images.stockx.com/images/Nike-Dunk-Low-Peach-Cream-W.jpg?fit=fill&bg=FFFFFF&w=300&h=214&fm=webp&auto=compress&trim=color&q=90&dpr=2&updated_at=1663058295", "thumbUrl": "https://images.stockx.com/images/Nike-Dunk-Low-Peach-Cream-W.jpg?fit=fill&bg=FFFFFF&w=140&h=100&fm=webp&auto=compress&trim=color&q=90&dpr=2&updated_at=1663058295"}, "productCategory": "sneakers", "releaseDate": "2022-09-17", "retailPrice": 100, "shoe": "Nike Dunk Low", "title": "Nike Dunk Low Peach Cream (W)", "urlKey": "nike-dunk-low-peach-cream-w", "market": {"lowestAsk": 138, "salesThisPeriod": 128, "salesLastPeriod": 0, "highestBid": 170, "volatility": 0.031489, "deadstockSold": 167, "pricePremium": 0.32, "averageDeadstockPrice": 163, "lastSale": 132, "changeValue": -1, "changePercentage": -0.007519, "lastLowestAskTime": 1663801394, "lastHighestBidTime": 1663756712, "lastSaleDate": "2022-09-21T23:06:28+00:00"}, "objectID": "b5997425-391e-430d-b755-13ecbd136b15"}, {"id": "3358de6a-ca12-4119-83d2-f021c52fd76d", "uuid": "3358de6a-ca12-4119-83d2-f021c52fd76d", "brand": "Nike", "colorway": "White/Black", "condition": "New", "description": "The Nike Dunk Low Reverse Panda features the Nike Swoosh logo in black on the tongue and also on the heel padding behind the ankle.\n<br>\n<br>\nThe Nike Dunk Low Reverse Panda\u00a0has a clean white color throughout, including the sole, with contrasting touches of black. The shoe also features a lace-up closure style with black laces. The Nike Swoosh is found on both sides, also in black, and these meet behind the ankle and below the white heel padding.\n<br>\n<br>\nThe Nike Dunk Low Reverse Panda first debuted in Asia in June, 2022, and then in the UK and Europe in July of 2022 at a retail price of $100.", "media": {"smallImageUrl": "https://images.stockx.com/images/Nike-Dunk-Low-Reverse-Panda-Product.jpg?fit=fill&bg=FFFFFF&w=300&h=214&fm=webp&auto=compress&trim=color&q=90&dpr=2&updated_at=1657781952", "thumbUrl": "https://images.stockx.com/images/Nike-Dunk-Low-Reverse-Panda-Product.jpg?fit=fill&bg=FFFFFF&w=140&h=100&fm=webp&auto=compress&trim=color&q=90&dpr=2&updated_at=1657781952"}, "productCategory": "sneakers", "releaseDate": "", "retailPrice": 100, "shoe": "Nike Dunk Low", "title": "Nike Dunk Low Reverse Panda", "urlKey": "nike-dunk-low-reverse-panda", "market": {"lowestAsk": 119, "salesThisPeriod": 120, "salesLastPeriod": 0, "highestBid": 162, "volatility": 0.092091, "deadstockSold": 5344, "pricePremium": 0.2, "averageDeadstockPrice": 140, "lastSale": 120, "changeValue": -21, "changePercentage": -0.149141, "lastLowestAskTime": 1663765115, "lastHighestBidTime": 1663101630, "lastSaleDate": "2022-09-21T12:58:43+00:00"}, "objectID": "3358de6a-ca12-4119-83d2-f021c52fd76d"}, {"id": "0436fd7d-2f1a-481a-8b88-b7d33912b525", "uuid": "0436fd7d-2f1a-481a-8b88-b7d33912b525", "brand": "Nike", "colorway": "Orange/White/Black", "condition": "New", "description": "", "media": {"smallImageUrl": "https://images.stockx.com/images/Nike-Dunk-Low-Patent-Haloween-W.jpg?fit=fill&bg=FFFFFF&w=300&h=214&fm=webp&auto=compress&trim=color&q=90&dpr=2&updated_at=1658863536", "thumbUrl": "https://images.stockx.com/images/Nike-Dunk-Low-Patent-Haloween-W.jpg?fit=fill&bg=FFFFFF&w=140&h=100&fm=webp&auto=compress&trim=color&q=90&dpr=2&updated_at=1658863536"}, "productCategory": "sneakers", "releaseDate": "", "retailPrice": 120, "shoe": "Nike Dunk Low", "title": "Nike Dunk Low Patent Halloween (W)", "urlKey": "nike-dunk-low-patent-halloween-w", "market": {"lowestAsk": 125, "salesThisPeriod": 120, "salesLastPeriod": 0, "highestBid": 206, "volatility": 0.091532, "deadstockSold": 1232, "pricePremium": 0.463, "averageDeadstockPrice": 142, "lastSale": 161, "changeValue": -15, "changePercentage": -0.085808, "lastLowestAskTime": 1663769934, "lastHighestBidTime": 1663702682, "lastSaleDate": "2022-09-21T17:52:20+00:00"}, "objectID": "0436fd7d-2f1a-481a-8b88-b7d33912b525"}, {"id": "63270715-ad06-4480-a6a2-890bc421c04c", "uuid": "63270715-ad06-4480-a6a2-890bc421c04c", "brand": "Nike", "colorway": "White/Black-White", "condition": "New", "description": "A toddler\u2019s shoe (TD), the Nike Dunk Low Retro White Black TD comes in a classic colorway. Crafted from soft leather, the Nike Dunk Low Retro White Black (TD) upper is made from a white base overlaid by contrasting black throughout. The black extends to the iconic Swoosh branding and the lightly padded nylon tongue. The tooling continues the two-toned design to include a white midsole and a black rubber outsole that draws directly from the Air Jordan 1.\n<br>\n<br>\nThe Nike Dunk Low Retro White Black (TD) was released in March 2021 at a retail price of $50.", "media": {"smallImageUrl": "https://images.stockx.com/images/Nike-Dunk-Low-Retro-White-Black-TD-Product.jpg?fit=fill&bg=FFFFFF&w=300&h=214&fm=webp&auto=compress&trim=color&q=90&dpr=2&updated_at=1630350060", "thumbUrl": "https://images.stockx.com/images/Nike-Dunk-Low-Retro-White-Black-TD-Product.jpg?fit=fill&bg=FFFFFF&w=140&h=100&fm=webp&auto=compress&trim=color&q=90&dpr=2&updated_at=1630350060"}, "productCategory": "sneakers", "releaseDate": "2021-03-10", "retailPrice": 50, "shoe": "Nike Dunk Low Retro", "title": "Nike Dunk Low Retro White Black Panda (2021) (TD)", "urlKey": "nike-dunk-low-retro-white-black-td", "market": {"lowestAsk": 63, "salesThisPeriod": 118, "salesLastPeriod": 0, "highestBid": 65, "volatility": 0.057376, "deadstockSold": 11445, "pricePremium": 0.32, "averageDeadstockPrice": 74, "lastSale": 66, "changeValue": -3, "changePercentage": -0.043478, "lastLowestAskTime": 1663803566, "lastHighestBidTime": 1663638714, "lastSaleDate": "2022-09-21T23:17:54+00:00"}, "objectID": "63270715-ad06-4480-a6a2-890bc421c04c"}, {"id": "60980862-8a0f-4b4a-bab0-6c062f8ac25c", "uuid": "60980862-8a0f-4b4a-bab0-6c062f8ac25c", "brand": "Nike", "colorway": "Phantom/Gold Suede-White-Volt", "condition": "New", "description": "The Nike Dunk Low Next Nature Light Curry (Women) is a variant of the Nike\u2019s Dunk Low series.\n<br>\n<br>\nThe upper of Nike Dunk Low Next Nature Light Curry is made from recycled polyester, white in color, with brownish orange overlays on the ankle collar and the tongue. The pull tap and the laces are black. These rest on an all-white rubber midsole. The outsole of Nike Dunk Low Next Nature Light Curry is all-brownish orange except at the toe front and heel, which are black.\n<br>\n<br>\nThe Nike Dunk Low Next Nature Light Curry was first released on March 29, 2022, at a price of $110.", "media": {"smallImageUrl": "https://images.stockx.com/images/Nike-Dunk-Low-Next-Nature-Light-Curry-W.jpg?fit=fill&bg=FFFFFF&w=300&h=214&fm=webp&auto=compress&trim=color&q=90&dpr=2&updated_at=1655833636", "thumbUrl": "https://images.stockx.com/images/Nike-Dunk-Low-Next-Nature-Light-Curry-W.jpg?fit=fill&bg=FFFFFF&w=140&h=100&fm=webp&auto=compress&trim=color&q=90&dpr=2&updated_at=1655833636"}, "productCategory": "sneakers", "releaseDate": "2022-09-16", "retailPrice": 115, "shoe": "Nike Dunk Low", "title": "Nike Dunk Low Next Nature Phantom (W)", "urlKey": "nike-dunk-low-next-nature-light-curry-w", "market": {"lowestAsk": 120, "salesThisPeriod": 118, "salesLastPeriod": 0, "highestBid": 175, "volatility": 0.097208, "deadstockSold": 2332, "pricePremium": 0.104, "averageDeadstockPrice": 128, "lastSale": 127, "changeValue": -29, "changePercentage": -0.185897, "lastLowestAskTime": 1663724702, "lastHighestBidTime": 1663796272, "lastSaleDate": "2022-09-21T20:42:41+00:00"}, "objectID": "60980862-8a0f-4b4a-bab0-6c062f8ac25c"}, {"id": "94505eac-9a01-4e86-bbad-b77179a7a747", "uuid": "94505eac-9a01-4e86-bbad-b77179a7a747", "brand": "Nike", "colorway": "White/Venice", "condition": "New", "description": "The women's Nike Dunk Low Venice (W) features a smooth white leather upper with light violet overlays and Swooshes. From there, matching woven tongue labels and soles complete the design.\n<br>\n<br>\nThe women's Nike Dunk Low Venice (W) released in February of 2022 and retailed for $100.", "media": {"smallImageUrl": "https://images.stockx.com/images/Nike-Dunk-Low-Light-Violet-W-Product.jpg?fit=fill&bg=FFFFFF&w=300&h=214&fm=webp&auto=compress&trim=color&q=90&dpr=2&updated_at=1644492693", "thumbUrl": "https://images.stockx.com/images/Nike-Dunk-Low-Light-Violet-W-Product.jpg?fit=fill&bg=FFFFFF&w=140&h=100&fm=webp&auto=compress&trim=color&q=90&dpr=2&updated_at=1644492693"}, "productCategory": "sneakers", "releaseDate": "2022-02-02", "retailPrice": 100, "shoe": "Nike Dunk Low", "title": "Nike Dunk Low Venice (W)", "urlKey": "nike-dunk-low-light-violet-w", "market": {"lowestAsk": 169, "salesThisPeriod": 117, "salesLastPeriod": 0, "highestBid": 215, "volatility": 0.067906, "deadstockSold": 14298, "pricePremium": 1.106, "averageDeadstockPrice": 194, "lastSale": 211, "changeValue": 33, "changePercentage": 0.182908, "lastLowestAskTime": 1663793677, "lastHighestBidTime": 1663591785, "lastSaleDate": "2022-09-21T20:49:43+00:00"}, "objectID": "94505eac-9a01-4e86-bbad-b77179a7a747"}, {"id": "84455121-643d-4fbd-9443-5e1cfe8fabe6", "uuid": "84455121-643d-4fbd-9443-5e1cfe8fabe6", "brand": "Nike", "colorway": "Black/White-White", "condition": "New", "description": "", "media": {"smallImageUrl": "https://images.stockx.com/images/Nike-Dunk-Low-Retro-Reverse-Panda.jpg?fit=fill&bg=FFFFFF&w=300&h=214&fm=webp&auto=compress&trim=color&q=90&dpr=2&updated_at=1660682141", "thumbUrl": "https://images.stockx.com/images/Nike-Dunk-Low-Retro-Reverse-Panda.jpg?fit=fill&bg=FFFFFF&w=140&h=100&fm=webp&auto=compress&trim=color&q=90&dpr=2&updated_at=1660682141"}, "productCategory": "sneakers", "releaseDate": "", "retailPrice": 110, "shoe": "Nike Dunk Low Retro", "title": "Nike Dunk Low Retro Reverse Panda", "urlKey": "nike-dunk-low-retro-reverse-panda", "market": {"lowestAsk": 177, "salesThisPeriod": 117, "salesLastPeriod": 0, "highestBid": 355, "volatility": 0.136412, "deadstockSold": 689, "pricePremium": 1.082, "averageDeadstockPrice": 236, "lastSale": 229, "changeValue": 35, "changePercentage": 0.174635, "lastLowestAskTime": 1663700458, "lastHighestBidTime": 1663800683, "lastSaleDate": "2022-09-21T22:45:25+00:00"}, "objectID": "84455121-643d-4fbd-9443-5e1cfe8fabe6"}, {"id": "683cbf5b-33e8-4aba-ae14-6c55eb9c6389", "uuid": "683cbf5b-33e8-4aba-ae14-6c55eb9c6389", "brand": "Nike", "colorway": "Sail/Black/Chile Red/Black", "condition": "New", "description": "In celebration of the 75th Anniversary of the NBA, Nike teamed up with the NBA to release a Chicago Bulls-themed Nike Dunk Low.\n<br>\n<br>\nThe Nike Dunk Low EMB 75th Anniversary Chicago features a Sail leather upper with a red toe wrap and black overlays. From there, a commemorative NBA logo woven tongue tags and matching sole completes the design.\n<br>\n<br>\nThe Nike Dunk Low EMB 75th Anniversary Chicago released in October of 2021 and retailed for $110.", "media": {"smallImageUrl": "https://images.stockx.com/images/Nike-Dunk-Low-EMB-NBA-75th-Anniversary-Product.jpg?fit=fill&bg=FFFFFF&w=300&h=214&fm=webp&auto=compress&trim=color&q=90&dpr=2&updated_at=1635520438", "thumbUrl": "https://images.stockx.com/images/Nike-Dunk-Low-EMB-NBA-75th-Anniversary-Product.jpg?fit=fill&bg=FFFFFF&w=140&h=100&fm=webp&auto=compress&trim=color&q=90&dpr=2&updated_at=1635520438"}, "productCategory": "sneakers", "releaseDate": "2021-10-23", "retailPrice": 110, "shoe": "Nike Dunk Low EMB", "title": "Nike Dunk Low EMB NBA 75th Anniversary Chicago", "urlKey": "nike-dunk-low-emb-nba-75th-anniversary", "market": {"lowestAsk": 130, "salesThisPeriod": 108, "salesLastPeriod": 0, "highestBid": 200, "volatility": 0.121233, "deadstockSold": 27700, "pricePremium": 0.245, "averageDeadstockPrice": 193, "lastSale": 137, "changeValue": 11, "changePercentage": 0.081968, "lastLowestAskTime": 1663625674, "lastHighestBidTime": 1663517205, "lastSaleDate": "2022-09-21T10:17:14+00:00"}, "objectID": "683cbf5b-33e8-4aba-ae14-6c55eb9c6389"}, {"id": "b4482a7c-581c-4f2d-9320-ef436eea3a37", "uuid": "b4482a7c-581c-4f2d-9320-ef436eea3a37", "brand": "Nike", "colorway": "Arctic Orange/Sanded Gold-Vivid Green", "condition": "New", "description": "The Nike Dunk Low Next Nature Arctic Orange features a unique, tonal construction of warm woven fabrics and light green tumbled leather overlays. At the heel, a \"Nike Sun Club\" embroidery adds to the shoes warm-weather theme. A white and speckled light green Air sole adds the finishing touch.\n<br>\n<br>\nThe Nike Dunk Low Next Nature Arctic Orange released in May of 2022 and retailed for $110.", "media": {"smallImageUrl": "https://images.stockx.com/images/Nike-Dunk-Low-Sun-Club-Product.jpg?fit=fill&bg=FFFFFF&w=300&h=214&fm=webp&auto=compress&trim=color&q=90&dpr=2&updated_at=1656520314", "thumbUrl": "https://images.stockx.com/images/Nike-Dunk-Low-Sun-Club-Product.jpg?fit=fill&bg=FFFFFF&w=140&h=100&fm=webp&auto=compress&trim=color&q=90&dpr=2&updated_at=1656520314"}, "productCategory": "sneakers", "releaseDate": "2022-05-20", "retailPrice": 110, "shoe": "Nike Dunk Low", "title": "Nike Dunk Low Next Nature Sun Club Arctic Orange", "urlKey": "nike-dunk-low-sun-club", "market": {"lowestAsk": 93, "salesThisPeriod": 107, "salesLastPeriod": 0, "highestBid": 165, "volatility": 0.098015, "deadstockSold": 5201, "pricePremium": -0.018, "averageDeadstockPrice": 133, "lastSale": 108, "changeValue": 14, "changePercentage": 0.148936, "lastLowestAskTime": 1663800282, "lastHighestBidTime": 1660872113, "lastSaleDate": "2022-09-21T22:20:06+00:00"}, "objectID": "b4482a7c-581c-4f2d-9320-ef436eea3a37"}, {"id": "3aedaa29-89a7-4bcf-ae1e-392074bc120d", "uuid": "3aedaa29-89a7-4bcf-ae1e-392074bc120d", "brand": "Nike", "colorway": "White/Metallic Gold-University Red", "condition": "New", "description": "", "media": {"smallImageUrl": "https://images.stockx.com/images/Nike-SB-Dunk-High-Pro-froSkate-All-Love-Product.jpg?fit=fill&bg=FFFFFF&w=300&h=214&fm=webp&auto=compress&trim=color&q=90&dpr=2&updated_at=1661955306", "thumbUrl": "https://images.stockx.com/images/Nike-SB-Dunk-High-Pro-froSkate-All-Love-Product.jpg?fit=fill&bg=FFFFFF&w=140&h=100&fm=webp&auto=compress&trim=color&q=90&dpr=2&updated_at=1661955306"}, "productCategory": "sneakers", "releaseDate": "2022-08-30", "retailPrice": 130, "shoe": "Nike SB Dunk High Pro", "title": "Nike SB Dunk High Pro froSkate All Love", "urlKey": "nike-sb-dunk-high-pro-froskate-all-love", "market": {"lowestAsk": 149, "salesThisPeriod": 107, "salesLastPeriod": 0, "highestBid": 226, "volatility": 0.039832, "deadstockSold": 4142, "pricePremium": 0.208, "averageDeadstockPrice": 186, "lastSale": 157, "changeValue": 1, "changePercentage": 0.000477, "lastLowestAskTime": 1663768700, "lastHighestBidTime": 1663144264, "lastSaleDate": "2022-09-21T20:41:40+00:00"}, "objectID": "3aedaa29-89a7-4bcf-ae1e-392074bc120d"}, {"id": "c6afc4fc-a39f-4618-8e53-16440e62c9b3", "uuid": "c6afc4fc-a39f-4618-8e53-16440e62c9b3", "brand": "Nike", "colorway": "Chlorophyll/White-Vivid Green", "condition": "New", "description": "The Nike Dunk Low Chlorophyll features a light green smooth leather upper with darker green overlays and white Swooshes. Woven tongue labels and Nike embroideries on the heel tabs add a retro look. At the base, a white and green foam sole completes the design.\n<br>\n<br>\nThe Nike Dunk Low Chlorophyll released in 2022 and retailed for $100.", "media": {"smallImageUrl": "https://images.stockx.com/images/Nike-Dunk-Low-Chlorophyll-Product.jpg?fit=fill&bg=FFFFFF&w=300&h=214&fm=webp&auto=compress&trim=color&q=90&dpr=2&updated_at=1653041272", "thumbUrl": "https://images.stockx.com/images/Nike-Dunk-Low-Chlorophyll-Product.jpg?fit=fill&bg=FFFFFF&w=140&h=100&fm=webp&auto=compress&trim=color&q=90&dpr=2&updated_at=1653041272"}, "productCategory": "sneakers", "releaseDate": "", "retailPrice": 100, "shoe": "Nike Dunk Low", "title": "Nike Dunk Low Chlorophyll", "urlKey": "nike-dunk-low-chlorophyll", "market": {"lowestAsk": 131, "salesThisPeriod": 104, "salesLastPeriod": 0, "highestBid": 290, "volatility": 0.138748, "deadstockSold": 14230, "pricePremium": 0.35, "averageDeadstockPrice": 143, "lastSale": 135, "changeValue": -24, "changePercentage": -0.150943, "lastLowestAskTime": 1663700902, "lastHighestBidTime": 1661995101, "lastSaleDate": "2022-09-21T17:53:18+00:00"}, "objectID": "c6afc4fc-a39f-4618-8e53-16440e62c9b3"}, {"id": "fd3959c2-23b3-44ba-bbe8-c6618b480a71", "uuid": "fd3959c2-23b3-44ba-bbe8-c6618b480a71", "brand": "Nike", "colorway": "Sail/Neutral Grey-Black", "condition": "New", "description": "The Nike Dunk Low Certified Fresh is categorized under sporting sneakers in Nike\u2019s broader range of shoes. A mixture of suede and canvas makes up the upper part of this sneaker.\n<br>\n<br>\nThe Nike Dunk Low Certified Fresh features a set of white laces. These laces run from the sneaker\u2019s white mesh tongue towards the Nike tongue tag. The Nike tag on this sneaker comprises of two colors; orange and black colors.\n<br>\n<br>\nNike Dunk Low Certified Fresh features a white midsole and its outsole is made of grey rubber. This sneaker is expected to debut in the market in the Fall season of 2022 at a retail price of $120.", "media": {"smallImageUrl": "https://images.stockx.com/images/Nike-Dunk-Low-Certified-Fresh-Product.jpg?fit=fill&bg=FFFFFF&w=300&h=214&fm=webp&auto=compress&trim=color&q=90&dpr=2&updated_at=1659075235", "thumbUrl": "https://images.stockx.com/images/Nike-Dunk-Low-Certified-Fresh-Product.jpg?fit=fill&bg=FFFFFF&w=140&h=100&fm=webp&auto=compress&trim=color&q=90&dpr=2&updated_at=1659075235"}, "productCategory": "sneakers", "releaseDate": "", "retailPrice": 120, "shoe": "Nike Dunk Low", "title": "Nike Dunk Low Certified Fresh", "urlKey": "nike-dunk-low-certified-fresh", "market": {"lowestAsk": 125, "salesThisPeriod": 102, "salesLastPeriod": 0, "highestBid": 141, "volatility": 0.133414, "deadstockSold": 2279, "pricePremium": 0.033, "averageDeadstockPrice": 151, "lastSale": 124, "changeValue": -8, "changePercentage": -0.060606, "lastLowestAskTime": 1663757449, "lastHighestBidTime": 1663771952, "lastSaleDate": "2022-09-21T23:15:02+00:00"}, "objectID": "fd3959c2-23b3-44ba-bbe8-c6618b480a71"}, {"id": "0e805c34-c2fb-4a9a-9a2f-16d89a7ac161", "uuid": "0e805c34-c2fb-4a9a-9a2f-16d89a7ac161", "brand": "Nike", "colorway": "White/Court Purple", "condition": "New", "description": "The Nike Dunk Low Championship Purple features a white leather upper with Championship Purple overlays and Swooshes. Nike embroidery at the heel pays tribute to the original 1985 design. At the base, a white and purple sole adds the finishing touch.\n<br>\n<br>\nThe Nike Dunk Low Championship Purple releases in May of 2022 and retails for $100.", "media": {"smallImageUrl": "https://images.stockx.com/images/Nike-Dunk-Low-Court-Purple-Product.jpg?fit=fill&bg=FFFFFF&w=300&h=214&fm=webp&auto=compress&trim=color&q=90&dpr=2&updated_at=1648131848", "thumbUrl": "https://images.stockx.com/images/Nike-Dunk-Low-Court-Purple-Product.jpg?fit=fill&bg=FFFFFF&w=140&h=100&fm=webp&auto=compress&trim=color&q=90&dpr=2&updated_at=1648131848"}, "productCategory": "sneakers", "releaseDate": "2022-05-05", "retailPrice": 100, "shoe": "Nike Dunk Low", "title": "Nike Dunk Low Championship Court Purple", "urlKey": "nike-dunk-low-championship-court-purple", "market": {"lowestAsk": 164, "salesThisPeriod": 98, "salesLastPeriod": 0, "highestBid": 256, "volatility": 0.105732, "deadstockSold": 16792, "pricePremium": 0.83, "averageDeadstockPrice": 204, "lastSale": 183, "changeValue": 17, "changePercentage": 0.10241, "lastLowestAskTime": 1663804467, "lastHighestBidTime": 1663763438, "lastSaleDate": "2022-09-21T23:49:53+00:00"}, "objectID": "0e805c34-c2fb-4a9a-9a2f-16d89a7ac161"}, {"id": "0a2fcf61-b503-42bb-8c78-df6308b03e9c", "uuid": "0a2fcf61-b503-42bb-8c78-df6308b03e9c", "brand": "Nike", "colorway": "Black/Off Noir/White", "condition": "New", "description": "The Nike Dunk Low Black features a black tumbled leather upper with smooth leather overlays and white Swooshes. From there, matching woven tongue labels and EVA foam soles complete the design.\n<br>\n<br>\nThe Nike Dunk Low Black released in May of 2022 and retailed for $100.", "media": {"smallImageUrl": "https://images.stockx.com/images/Nike-Dunk-Low-Black-White-2022-Product.jpg?fit=fill&bg=FFFFFF&w=300&h=214&fm=webp&auto=compress&trim=color&q=90&dpr=2&updated_at=1654800213", "thumbUrl": "https://images.stockx.com/images/Nike-Dunk-Low-Black-White-2022-Product.jpg?fit=fill&bg=FFFFFF&w=140&h=100&fm=webp&auto=compress&trim=color&q=90&dpr=2&updated_at=1654800213"}, "productCategory": "sneakers", "releaseDate": "2022-05-01", "retailPrice": 100, "shoe": "Nike Dunk Low", "title": "Nike Dunk Low Black White (2022)", "urlKey": "nike-dunk-low-black-white-2022", "market": {"lowestAsk": 101, "salesThisPeriod": 92, "salesLastPeriod": 0, "highestBid": 130, "volatility": 0.073167, "deadstockSold": 6652, "pricePremium": 0.38, "averageDeadstockPrice": 129, "lastSale": 138, "changeValue": 0, "changePercentage": 0, "lastLowestAskTime": 1663773753, "lastHighestBidTime": 1663706966, "lastSaleDate": "2022-09-21T20:08:29+00:00"}, "objectID": "0a2fcf61-b503-42bb-8c78-df6308b03e9c"}, {"id": "4691c6cc-a41b-45dd-b998-a146300b85f7", "uuid": "4691c6cc-a41b-45dd-b998-a146300b85f7", "brand": "Nike", "colorway": "Pink Foam/White/Black", "condition": "New", "description": "", "media": {"smallImageUrl": "https://images.stockx.com/images/Nike-Dunk-Low-Pink-Foam-Black-W.jpg?fit=fill&bg=FFFFFF&w=300&h=214&fm=webp&auto=compress&trim=color&q=90&dpr=2&updated_at=1661934226", "thumbUrl": "https://images.stockx.com/images/Nike-Dunk-Low-Pink-Foam-Black-W.jpg?fit=fill&bg=FFFFFF&w=140&h=100&fm=webp&auto=compress&trim=color&q=90&dpr=2&updated_at=1661934226"}, "productCategory": "sneakers", "releaseDate": "", "retailPrice": 120, "shoe": "Nike Dunk Low", "title": "Nike Dunk Low Pink Foam Black (W)", "urlKey": "nike-dunk-low-pink-foam-black-w", "market": {"lowestAsk": 139, "salesThisPeriod": 91, "salesLastPeriod": 0, "highestBid": 200, "volatility": 0.051913, "deadstockSold": 572, "pricePremium": 0.283, "averageDeadstockPrice": 164, "lastSale": 154, "changeValue": 1, "changePercentage": 0.006536, "lastLowestAskTime": 1663512704, "lastHighestBidTime": 1663423477, "lastSaleDate": "2022-09-21T04:00:02+00:00"}, "objectID": "4691c6cc-a41b-45dd-b998-a146300b85f7"}, {"id": "27b7573d-f0fb-4c84-898c-2992d5215401", "uuid": "27b7573d-f0fb-4c84-898c-2992d5215401", "brand": "Nike", "colorway": "Sail/Dark Marina Blue/University Red/Dark Marina Blue", "condition": "New", "description": "", "media": {"smallImageUrl": "https://images.stockx.com/images/Nike-Dunk-Low-SE-Sail-Dark-Marina-Blue.jpg?fit=fill&bg=FFFFFF&w=300&h=214&fm=webp&auto=compress&trim=color&q=90&dpr=2&updated_at=1661758888", "thumbUrl": "https://images.stockx.com/images/Nike-Dunk-Low-SE-Sail-Dark-Marina-Blue.jpg?fit=fill&bg=FFFFFF&w=140&h=100&fm=webp&auto=compress&trim=color&q=90&dpr=2&updated_at=1661758888"}, "productCategory": "sneakers", "releaseDate": "2022-09-01", "retailPrice": 110, "shoe": "Nike Dunk Low SE", "title": "Nike Dunk Low SE Sail Dark Marina Blue", "urlKey": "nike-dunk-low-se-sail-dark-marina-blue", "market": {"lowestAsk": 140, "salesThisPeriod": 89, "salesLastPeriod": 0, "highestBid": 166, "volatility": 0.21849, "deadstockSold": 477, "pricePremium": 0.158, "averageDeadstockPrice": 154, "lastSale": 127, "changeValue": -7, "changePercentage": -0.056353, "lastLowestAskTime": 1663773763, "lastHighestBidTime": 1663358790, "lastSaleDate": "2022-09-21T15:14:39+00:00"}, "objectID": "27b7573d-f0fb-4c84-898c-2992d5215401"}, {"id": "0abe39e6-b9c8-4b21-b00e-f43fa7f67934", "uuid": "0abe39e6-b9c8-4b21-b00e-f43fa7f67934", "brand": "Nike", "colorway": "Flash/White-Argon Blue-Flash", "condition": "New", "description": "", "media": {"smallImageUrl": "https://images.stockx.com/images/Nike-Dunk-Low-Retro-QS-Flash-White-Argon-Blue-Flash-Product.jpg?fit=fill&bg=FFFFFF&w=300&h=214&fm=webp&auto=compress&trim=color&q=90&dpr=2&updated_at=1658842672", "thumbUrl": "https://images.stockx.com/images/Nike-Dunk-Low-Retro-QS-Flash-White-Argon-Blue-Flash-Product.jpg?fit=fill&bg=FFFFFF&w=140&h=100&fm=webp&auto=compress&trim=color&q=90&dpr=2&updated_at=1658842672"}, "productCategory": "sneakers", "releaseDate": "2022-09-23", "retailPrice": 130, "shoe": "Nike Dunk Low Retro QS", "title": "Nike Dunk Low Retro QS Argon (2022)", "urlKey": "nike-dunk-low-retro-qs-flash-white-argon-blue-flash", "market": {"lowestAsk": 149, "salesThisPeriod": 87, "salesLastPeriod": 0, "highestBid": 165, "volatility": 0.023481, "deadstockSold": 725, "pricePremium": 0.185, "averageDeadstockPrice": 190, "lastSale": 154, "changeValue": -2, "changePercentage": -0.012821, "lastLowestAskTime": 1663787619, "lastHighestBidTime": 1663774127, "lastSaleDate": "2022-09-21T21:26:37+00:00"}, "objectID": "0abe39e6-b9c8-4b21-b00e-f43fa7f67934"}, {"id": "6a70f753-1871-4dfb-b211-47405b7ef853", "uuid": "6a70f753-1871-4dfb-b211-47405b7ef853", "brand": "Nike", "colorway": "Team Red/Team Red-White", "condition": "New", "description": "Constructed of  white and Team Red smooth leather, the Nike Dunk Low Team Red is an ode to the original look of the 1985 Nike Dunk Low. Nike embroideries on the heel tab and a woven tongue label arrive in a classic fashion. From there, a white and Team Red sole completes the design.\n<br>\n<br>\nThe Nike Dunk Low Team Red released in May of 2022 and retailed for $100.", "media": {"smallImageUrl": "https://images.stockx.com/images/Nike-Dunk-Low-Team-Red-Product.jpg?fit=fill&bg=FFFFFF&w=300&h=214&fm=webp&auto=compress&trim=color&q=90&dpr=2&updated_at=1648821059", "thumbUrl": "https://images.stockx.com/images/Nike-Dunk-Low-Team-Red-Product.jpg?fit=fill&bg=FFFFFF&w=140&h=100&fm=webp&auto=compress&trim=color&q=90&dpr=2&updated_at=1648821059"}, "productCategory": "sneakers", "releaseDate": "2022-05-12", "retailPrice": 100, "shoe": "Nike Dunk Low", "title": "Nike Dunk Low Team Red (2022)", "urlKey": "nike-dunk-low-team-red", "market": {"lowestAsk": 151, "salesThisPeriod": 85, "salesLastPeriod": 0, "highestBid": 200, "volatility": 0.119775, "deadstockSold": 12638, "pricePremium": 0.32, "averageDeadstockPrice": 179, "lastSale": 132, "changeValue": -44, "changePercentage": -0.25, "lastLowestAskTime": 1663803536, "lastHighestBidTime": 1661001115, "lastSaleDate": "2022-09-21T23:38:26+00:00"}, "objectID": "6a70f753-1871-4dfb-b211-47405b7ef853"}]}