{"Pagination": {"query": "nike dunk", "queryID": "13817d2863067de97de1503fde44b1ea", "index": "PRODUCTION_PG_FEATURED_DESC", "limit": 40, "page": 11, "total": 1994, "lastPage": "/api/v3/browse?_search=nike%20dunk&dataType=product&facetsToRetrieve=%7B%7D&filterVersion=4&page=25&propsToRetrieve=brand%2CchildId%2Ccolorway%2Ccondition%2Cdescription%2Cid%2Cmarket.averageDeadstockPrice%2Cmarket.bidAskData%2Cmarket.changePercentage%2Cmarket.changeValue%2Cmarket.deadstockSold%2Cmarket.highestBid%2Cmarket.lastHighestBidTime%2Cmarket.lastLowestAskTime%2Cmarket.lastSale%2Cmarket.lastSaleDate%2Cmarket.lastSaleValue%2Cmarket.lowestAsk%2Cmarket.pricePremium%2Cmarket.salesInformation%2Cmarket.salesLastPeriod%2Cmarket.salesThisPeriod%2Cmarket.volatility%2Cmedia.smallImageUrl%2Cmedia.thumbUrl%2CproductCategory%2CreleaseDate%2CretailPrice%2Cshoe%2Ctitle%2CurlKey%2Cuuid", "sort": ["featured"], "order": ["DESC"], "currentPage": "/api/v3/browse?_search=nike%20dunk&dataType=product&facetsToRetrieve=%7B%7D&filterVersion=4&page=11&propsToRetrieve=brand%2CchildId%2Ccolorway%2Ccondition%2Cdescription%2Cid%2Cmarket.averageDeadstockPrice%2Cmarket.bidAskData%2Cmarket.changePercentage%2Cmarket.changeValue%2Cmarket.deadstockSold%2Cmarket.highestBid%2Cmarket.lastHighestBidTime%2Cmarket.lastLowestAskTime%2Cmarket.lastSale%2Cmarket.lastSaleDate%2Cmarket.lastSaleValue%2Cmarket.lowestAsk%2Cmarket.pricePremium%2Cmarket.salesInformation%2Cmarket.salesLastPeriod%2Cmarket.salesThisPeriod%2Cmarket.volatility%2Cmedia.smallImageUrl%2Cmedia.thumbUrl%2CproductCategory%2CreleaseDate%2CretailPrice%2Cshoe%2Ctitle%2CurlKey%2Cuuid", "nextPage": "/api/v3/browse?_search=nike%20dunk&dataType=product&facetsToRetrieve=%7B%7D&filterVersion=4&page=12&propsToRetrieve=brand%2CchildId%2Ccolorway%2Ccondition%2Cdescription%2Cid%2Cmarket.averageDeadstockPrice%2Cmarket.bidAskData%2Cmarket.changePercentage%2Cmarket.changeValue%2Cmarket.deadstockSold%2Cmarket.highestBid%2Cmarket.lastHighestBidTime%2Cmarket.lastLowestAskTime%2Cmarket.lastSale%2Cmarket.lastSaleDate%2Cmarket.lastSaleValue%2Cmarket.lowestAsk%2Cmarket.pricePremium%2Cmarket.salesInformation%2Cmarket.salesLastPeriod%2Cmarket.salesThisPeriod%2Cmarket.volatility%2Cmedia.smallImageUrl%2Cmedia.thumbUrl%2CproductCategory%2CreleaseDate%2CretailPrice%2Cshoe%2Ctitle%2CurlKey%2Cuuid", "previousPage": "/api/v3/browse?_search=nike%20dunk&dataType=product&facetsToRetrieve=%7B%7D&filterVersion=4&page=10&propsToRetrieve=brand%2CchildId%2Ccolorway%2Ccondition%2Cdescription%2Cid%2Cmarket.averageDeadstockPrice%2Cmarket.bidAskData%2Cmarket.changePercentage%2Cmarket.changeValue%2Cmarket.deadstockSold%2Cmarket.highestBid%2Cmarket.lastHighestBidTime%2Cmarket.lastLowestAskTime%2Cmarket.lastSale%2Cmarket.lastSaleDate%2Cmarket.lastSaleValue%2Cmarket.lowestAsk%2Cmarket.pricePremium%2Cmarket.salesInformation%2Cmarket.salesLastPeriod%2Cmarket.salesThisPeriod%2Cmarket.volatility%2Cmedia.smallImageUrl%2Cmedia.thumbUrl%2CproductCategory%2CreleaseDate%2CretailPrice%2Cshoe%2Ctitle%2CurlKey%2Cuuid"}, "Facets": {}, "Products": [{"id": "8d7bd8de-4132-4578-b29b-55526824177f", "uuid": "8d7bd8de-4132-4578-b29b-55526824177f", "brand": "Nike", "childId": null, "colorway": "Black/Black-Orange Flash", "condition": "New", "description": "The Nike SB Dunk Low Raygun Tie-Dye Black features a black leather upper with the whole silhouette dressed in mostly deep black tones. From there, a black Nike \"Swoosh\" contrasts nicely with the bright tie-dyes and an embroidered green alien graphic near the heel complete the design.\n<br>\n<br>\nThe Nike SB Dunk Low Raygun Tie-Dye Black released in December of 2019 and retailed for $100.", "media": {"smallImageUrl": "https://images.stockx.com/images/Nike-SB-Dunk-Low-Raygun-Tie-Dye.jpg?fit=fill&bg=FFFFFF&w=300&h=214&fm=webp&auto=compress&trim=color&q=90&dpr=2&updated_at=1606319461", "thumbUrl": "https://images.stockx.com/images/Nike-SB-Dunk-Low-Raygun-Tie-Dye.jpg?fit=fill&bg=FFFFFF&w=140&h=100&fm=webp&auto=compress&trim=color&q=90&dpr=2&updated_at=1606319461"}, "productCategory": "sneakers", "releaseDate": "2019-12-28", "retailPrice": 100, "shoe": "Nike SB Dunk Low", "title": "Nike SB Dunk Low Raygun Tie-Dye Black", "urlKey": "nike-sb-dunk-low-raygun-tie-dye", "market": {"lowestAsk": 235, "salesThisPeriod": 4, "salesLastPeriod": 0, "highestBid": 375, "volatility": 0.139344, "deadstockSold": 529, "pricePremium": 1.8, "averageDeadstockPrice": 315, "lastSale": 280, "changeValue": 10, "changePercentage": 0.037037, "lastLowestAskTime": 1663760040, "lastHighestBidTime": 1662048232, "lastSaleDate": "2022-09-21T03:21:36+00:00"}, "objectID": "8d7bd8de-4132-4578-b29b-55526824177f"}, {"id": "7c0884b3-0e60-46f0-9488-a5692f6dc645", "uuid": "7c0884b3-0e60-46f0-9488-a5692f6dc645", "brand": "Nike", "childId": null, "colorway": "Blue/White-Gum", "condition": "New", "description": "The 2021 release from Nike SB and Baltimore skate shop, Carpet Company, added to the extensive SB Dunk catalog. Known for their 1-of-1 tees and customized skate decks, Carpet Company adds these same DIY characteristics to their first SB collaboration. \n<br>\n<br>\nThe Nike SB Dunk High Carpet Company provides wearers with the ability to rip up the sneaker to their liking with tearaway uppers. White tumbled leather is paired with a semi-translucent blue layer that pays homage to the art of screen printing, a common artistic practice that the shop uses for their unique shirts. Underneath the blue fabric is yellow leather with embroidered graphics, giving a whole new look and feel to the sneaker itself. Hidden messages also appear on the heel with quotes from the Egyptian brothers that own Carpet Company, the left heel stating \"Brought To You By The Habibis At Carpet Company\", while the right shows \"Nike\" in Arabic calligraphy.\n<br>\n<br>\nThe Nike SB Dunk High Carpet Company released in March of 2021 for $125. ", "media": {"smallImageUrl": "https://images.stockx.com/images/Nike-SB-Dunk-High-Carpet-Company-Product.jpg?fit=fill&bg=FFFFFF&w=300&h=214&fm=webp&auto=compress&trim=color&q=90&dpr=2&updated_at=1615578910", "thumbUrl": "https://images.stockx.com/images/Nike-SB-Dunk-High-Carpet-Company-Product.jpg?fit=fill&bg=FFFFFF&w=140&h=100&fm=webp&auto=compress&trim=color&q=90&dpr=2&updated_at=1615578910"}, "productCategory": "sneakers", "releaseDate": "2021-03-12", "retailPrice": 120, "shoe": "Nike SB Dunk High", "title": "Nike SB Dunk High Carpet Company", "urlKey": "nike-sb-dunk-high-carpet-company", "market": {"lowestAsk": 258, "salesThisPeriod": 4, "salesLastPeriod": 0, "highestBid": 350, "volatility": 0.079854, "deadstockSold": 701, "pricePremium": 1.708, "averageDeadstockPrice": 372, "lastSale": 325, "changeValue": 10, "changePercentage": 0.031746, "lastLowestAskTime": 1663557536, "lastHighestBidTime": 1663646934, "lastSaleDate": "2022-09-20T21:32:03+00:00"}, "objectID": "7c0884b3-0e60-46f0-9488-a5692f6dc645"}, {"id": "188a6dcd-9388-4a28-a5c5-a8f9c6235250", "uuid": "188a6dcd-9388-4a28-a5c5-a8f9c6235250", "brand": "Nike", "colorway": "Green Stone/Legion Green-Fir", "condition": "New", "description": "", "media": {"smallImageUrl": "https://images.stockx.com/images/Nike-SB-Dunk-Low-Concepts-Green-Lobster-1-1.jpg?fit=fill&bg=FFFFFF&w=300&h=214&fm=webp&auto=compress&trim=color&q=90&dpr=2&updated_at=1607054160", "thumbUrl": "https://images.stockx.com/images/Nike-SB-Dunk-Low-Concepts-Green-Lobster-1-1.jpg?fit=fill&bg=FFFFFF&w=140&h=100&fm=webp&auto=compress&trim=color&q=90&dpr=2&updated_at=1607054160"}, "productCategory": "sneakers", "releaseDate": "2018-12-14", "retailPrice": 100, "shoe": "Nike SB Dunk Low", "title": "Nike SB Dunk Low Concepts Green Lobster (Regular Box)", "urlKey": "nike-sb-dunk-low-concepts-green-lobster-regular-box", "market": {"lowestAsk": 1198, "salesThisPeriod": 0, "salesLastPeriod": 0, "highestBid": 1260, "volatility": 0.880829, "deadstockSold": 29, "pricePremium": 9.511, "averageDeadstockPrice": 1318, "lastSale": 1051, "changeValue": -728, "changePercentage": -0.409485, "lastLowestAskTime": 1662723200, "lastHighestBidTime": 1662736401, "lastSaleDate": "2022-09-10T11:28:56+00:00"}, "objectID": "188a6dcd-9388-4a28-a5c5-a8f9c6235250"}, {"id": "f7412d96-76a8-45d2-8d0b-e1f0a0c95718", "uuid": "f7412d96-76a8-45d2-8d0b-e1f0a0c95718", "brand": "Nike", "colorway": "Black/Iron Grey/White/Chrome", "condition": "New", "description": "Nike\u2019s Dunk Low NBA 75th Anniversary Spurs (Gradeschool) was designed and released by Nike as a tribute to the NBA.\n<br>\n<br>\nNike Dunk Low NBA 75th Anniversary Spurs (Gradeschool) was designed to incorporate the San Antonio Spurs' team colors of silver, black, and white. It features an upper made of textured black leather that complements the grained leather, while the Swoosh is silver. The sole on this comfortable, durable shoe is made of white and black rubber. Finally, the Nike logo appears on the back.\n<br>\n<br>\nNike Dunk Low NBA 75th Anniversary Spurs (Gradeschool) was released by Nike on October 19, 2021, retailing at $95.", "media": {"smallImageUrl": "https://images.stockx.com/images/Nike-Dunk-Low-NBA-75th-Anniversary-Spurs-GS-Product.jpg?fit=fill&bg=FFFFFF&w=300&h=214&fm=webp&auto=compress&trim=color&q=90&dpr=2&updated_at=1637338422", "thumbUrl": "https://images.stockx.com/images/Nike-Dunk-Low-NBA-75th-Anniversary-Spurs-GS-Product.jpg?fit=fill&bg=FFFFFF&w=140&h=100&fm=webp&auto=compress&trim=color&q=90&dpr=2&updated_at=1637338422"}, "productCategory": "sneakers", "releaseDate": "2021-10-19", "retailPrice": 95, "shoe": "Nike Dunk Low", "title": "Nike Dunk Low NBA 75th Anniversary Spurs (GS)", "urlKey": "nike-dunk-low-nba-75th-anniversary-spurs-gs", "market": {"lowestAsk": 79, "salesThisPeriod": 12, "salesLastPeriod": 0, "highestBid": 78, "volatility": 0.080649, "deadstockSold": 2352, "pricePremium": -0.159, "averageDeadstockPrice": 89, "lastSale": 80, "changeValue": -12, "changePercentage": -0.131364, "lastLowestAskTime": 1663797059, "lastHighestBidTime": 1663681927, "lastSaleDate": "2022-09-21T10:23:46+00:00"}, "objectID": "f7412d96-76a8-45d2-8d0b-e1f0a0c95718"}, {"id": "ad5eb922-beb9-4b3f-a0ec-f55fba6f5ebc", "uuid": "ad5eb922-beb9-4b3f-a0ec-f55fba6f5ebc", "brand": "Nike", "colorway": "Medium Grey/Varsity Red-White", "condition": "New", "description": "", "media": {"smallImageUrl": "https://images.stockx.com/images/Nike-Dunk-Low-Retro-Medium-Grey-Varsity-Red-UNLV-GS-Product.jpg?fit=fill&bg=FFFFFF&w=300&h=214&fm=webp&auto=compress&trim=color&q=90&dpr=2&updated_at=1613352268", "thumbUrl": "https://images.stockx.com/images/Nike-Dunk-Low-Retro-Medium-Grey-Varsity-Red-UNLV-GS-Product.jpg?fit=fill&bg=FFFFFF&w=140&h=100&fm=webp&auto=compress&trim=color&q=90&dpr=2&updated_at=1613352268"}, "productCategory": "sneakers", "releaseDate": "2021-01-14", "retailPrice": 85, "shoe": "Nike Dunk Low Retro", "title": "Nike Dunk Low Retro Medium Grey Varsity Red UNLV (GS) (2021)", "urlKey": "nike-dunk-low-retro-medium-grey-varsity-red-unlv-gs", "market": {"lowestAsk": 191, "salesThisPeriod": 0, "salesLastPeriod": 0, "highestBid": 181, "volatility": 0.121675, "deadstockSold": 1249, "pricePremium": 1.412, "averageDeadstockPrice": 199, "lastSale": 205, "changeValue": 17, "changePercentage": 0.090426, "lastLowestAskTime": 1663448301, "lastHighestBidTime": 1662980528, "lastSaleDate": "2022-09-17T22:14:54+00:00"}, "objectID": "ad5eb922-beb9-4b3f-a0ec-f55fba6f5ebc"}, {"id": "dfcddc83-1335-4d09-9772-626b72d6f5d2", "uuid": "dfcddc83-1335-4d09-9772-626b72d6f5d2", "brand": "Nike", "colorway": "Sail/University Blue-Red", "condition": "New", "description": "The graphics and color palette on Nike SB Dunk High Pro Ishod Wair x Magnus Walker pay homage to a German sports car made famous in designer Magnus Walker\u2019s 2012 film \"Urban Outlaw\". Red canvas and white leather make up the upper, while light blue Swooshes are prominent on the sides. \n<br>\n<br>\nThe Nike SB Dunk High Pro Ishod Wair x Magnus Walker released in June of 2021 and retailed for $120.", "media": {"smallImageUrl": "https://images.stockx.com/images/Nike-Dunk-SB-High-Pro-Ishod-Wair-Magnus-Walker_360_02.jpg?fit=fill&bg=FFFFFF&w=300&h=214&fm=webp&auto=compress&trim=color&q=90&dpr=2&updated_at=1636359170", "thumbUrl": "https://images.stockx.com/images/Nike-Dunk-SB-High-Pro-Ishod-Wair-Magnus-Walker_360_02.jpg?fit=fill&bg=FFFFFF&w=140&h=100&fm=webp&auto=compress&trim=color&q=90&dpr=2&updated_at=1636359170"}, "productCategory": "sneakers", "releaseDate": "2021-06-25", "retailPrice": 120, "shoe": "Nike SB Dunk High Pro", "title": "Nike SB Dunk High Pro Ishod Wair x Magnus Walker", "urlKey": "nike-dunk-sb-high-pro-ishod-wair-magnus-walker", "market": {"lowestAsk": 327, "salesThisPeriod": 6, "salesLastPeriod": 0, "highestBid": 380, "volatility": 0.222333, "deadstockSold": 966, "pricePremium": 1.5, "averageDeadstockPrice": 395, "lastSale": 300, "changeValue": -174, "changePercentage": -0.368077, "lastLowestAskTime": 1663757503, "lastHighestBidTime": 1662459540, "lastSaleDate": "2022-09-20T23:36:12+00:00"}, "objectID": "dfcddc83-1335-4d09-9772-626b72d6f5d2"}, {"id": "e1cd721e-db89-47d9-b4e6-fdd9793afd3a", "uuid": "e1cd721e-db89-47d9-b4e6-fdd9793afd3a", "brand": "Nike", "colorway": "Midnight Navy/Obsidian-Tour Yellow-White", "condition": "New", "description": "", "media": {"smallImageUrl": "https://images.stockx.com/images/Nike-Dunk-Low-Disrupt-2-Michigan-W.jpg?fit=fill&bg=FFFFFF&w=300&h=214&fm=webp&auto=compress&trim=color&q=90&dpr=2&updated_at=1656132362", "thumbUrl": "https://images.stockx.com/images/Nike-Dunk-Low-Disrupt-2-Michigan-W.jpg?fit=fill&bg=FFFFFF&w=140&h=100&fm=webp&auto=compress&trim=color&q=90&dpr=2&updated_at=1656132362"}, "productCategory": "sneakers", "releaseDate": "", "retailPrice": 110, "shoe": "Nike Dunk Low Disrupt 2", "title": "Nike Dunk Low Disrupt 2 Michigan (W)", "urlKey": "nike-dunk-low-disrupt-2-michigan-w", "market": {"lowestAsk": 120, "salesThisPeriod": 0, "salesLastPeriod": 0, "highestBid": 107, "volatility": 0.101477, "deadstockSold": 41, "pricePremium": 0.636, "averageDeadstockPrice": 141, "lastSale": 180, "changeValue": 58, "changePercentage": 0.47541, "lastLowestAskTime": 1663742874, "lastHighestBidTime": 1663258970, "lastSaleDate": "2022-09-18T08:09:23+00:00"}, "objectID": "e1cd721e-db89-47d9-b4e6-fdd9793afd3a"}, {"id": "ba80c366-c551-449e-9da4-75d7ce26c49b", "uuid": "ba80c366-c551-449e-9da4-75d7ce26c49b", "brand": "Nike", "colorway": "Black/Orange-Cement Grey-Outdoor green", "condition": "New", "description": "Nike SB paid homage to an early-2000s marvel with the release of the Nike SB Dunk Low Safari, now available on StockX. This colorway is inspired by a collaborative atmos Air Max 1 that was released in 2003.\n<br>\n<br>\nThis Nike SB Dunk Low consists of a canvas and suede upper with leather Safari printed overlays. Green detailing, Swoosh branding on the mudguard, and a gum outsole completes the design. These sneakers released in March of 2020 and retailed for $100.", "media": {"smallImageUrl": "https://images.stockx.com/images/Nike-SB-Dunk-Low-Safari-Product.jpg?fit=fill&bg=FFFFFF&w=300&h=214&fm=webp&auto=compress&trim=color&q=90&dpr=2&updated_at=1607043263", "thumbUrl": "https://images.stockx.com/images/Nike-SB-Dunk-Low-Safari-Product.jpg?fit=fill&bg=FFFFFF&w=140&h=100&fm=webp&auto=compress&trim=color&q=90&dpr=2&updated_at=1607043263"}, "productCategory": "sneakers", "releaseDate": "2020-03-14", "retailPrice": 100, "shoe": "Nike SB Dunk Low", "title": "Nike SB Dunk Low Safari", "urlKey": "nike-sb-dunk-low-atmos-safari", "market": {"lowestAsk": 254, "salesThisPeriod": 2, "salesLastPeriod": 0, "highestBid": 419, "volatility": 0.107262, "deadstockSold": 459, "pricePremium": 1.9, "averageDeadstockPrice": 322, "lastSale": 290, "changeValue": 45, "changePercentage": 0.183673, "lastLowestAskTime": 1663717007, "lastHighestBidTime": 1653056950, "lastSaleDate": "2022-09-20T13:03:18+00:00"}, "objectID": "ba80c366-c551-449e-9da4-75d7ce26c49b"}, {"id": "0714baf7-ccc3-4c93-8e1b-97b681fbf1de", "uuid": "0714baf7-ccc3-4c93-8e1b-97b681fbf1de", "brand": "Nike", "colorway": "Sail/Neutral Grey-Medium Olive", "condition": "New", "description": "", "media": {"smallImageUrl": "https://images.stockx.com/images/Nike-Dunk-Low-Off-White-Lot-22-Product.jpg?fit=fill&bg=FFFFFF&w=300&h=214&fm=webp&auto=compress&trim=color&q=90&dpr=2&updated_at=1644827872", "thumbUrl": "https://images.stockx.com/images/Nike-Dunk-Low-Off-White-Lot-22-Product.jpg?fit=fill&bg=FFFFFF&w=140&h=100&fm=webp&auto=compress&trim=color&q=90&dpr=2&updated_at=1644827872"}, "productCategory": "sneakers", "releaseDate": "2021-08-09", "retailPrice": 180, "shoe": "Nike Dunk Low", "title": "Nike Dunk Low Off-White Lot 22", "urlKey": "nike-dunk-low-off-white-lot-22", "market": {"lowestAsk": 453, "salesThisPeriod": 1, "salesLastPeriod": 0, "highestBid": 460, "volatility": 0.12668, "deadstockSold": 869, "pricePremium": 2.728, "averageDeadstockPrice": 440, "lastSale": 671, "changeValue": 176, "changePercentage": 0.355047, "lastLowestAskTime": 1663579809, "lastHighestBidTime": 1663174771, "lastSaleDate": "2022-09-18T04:14:21+00:00"}, "objectID": "0714baf7-ccc3-4c93-8e1b-97b681fbf1de"}, {"id": "5ee10d25-78e6-4682-8c10-bf21904d3142", "uuid": "5ee10d25-78e6-4682-8c10-bf21904d3142", "brand": "Nike", "colorway": "Midnight Navy/Grey-White", "condition": "New", "description": "", "media": {"smallImageUrl": "https://images.stockx.com/images/Nike-Dunk-Low-Georgetown-PS-Product.jpg?fit=fill&bg=FFFFFF&w=300&h=214&fm=webp&auto=compress&trim=color&q=90&dpr=2&updated_at=1637089120", "thumbUrl": "https://images.stockx.com/images/Nike-Dunk-Low-Georgetown-PS-Product.jpg?fit=fill&bg=FFFFFF&w=140&h=100&fm=webp&auto=compress&trim=color&q=90&dpr=2&updated_at=1637089120"}, "productCategory": "sneakers", "releaseDate": "2021-09-02", "retailPrice": 65, "shoe": "Nike Dunk Low", "title": "Nike Dunk Low Georgetown (PS)", "urlKey": "nike-dunk-low-georgetown-ps", "market": {"lowestAsk": 102, "salesThisPeriod": 1, "salesLastPeriod": 0, "highestBid": 101, "volatility": 0.197419, "deadstockSold": 1689, "pricePremium": 0.538, "averageDeadstockPrice": 95, "lastSale": 100, "changeValue": 7, "changePercentage": 0.075269, "lastLowestAskTime": 1663590344, "lastHighestBidTime": 1662035413, "lastSaleDate": "2022-09-18T00:53:39+00:00"}, "objectID": "5ee10d25-78e6-4682-8c10-bf21904d3142"}, {"id": "45c70574-da63-4337-baca-9044eae5f199", "uuid": "45c70574-da63-4337-baca-9044eae5f199", "brand": "Nike", "childId": null, "colorway": "Black/White-Black", "condition": "New", "description": "", "media": {"smallImageUrl": "https://images.stockx.com/images/Nike-SB-Dunk-High-Quartersnacks-Zebra-Product.jpg?fit=fill&bg=FFFFFF&w=300&h=214&fm=webp&auto=compress&trim=color&q=90&dpr=2&updated_at=1633027923", "thumbUrl": "https://images.stockx.com/images/Nike-SB-Dunk-High-Quartersnacks-Zebra-Product.jpg?fit=fill&bg=FFFFFF&w=140&h=100&fm=webp&auto=compress&trim=color&q=90&dpr=2&updated_at=1633027923"}, "productCategory": "sneakers", "releaseDate": "2021-09-18", "retailPrice": 110, "shoe": "Nike SB Dunk Low OG QS", "title": "Nike SB Dunk Low OG QS Quartersnacks Zebra", "urlKey": "nike-sb-dunk-low-quartersnacks-zebra", "market": {"lowestAsk": 192, "salesThisPeriod": 5, "salesLastPeriod": 0, "highestBid": 255, "volatility": 0.155461, "deadstockSold": 2682, "pricePremium": 0.573, "averageDeadstockPrice": 225, "lastSale": 173, "changeValue": -7, "changePercentage": -0.038889, "lastLowestAskTime": 1663525296, "lastHighestBidTime": 1663611012, "lastSaleDate": "2022-09-19T21:59:20+00:00"}, "objectID": "45c70574-da63-4337-baca-9044eae5f199"}, {"id": "8fa6e259-0026-4070-ba70-1dea6821a9d6", "uuid": "8fa6e259-0026-4070-ba70-1dea6821a9d6", "brand": "Nike", "colorway": "White/Black-Green-Yellow", "condition": "New", "description": "Designed by Zoe Taaffe as part of the Nike Doernbecher 2022 collection, the Nike Dunk Low Doernbecher Freestyle Zoe features a white and yellow leather upper with zebra patterned overlays and green eyestays. A white Swoosh with \"One In A Million\" text embossed on it wraps both sides of the upper. From there, a glow in the dark outsole completes the design.\n<br>\n<br>\nThe Nike Dunk Low Doernbecher Freestyle Zoe released in April of 2022 and retailed for $100.", "media": {"smallImageUrl": "https://images.stockx.com/images/Nike-Dunk-Low-Doernbecher-Zoev-Product.jpg?fit=fill&bg=FFFFFF&w=300&h=214&fm=webp&auto=compress&trim=color&q=90&dpr=2&updated_at=1651844783", "thumbUrl": "https://images.stockx.com/images/Nike-Dunk-Low-Doernbecher-Zoev-Product.jpg?fit=fill&bg=FFFFFF&w=140&h=100&fm=webp&auto=compress&trim=color&q=90&dpr=2&updated_at=1651844783"}, "productCategory": "sneakers", "releaseDate": "2022-04-30", "retailPrice": 100, "shoe": "Nike Dunk Low", "title": "Nike Dunk Low Doernbecher Zoe", "urlKey": "nike-dunk-low-doernbecher-zoe", "market": {"lowestAsk": 249, "salesThisPeriod": 8, "salesLastPeriod": 0, "highestBid": 285, "volatility": 0.091748, "deadstockSold": 784, "pricePremium": 2.4, "averageDeadstockPrice": 333, "lastSale": 340, "changeValue": 47, "changePercentage": 0.160161, "lastLowestAskTime": 1662662824, "lastHighestBidTime": 1663668353, "lastSaleDate": "2022-09-21T12:50:05+00:00"}, "objectID": "8fa6e259-0026-4070-ba70-1dea6821a9d6"}, {"id": "a31f8dc4-dca2-42fc-b46d-b4fb74a62b27", "uuid": "a31f8dc4-dca2-42fc-b46d-b4fb74a62b27", "brand": "Nike", "colorway": "White/University Blue-White", "condition": "New", "description": "", "media": {"smallImageUrl": "https://images.stockx.com/images/Nike-Air-Rubber-Dunk-Off-White-University-Blue-PS-Product.jpg?fit=fill&bg=FFFFFF&w=300&h=214&fm=webp&auto=compress&trim=color&q=90&dpr=2&updated_at=1606771736", "thumbUrl": "https://images.stockx.com/images/Nike-Air-Rubber-Dunk-Off-White-University-Blue-PS-Product.jpg?fit=fill&bg=FFFFFF&w=140&h=100&fm=webp&auto=compress&trim=color&q=90&dpr=2&updated_at=1606771736"}, "productCategory": "sneakers", "releaseDate": "2020-10-01", "retailPrice": 90, "shoe": "Nike Air Rubber Dunk", "title": "Nike Air Rubber Dunk Off-White University Blue (PS)", "urlKey": "nike-air-rubber-dunk-off-white-university-blue-ps", "market": {"lowestAsk": 154, "salesThisPeriod": 1, "salesLastPeriod": 0, "highestBid": 210, "volatility": 0.262736, "deadstockSold": 455, "pricePremium": 1.6, "averageDeadstockPrice": 167, "lastSale": 234, "changeValue": 5, "changePercentage": 0.017864, "lastLowestAskTime": 1661923088, "lastHighestBidTime": 1663438345, "lastSaleDate": "2022-09-20T18:24:43+00:00"}, "objectID": "a31f8dc4-dca2-42fc-b46d-b4fb74a62b27"}, {"id": "5fd70f8d-4a1f-4284-82f7-0fafabb541fa", "uuid": "5fd70f8d-4a1f-4284-82f7-0fafabb541fa", "brand": "Nike", "childId": null, "colorway": "Varsity Red/Varsity Red-White-Black", "condition": "New", "description": "<b>Please note: Due to limited availability and multiple releases, the hangtag is not guaranteed.<b>", "media": {"smallImageUrl": "https://images.stockx.com/images/Nike-SB-Dunk-Low-Supreme-Jewel-Swoosh-Red-Product.jpg?fit=fill&bg=FFFFFF&w=300&h=214&fm=webp&auto=compress&trim=color&q=90&dpr=2&updated_at=1606323950", "thumbUrl": "https://images.stockx.com/images/Nike-SB-Dunk-Low-Supreme-Jewel-Swoosh-Red-Product.jpg?fit=fill&bg=FFFFFF&w=140&h=100&fm=webp&auto=compress&trim=color&q=90&dpr=2&updated_at=1606323950"}, "productCategory": "sneakers", "releaseDate": "2019-09-14", "retailPrice": 110, "shoe": "Nike SB Dunk Low", "title": "Nike SB Dunk Low Supreme Jewel Swoosh Red", "urlKey": "nike-sb-dunk-low-supreme-jewel-swoosh-red", "market": {"lowestAsk": 230, "salesThisPeriod": 0, "salesLastPeriod": 0, "highestBid": 315, "volatility": 0.161005, "deadstockSold": 375, "pricePremium": 1.455, "averageDeadstockPrice": 274, "lastSale": 270, "changeValue": 1, "changePercentage": 0.003717, "lastLowestAskTime": 0, "lastHighestBidTime": 1663643451, "lastSaleDate": "2022-09-16T20:07:37+00:00"}, "objectID": "5fd70f8d-4a1f-4284-82f7-0fafabb541fa"}, {"id": "a31a6187-68f2-4e39-823b-a3a484409a40", "uuid": "a31a6187-68f2-4e39-823b-a3a484409a40", "brand": "Nike", "colorway": "Summit White/Summit White/Pure Platinum/Pure Platinum", "condition": "New", "description": "", "media": {"smallImageUrl": "https://images.stockx.com/images/Nike-Dunk-High-Football-Grey-GS-Product.jpg?fit=fill&bg=FFFFFF&w=300&h=214&fm=webp&auto=compress&trim=color&q=90&dpr=2&updated_at=1657781921", "thumbUrl": "https://images.stockx.com/images/Nike-Dunk-High-Football-Grey-GS-Product.jpg?fit=fill&bg=FFFFFF&w=140&h=100&fm=webp&auto=compress&trim=color&q=90&dpr=2&updated_at=1657781921"}, "productCategory": "sneakers", "releaseDate": "2022-05-01", "retailPrice": 100, "shoe": "Nike Dunk High", "title": "Nike Dunk High Summit White Football Grey (GS)", "urlKey": "nike-dunk-high-football-grey-gs", "market": {"lowestAsk": 102, "salesThisPeriod": 1, "salesLastPeriod": 0, "highestBid": 96, "volatility": 0.091689, "deadstockSold": 328, "pricePremium": 0.22, "averageDeadstockPrice": 106, "lastSale": 122, "changeValue": 21, "changePercentage": 0.207921, "lastLowestAskTime": 1663709233, "lastHighestBidTime": 1663678098, "lastSaleDate": "2022-09-20T02:27:50+00:00"}, "objectID": "a31a6187-68f2-4e39-823b-a3a484409a40"}, {"id": "37a53e75-9b08-4033-b8b8-7570da267612", "uuid": "37a53e75-9b08-4033-b8b8-7570da267612", "brand": "Nike", "colorway": "White/University Blue-White", "condition": "New", "description": "", "media": {"smallImageUrl": "https://images.stockx.com/images/Nike-Dunk-Low-UNC-2021-TD-Product.jpg?fit=fill&bg=FFFFFF&w=300&h=214&fm=webp&auto=compress&trim=color&q=90&dpr=2&updated_at=1623168722", "thumbUrl": "https://images.stockx.com/images/Nike-Dunk-Low-UNC-2021-TD-Product.jpg?fit=fill&bg=FFFFFF&w=140&h=100&fm=webp&auto=compress&trim=color&q=90&dpr=2&updated_at=1623168722"}, "productCategory": "sneakers", "releaseDate": "2021-06-24", "retailPrice": 50, "shoe": "Nike Dunk Low", "title": "Nike Dunk Low UNC (2021) (TD)", "urlKey": "nike-dunk-low-unc-2021-td", "market": {"lowestAsk": 125, "salesThisPeriod": 2, "salesLastPeriod": 0, "highestBid": 168, "volatility": 0.169017, "deadstockSold": 1164, "pricePremium": 2.36, "averageDeadstockPrice": 112, "lastSale": 168, "changeValue": 35, "changePercentage": 0.263158, "lastLowestAskTime": 1663772653, "lastHighestBidTime": 1663771647, "lastSaleDate": "2022-09-21T14:47:02+00:00"}, "objectID": "37a53e75-9b08-4033-b8b8-7570da267612"}, {"id": "56d7c19f-1a7a-427d-b3b3-c0ae0cac663c", "uuid": "56d7c19f-1a7a-427d-b3b3-c0ae0cac663c", "brand": "Nike", "childId": null, "colorway": "Sail/Neutral Grey-Flint Grey", "condition": "New", "description": "", "media": {"smallImageUrl": "https://images.stockx.com/images/Nike-Dunk-Low-Off-White-Lot-41.jpg?fit=fill&bg=FFFFFF&w=300&h=214&fm=webp&auto=compress&trim=color&q=90&dpr=2&updated_at=1628509280", "thumbUrl": "https://images.stockx.com/images/Nike-Dunk-Low-Off-White-Lot-41.jpg?fit=fill&bg=FFFFFF&w=140&h=100&fm=webp&auto=compress&trim=color&q=90&dpr=2&updated_at=1628509280"}, "productCategory": "sneakers", "releaseDate": "2021-08-09", "retailPrice": 180, "shoe": "Nike Dunk Low", "title": "Nike Dunk Low Off-White Lot 41", "urlKey": "nike-dunk-low-off-white-lot-41", "market": {"lowestAsk": 505, "salesThisPeriod": 0, "salesLastPeriod": 0, "highestBid": 526, "volatility": 0.227879, "deadstockSold": 119, "pricePremium": 2.572, "averageDeadstockPrice": 511, "lastSale": 643, "changeValue": 193, "changePercentage": 0.42884, "lastLowestAskTime": 1663674980, "lastHighestBidTime": 1663167053, "lastSaleDate": "2022-09-16T20:46:31+00:00"}, "objectID": "56d7c19f-1a7a-427d-b3b3-c0ae0cac663c"}, {"id": "8324cf21-d34a-4894-9b36-9ba6390c0ca9", "uuid": "8324cf21-d34a-4894-9b36-9ba6390c0ca9", "brand": "Nike", "colorway": "White/String-Summit White-Khaki-Hyper Pink", "condition": "New", "description": "", "media": {"smallImageUrl": "https://images.stockx.com/images/Nike-Dunk-Low-Pink-Bling-W.jpg?fit=fill&bg=FFFFFF&w=300&h=214&fm=webp&auto=compress&trim=color&q=90&dpr=2&updated_at=1658427626", "thumbUrl": "https://images.stockx.com/images/Nike-Dunk-Low-Pink-Bling-W.jpg?fit=fill&bg=FFFFFF&w=140&h=100&fm=webp&auto=compress&trim=color&q=90&dpr=2&updated_at=1658427626"}, "productCategory": "sneakers", "releaseDate": "", "retailPrice": 110, "shoe": "Nike Dunk Low", "title": "Nike Dunk Low Pink Bling (W)", "urlKey": "nike-dunk-low-pink-bling-w", "market": {"lowestAsk": 112, "salesThisPeriod": 4, "salesLastPeriod": 0, "highestBid": 125, "volatility": 0.170971, "deadstockSold": 132, "pricePremium": 0.42, "averageDeadstockPrice": 131, "lastSale": 156, "changeValue": 47, "changePercentage": 0.419626, "lastLowestAskTime": 1662910572, "lastHighestBidTime": 1663334327, "lastSaleDate": "2022-09-21T07:04:37+00:00"}, "objectID": "8324cf21-d34a-4894-9b36-9ba6390c0ca9"}, {"id": "3dce4863-504c-4d9d-80c5-9581fbdadaab", "uuid": "3dce4863-504c-4d9d-80c5-9581fbdadaab", "brand": "Nike", "colorway": "Black/Navy", "condition": "New", "description": "", "media": {"smallImageUrl": "https://images.stockx.com/images/Nike-Dunk-Low-Black-Blue-GS.jpg?fit=fill&bg=FFFFFF&w=300&h=214&fm=webp&auto=compress&trim=color&q=90&dpr=2&updated_at=1658366500", "thumbUrl": "https://images.stockx.com/images/Nike-Dunk-Low-Black-Blue-GS.jpg?fit=fill&bg=FFFFFF&w=140&h=100&fm=webp&auto=compress&trim=color&q=90&dpr=2&updated_at=1658366500"}, "productCategory": "sneakers", "releaseDate": "2022-05-21", "retailPrice": 85, "shoe": "Nike Dunk Low", "title": "Nike Dunk Low Black Blue (GS)", "urlKey": "nike-dunk-low-black-blue-gs", "market": {"lowestAsk": 97, "salesThisPeriod": 10, "salesLastPeriod": 0, "highestBid": 98, "volatility": 0.071403, "deadstockSold": 97, "pricePremium": 0.153, "averageDeadstockPrice": 106, "lastSale": 98, "changeValue": -9, "changePercentage": -0.084112, "lastLowestAskTime": 1663602333, "lastHighestBidTime": 1663796713, "lastSaleDate": "2022-09-21T21:38:28+00:00"}, "objectID": "3dce4863-504c-4d9d-80c5-9581fbdadaab"}, {"id": "4a7d3d61-acb8-40d7-be5d-927b379650db", "uuid": "4a7d3d61-acb8-40d7-be5d-927b379650db", "brand": "Nike", "colorway": "Pink/Red-White", "condition": "New", "description": "", "media": {"smallImageUrl": "https://images.stockx.com/images/Nike-Dunk-Low-Pink-Red-White-PS-Product.jpg?fit=fill&bg=FFFFFF&w=300&h=214&fm=webp&auto=compress&trim=color&q=90&dpr=2&updated_at=1630618547", "thumbUrl": "https://images.stockx.com/images/Nike-Dunk-Low-Pink-Red-White-PS-Product.jpg?fit=fill&bg=FFFFFF&w=140&h=100&fm=webp&auto=compress&trim=color&q=90&dpr=2&updated_at=1630618547"}, "productCategory": "sneakers", "releaseDate": "", "retailPrice": 70, "shoe": "Nike Dunk Low", "title": "Nike Dunk Low Pink Red White (PS)", "urlKey": "nike-dunk-low-pink-red-white-ps", "market": {"lowestAsk": 91, "salesThisPeriod": 6, "salesLastPeriod": 0, "highestBid": 110, "volatility": 0.162692, "deadstockSold": 1458, "pricePremium": 1.129, "averageDeadstockPrice": 103, "lastSale": 149, "changeValue": 24, "changePercentage": 0.192, "lastLowestAskTime": 1663699778, "lastHighestBidTime": 1662142165, "lastSaleDate": "2022-09-20T22:54:47+00:00"}, "objectID": "4a7d3d61-acb8-40d7-be5d-927b379650db"}, {"id": "e1934a65-2ba4-4ca3-a876-8884e232bba1", "uuid": "e1934a65-2ba4-4ca3-a876-8884e232bba1", "brand": "Nike", "colorway": "Varsity Maize/Midnight Navy-Midnight Navy", "condition": "New", "description": "Nike brought back an 80s basketball classic with the Nike Dunk High Michigan. The Maize and blue colorway was one of the seven original Dunk High colorways that debuted in 1985 as part of Nike\u2019s College Colors Program, a campaign that brought school-spirited colorways to footwear in college basketball. \n<br>\n<br>\nThe Nike Dunk High Michigan stays true to its original form. As a reference to the University of Michigan Wolverines, Maize and navy blue leather make up the upper. A white midsole, navy outsole, and Nike branding on the tongue sum up this design in a traditional fashion.\n<br>\n<br>\nThe Nike Dunk High Michigan released in September of 2020 and retailed for $120.", "media": {"smallImageUrl": "https://images.stockx.com/images/Nike-Dunk-High-Michigan-2020-Product.jpg?fit=fill&bg=FFFFFF&w=300&h=214&fm=webp&auto=compress&trim=color&q=90&dpr=2&updated_at=1606324192", "thumbUrl": "https://images.stockx.com/images/Nike-Dunk-High-Michigan-2020-Product.jpg?fit=fill&bg=FFFFFF&w=140&h=100&fm=webp&auto=compress&trim=color&q=90&dpr=2&updated_at=1606324192"}, "productCategory": "sneakers", "releaseDate": "2020-09-23", "retailPrice": 120, "shoe": "Nike Dunk High", "title": "Nike Dunk High Michigan (2020)", "urlKey": "nike-dunk-high-michigan-2020", "market": {"lowestAsk": 145, "salesThisPeriod": 3, "salesLastPeriod": 0, "highestBid": 188, "volatility": 0.16655, "deadstockSold": 1480, "pricePremium": 0.418, "averageDeadstockPrice": 187, "lastSale": 170, "changeValue": -4, "changePercentage": -0.027414, "lastLowestAskTime": 1663580833, "lastHighestBidTime": 1662140859, "lastSaleDate": "2022-09-20T22:20:11+00:00"}, "objectID": "e1934a65-2ba4-4ca3-a876-8884e232bba1"}, {"id": "e7f1413c-487e-4c3f-900c-57fa1b423fa1", "uuid": "e7f1413c-487e-4c3f-900c-57fa1b423fa1", "brand": "Nike", "colorway": "White/Oatmeal", "condition": "New", "description": "", "media": {"smallImageUrl": "https://images.stockx.com/images/Nike-Dunk-Low-Oatmeal-W.jpg?fit=fill&bg=FFFFFF&w=300&h=214&fm=webp&auto=compress&trim=color&q=90&dpr=2&updated_at=1624394510", "thumbUrl": "https://images.stockx.com/images/Nike-Dunk-Low-Oatmeal-W.jpg?fit=fill&bg=FFFFFF&w=140&h=100&fm=webp&auto=compress&trim=color&q=90&dpr=2&updated_at=1624394510"}, "productCategory": "sneakers", "releaseDate": "", "retailPrice": 0, "shoe": "Nike Dunk Low", "title": "Nike Dunk Low Oatmeal (W)", "urlKey": "nike-dunk-low-oatmeal-w", "market": {"lowestAsk": 260, "salesThisPeriod": 0, "salesLastPeriod": 0, "highestBid": 260, "volatility": 0, "deadstockSold": 0, "pricePremium": 0, "averageDeadstockPrice": 0, "lastSale": 0, "changeValue": 0, "changePercentage": 0, "lastLowestAskTime": 0, "lastHighestBidTime": 1661747252, "lastSaleDate": ""}, "objectID": "e7f1413c-487e-4c3f-900c-57fa1b423fa1"}, {"id": "af971174-11a3-4578-a4e5-099b7df9d2fb", "uuid": "af971174-11a3-4578-a4e5-099b7df9d2fb", "brand": "Nike", "colorway": "White/Midnight Navy-Total Orange", "condition": "New", "description": "The Nike Dunk High Championship Navy (GS) features a leather, suede, and synthetic upper. It has a chunky midsole that adds support and cushioning to the shoe, while the rubber sole with a herringbone traction pattern provides durability and traction. The Nike swoosh is augmented with a midnight navy outline.\n<br>\n<br>\nIts white base is overlaid with Midnight Navy and complemented with a nylon tongue, and padded high-cut collar. The grade school size Nike Dunk High Championship features perforated panels on the front and side of the shoe.\n<br>\n<br>\nThe Nike Dunk High Championship Navy GS originally retailed for $90 after its release on September 3, 2021.", "media": {"smallImageUrl": "https://images.stockx.com/images/Nike-Dunk-High-Championship-Navy-GS-Product.jpg?fit=fill&bg=FFFFFF&w=300&h=214&fm=webp&auto=compress&trim=color&q=90&dpr=2&updated_at=1632510171", "thumbUrl": "https://images.stockx.com/images/Nike-Dunk-High-Championship-Navy-GS-Product.jpg?fit=fill&bg=FFFFFF&w=140&h=100&fm=webp&auto=compress&trim=color&q=90&dpr=2&updated_at=1632510171"}, "productCategory": "sneakers", "releaseDate": "2021-09-03", "retailPrice": 90, "shoe": "Nike Dunk High", "title": "Nike Dunk High Championship Navy (GS)", "urlKey": "nike-dunk-high-championship-navy-gs", "market": {"lowestAsk": 98, "salesThisPeriod": 8, "salesLastPeriod": 0, "highestBid": 96, "volatility": 0.13077, "deadstockSold": 4047, "pricePremium": 0.322, "averageDeadstockPrice": 121, "lastSale": 119, "changeValue": 4, "changePercentage": 0.034783, "lastLowestAskTime": 1663469128, "lastHighestBidTime": 1663537677, "lastSaleDate": "2022-09-21T14:54:36+00:00"}, "objectID": "af971174-11a3-4578-a4e5-099b7df9d2fb"}, {"id": "ad3cba1c-fe72-44f1-b8e3-e4d70d3281fd", "uuid": "ad3cba1c-fe72-44f1-b8e3-e4d70d3281fd", "brand": "Nike", "colorway": "White/Black", "condition": "New", "description": "", "media": {"smallImageUrl": "https://images.stockx.com/images/Nike-Dunk-Low-White-Black-2022-W-Product.jpg?fit=fill&bg=FFFFFF&w=300&h=214&fm=webp&auto=compress&trim=color&q=90&dpr=2&updated_at=1654800209", "thumbUrl": "https://images.stockx.com/images/Nike-Dunk-Low-White-Black-2022-W-Product.jpg?fit=fill&bg=FFFFFF&w=140&h=100&fm=webp&auto=compress&trim=color&q=90&dpr=2&updated_at=1654800209"}, "productCategory": "sneakers", "releaseDate": "2022-02-02", "retailPrice": 100, "shoe": "Nike Dunk Low", "title": "Nike Dunk Low White Black (2022) (W)", "urlKey": "nike-dunk-low-white-black-2022-w", "market": {"lowestAsk": 171, "salesThisPeriod": 6, "salesLastPeriod": 0, "highestBid": 204, "volatility": 0.115715, "deadstockSold": 1223, "pricePremium": 0.87, "averageDeadstockPrice": 175, "lastSale": 187, "changeValue": 7, "changePercentage": 0.038889, "lastLowestAskTime": 1663002903, "lastHighestBidTime": 1663429492, "lastSaleDate": "2022-09-20T14:40:36+00:00"}, "objectID": "ad3cba1c-fe72-44f1-b8e3-e4d70d3281fd"}, {"id": "6a1ccd69-c7c3-4a23-a19d-6246974abd70", "uuid": "6a1ccd69-c7c3-4a23-a19d-6246974abd70", "brand": "Nike", "colorway": "Light Soft Pink/Ghost-Lime Ice-White", "condition": "New", "description": "The women's Nike Dunk Low Lime Ice (W) radiates tropical energy with its Light Soft Pink, Lime Ice, and Ghost color scheme. Matching soles and woven tongue tabs add the finishing touches to this women's exclusive.\n\nThe women's Nike Dunk Low Lime Ice (W) released in July of 2021 and retailed for $100.", "media": {"smallImageUrl": "https://images.stockx.com/images/Nike-Dunk-Low-Lime-Ice-W-Product.jpg?fit=fill&bg=FFFFFF&w=300&h=214&fm=webp&auto=compress&trim=color&q=90&dpr=2&updated_at=1628170497", "thumbUrl": "https://images.stockx.com/images/Nike-Dunk-Low-Lime-Ice-W-Product.jpg?fit=fill&bg=FFFFFF&w=140&h=100&fm=webp&auto=compress&trim=color&q=90&dpr=2&updated_at=1628170497"}, "productCategory": "sneakers", "releaseDate": "2021-07-31", "retailPrice": 100, "shoe": "Nike Dunk Low", "title": "Nike Dunk Low Lime Ice (W)", "urlKey": "nike-dunk-low-lime-ice-w", "market": {"lowestAsk": 123, "salesThisPeriod": 2, "salesLastPeriod": 0, "highestBid": 121, "volatility": 0.097826, "deadstockSold": 4170, "pricePremium": 0.4, "averageDeadstockPrice": 132, "lastSale": 140, "changeValue": 10, "changePercentage": 0.076923, "lastLowestAskTime": 1663288746, "lastHighestBidTime": 1663667144, "lastSaleDate": "2022-09-20T19:27:39+00:00"}, "objectID": "6a1ccd69-c7c3-4a23-a19d-6246974abd70"}, {"id": "26d85346-05b2-474c-a8be-cf639dea5d0b", "uuid": "26d85346-05b2-474c-a8be-cf639dea5d0b", "brand": "Nike", "colorway": "White/Medium Yellow-University Blue", "condition": "New", "description": "", "media": {"smallImageUrl": "https://images.stockx.com/images/Nike-Dunk-SB-Low-Homer-Product.jpg?fit=fill&bg=FFFFFF&w=300&h=214&fm=webp&auto=compress&trim=color&q=90&dpr=2&updated_at=1607050291", "thumbUrl": "https://images.stockx.com/images/Nike-Dunk-SB-Low-Homer-Product.jpg?fit=fill&bg=FFFFFF&w=140&h=100&fm=webp&auto=compress&trim=color&q=90&dpr=2&updated_at=1607050291"}, "productCategory": "sneakers", "releaseDate": "2004-01-01", "retailPrice": 100, "shoe": "Nike SB Dunk Low", "title": "Nike SB Dunk Low Homer", "urlKey": "nike-dunk-sb-low-homer", "market": {"lowestAsk": 1524, "salesThisPeriod": 0, "salesLastPeriod": 0, "highestBid": 1120, "volatility": 0.206246, "deadstockSold": 13, "pricePremium": 0, "averageDeadstockPrice": 1423, "lastSale": 1305, "changeValue": -64, "changePercentage": -0.046749, "lastLowestAskTime": 1663735085, "lastHighestBidTime": 1661297602, "lastSaleDate": "2022-09-06T14:04:03+00:00"}, "objectID": "26d85346-05b2-474c-a8be-cf639dea5d0b"}, {"id": "963c7771-7217-430f-9814-f64ed8afe58a", "uuid": "963c7771-7217-430f-9814-f64ed8afe58a", "brand": "Nike", "childId": null, "colorway": "Sail/Neutral Grey-Gridiron", "condition": "New", "description": "", "media": {"smallImageUrl": "https://images.stockx.com/images/Nike-Dunk-Low-Off-White-Lot-20.jpg?fit=fill&bg=FFFFFF&w=300&h=214&fm=webp&auto=compress&trim=color&q=90&dpr=2&updated_at=1628509264", "thumbUrl": "https://images.stockx.com/images/Nike-Dunk-Low-Off-White-Lot-20.jpg?fit=fill&bg=FFFFFF&w=140&h=100&fm=webp&auto=compress&trim=color&q=90&dpr=2&updated_at=1628509264"}, "productCategory": "sneakers", "releaseDate": "2021-08-09", "retailPrice": 180, "shoe": "Nike Dunk Low", "title": "Nike Dunk Low Off-White Lot 20", "urlKey": "nike-dunk-low-off-white-lot-20", "market": {"lowestAsk": 459, "salesThisPeriod": 4, "salesLastPeriod": 0, "highestBid": 525, "volatility": 0.118685, "deadstockSold": 521, "pricePremium": 1.889, "averageDeadstockPrice": 493, "lastSale": 520, "changeValue": -3, "changePercentage": -0.005736, "lastLowestAskTime": 1663772912, "lastHighestBidTime": 1662919907, "lastSaleDate": "2022-09-20T21:48:59+00:00"}, "objectID": "963c7771-7217-430f-9814-f64ed8afe58a"}, {"id": "31bdd817-33aa-434c-9b6c-eda754bf9c7d", "uuid": "31bdd817-33aa-434c-9b6c-eda754bf9c7d", "brand": "Nike", "colorway": "Obsidian/Obsidian/Summit White", "condition": "New", "description": "", "media": {"smallImageUrl": "https://images.stockx.com/images/Nike-Dunk-Low-Graffiti-Navy-GS.jpg?fit=fill&bg=FFFFFF&w=300&h=214&fm=webp&auto=compress&trim=color&q=90&dpr=2&updated_at=1653373415", "thumbUrl": "https://images.stockx.com/images/Nike-Dunk-Low-Graffiti-Navy-GS.jpg?fit=fill&bg=FFFFFF&w=140&h=100&fm=webp&auto=compress&trim=color&q=90&dpr=2&updated_at=1653373415"}, "productCategory": "sneakers", "releaseDate": "2022-05-01", "retailPrice": 85, "shoe": "Nike Dunk Low", "title": "Nike Dunk Low Graffiti Navy (GS)", "urlKey": "nike-dunk-low-graffiti-navy-gs", "market": {"lowestAsk": 70, "salesThisPeriod": 7, "salesLastPeriod": 0, "highestBid": 66, "volatility": 0.083926, "deadstockSold": 319, "pricePremium": -0.176, "averageDeadstockPrice": 85, "lastSale": 70, "changeValue": 5, "changePercentage": 0.076923, "lastLowestAskTime": 1663700156, "lastHighestBidTime": 1662785240, "lastSaleDate": "2022-09-21T12:14:36+00:00"}, "objectID": "31bdd817-33aa-434c-9b6c-eda754bf9c7d"}, {"id": "e9611614-43c2-4962-943a-2d64cdf5ef8c", "uuid": "e9611614-43c2-4962-943a-2d64cdf5ef8c", "brand": "Nike", "colorway": "Varsity Maize/Black", "condition": "New", "description": "", "media": {"smallImageUrl": "https://images.stockx.com/images/Nike-Dunk-SB-High-Reverse-Goldenrod-Product.jpg?fit=fill&bg=FFFFFF&w=300&h=214&fm=webp&auto=compress&trim=color&q=90&dpr=2&updated_at=1633542315", "thumbUrl": "https://images.stockx.com/images/Nike-Dunk-SB-High-Reverse-Goldenrod-Product.jpg?fit=fill&bg=FFFFFF&w=140&h=100&fm=webp&auto=compress&trim=color&q=90&dpr=2&updated_at=1633542315"}, "productCategory": "sneakers", "releaseDate": "2021-09-26", "retailPrice": 120, "shoe": "Nike SB Dunk High Pro", "title": "Nike SB Dunk High Pro Reverse Goldenrod", "urlKey": "nike-dunk-sb-high-reverse-goldenrod", "market": {"lowestAsk": 108, "salesThisPeriod": 1, "salesLastPeriod": 0, "highestBid": 140, "volatility": 0.183592, "deadstockSold": 2055, "pricePremium": 0.125, "averageDeadstockPrice": 149, "lastSale": 135, "changeValue": 0, "changePercentage": 0, "lastLowestAskTime": 1663739727, "lastHighestBidTime": 1663166101, "lastSaleDate": "2022-09-21T00:04:39+00:00"}, "objectID": "e9611614-43c2-4962-943a-2d64cdf5ef8c"}, {"id": "fb63ef4b-316c-4cad-8aa6-efa830956969", "uuid": "fb63ef4b-316c-4cad-8aa6-efa830956969", "brand": "Nike", "colorway": "Wheat/Wheat-Sail-Black", "condition": "New", "description": "", "media": {"smallImageUrl": "https://images.stockx.com/images/Nike-Dunk-Low-Quilted-Wheat-W.jpg?fit=fill&bg=FFFFFF&w=300&h=214&fm=webp&auto=compress&trim=color&q=90&dpr=2&updated_at=1658140791", "thumbUrl": "https://images.stockx.com/images/Nike-Dunk-Low-Quilted-Wheat-W.jpg?fit=fill&bg=FFFFFF&w=140&h=100&fm=webp&auto=compress&trim=color&q=90&dpr=2&updated_at=1658140791"}, "productCategory": "sneakers", "releaseDate": "2022-09-20", "retailPrice": 120, "shoe": "Nike Dunk Low", "title": "Nike Dunk Low Quilted Wheat (W)", "urlKey": "nike-dunk-low-quilted-wheat-w", "market": {"lowestAsk": 95, "salesThisPeriod": 31, "salesLastPeriod": 0, "highestBid": 110, "volatility": 0.07968, "deadstockSold": 106, "pricePremium": -0.025, "averageDeadstockPrice": 117, "lastSale": 117, "changeValue": 8, "changePercentage": 0.073394, "lastLowestAskTime": 1663698320, "lastHighestBidTime": 1663687530, "lastSaleDate": "2022-09-20T18:24:14+00:00"}, "objectID": "fb63ef4b-316c-4cad-8aa6-efa830956969"}, {"id": "6fcac7eb-e77e-4564-ae54-8bdae990cd83", "uuid": "6fcac7eb-e77e-4564-ae54-8bdae990cd83", "brand": "Nike", "colorway": "Green/Metallic Gold/White/Light Gum", "condition": "New", "description": "", "media": {"smallImageUrl": "https://images.stockx.com/images/Nike-SB-Dunk-Low-St-Patricks-Day-PS-Product.jpg?fit=fill&bg=FFFFFF&w=300&h=214&fm=webp&auto=compress&trim=color&q=90&dpr=2&updated_at=1655276084", "thumbUrl": "https://images.stockx.com/images/Nike-SB-Dunk-Low-St-Patricks-Day-PS-Product.jpg?fit=fill&bg=FFFFFF&w=140&h=100&fm=webp&auto=compress&trim=color&q=90&dpr=2&updated_at=1655276084"}, "productCategory": "sneakers", "releaseDate": "2022-06-07", "retailPrice": 90, "shoe": "Nike SB Dunk Low", "title": "Nike SB Dunk Low St. Patrick's Day (PS) (2022)", "urlKey": "nike-sb-dunk-low-st-patricks-day-ps", "market": {"lowestAsk": 92, "salesThisPeriod": 0, "salesLastPeriod": 0, "highestBid": 90, "volatility": 0.076193, "deadstockSold": 240, "pricePremium": 0.267, "averageDeadstockPrice": 106, "lastSale": 114, "changeValue": 9, "changePercentage": 0.085714, "lastLowestAskTime": 1662574587, "lastHighestBidTime": 1663103705, "lastSaleDate": "2022-09-16T16:08:05+00:00"}, "objectID": "6fcac7eb-e77e-4564-ae54-8bdae990cd83"}, {"id": "e3a47c87-918e-48d3-8bb0-f8df1d5e308b", "uuid": "e3a47c87-918e-48d3-8bb0-f8df1d5e308b", "brand": "Nike", "colorway": "Anthracite/Black/White", "condition": "New", "description": "", "media": {"smallImageUrl": "https://images.stockx.com/images/Nike-Dunk-High-Anthracite-White.jpg?fit=fill&bg=FFFFFF&w=300&h=214&fm=webp&auto=compress&trim=color&q=90&dpr=2&updated_at=1650866228", "thumbUrl": "https://images.stockx.com/images/Nike-Dunk-High-Anthracite-White.jpg?fit=fill&bg=FFFFFF&w=140&h=100&fm=webp&auto=compress&trim=color&q=90&dpr=2&updated_at=1650866228"}, "productCategory": "sneakers", "releaseDate": "2022-05-19", "retailPrice": 110, "shoe": "Nike Dunk High", "title": "Nike Dunk High Anthracite White", "urlKey": "nike-dunk-high-anthracite-white", "market": {"lowestAsk": 99, "salesThisPeriod": 11, "salesLastPeriod": 0, "highestBid": 107, "volatility": 0.094594, "deadstockSold": 536, "pricePremium": 0.163, "averageDeadstockPrice": 112, "lastSale": 128, "changeValue": 19, "changePercentage": 0.173672, "lastLowestAskTime": 1663775329, "lastHighestBidTime": 1663533132, "lastSaleDate": "2022-09-21T09:43:05+00:00"}, "objectID": "e3a47c87-918e-48d3-8bb0-f8df1d5e308b"}, {"id": "ac386cd5-64a1-40f4-a233-731a4e5a8b3f", "uuid": "ac386cd5-64a1-40f4-a233-731a4e5a8b3f", "brand": "Nike", "colorway": "Black/Varsity Maize", "condition": "New", "description": "Another one of the first Nike Dunk colorways from the 1985 \"Be True To Your School\" returned in 2020, this time in the form of the Nike Dunk High Varsity Maize. The Varsity Maize colorway pays homage to the University of Iowa, one of the first universities to partner with Nike. Also known as the \"Golden Rod\", the Nike Dunk High Iowa has inspired a few renowned Dunks, most notably the 2005 Nike SB Dunk High Golden Rod and the Wu-Tang Dunk High.\n<br>\n<br>\nThe Nike Dunk High Varsity Maize arrives in its original form, featuring a black and yellow leather upper with traditional Dunk color blocking. A woven black and yellow Nike Swoosh tongue tag, white midsole, and Varsity Maize outsole finalize this latest Dunk re-issue.\n<br>\n<br>\nThe Nike Dunk High Varsity Maize released in December of 2020 and retailed for $120.", "media": {"smallImageUrl": "https://images.stockx.com/images/Nike-Dunk-High-Black-Varsity-Maize-Product.jpg?fit=fill&bg=FFFFFF&w=300&h=214&fm=webp&auto=compress&trim=color&q=90&dpr=2&updated_at=1609445259", "thumbUrl": "https://images.stockx.com/images/Nike-Dunk-High-Black-Varsity-Maize-Product.jpg?fit=fill&bg=FFFFFF&w=140&h=100&fm=webp&auto=compress&trim=color&q=90&dpr=2&updated_at=1609445259"}, "productCategory": "sneakers", "releaseDate": "2020-12-09", "retailPrice": 120, "shoe": "Nike Dunk High", "title": "Nike Dunk High Varsity Maize", "urlKey": "nike-dunk-high-black-varsity-maize", "market": {"lowestAsk": 137, "salesThisPeriod": 7, "salesLastPeriod": 0, "highestBid": 140, "volatility": 0.153409, "deadstockSold": 2283, "pricePremium": 0.269, "averageDeadstockPrice": 186, "lastSale": 152, "changeValue": 3, "changePercentage": 0.015383, "lastLowestAskTime": 1663317683, "lastHighestBidTime": 1663495329, "lastSaleDate": "2022-09-20T00:21:54+00:00"}, "objectID": "ac386cd5-64a1-40f4-a233-731a4e5a8b3f"}, {"id": "734fbf84-cd58-4510-bddb-c974dceea5a0", "uuid": "734fbf84-cd58-4510-bddb-c974dceea5a0", "brand": "Nike", "colorway": "Black/Navy", "condition": "New", "description": "", "media": {"smallImageUrl": "https://images.stockx.com/images/Nike-Dunk-Low-Scrap-Black-Navy-Product.jpg?fit=fill&bg=FFFFFF&w=300&h=214&fm=webp&auto=compress&trim=color&q=90&dpr=2&updated_at=1655966135", "thumbUrl": "https://images.stockx.com/images/Nike-Dunk-Low-Scrap-Black-Navy-Product.jpg?fit=fill&bg=FFFFFF&w=140&h=100&fm=webp&auto=compress&trim=color&q=90&dpr=2&updated_at=1655966135"}, "productCategory": "sneakers", "releaseDate": "", "retailPrice": 120, "shoe": "Nike Dunk Low Scrap", "title": "Nike Dunk Low Scrap Black Navy", "urlKey": "nike-dunk-low-scrap-black-navy", "market": {"lowestAsk": 121, "salesThisPeriod": 5, "salesLastPeriod": 0, "highestBid": 120, "volatility": 0.113471, "deadstockSold": 253, "pricePremium": -0.014, "averageDeadstockPrice": 137, "lastSale": 118, "changeValue": -10, "changePercentage": -0.082473, "lastLowestAskTime": 1663709148, "lastHighestBidTime": 1663636073, "lastSaleDate": "2022-09-21T06:16:21+00:00"}, "objectID": "734fbf84-cd58-4510-bddb-c974dceea5a0"}, {"id": "f6e9c313-8765-42d5-83b0-1eadf77f0f65", "uuid": "f6e9c313-8765-42d5-83b0-1eadf77f0f65", "brand": "Nike", "colorway": "Yellow Strike/Yellow Strike-White", "condition": "New", "description": "The women's Nike Dunk Low Yellow Strike (W) features a white leather upper with pale yellow blotted overlays and plush Yellow Strike suede Swooshes. Matching two-tone soles and woven tongue labels carry this pastel palette across the finish line.\n\nThe women's Nike Dunk Low Yellow Strike (W) released in August of 2021 and retailed for $110.", "media": {"smallImageUrl": "https://images.stockx.com/images/Nike-Dunk-Low-Strike-Yellow-W-Product.jpg?fit=fill&bg=FFFFFF&w=300&h=214&fm=webp&auto=compress&trim=color&q=90&dpr=2&updated_at=1629741955", "thumbUrl": "https://images.stockx.com/images/Nike-Dunk-Low-Strike-Yellow-W-Product.jpg?fit=fill&bg=FFFFFF&w=140&h=100&fm=webp&auto=compress&trim=color&q=90&dpr=2&updated_at=1629741955"}, "productCategory": "sneakers", "releaseDate": "2021-08-18", "retailPrice": 110, "shoe": "Nike Dunk Low", "title": "Nike Dunk Low Yellow Strike (W)", "urlKey": "nike-dunk-low-yellow-strike-w", "market": {"lowestAsk": 140, "salesThisPeriod": 2, "salesLastPeriod": 0, "highestBid": 160, "volatility": 0.112168, "deadstockSold": 4741, "pricePremium": 0.218, "averageDeadstockPrice": 152, "lastSale": 134, "changeValue": -5, "changePercentage": -0.040569, "lastLowestAskTime": 1663601050, "lastHighestBidTime": 1662686896, "lastSaleDate": "2022-09-19T16:16:45+00:00"}, "objectID": "f6e9c313-8765-42d5-83b0-1eadf77f0f65"}, {"id": "0647e9af-92b5-4086-934e-6d410af059c0", "uuid": "0647e9af-92b5-4086-934e-6d410af059c0", "brand": "Nike", "childId": null, "colorway": "Sail/Neutral Grey-White", "condition": "New", "description": "", "media": {"smallImageUrl": "https://images.stockx.com/images/Nike-Dunk-Low-Off-White-Lot-3-Product.jpg?fit=fill&bg=FFFFFF&w=300&h=214&fm=webp&auto=compress&trim=color&q=90&dpr=2&updated_at=1630616112", "thumbUrl": "https://images.stockx.com/images/Nike-Dunk-Low-Off-White-Lot-3-Product.jpg?fit=fill&bg=FFFFFF&w=140&h=100&fm=webp&auto=compress&trim=color&q=90&dpr=2&updated_at=1630616112"}, "productCategory": "sneakers", "releaseDate": "2021-08-09", "retailPrice": 180, "shoe": "Nike Dunk Low", "title": "Nike Dunk Low Off-White Lot 3", "urlKey": "nike-dunk-low-off-white-lot-3", "market": {"lowestAsk": 550, "salesThisPeriod": 1, "salesLastPeriod": 0, "highestBid": 520, "volatility": 0.192162, "deadstockSold": 347, "pricePremium": 1.444, "averageDeadstockPrice": 478, "lastSale": 440, "changeValue": -225, "changePercentage": -0.339034, "lastLowestAskTime": 1663744214, "lastHighestBidTime": 1663744247, "lastSaleDate": "2022-09-18T21:27:36+00:00"}, "objectID": "0647e9af-92b5-4086-934e-6d410af059c0"}, {"id": "9141f566-09ba-4008-bd3b-d3c6a0d2cbb3", "uuid": "9141f566-09ba-4008-bd3b-d3c6a0d2cbb3", "brand": "Nike", "colorway": "Aqua/Chrome-Black", "condition": "New", "description": "", "media": {"smallImageUrl": "https://images.stockx.com/images/Nike-Dunk-SB-High-Tiffany-Diamond-Product.jpg?fit=fill&bg=FFFFFF&w=300&h=214&fm=webp&auto=compress&trim=color&q=90&dpr=2&updated_at=1608516525", "thumbUrl": "https://images.stockx.com/images/Nike-Dunk-SB-High-Tiffany-Diamond-Product.jpg?fit=fill&bg=FFFFFF&w=140&h=100&fm=webp&auto=compress&trim=color&q=90&dpr=2&updated_at=1608516525"}, "productCategory": "sneakers", "releaseDate": "2014-02-08", "retailPrice": 108, "shoe": "Nike SB Dunk High", "title": "Nike SB Dunk High Diamond Supply Co. Aqua Blue", "urlKey": "nike-dunk-sb-high-diamond-supply-co-aqua-blue", "market": {"lowestAsk": 440, "salesThisPeriod": 0, "salesLastPeriod": 0, "highestBid": 550, "volatility": 0.201095, "deadstockSold": 222, "pricePremium": 3.63, "averageDeadstockPrice": 621, "lastSale": 500, "changeValue": -203, "changePercentage": -0.288762, "lastLowestAskTime": 1663698345, "lastHighestBidTime": 1661466709, "lastSaleDate": "2022-09-18T02:20:28+00:00"}, "objectID": "9141f566-09ba-4008-bd3b-d3c6a0d2cbb3"}, {"id": "abf0d210-d74c-4282-9946-b904b654f612", "uuid": "abf0d210-d74c-4282-9946-b904b654f612", "brand": "Nike", "colorway": "Barely Green/Peach/White-Barely Green", "condition": "New", "description": "The upper of the women's Nike Dunk Low Barely Green (W) is composed of Barely Green leather with Sail Swooshes. A white woven tongue tag with a Sail Nike logo completes the design.\n\nThe women's Nike Dunk Low Barely Green (W) released in May of 2021 and retailed for $100.", "media": {"smallImageUrl": "https://images.stockx.com/images/Nike-Dunk-Low-Barely-Green-W-Product.jpg?fit=fill&bg=FFFFFF&w=300&h=214&fm=webp&auto=compress&trim=color&q=90&dpr=2&updated_at=1644224427", "thumbUrl": "https://images.stockx.com/images/Nike-Dunk-Low-Barely-Green-W-Product.jpg?fit=fill&bg=FFFFFF&w=140&h=100&fm=webp&auto=compress&trim=color&q=90&dpr=2&updated_at=1644224427"}, "productCategory": "sneakers", "releaseDate": "2021-05-21", "retailPrice": 100, "shoe": "Nike Dunk Low", "title": "Nike Dunk Low Barely Green (W)", "urlKey": "nike-dunk-low-barely-green-w", "market": {"lowestAsk": 150, "salesThisPeriod": 3, "salesLastPeriod": 0, "highestBid": 175, "volatility": 0.134983, "deadstockSold": 2155, "pricePremium": 0.9, "averageDeadstockPrice": 175, "lastSale": 190, "changeValue": 11, "changePercentage": 0.058917, "lastLowestAskTime": 1663257369, "lastHighestBidTime": 1663291399, "lastSaleDate": "2022-09-21T02:24:19+00:00"}, "objectID": "abf0d210-d74c-4282-9946-b904b654f612"}, {"id": "b6f64e42-085a-4bb2-ac83-2eeb8b2d87e2", "uuid": "b6f64e42-085a-4bb2-ac83-2eeb8b2d87e2", "brand": "Nike", "childId": null, "colorway": "Black/Shadow Grey-White", "condition": "New", "description": "The Nike SB Dunk Low J-Pack Shadow features a black, white, and Shadow Grey leather and suede upper, with black being the predominant shade for most of this model. From there, a swooping Shadow Grey \"Swoosh\" design looping back toward Nike lettering on the heel and a white \"Zoom Air\" unit in the heel complete the design.\n<br>\n<Br>\nThe Nike SB Dunk Low J-Pack Shadow released in February of 2020 and retailed for $90.", "media": {"smallImageUrl": "https://images.stockx.com/images/Nike-SB-Dunk-Low-J-Pack-Shadow-Product.jpg?fit=fill&bg=FFFFFF&w=300&h=214&fm=webp&auto=compress&trim=color&q=90&dpr=2&updated_at=1607043258", "thumbUrl": "https://images.stockx.com/images/Nike-SB-Dunk-Low-J-Pack-Shadow-Product.jpg?fit=fill&bg=FFFFFF&w=140&h=100&fm=webp&auto=compress&trim=color&q=90&dpr=2&updated_at=1607043258"}, "productCategory": "sneakers", "releaseDate": "2020-02-04", "retailPrice": 90, "shoe": "Nike SB Dunk Low", "title": "Nike SB Dunk Low J-Pack Shadow", "urlKey": "nike-sb-dunk-low-j-pack-shadow", "market": {"lowestAsk": 360, "salesThisPeriod": 1, "salesLastPeriod": 0, "highestBid": 686, "volatility": 0.12143, "deadstockSold": 392, "pricePremium": 4.378, "averageDeadstockPrice": 537, "lastSale": 484, "changeValue": 23, "changePercentage": 0.049892, "lastLowestAskTime": 1662474126, "lastHighestBidTime": 1648838727, "lastSaleDate": "2022-09-06T05:45:03+00:00"}, "objectID": "b6f64e42-085a-4bb2-ac83-2eeb8b2d87e2"}, {"id": "7415fbfe-b929-4a4a-9d49-94c29cefdd1a", "uuid": "7415fbfe-b929-4a4a-9d49-94c29cefdd1a", "brand": "Nike", "childId": null, "colorway": "Green Stone/Legion Green-Fir", "condition": "New", "description": "<b>Please note: May not include Purple laces as they were only put in a certain amount of the boxes of the in-store release.<b>", "media": {"smallImageUrl": "https://images.stockx.com/images/Nike-SB-Dunk-Low-Concepts-Green-Lobster-Product.jpg?fit=fill&bg=FFFFFF&w=300&h=214&fm=webp&auto=compress&trim=color&q=90&dpr=2&updated_at=1607048858", "thumbUrl": "https://images.stockx.com/images/Nike-SB-Dunk-Low-Concepts-Green-Lobster-Product.jpg?fit=fill&bg=FFFFFF&w=140&h=100&fm=webp&auto=compress&trim=color&q=90&dpr=2&updated_at=1607048858"}, "productCategory": "sneakers", "releaseDate": "2018-12-14", "retailPrice": 100, "shoe": "Nike SB Dunk Low", "title": "Nike SB Dunk Low Concepts Green Lobster (Special Box)", "urlKey": "nike-sb-dunk-low-concepts-green-lobster", "market": {"lowestAsk": 955, "salesThisPeriod": 0, "salesLastPeriod": 0, "highestBid": 1400, "volatility": 0.112137, "deadstockSold": 94, "pricePremium": 14, "averageDeadstockPrice": 1230, "lastSale": 1500, "changeValue": 250, "changePercentage": 0.2, "lastLowestAskTime": 1663804419, "lastHighestBidTime": 1663751602, "lastSaleDate": "2022-09-11T18:54:57+00:00"}, "objectID": "7415fbfe-b929-4a4a-9d49-94c29cefdd1a"}]}