{"Pagination": {"query": "nike dunk", "queryID": "23e0a591e7094a0e0557dc028c67d528", "index": "PRODUCTION_PG_FEATURED_DESC", "limit": 40, "page": 10, "total": 2034, "lastPage": "/api/v3/browse?_search=nike%20dunk&dataType=product&facetsToRetrieve=%7B%7D&filterVersion=4&page=25&propsToRetrieve=brand%2CchildId%2Ccolorway%2Ccondition%2Cdescription%2Cid%2Cmarket.averageDeadstockPrice%2Cmarket.bidAskData%2Cmarket.changePercentage%2Cmarket.changeValue%2Cmarket.deadstockSold%2Cmarket.highestBid%2Cmarket.lastHighestBidTime%2Cmarket.lastLowestAskTime%2Cmarket.lastSale%2Cmarket.lastSaleDate%2Cmarket.lastSaleValue%2Cmarket.lowestAsk%2Cmarket.pricePremium%2Cmarket.salesInformation%2Cmarket.salesLastPeriod%2Cmarket.salesThisPeriod%2Cmarket.volatility%2Cmedia.smallImageUrl%2Cmedia.thumbUrl%2CproductCategory%2CreleaseDate%2CretailPrice%2Cshoe%2Ctitle%2CurlKey%2Cuuid", "sort": ["featured"], "order": ["DESC"], "currentPage": "/api/v3/browse?_search=nike%20dunk&dataType=product&facetsToRetrieve=%7B%7D&filterVersion=4&page=10&propsToRetrieve=brand%2CchildId%2Ccolorway%2Ccondition%2Cdescription%2Cid%2Cmarket.averageDeadstockPrice%2Cmarket.bidAskData%2Cmarket.changePercentage%2Cmarket.changeValue%2Cmarket.deadstockSold%2Cmarket.highestBid%2Cmarket.lastHighestBidTime%2Cmarket.lastLowestAskTime%2Cmarket.lastSale%2Cmarket.lastSaleDate%2Cmarket.lastSaleValue%2Cmarket.lowestAsk%2Cmarket.pricePremium%2Cmarket.salesInformation%2Cmarket.salesLastPeriod%2Cmarket.salesThisPeriod%2Cmarket.volatility%2Cmedia.smallImageUrl%2Cmedia.thumbUrl%2CproductCategory%2CreleaseDate%2CretailPrice%2Cshoe%2Ctitle%2CurlKey%2Cuuid", "nextPage": "/api/v3/browse?_search=nike%20dunk&dataType=product&facetsToRetrieve=%7B%7D&filterVersion=4&page=11&propsToRetrieve=brand%2CchildId%2Ccolorway%2Ccondition%2Cdescription%2Cid%2Cmarket.averageDeadstockPrice%2Cmarket.bidAskData%2Cmarket.changePercentage%2Cmarket.changeValue%2Cmarket.deadstockSold%2Cmarket.highestBid%2Cmarket.lastHighestBidTime%2Cmarket.lastLowestAskTime%2Cmarket.lastSale%2Cmarket.lastSaleDate%2Cmarket.lastSaleValue%2Cmarket.lowestAsk%2Cmarket.pricePremium%2Cmarket.salesInformation%2Cmarket.salesLastPeriod%2Cmarket.salesThisPeriod%2Cmarket.volatility%2Cmedia.smallImageUrl%2Cmedia.thumbUrl%2CproductCategory%2CreleaseDate%2CretailPrice%2Cshoe%2Ctitle%2CurlKey%2Cuuid", "previousPage": "/api/v3/browse?_search=nike%20dunk&dataType=product&facetsToRetrieve=%7B%7D&filterVersion=4&page=9&propsToRetrieve=brand%2CchildId%2Ccolorway%2Ccondition%2Cdescription%2Cid%2Cmarket.averageDeadstockPrice%2Cmarket.bidAskData%2Cmarket.changePercentage%2Cmarket.changeValue%2Cmarket.deadstockSold%2Cmarket.highestBid%2Cmarket.lastHighestBidTime%2Cmarket.lastLowestAskTime%2Cmarket.lastSale%2Cmarket.lastSaleDate%2Cmarket.lastSaleValue%2Cmarket.lowestAsk%2Cmarket.pricePremium%2Cmarket.salesInformation%2Cmarket.salesLastPeriod%2Cmarket.salesThisPeriod%2Cmarket.volatility%2Cmedia.smallImageUrl%2Cmedia.thumbUrl%2CproductCategory%2CreleaseDate%2CretailPrice%2Cshoe%2Ctitle%2CurlKey%2Cuuid"}, "Facets": {}, "Products": [{"id": "f5ae9041-f41f-4c45-858b-b74b17b566c7", "uuid": "f5ae9041-f41f-4c45-858b-b74b17b566c7", "brand": "Nike", "childId": null, "colorway": "Sail/Neutral Grey", "condition": "New", "description": "", "media": {"smallImageUrl": "https://images.stockx.com/images/Nike-Dunk-Low-Off-White-Lot-8-Product.jpg?fit=fill&bg=FFFFFF&w=300&h=214&fm=webp&auto=compress&trim=color&q=90&dpr=2&updated_at=1630009022", "thumbUrl": "https://images.stockx.com/images/Nike-Dunk-Low-Off-White-Lot-8-Product.jpg?fit=fill&bg=FFFFFF&w=140&h=100&fm=webp&auto=compress&trim=color&q=90&dpr=2&updated_at=1630009022"}, "productCategory": "sneakers", "releaseDate": "2021-08-09", "retailPrice": 180, "shoe": "Nike Dunk Low", "title": "Nike Dunk Low Off-White Lot 8", "urlKey": "nike-dunk-low-off-white-lot-8", "market": {"lowestAsk": 430, "salesThisPeriod": 3, "salesLastPeriod": 0, "highestBid": 460, "volatility": 0.083575, "deadstockSold": 719, "pricePremium": 1.5, "averageDeadstockPrice": 415, "lastSale": 450, "changeValue": 42, "changePercentage": 0.102941, "lastLowestAskTime": 1662912790, "lastHighestBidTime": 1661380479, "lastSaleDate": "2022-09-19T00:35:52+00:00"}, "objectID": "f5ae9041-f41f-4c45-858b-b74b17b566c7"}, {"id": "bdaf4ec5-3754-4135-b298-257965a1a3fd", "uuid": "bdaf4ec5-3754-4135-b298-257965a1a3fd", "brand": "Nike", "colorway": "Sail/Neutral Grey-Habanero Red", "condition": "New", "description": "", "media": {"smallImageUrl": "https://images.stockx.com/images/Nike-Dunk-Low-Off-White-Lot-23-Product.jpg?fit=fill&bg=FFFFFF&w=300&h=214&fm=webp&auto=compress&trim=color&q=90&dpr=2&updated_at=1653402483", "thumbUrl": "https://images.stockx.com/images/Nike-Dunk-Low-Off-White-Lot-23-Product.jpg?fit=fill&bg=FFFFFF&w=140&h=100&fm=webp&auto=compress&trim=color&q=90&dpr=2&updated_at=1653402483"}, "productCategory": "sneakers", "releaseDate": "2021-08-09", "retailPrice": 180, "shoe": "Nike Dunk Low", "title": "Nike Dunk Low Off-White Lot 23", "urlKey": "nike-dunk-low-off-white-lot-23", "market": {"lowestAsk": 480, "salesThisPeriod": 2, "salesLastPeriod": 0, "highestBid": 771, "volatility": 0.165998, "deadstockSold": 966, "pricePremium": 1.672, "averageDeadstockPrice": 441, "lastSale": 481, "changeValue": 61, "changePercentage": 0.145238, "lastLowestAskTime": 1663623553, "lastHighestBidTime": 1663575224, "lastSaleDate": "2022-09-19T21:12:05+00:00"}, "objectID": "bdaf4ec5-3754-4135-b298-257965a1a3fd"}, {"id": "4fe880a0-3edc-447b-9d8a-815e3651bac3", "uuid": "4fe880a0-3edc-447b-9d8a-815e3651bac3", "brand": "Nike", "colorway": "Latte/Maroon/White-Khaki", "condition": "New", "description": "Nike adds the familiar shades of chocolate brown with a muted pink, with touches of pecan brown and latte cream white in the 2022 Nike Dunk Low Scrap Latte.\n<br>\n<br>\nThe Nike Dunk Low Scrap Latte comes constructed in a mix of mesh, leather, and suede materials detailed with patchwork overlays and exposed stitching. Branding takes the form of double Swooshes and Nike embroidery on the heel tab and tongue tag. A white midsole atop a beige rubber outsole completes the design.\n<br>\n<br>\nThe Nike Dunk Low Scrap Latte was released in May 2022 and retailed for $110.", "media": {"smallImageUrl": "https://images.stockx.com/images/Nike-Dunk-Low-Scrap-Latte-Product.jpg?fit=fill&bg=FFFFFF&w=300&h=214&fm=webp&auto=compress&trim=color&q=90&dpr=2&updated_at=1652121010", "thumbUrl": "https://images.stockx.com/images/Nike-Dunk-Low-Scrap-Latte-Product.jpg?fit=fill&bg=FFFFFF&w=140&h=100&fm=webp&auto=compress&trim=color&q=90&dpr=2&updated_at=1652121010"}, "productCategory": "sneakers", "releaseDate": "2022-05-01", "retailPrice": 110, "shoe": "Nike Dunk Low Scrap", "title": "Nike Dunk Low Scrap Latte", "urlKey": "nike-dunk-low-scrap-latte", "market": {"lowestAsk": 114, "salesThisPeriod": 7, "salesLastPeriod": 0, "highestBid": 156, "volatility": 0.113856, "deadstockSold": 1105, "pricePremium": 0.382, "averageDeadstockPrice": 144, "lastSale": 152, "changeValue": -23, "changePercentage": -0.135893, "lastLowestAskTime": 1663751827, "lastHighestBidTime": 1661285910, "lastSaleDate": "2022-09-20T22:35:14+00:00"}, "objectID": "4fe880a0-3edc-447b-9d8a-815e3651bac3"}, {"id": "0b5c87be-6893-4e19-bd56-f8c3940a5186", "uuid": "0b5c87be-6893-4e19-bd56-f8c3940a5186", "brand": "Nike", "childId": null, "colorway": "Sail/Neutral Grey", "condition": "New", "description": "", "media": {"smallImageUrl": "https://images.stockx.com/images/Nike-Dunk-Low-Off-White-Lot-6-Product.jpg?fit=fill&bg=FFFFFF&w=300&h=214&fm=webp&auto=compress&trim=color&q=90&dpr=2&updated_at=1630349994", "thumbUrl": "https://images.stockx.com/images/Nike-Dunk-Low-Off-White-Lot-6-Product.jpg?fit=fill&bg=FFFFFF&w=140&h=100&fm=webp&auto=compress&trim=color&q=90&dpr=2&updated_at=1630349994"}, "productCategory": "sneakers", "releaseDate": "2021-08-09", "retailPrice": 180, "shoe": "Nike Dunk Low", "title": "Nike Dunk Low Off-White Lot 6", "urlKey": "nike-dunk-low-off-white-lot-6", "market": {"lowestAsk": 460, "salesThisPeriod": 1, "salesLastPeriod": 0, "highestBid": 520, "volatility": 0.230481, "deadstockSold": 648, "pricePremium": 1.5, "averageDeadstockPrice": 447, "lastSale": 450, "changeValue": -80, "changePercentage": -0.150943, "lastLowestAskTime": 1663699732, "lastHighestBidTime": 1661166338, "lastSaleDate": "2022-09-21T04:25:24+00:00"}, "objectID": "0b5c87be-6893-4e19-bd56-f8c3940a5186"}, {"id": "0a5bba18-8df6-4808-82b4-664b1f33dc01", "uuid": "0a5bba18-8df6-4808-82b4-664b1f33dc01", "brand": "Nike", "colorway": "Sail/White Sea/Glass Seafoam", "condition": "New", "description": "The Nike Dunk Low Scrap Sea Glass features a reconstructed patchwork upper consisting of mesh, leather, suede, and canvas. Hits of grey and black are located around the collar and heel, offering subtle contrast to the tonal Sea Glass palette. From there, a white midsole with a gum outsole completes the design.\n<br>\n<br>\nThe Nike Dunk Low Scrap Sea Glass released in August of 2021 and retailed for $110.", "media": {"smallImageUrl": "https://images.stockx.com/images/Nike-Dunk-Low-Scrap-Sea-Glass-Product.jpg?fit=fill&bg=FFFFFF&w=300&h=214&fm=webp&auto=compress&trim=color&q=90&dpr=2&updated_at=1645556211", "thumbUrl": "https://images.stockx.com/images/Nike-Dunk-Low-Scrap-Sea-Glass-Product.jpg?fit=fill&bg=FFFFFF&w=140&h=100&fm=webp&auto=compress&trim=color&q=90&dpr=2&updated_at=1645556211"}, "productCategory": "sneakers", "releaseDate": "2021-08-12", "retailPrice": 110, "shoe": "Nike Dunk Low Scrap", "title": "Nike Dunk Low Scrap Sea Glass", "urlKey": "nike-dunk-low-scrap-sea-glass", "market": {"lowestAsk": 132, "salesThisPeriod": 4, "salesLastPeriod": 0, "highestBid": 180, "volatility": 0.124129, "deadstockSold": 6184, "pricePremium": 0.812, "averageDeadstockPrice": 176, "lastSale": 199, "changeValue": 67, "changePercentage": 0.498679, "lastLowestAskTime": 1662911061, "lastHighestBidTime": 1662577145, "lastSaleDate": "2022-09-18T22:20:13+00:00"}, "objectID": "0a5bba18-8df6-4808-82b4-664b1f33dc01"}, {"id": "b3c3c777-bd24-474d-8e95-318a657893d5", "uuid": "b3c3c777-bd24-474d-8e95-318a657893d5", "brand": "Nike", "colorway": "Sail/Vintage Green-Total Orange-White", "condition": "New", "description": "", "media": {"smallImageUrl": "https://images.stockx.com/images/nike-dunk-low-sail-multi-camo-ps-ver2.jpg?fit=fill&bg=FFFFFF&w=300&h=214&fm=webp&auto=compress&trim=color&q=90&dpr=2&updated_at=1628627283", "thumbUrl": "https://images.stockx.com/images/nike-dunk-low-sail-multi-camo-ps-ver2.jpg?fit=fill&bg=FFFFFF&w=140&h=100&fm=webp&auto=compress&trim=color&q=90&dpr=2&updated_at=1628627283"}, "productCategory": "sneakers", "releaseDate": "2021-08-11", "retailPrice": 80, "shoe": "Nike Dunk Low", "title": "Nike Dunk Low Sail Multi-Camo (PS)", "urlKey": "nike-dunk-low-sail-multi-camo-ps", "market": {"lowestAsk": 98, "salesThisPeriod": 2, "salesLastPeriod": 0, "highestBid": 135, "volatility": 0.193892, "deadstockSold": 1202, "pricePremium": 0.213, "averageDeadstockPrice": 121, "lastSale": 97, "changeValue": -48, "changePercentage": -0.331034, "lastLowestAskTime": 1663497797, "lastHighestBidTime": 1663451828, "lastSaleDate": "2022-09-17T20:35:32+00:00"}, "objectID": "b3c3c777-bd24-474d-8e95-318a657893d5"}, {"id": "db1cd064-122f-4317-9d50-a10af849eee9", "uuid": "db1cd064-122f-4317-9d50-a10af849eee9", "brand": "Nike", "colorway": "Sail/Neutral Grey-Washed Coral", "condition": "New", "description": "", "media": {"smallImageUrl": "https://images.stockx.com/images/Nike-Dunk-Low-Off-White-Lot-24-Product.jpg?fit=fill&bg=FFFFFF&w=300&h=214&fm=webp&auto=compress&trim=color&q=90&dpr=2&updated_at=1644576969", "thumbUrl": "https://images.stockx.com/images/Nike-Dunk-Low-Off-White-Lot-24-Product.jpg?fit=fill&bg=FFFFFF&w=140&h=100&fm=webp&auto=compress&trim=color&q=90&dpr=2&updated_at=1644576969"}, "productCategory": "sneakers", "releaseDate": "2021-08-09", "retailPrice": 180, "shoe": "Nike Dunk Low", "title": "Nike Dunk Low Off-White Lot 24", "urlKey": "nike-dunk-low-off-white-lot-24", "market": {"lowestAsk": 443, "salesThisPeriod": 1, "salesLastPeriod": 0, "highestBid": 600, "volatility": 0.137712, "deadstockSold": 958, "pricePremium": 1.344, "averageDeadstockPrice": 438, "lastSale": 422, "changeValue": -117, "changePercentage": -0.218155, "lastLowestAskTime": 1663678951, "lastHighestBidTime": 1661577302, "lastSaleDate": "2022-09-19T19:43:06+00:00"}, "objectID": "db1cd064-122f-4317-9d50-a10af849eee9"}, {"id": "ebb62080-b901-44c3-9c89-07de291e9c2d", "uuid": "ebb62080-b901-44c3-9c89-07de291e9c2d", "brand": "Nike", "colorway": "White/Black-University Red", "condition": "New", "description": "", "media": {"smallImageUrl": "https://images.stockx.com/images/Nike-Dunk-High-Panda-GS-2021-Product.jpg?fit=fill&bg=FFFFFF&w=300&h=214&fm=webp&auto=compress&trim=color&q=90&dpr=2&updated_at=1627326554", "thumbUrl": "https://images.stockx.com/images/Nike-Dunk-High-Panda-GS-2021-Product.jpg?fit=fill&bg=FFFFFF&w=140&h=100&fm=webp&auto=compress&trim=color&q=90&dpr=2&updated_at=1627326554"}, "productCategory": "sneakers", "releaseDate": "2021-05-28", "retailPrice": 90, "shoe": "Nike Dunk High", "title": "Nike Dunk High Panda (GS) (2021)", "urlKey": "nike-dunk-high-panda-gs-2021", "market": {"lowestAsk": 179, "salesThisPeriod": 1, "salesLastPeriod": 0, "highestBid": 160, "volatility": 0.097343, "deadstockSold": 1633, "pricePremium": 1.044, "averageDeadstockPrice": 185, "lastSale": 184, "changeValue": 24, "changePercentage": 0.15, "lastLowestAskTime": 1663753298, "lastHighestBidTime": 1663792159, "lastSaleDate": "2022-09-20T01:38:51+00:00"}, "objectID": "ebb62080-b901-44c3-9c89-07de291e9c2d"}, {"id": "165a403f-0cf7-4931-81ff-92e14e9fc4a7", "uuid": "165a403f-0cf7-4931-81ff-92e14e9fc4a7", "brand": "Nike", "colorway": "Black/Racer Blue-Grey Fog-Orange", "condition": "New", "description": "The Nike Dunk Low EMB NBA Diamond Anniversary Knicks have black shoelaces and a black tongue, with the shoe\u2019s logo in gray at the top of the tongue.\n<br>\n<br>\nThis pair of shoes has a black sole and base that sits next to the white midsole. A mixture of smooth and pebbled leather is used on the body. Splashes of red can be found near the toes, while the Nike swoosh symbol and accents on the heel are blue. Gray accents are included on the sides.\n<br>\n<br>\nThe Nike Dunk Low EMB NBA Diamond Anniversary Knicks had a first release date of October 2021. This pair of shoes was released for $100.", "media": {"smallImageUrl": "https://images.stockx.com/images/Nike-Dunk-Low-EMB-NBA-Diamond-Anniversary-Knicks-Product.jpg?fit=fill&bg=FFFFFF&w=300&h=214&fm=webp&auto=compress&trim=color&q=90&dpr=2&updated_at=1660201851", "thumbUrl": "https://images.stockx.com/images/Nike-Dunk-Low-EMB-NBA-Diamond-Anniversary-Knicks-Product.jpg?fit=fill&bg=FFFFFF&w=140&h=100&fm=webp&auto=compress&trim=color&q=90&dpr=2&updated_at=1660201851"}, "productCategory": "sneakers", "releaseDate": "2022-02-01", "retailPrice": 110, "shoe": "Nike Dunk Low EMB", "title": "Nike Dunk Low EMB NBA 75th Anniversary Knicks", "urlKey": "nike-dunk-low-emb-nba-diamond-anniversary-knicks", "market": {"lowestAsk": 106, "salesThisPeriod": 16, "salesLastPeriod": 0, "highestBid": 130, "volatility": 0.087453, "deadstockSold": 4051, "pricePremium": 0.155, "averageDeadstockPrice": 140, "lastSale": 127, "changeValue": -11, "changePercentage": -0.07971, "lastLowestAskTime": 1663660137, "lastHighestBidTime": 1663768882, "lastSaleDate": "2022-09-21T14:00:33+00:00"}, "objectID": "165a403f-0cf7-4931-81ff-92e14e9fc4a7"}, {"id": "04065105-01bf-4825-828c-0ddf5f354997", "uuid": "04065105-01bf-4825-828c-0ddf5f354997", "brand": "Nike", "colorway": "Medium Soft Pink/Black-Coconut Milk-Pink Glaze", "condition": "New", "description": "", "media": {"smallImageUrl": "https://images.stockx.com/images/Nike-Dunk-High-Hoops-Pack-Pink-W.jpg?fit=fill&bg=FFFFFF&w=300&h=214&fm=webp&auto=compress&trim=color&q=90&dpr=2&updated_at=1660598459", "thumbUrl": "https://images.stockx.com/images/Nike-Dunk-High-Hoops-Pack-Pink-W.jpg?fit=fill&bg=FFFFFF&w=140&h=100&fm=webp&auto=compress&trim=color&q=90&dpr=2&updated_at=1660598459"}, "productCategory": "sneakers", "releaseDate": "", "retailPrice": 130, "shoe": "Nike Dunk High", "title": "Nike Dunk High Hoops Pack Pink (W)", "urlKey": "nike-dunk-high-hoops-pack-pink-w", "market": {"lowestAsk": 120, "salesThisPeriod": 9, "salesLastPeriod": 0, "highestBid": 141, "volatility": 0.086973, "deadstockSold": 129, "pricePremium": 0.162, "averageDeadstockPrice": 142, "lastSale": 151, "changeValue": 16, "changePercentage": 0.118519, "lastLowestAskTime": 1663733438, "lastHighestBidTime": 1662032194, "lastSaleDate": "2022-09-21T07:44:37+00:00"}, "objectID": "04065105-01bf-4825-828c-0ddf5f354997"}, {"id": "25de4d2d-a981-4708-80e3-e334dea896f5", "uuid": "25de4d2d-a981-4708-80e3-e334dea896f5", "brand": "Nike", "childId": null, "colorway": "Sail/Neutral Grey-Vapor Green", "condition": "New", "description": "", "media": {"smallImageUrl": "https://images.stockx.com/images/Nike-Dunk-Low-Off-White-Lot-7-Product.jpg?fit=fill&bg=FFFFFF&w=300&h=214&fm=webp&auto=compress&trim=color&q=90&dpr=2&updated_at=1629920362", "thumbUrl": "https://images.stockx.com/images/Nike-Dunk-Low-Off-White-Lot-7-Product.jpg?fit=fill&bg=FFFFFF&w=140&h=100&fm=webp&auto=compress&trim=color&q=90&dpr=2&updated_at=1629920362"}, "productCategory": "sneakers", "releaseDate": "2021-08-09", "retailPrice": 180, "shoe": "Nike Dunk Low", "title": "Nike Dunk Low Off-White Lot 7", "urlKey": "nike-dunk-low-off-white-lot-7", "market": {"lowestAsk": 465, "salesThisPeriod": 3, "salesLastPeriod": 0, "highestBid": 500, "volatility": 0.103525, "deadstockSold": 625, "pricePremium": 1.472, "averageDeadstockPrice": 464, "lastSale": 445, "changeValue": -40, "changePercentage": -0.082474, "lastLowestAskTime": 1663081072, "lastHighestBidTime": 1662803623, "lastSaleDate": "2022-09-20T19:23:37+00:00"}, "objectID": "25de4d2d-a981-4708-80e3-e334dea896f5"}, {"id": "56090d04-2bdf-4061-9932-3d3def1b63b7", "uuid": "56090d04-2bdf-4061-9932-3d3def1b63b7", "brand": "Nike", "colorway": "Sail/Neutral Grey-Hyper Violet", "condition": "New", "description": "", "media": {"smallImageUrl": "https://images.stockx.com/images/Nike-Dunk-Low-Off-White-Lot-21-Product.jpg?fit=fill&bg=FFFFFF&w=300&h=214&fm=webp&auto=compress&trim=color&q=90&dpr=2&updated_at=1633366246", "thumbUrl": "https://images.stockx.com/images/Nike-Dunk-Low-Off-White-Lot-21-Product.jpg?fit=fill&bg=FFFFFF&w=140&h=100&fm=webp&auto=compress&trim=color&q=90&dpr=2&updated_at=1633366246"}, "productCategory": "sneakers", "releaseDate": "2021-08-09", "retailPrice": 180, "shoe": "Nike Dunk Low", "title": "Nike Dunk Low Off-White Lot 21", "urlKey": "nike-dunk-low-off-white-lot-21", "market": {"lowestAsk": 443, "salesThisPeriod": 1, "salesLastPeriod": 0, "highestBid": 614, "volatility": 0.119944, "deadstockSold": 791, "pricePremium": 2.583, "averageDeadstockPrice": 455, "lastSale": 645, "changeValue": 265, "changePercentage": 0.697368, "lastLowestAskTime": 1663801132, "lastHighestBidTime": 1663424909, "lastSaleDate": "2022-09-20T22:44:32+00:00"}, "objectID": "56090d04-2bdf-4061-9932-3d3def1b63b7"}, {"id": "37f0d497-c029-4109-9d2e-cf6491c10016", "uuid": "37f0d497-c029-4109-9d2e-cf6491c10016", "brand": "Nike", "colorway": "Sport Red/Pink Clay", "condition": "New", "description": "", "media": {"smallImageUrl": "https://images.stockx.com/images/Nike-Dunk-SB-Low-Red-Lobster-Product.jpg?fit=fill&bg=FFFFFF&w=300&h=214&fm=webp&auto=compress&trim=color&q=90&dpr=2&updated_at=1607046629", "thumbUrl": "https://images.stockx.com/images/Nike-Dunk-SB-Low-Red-Lobster-Product.jpg?fit=fill&bg=FFFFFF&w=140&h=100&fm=webp&auto=compress&trim=color&q=90&dpr=2&updated_at=1607046629"}, "productCategory": "sneakers", "releaseDate": "2008-05-31", "retailPrice": 125, "shoe": "Nike SB Dunk Low", "title": "Nike SB Dunk Low Concepts Red Lobster", "urlKey": "nike-dunk-sb-low-red-lobster", "market": {"lowestAsk": 2525, "salesThisPeriod": 0, "salesLastPeriod": 0, "highestBid": 2250, "volatility": 0.313869, "deadstockSold": 18, "pricePremium": 17, "averageDeadstockPrice": 2513, "lastSale": 2250, "changeValue": -155, "changePercentage": -0.064697, "lastLowestAskTime": 1662455023, "lastHighestBidTime": 1663570102, "lastSaleDate": "2022-09-16T11:02:38+00:00"}, "objectID": "37f0d497-c029-4109-9d2e-cf6491c10016"}, {"id": "0ca38742-2611-459f-b1e5-c5a75ad5da6e", "uuid": "0ca38742-2611-459f-b1e5-c5a75ad5da6e", "brand": "Nike", "colorway": "Orange/Orange-White", "condition": "New", "description": "", "media": {"smallImageUrl": "https://stockx-assets.imgix.net/media/Product-Placeholder-Default-20210415.jpg?fit=fill&bg=FFFFFF&w=300&h=214&fm=webp&auto=compress&trim=color&q=90&dpr=2&updated_at=0", "thumbUrl": "https://stockx-assets.imgix.net/media/Product-Placeholder-Default-20210415.jpg?fit=fill&bg=FFFFFF&w=140&h=100&fm=webp&auto=compress&trim=color&q=90&dpr=2&updated_at=0"}, "productCategory": "sneakers", "releaseDate": "", "retailPrice": 0, "shoe": "Nike SB Dunk Low", "title": "Nike SB Dunk Low Concepts Orange Lobster", "urlKey": "nike-sb-dunk-low-concepts-orange-lobster", "market": {"lowestAsk": 2500, "salesThisPeriod": 1, "salesLastPeriod": 0, "highestBid": 1151, "volatility": 0, "deadstockSold": 1, "pricePremium": 0, "averageDeadstockPrice": 1151, "lastSale": 1151, "changeValue": 0, "changePercentage": 0, "lastLowestAskTime": 1662593989, "lastHighestBidTime": 1663619715, "lastSaleDate": "2022-09-16T20:48:06+00:00"}, "objectID": "0ca38742-2611-459f-b1e5-c5a75ad5da6e"}, {"id": "3296f7cc-565a-4964-ada0-eeded2fc719a", "uuid": "3296f7cc-565a-4964-ada0-eeded2fc719a", "brand": "Nike", "colorway": "Mean Green/Metallic Gold-White", "condition": "New", "description": "Supreme and Nike SB added a new SB Dunk Low to their catalog with the Nike SB Dunk Low Supreme Mean Green. The design is inspired by one of the most renowned SB Dunk Highs of all time, the 2003 Nike SB Dunk High Supreme. The 2021 SB Dunk Low flips the original with a new color palette and shape.\n<br>\n<br>\nThe upper of the Nike SB Dunk Low Supreme Mean Green is constructed of white leather with Mean Green faux croc skin overlays and gold stars printed on the center side panel. Nike branding is prominent on the signature Nike SB overstuffed tongue and heel patch. A gold metallic Supreme deubr\u00e9, white midsole, and Mean Green outsole complete the design.\n<br>\n<br>\nThe Nike SB Dunk Low Supreme Mean Green released in March of 2021 and retailed for $110.", "media": {"smallImageUrl": "https://images.stockx.com/images/Nike-SB-Dunk-Low-Supreme-Mean-Grean-Product.jpg?fit=fill&bg=FFFFFF&w=300&h=214&fm=webp&auto=compress&trim=color&q=90&dpr=2&updated_at=1615495677", "thumbUrl": "https://images.stockx.com/images/Nike-SB-Dunk-Low-Supreme-Mean-Grean-Product.jpg?fit=fill&bg=FFFFFF&w=140&h=100&fm=webp&auto=compress&trim=color&q=90&dpr=2&updated_at=1615495677"}, "productCategory": "sneakers", "releaseDate": "2021-03-04", "retailPrice": 110, "shoe": "Nike SB Dunk Low", "title": "Nike SB Dunk Low Supreme Stars Mean Green (2021)", "urlKey": "nike-sb-dunk-low-supreme-mean-green", "market": {"lowestAsk": 881, "salesThisPeriod": 0, "salesLastPeriod": 0, "highestBid": 884, "volatility": 0.100293, "deadstockSold": 297, "pricePremium": 7.364, "averageDeadstockPrice": 1062, "lastSale": 920, "changeValue": -157, "changePercentage": -0.145775, "lastLowestAskTime": 1663756791, "lastHighestBidTime": 1663187915, "lastSaleDate": "2022-09-18T02:28:38+00:00"}, "objectID": "3296f7cc-565a-4964-ada0-eeded2fc719a"}, {"id": "d82c06c3-7c73-447b-910f-b0f7ebfafe82", "uuid": "d82c06c3-7c73-447b-910f-b0f7ebfafe82", "brand": "Nike", "colorway": "Black/White-Red-Blue", "condition": "New", "description": "", "media": {"smallImageUrl": "https://images.stockx.com/images/Nike-Dunk-Low-South-Korea-Product.jpg?fit=fill&bg=FFFFFF&w=300&h=214&fm=webp&auto=compress&trim=color&q=90&dpr=2&updated_at=1634921137", "thumbUrl": "https://images.stockx.com/images/Nike-Dunk-Low-South-Korea-Product.jpg?fit=fill&bg=FFFFFF&w=140&h=100&fm=webp&auto=compress&trim=color&q=90&dpr=2&updated_at=1634921137"}, "productCategory": "sneakers", "releaseDate": "2021-08-12", "retailPrice": 110, "shoe": "Nike Dunk Low", "title": "Nike Dunk Low Seoul", "urlKey": "nike-dunk-low-south-korea", "market": {"lowestAsk": 222, "salesThisPeriod": 2, "salesLastPeriod": 0, "highestBid": 366, "volatility": 0.256497, "deadstockSold": 1437, "pricePremium": 2.3, "averageDeadstockPrice": 275, "lastSale": 363, "changeValue": 117, "changePercentage": 0.473896, "lastLowestAskTime": 1663757350, "lastHighestBidTime": 1663732774, "lastSaleDate": "2022-09-20T16:51:50+00:00"}, "objectID": "d82c06c3-7c73-447b-910f-b0f7ebfafe82"}, {"id": "cbca897f-4b37-4974-bc96-a91e0f98e010", "uuid": "cbca897f-4b37-4974-bc96-a91e0f98e010", "brand": "NIke", "colorway": "Phantom/Stadium Green/Sail/Black", "condition": "New", "description": "", "media": {"smallImageUrl": "https://images.stockx.com/images/Nike-Dunk-High-SE-Stadium-Green-Product.jpg?fit=fill&bg=FFFFFF&w=300&h=214&fm=webp&auto=compress&trim=color&q=90&dpr=2&updated_at=1660746888", "thumbUrl": "https://images.stockx.com/images/Nike-Dunk-High-SE-Stadium-Green-Product.jpg?fit=fill&bg=FFFFFF&w=140&h=100&fm=webp&auto=compress&trim=color&q=90&dpr=2&updated_at=1660746888"}, "productCategory": "sneakers", "releaseDate": "", "retailPrice": 120, "shoe": "Nike Dunk High SE", "title": "Nike Dunk High SE Stadium Green", "urlKey": "nike-dunk-high-se-stadium-green", "market": {"lowestAsk": 136, "salesThisPeriod": 4, "salesLastPeriod": 0, "highestBid": 150, "volatility": 0.062919, "deadstockSold": 52, "pricePremium": 0.274, "averageDeadstockPrice": 177, "lastSale": 153, "changeValue": 18, "changePercentage": 0.132716, "lastLowestAskTime": 1663793964, "lastHighestBidTime": 1662998776, "lastSaleDate": "2022-09-20T22:08:14+00:00"}, "objectID": "cbca897f-4b37-4974-bc96-a91e0f98e010"}, {"id": "15ae874e-08ad-4689-9af4-0d71ff106305", "uuid": "15ae874e-08ad-4689-9af4-0d71ff106305", "brand": "Nike", "childId": null, "colorway": "Multi-Color/Midnight Turquoise-Cardinal Red-Lemon Wash", "condition": "New", "description": "Nike added a psychedelic new look to the Dunk Low catalog with the unique Nike Dunk Low Community Garden, now available on StockX. Also known as the Nike Dunk Lemon Wash, this colorway follows a similar theme that the Nike Space Hippie collection is known for.\n<br>\n<br>\nThe Nike Dunk Low Community Garden features a dyed and printed patchworked canvas upper with hits of red, teal, and gold on the toe box, Swoosh, and heel tab. The design\u2019s patchwork graphics are applied in a random pattern so that each pair appears as a one-of-one. A white midsole and Grind Rubber outsole, which is primarily featured in the Space Hippie collection, add the finishing touches.\n<br>\n<brr>\nThese sneakers released in September of 2020 and retailed for $100.", "media": {"smallImageUrl": "https://images.stockx.com/images/Nike-Dunk-Low-Lemon-Wash-Product.jpg?fit=fill&bg=FFFFFF&w=300&h=214&fm=webp&auto=compress&trim=color&q=90&dpr=2&updated_at=1607046180", "thumbUrl": "https://images.stockx.com/images/Nike-Dunk-Low-Lemon-Wash-Product.jpg?fit=fill&bg=FFFFFF&w=140&h=100&fm=webp&auto=compress&trim=color&q=90&dpr=2&updated_at=1607046180"}, "productCategory": "sneakers", "releaseDate": "2020-09-10", "retailPrice": 100, "shoe": "Nike Dunk Low", "title": "Nike Dunk Low Community Garden", "urlKey": "nike-dunk-low-lemon-wash", "market": {"lowestAsk": 302, "salesThisPeriod": 2, "salesLastPeriod": 0, "highestBid": 352, "volatility": 0.113964, "deadstockSold": 760, "pricePremium": 2.19, "averageDeadstockPrice": 383, "lastSale": 319, "changeValue": -51, "changePercentage": -0.137838, "lastLowestAskTime": 1663740955, "lastHighestBidTime": 1663187611, "lastSaleDate": "2022-09-20T19:01:54+00:00"}, "objectID": "15ae874e-08ad-4689-9af4-0d71ff106305"}, {"id": "98e9621e-87d1-4777-81be-d53aa49b85cc", "uuid": "98e9621e-87d1-4777-81be-d53aa49b85cc", "brand": "Nike", "childId": null, "colorway": "Grey/Black-White", "condition": "New", "description": "", "media": {"smallImageUrl": "https://images.stockx.com/images/Nike-SB-Dunk-Low-VX1000-Product.jpg?fit=fill&bg=FFFFFF&w=300&h=214&fm=webp&auto=compress&trim=color&q=90&dpr=2&updated_at=1615922545", "thumbUrl": "https://images.stockx.com/images/Nike-SB-Dunk-Low-VX1000-Product.jpg?fit=fill&bg=FFFFFF&w=140&h=100&fm=webp&auto=compress&trim=color&q=90&dpr=2&updated_at=1615922545"}, "productCategory": "sneakers", "releaseDate": "2021-02-20", "retailPrice": 110, "shoe": "Nike SB Dunk Low", "title": "Nike SB Dunk Low VX1000", "urlKey": "nike-sb-dunk-low-vx1000", "market": {"lowestAsk": 369, "salesThisPeriod": 2, "salesLastPeriod": 0, "highestBid": 426, "volatility": 0.10941, "deadstockSold": 516, "pricePremium": 2.54, "averageDeadstockPrice": 443, "lastSale": 389, "changeValue": -60, "changePercentage": -0.134652, "lastLowestAskTime": 1663559998, "lastHighestBidTime": 1662968907, "lastSaleDate": "2022-09-18T15:44:38+00:00"}, "objectID": "98e9621e-87d1-4777-81be-d53aa49b85cc"}, {"id": "20a9eb4b-f1e3-4eef-9289-4e22f8592043", "uuid": "20a9eb4b-f1e3-4eef-9289-4e22f8592043", "brand": "Nike", "colorway": "Sail/Football Grey-Pale Ivory", "condition": "New", "description": "The Nike Dunk High Sail Football Grey for women (W) comes in a neutral look thanks to its retro basketball construction. The Nike Dunk High Sail Football Grey (W) upper is crafted from white leather and finished off in an off-white base, on which rests several subtle pale blue overlays that match the Swoosh branding. The perforated toe box provides breathability, while the padded mesh collar and nylon tongue deliver a comfortable fit. The cream midsole supports your feet, and the concentric rubber outsole offers traction.\n<br>\n<br>\nThe Nike Dunk High Sail Football Grey (W) was released in February 2021 and retailed for $125.", "media": {"smallImageUrl": "https://images.stockx.com/images/Nike-Dunk-High-Sail-Football-Grey-W-Product.jpg?fit=fill&bg=FFFFFF&w=300&h=214&fm=webp&auto=compress&trim=color&q=90&dpr=2&updated_at=1615920386", "thumbUrl": "https://images.stockx.com/images/Nike-Dunk-High-Sail-Football-Grey-W-Product.jpg?fit=fill&bg=FFFFFF&w=140&h=100&fm=webp&auto=compress&trim=color&q=90&dpr=2&updated_at=1615920386"}, "productCategory": "sneakers", "releaseDate": "2021-02-25", "retailPrice": 125, "shoe": "Nike Dunk High", "title": "Nike Dunk High Sail Football Grey (W)", "urlKey": "nike-dunk-high-sail-pale-ivory-w", "market": {"lowestAsk": 132, "salesThisPeriod": 10, "salesLastPeriod": 0, "highestBid": 185, "volatility": 0.120314, "deadstockSold": 2604, "pricePremium": 0.396, "averageDeadstockPrice": 188, "lastSale": 174, "changeValue": 48, "changePercentage": 0.37372, "lastLowestAskTime": 1663402449, "lastHighestBidTime": 1663720770, "lastSaleDate": "2022-09-21T17:17:41+00:00"}, "objectID": "20a9eb4b-f1e3-4eef-9289-4e22f8592043"}, {"id": "fcfdf32b-d09c-4a46-a939-6264a5dcb1cc", "uuid": "fcfdf32b-d09c-4a46-a939-6264a5dcb1cc", "brand": "Nike", "colorway": "White/Coconut Milk/Rough Green/Black", "condition": "New", "description": "", "media": {"smallImageUrl": "https://images.stockx.com/images/Nike-Dunk-Low-Olive-Leopard-GS.jpg?fit=fill&bg=FFFFFF&w=300&h=214&fm=webp&auto=compress&trim=color&q=90&dpr=2&updated_at=1652990423", "thumbUrl": "https://images.stockx.com/images/Nike-Dunk-Low-Olive-Leopard-GS.jpg?fit=fill&bg=FFFFFF&w=140&h=100&fm=webp&auto=compress&trim=color&q=90&dpr=2&updated_at=1652990423"}, "productCategory": "sneakers", "releaseDate": "2022-09-22", "retailPrice": 100, "shoe": "Nike Dunk Low", "title": "Nike Dunk Low Olive Leopard (GS)", "urlKey": "nike-dunk-low-olive-leopard-gs", "market": {"lowestAsk": 115, "salesThisPeriod": 12, "salesLastPeriod": 0, "highestBid": 120, "volatility": 0.117782, "deadstockSold": 134, "pricePremium": 0.16, "averageDeadstockPrice": 117, "lastSale": 116, "changeValue": -34, "changePercentage": -0.226909, "lastLowestAskTime": 1663767955, "lastHighestBidTime": 1663753088, "lastSaleDate": "2022-09-21T16:47:15+00:00"}, "objectID": "fcfdf32b-d09c-4a46-a939-6264a5dcb1cc"}, {"id": "ab79131e-5cd9-455f-9ac7-678becb3154b", "uuid": "ab79131e-5cd9-455f-9ac7-678becb3154b", "brand": "Nike", "colorway": "Safari/Baroque Brown-Altitude Green", "condition": "New", "description": "", "media": {"smallImageUrl": "https://images.stockx.com/images/Nike-Dunk-SB-Low-De-La-Soul-2015-Product.jpg?fit=fill&bg=FFFFFF&w=300&h=214&fm=webp&auto=compress&trim=color&q=90&dpr=2&updated_at=1607055511", "thumbUrl": "https://images.stockx.com/images/Nike-Dunk-SB-Low-De-La-Soul-2015-Product.jpg?fit=fill&bg=FFFFFF&w=140&h=100&fm=webp&auto=compress&trim=color&q=90&dpr=2&updated_at=1607055511"}, "productCategory": "sneakers", "releaseDate": "2015-05-16", "retailPrice": 135, "shoe": "Nike SB Dunk Low", "title": "Nike SB Dunk Low De La Soul (2015)", "urlKey": "nike-dunk-sb-low-de-la-soul-low", "market": {"lowestAsk": 525, "salesThisPeriod": 2, "salesLastPeriod": 0, "highestBid": 561, "volatility": 0.222067, "deadstockSold": 213, "pricePremium": 2.704, "averageDeadstockPrice": 551, "lastSale": 500, "changeValue": -150, "changePercentage": -0.230769, "lastLowestAskTime": 1663568750, "lastHighestBidTime": 1663621326, "lastSaleDate": "2022-09-20T02:28:41+00:00"}, "objectID": "ab79131e-5cd9-455f-9ac7-678becb3154b"}, {"id": "c446db11-28ee-4446-8eb1-69a01abf6c62", "uuid": "c446db11-28ee-4446-8eb1-69a01abf6c62", "brand": "Nike", "colorway": "Sunset Pulse/Silver-Purple Pulse", "condition": "New", "description": "Dressed in mismatched colors, the women's Nike Dunk Low Sunset Pulse (W) is constructed of a mix of metallic leather and suede. Metallic silver tongue labels and heel tabs offer the design\u2019s only points of symmetry.\n\nThe women's Nike Dunk Low Sunset Pulse (W) released in June of 2021 and retailed for $100.", "media": {"smallImageUrl": "https://images.stockx.com/images/Nike-Dunk-Low-Sunset-Pulse-W-Product.jpg?fit=fill&bg=FFFFFF&w=300&h=214&fm=webp&auto=compress&trim=color&q=90&dpr=2&updated_at=1642765088", "thumbUrl": "https://images.stockx.com/images/Nike-Dunk-Low-Sunset-Pulse-W-Product.jpg?fit=fill&bg=FFFFFF&w=140&h=100&fm=webp&auto=compress&trim=color&q=90&dpr=2&updated_at=1642765088"}, "productCategory": "sneakers", "releaseDate": "2021-06-10", "retailPrice": 100, "shoe": "Nike Dunk Low", "title": "Nike Dunk Low Sunset Pulse (W)", "urlKey": "nike-dunk-low-sunset-pulse-w", "market": {"lowestAsk": 139, "salesThisPeriod": 5, "salesLastPeriod": 0, "highestBid": 188, "volatility": 0.198602, "deadstockSold": 4102, "pricePremium": 0.4, "averageDeadstockPrice": 161, "lastSale": 140, "changeValue": -59, "changePercentage": -0.296482, "lastLowestAskTime": 1663674155, "lastHighestBidTime": 1663176312, "lastSaleDate": "2022-09-21T18:01:55+00:00"}, "objectID": "c446db11-28ee-4446-8eb1-69a01abf6c62"}, {"id": "d0dd9f88-bf11-4174-8b48-8b55d6efe1ed", "uuid": "d0dd9f88-bf11-4174-8b48-8b55d6efe1ed", "brand": "Nike", "colorway": "Sail/Pearl White/Desert Sand", "condition": "New", "description": "", "media": {"smallImageUrl": "https://images.stockx.com/images/Nike-Dunk-Low-Disrupt-Sail-Desert-Sand-W-Product.jpg?fit=fill&bg=FFFFFF&w=300&h=214&fm=webp&auto=compress&trim=color&q=90&dpr=2&updated_at=1624633345", "thumbUrl": "https://images.stockx.com/images/Nike-Dunk-Low-Disrupt-Sail-Desert-Sand-W-Product.jpg?fit=fill&bg=FFFFFF&w=140&h=100&fm=webp&auto=compress&trim=color&q=90&dpr=2&updated_at=1624633345"}, "productCategory": "sneakers", "releaseDate": "", "retailPrice": 110, "shoe": "Nike Dunk Low Disrupt", "title": "Nike Dunk Low Disrupt Sail Desert Sand (W)", "urlKey": "nike-dunk-low-disrupt-sail-desert-sand-w", "market": {"lowestAsk": 230, "salesThisPeriod": 3, "salesLastPeriod": 0, "highestBid": 260, "volatility": 0.194867, "deadstockSold": 396, "pricePremium": 1.83, "averageDeadstockPrice": 324, "lastSale": 311, "changeValue": -66, "changePercentage": -0.1765, "lastLowestAskTime": 1662675593, "lastHighestBidTime": 1663766091, "lastSaleDate": "2022-09-21T17:06:16+00:00"}, "objectID": "d0dd9f88-bf11-4174-8b48-8b55d6efe1ed"}, {"id": "cd5e9c73-b5ae-46c3-8270-d9d919d8e01d", "uuid": "cd5e9c73-b5ae-46c3-8270-d9d919d8e01d", "brand": "Nike", "colorway": "Summit White/Black-Oil Green-Rattan", "condition": "New", "description": "The women\u2019s exclusive Nike Dunk High Next Nature Summit White (W) features a multicolor quilted upper with fleece lining and suede eyestays. From there, a black Swoosh and brown speckled outsole completes the design. This product is waste-conscious, as 20% of the design by weight is made of recycled material.\n<br>\n<br>\nThe women's Nike Dunk High Next Nature Summit White (W) released in November of 2021 and retailed for $120.", "media": {"smallImageUrl": "https://images.stockx.com/images/Nike-Dunk-High-Next-Nature-Summit-White-W-Product.jpg?fit=fill&bg=FFFFFF&w=300&h=214&fm=webp&auto=compress&trim=color&q=90&dpr=2&updated_at=1636047129", "thumbUrl": "https://images.stockx.com/images/Nike-Dunk-High-Next-Nature-Summit-White-W-Product.jpg?fit=fill&bg=FFFFFF&w=140&h=100&fm=webp&auto=compress&trim=color&q=90&dpr=2&updated_at=1636047129"}, "productCategory": "sneakers", "releaseDate": "2021-11-03", "retailPrice": 130, "shoe": "Nike Dunk High", "title": "Nike Dunk High Next Nature Summit White (W)", "urlKey": "nike-dunk-high-next-nature-summit-white-w", "market": {"lowestAsk": 82, "salesThisPeriod": 16, "salesLastPeriod": 0, "highestBid": 175, "volatility": 0.344359, "deadstockSold": 7451, "pricePremium": -0.068, "averageDeadstockPrice": 165, "lastSale": 121, "changeValue": 35, "changePercentage": 0.392152, "lastLowestAskTime": 1663751643, "lastHighestBidTime": 1663764533, "lastSaleDate": "2022-09-21T13:32:30+00:00"}, "objectID": "cd5e9c73-b5ae-46c3-8270-d9d919d8e01d"}, {"id": "e8882321-5528-4841-a5fa-5cbf578cc55d", "uuid": "e8882321-5528-4841-a5fa-5cbf578cc55d", "brand": "Nike", "childId": null, "colorway": "White/Black-Trail End Brown", "condition": "New", "description": "", "media": {"smallImageUrl": "https://images.stockx.com/images/Nike-SB-Dunk-Low-White-Black-Trail-End-Brown.png?fit=fill&bg=FFFFFF&w=300&h=214&fm=webp&auto=compress&trim=color&q=90&dpr=2&updated_at=1607056018", "thumbUrl": "https://images.stockx.com/images/Nike-SB-Dunk-Low-White-Black-Trail-End-Brown.png?fit=fill&bg=FFFFFF&w=140&h=100&fm=webp&auto=compress&trim=color&q=90&dpr=2&updated_at=1607056018"}, "productCategory": "sneakers", "releaseDate": "2007-06-01", "retailPrice": 100, "shoe": "Nike SB Dunk Low", "title": "Nike SB Dunk Low White Black Trail End Brown", "urlKey": "nike-sb-dunk-low-white-black-trail-end-brown", "market": {"lowestAsk": 1748, "salesThisPeriod": 0, "salesLastPeriod": 0, "highestBid": 1501, "volatility": 0.178344, "deadstockSold": 8, "pricePremium": 0, "averageDeadstockPrice": 1672, "lastSale": 1500, "changeValue": 300, "changePercentage": 0.25, "lastLowestAskTime": 1663605615, "lastHighestBidTime": 1663612359, "lastSaleDate": "2022-06-15T17:38:25+00:00"}, "objectID": "e8882321-5528-4841-a5fa-5cbf578cc55d"}, {"id": "105b3935-60d2-4535-9509-1df17e0fda0a", "uuid": "105b3935-60d2-4535-9509-1df17e0fda0a", "brand": "Nike", "colorway": "Multi-Color/Multi-Color", "condition": "New", "description": "Nike celebrated the role durable materials have played in their innovative heritage with the Nike Dunk Low SP City Market. References to Nike\u2019s Blue Ribbon Studio, a collaborative design studio where employees can get creative with new materials and express themselves through experimentation, are prevalent throughout the design.\n<br>\n<br>\nThe Nike Dunk Low SP City Market is composed of a variety of up-cycled materials. Each panel is constructed of a different canvas material, similar to the variety of bags one would see when passing by local vendors at a street market. The tongue contains a small, zippered compartment that is big enough to store a folded, reusable shopping bag - or anything worth keeping in a small bag. Following the market theme, the tongue label resembles the nutrition labels found on food packaging. Other details include a \"Thank You For Caring\" print on the insole, rope laces, and a white and beige sole.\n<br>\n<br>\nThe Nike Dunk Low SP City Market released in March of 2021 and retailed for $110.", "media": {"smallImageUrl": "https://images.stockx.com/images/Nike-Dunk-Low-SP-Thank-You-For-Caring-Product.jpg?fit=fill&bg=FFFFFF&w=300&h=214&fm=webp&auto=compress&trim=color&q=90&dpr=2&updated_at=1615920434", "thumbUrl": "https://images.stockx.com/images/Nike-Dunk-Low-SP-Thank-You-For-Caring-Product.jpg?fit=fill&bg=FFFFFF&w=140&h=100&fm=webp&auto=compress&trim=color&q=90&dpr=2&updated_at=1615920434"}, "productCategory": "sneakers", "releaseDate": "2021-03-04", "retailPrice": 110, "shoe": "Nike Dunk Low SP", "title": "Nike Dunk Low SP City Market", "urlKey": "nike-dunk-low-sp-city-market", "market": {"lowestAsk": 246, "salesThisPeriod": 3, "salesLastPeriod": 0, "highestBid": 325, "volatility": 0.194961, "deadstockSold": 1035, "pricePremium": 1.464, "averageDeadstockPrice": 316, "lastSale": 271, "changeValue": -25, "changePercentage": -0.084459, "lastLowestAskTime": 1663740404, "lastHighestBidTime": 1663491719, "lastSaleDate": "2022-09-21T04:36:33+00:00"}, "objectID": "105b3935-60d2-4535-9509-1df17e0fda0a"}, {"id": "df4c9228-1842-4d97-972b-72e1175b380b", "uuid": "df4c9228-1842-4d97-972b-72e1175b380b", "brand": "Nike", "colorway": "Sail/Neutral Grey-Nightshade", "condition": "New", "description": "The Nike Dunk Low Off White Lot 16 is a product of the Dear Summer collection, a  follow-up to the first Nike Dunk and Off White collaboration.\n<br>\n<br>\nThe Nike Dunk Low Off White Lot 16 features a white leather upper with grey suede overlays. The low-top includes superb Off White touches, such as the plastic zip tie and Helvetica text. The sneakers feature a grey nightshade secondary lacing system, an exposed foam tongue, and a \"16 of 50\" badge attached on the side midsole.\n<br>\n<br>\nThe Nike Dunk Low Off White Lot 16 debuted in August 2021 and retailed for $180.", "media": {"smallImageUrl": "https://images.stockx.com/images/Nike-Dunk-Low-Off-White-Lot-16-Product.jpg?fit=fill&bg=FFFFFF&w=300&h=214&fm=webp&auto=compress&trim=color&q=90&dpr=2&updated_at=1629306796", "thumbUrl": "https://images.stockx.com/images/Nike-Dunk-Low-Off-White-Lot-16-Product.jpg?fit=fill&bg=FFFFFF&w=140&h=100&fm=webp&auto=compress&trim=color&q=90&dpr=2&updated_at=1629306796"}, "productCategory": "sneakers", "releaseDate": "2021-08-09", "retailPrice": 180, "shoe": "Nike Dunk Low", "title": "Nike Dunk Low Off-White Lot 16", "urlKey": "nike-dunk-low-off-white-lot-16", "market": {"lowestAsk": 505, "salesThisPeriod": 0, "salesLastPeriod": 0, "highestBid": 550, "volatility": 0.116507, "deadstockSold": 546, "pricePremium": 2.97, "averageDeadstockPrice": 497, "lastSale": 715, "changeValue": 205, "changePercentage": 0.401336, "lastLowestAskTime": 1663532677, "lastHighestBidTime": 1663529817, "lastSaleDate": "2022-09-13T12:59:38+00:00"}, "objectID": "df4c9228-1842-4d97-972b-72e1175b380b"}, {"id": "3c0e47b3-c055-45fe-9cc0-3b8fa4de69b5", "uuid": "3c0e47b3-c055-45fe-9cc0-3b8fa4de69b5", "brand": "Nike", "colorway": "Beach/Baroque Brown-Canvas-Sail", "condition": "New", "description": "The Nike Dunk Low Zebra is constructed of a Beach leather upper with Canvas suede overlays decorated with a subtle Cheetah pattern. Baroque Brown Swooshes and heel tabs complete the design.\n<br>\n<br>\nThe Nike Dunk Low Cheetah released in June of 2021 and retailed for $110.", "media": {"smallImageUrl": "https://images.stockx.com/images/Nike-Dunk-Low-Retro-PRM-Animal-Pack-Giraffe-Product.jpg?fit=fill&bg=FFFFFF&w=300&h=214&fm=webp&auto=compress&trim=color&q=90&dpr=2&updated_at=1645716428", "thumbUrl": "https://images.stockx.com/images/Nike-Dunk-Low-Retro-PRM-Animal-Pack-Giraffe-Product.jpg?fit=fill&bg=FFFFFF&w=140&h=100&fm=webp&auto=compress&trim=color&q=90&dpr=2&updated_at=1645716428"}, "productCategory": "sneakers", "releaseDate": "2021-06-22", "retailPrice": 110, "shoe": "Nike Dunk Low Retro PRM", "title": "Nike Dunk Low Retro PRM Animal Pack Giraffe/Cheetah", "urlKey": "nike-dunk-low-retro-prm-animal-pack-giraffe", "market": {"lowestAsk": 250, "salesThisPeriod": 5, "salesLastPeriod": 0, "highestBid": 381, "volatility": 0.212812, "deadstockSold": 1256, "pricePremium": 2.327, "averageDeadstockPrice": 305, "lastSale": 366, "changeValue": 81, "changePercentage": 0.284211, "lastLowestAskTime": 1662997295, "lastHighestBidTime": 1662300756, "lastSaleDate": "2022-09-20T02:01:30+00:00"}, "objectID": "3c0e47b3-c055-45fe-9cc0-3b8fa4de69b5"}, {"id": "4588aad6-937e-446d-bad9-b7912ef34669", "uuid": "4588aad6-937e-446d-bad9-b7912ef34669", "brand": "Nike", "colorway": "Daybreak/Barn-Plum", "condition": "New", "description": "Nike brought back another co.jp classic with the Nike Dunk Plum Low (2020), now available on StockX. In the early 2000s, Nike released a series of Dunk and Air Force 1 colorways exclusive to their Japanese retailers. Among these releases was the Nike Dunk Low Plum, originally released in 2001 as part of the \"Ugly Duckling\" Dunk pack.\n<br>\n<br>\nThe Dunk Low is composed of a purple-shaded premium suede upper with a red Swoosh and details. A white midsole, red outsole, and Nike branding on the heel completes the design. These sneakers released in February of 2020 and retailed for $100.", "media": {"smallImageUrl": "https://images.stockx.com/images/Nike-Dunk-Low-Plum-2020-Product.jpg?fit=fill&bg=FFFFFF&w=300&h=214&fm=webp&auto=compress&trim=color&q=90&dpr=2&updated_at=1607053816", "thumbUrl": "https://images.stockx.com/images/Nike-Dunk-Low-Plum-2020-Product.jpg?fit=fill&bg=FFFFFF&w=140&h=100&fm=webp&auto=compress&trim=color&q=90&dpr=2&updated_at=1607053816"}, "productCategory": "sneakers", "releaseDate": "2020-02-07", "retailPrice": 100, "shoe": "Nike Dunk Low", "title": "Nike Dunk Low Plum (2020)", "urlKey": "nike-dunk-low-plum-2020", "market": {"lowestAsk": 321, "salesThisPeriod": 0, "salesLastPeriod": 0, "highestBid": 500, "volatility": 0.185141, "deadstockSold": 318, "pricePremium": 2.9, "averageDeadstockPrice": 427, "lastSale": 390, "changeValue": -8, "changePercentage": -0.020101, "lastLowestAskTime": 1663515989, "lastHighestBidTime": 1663508259, "lastSaleDate": "2022-09-15T10:34:22+00:00"}, "objectID": "4588aad6-937e-446d-bad9-b7912ef34669"}, {"id": "0e519f31-29ae-4481-a04f-2fa46ed7f41e", "uuid": "0e519f31-29ae-4481-a04f-2fa46ed7f41e", "brand": "Nike", "colorway": "Black/Moon Fossil-Black", "condition": "New", "description": "The women's Nike Dunk High Moon Fossil (W) features a smooth black leather upper with light brown overlays and Swooshes. At the base, a white midsole and beige outsole provide support. \n<br>\n<br>\nThe women's Nike Dunk High Moon Fossil (W) released in December of 2021 and retailed for $110.", "media": {"smallImageUrl": "https://images.stockx.com/images/Nike-Dunk-High-Moon-Fossil-W-Product.jpg?fit=fill&bg=FFFFFF&w=300&h=214&fm=webp&auto=compress&trim=color&q=90&dpr=2&updated_at=1638981602", "thumbUrl": "https://images.stockx.com/images/Nike-Dunk-High-Moon-Fossil-W-Product.jpg?fit=fill&bg=FFFFFF&w=140&h=100&fm=webp&auto=compress&trim=color&q=90&dpr=2&updated_at=1638981602"}, "productCategory": "sneakers", "releaseDate": "2021-12-28", "retailPrice": 110, "shoe": "Nike Dunk High", "title": "Nike Dunk High Moon Fossil (W)", "urlKey": "nike-dunk-high-moon-fossil-w", "market": {"lowestAsk": 112, "salesThisPeriod": 14, "salesLastPeriod": 0, "highestBid": 126, "volatility": 0.132341, "deadstockSold": 6328, "pricePremium": -0.045, "averageDeadstockPrice": 149, "lastSale": 105, "changeValue": -35, "changePercentage": -0.25, "lastLowestAskTime": 1663653627, "lastHighestBidTime": 1662881638, "lastSaleDate": "2022-09-21T16:58:53+00:00"}, "objectID": "0e519f31-29ae-4481-a04f-2fa46ed7f41e"}, {"id": "f20affae-bea2-4ac6-8b33-84ca2179cb59", "uuid": "f20affae-bea2-4ac6-8b33-84ca2179cb59", "brand": "Nike", "childId": null, "colorway": "White/Navy-White-Safety Orange", "condition": "New", "description": "", "media": {"smallImageUrl": "https://images.stockx.com/images/Nike-SB-Dunk-Low-Orange-Label-White-Navy-Product.jpg?fit=fill&bg=FFFFFF&w=300&h=214&fm=webp&auto=compress&trim=color&q=90&dpr=2&updated_at=1621444459", "thumbUrl": "https://images.stockx.com/images/Nike-SB-Dunk-Low-Orange-Label-White-Navy-Product.jpg?fit=fill&bg=FFFFFF&w=140&h=100&fm=webp&auto=compress&trim=color&q=90&dpr=2&updated_at=1621444459"}, "productCategory": "sneakers", "releaseDate": "2021-05-01", "retailPrice": 90, "shoe": "Nike SB Dunk Low", "title": "Nike SB Dunk Low Orange Label White Navy", "urlKey": "nike-sb-dunk-low-orange-label-white-navy", "market": {"lowestAsk": 302, "salesThisPeriod": 1, "salesLastPeriod": 0, "highestBid": 365, "volatility": 0.186347, "deadstockSold": 1228, "pricePremium": 2.114, "averageDeadstockPrice": 318, "lastSale": 280, "changeValue": 11, "changePercentage": 0.038053, "lastLowestAskTime": 1662224816, "lastHighestBidTime": 1663801816, "lastSaleDate": "2022-09-19T17:17:38+00:00"}, "objectID": "f20affae-bea2-4ac6-8b33-84ca2179cb59"}, {"id": "03e93eb9-8aca-47a8-bd6a-d3af5e7c177a", "uuid": "03e93eb9-8aca-47a8-bd6a-d3af5e7c177a", "brand": "Nike", "colorway": "Black/Black/Red", "condition": "New", "description": "Nike SB dropped another Dunk Low collaboration with Japan-based designer Verdy in 2021. After his debut partnership with the Swoosh showcasing his Girls Don\u2019t Cry imprint in 2019, this release brings his second brand, Wasted Youth, into the limelight. \n<br>\n<br>\nThe Nike SB Dunk Low Wasted Youth brings a more rugged and deconstructed look that\u2019s different from Verdy\u2019s first sneaker collab. Inspired by the relationship between punk and skate culture, the upper is composed of patchwork black denim and hits of black tumbled leather throughout. On each shoe\u2019s medial side is Wasted Youth\u2019s rose logo stitched alongside the Nike Swoosh to show true collaboration between the brands. The sneaker also features a DIY option on the lateral side\u2019s Swoosh, where wearers can cut the black stitching to reveal a white-outlined Swoosh underneath. Lastly, \"Wasted\" and \"Youth\" embroidered on the heel tab is met with a D-Ring further touching on the design\u2019s punk inspiration.\n<br>\n<br>\nThe Nike SB Dunk Low Wasted Youth released in April of 2021 for $130.", "media": {"smallImageUrl": "https://images.stockx.com/images/Nike-SB-Dunk-Low-Wasted-Youth-Product.jpg?fit=fill&bg=FFFFFF&w=300&h=214&fm=webp&auto=compress&trim=color&q=90&dpr=2&updated_at=1616521006", "thumbUrl": "https://images.stockx.com/images/Nike-SB-Dunk-Low-Wasted-Youth-Product.jpg?fit=fill&bg=FFFFFF&w=140&h=100&fm=webp&auto=compress&trim=color&q=90&dpr=2&updated_at=1616521006"}, "productCategory": "sneakers", "releaseDate": "2021-04-06", "retailPrice": 110, "shoe": "Nike SB Dunk Low", "title": "Nike SB Dunk Low Wasted Youth", "urlKey": "nike-sb-dunk-low-wasted-youth", "market": {"lowestAsk": 145, "salesThisPeriod": 0, "salesLastPeriod": 0, "highestBid": 290, "volatility": 0.168448, "deadstockSold": 754, "pricePremium": 0.526, "averageDeadstockPrice": 220, "lastSale": 168, "changeValue": -87, "changePercentage": -0.341939, "lastLowestAskTime": 1663240640, "lastHighestBidTime": 1661452791, "lastSaleDate": "2022-09-16T18:58:27+00:00"}, "objectID": "03e93eb9-8aca-47a8-bd6a-d3af5e7c177a"}, {"id": "0f3ea00d-d480-4b2b-888a-9493918a5da1", "uuid": "0f3ea00d-d480-4b2b-888a-9493918a5da1", "brand": "Nike", "colorway": "Metallic Silver/White", "condition": "New", "description": "PLEASE NOTE: Card is not required to pass. Veteran Nike collaborator CLOT explored optical illusion with the Nike Dunk High CLOT Flux.\n<br>\n<br>\nPaying homage to the \"Yin-Yang\" philosophy of fluidity and harmony, the Nike Dunk High CLOT Flux is constructed with an all-over lenticular material that gives off a metallic silver shimmer throughout its exterior. The innovative nature of the design is prominent on the tongue, where both Nike and CLOT logos are present in a holographic styling. To frame the optical illusion that is the upper, white soles and waxed laces add the finishing touches.\n<br>\n<br>\nThe Nike Dunk High CLOT Flux released in March of 2022 and retailed for $150.", "media": {"smallImageUrl": "https://images.stockx.com/images/Nike-Dunk-High-CLOT-Metallic-Silver.jpg?fit=fill&bg=FFFFFF&w=300&h=214&fm=webp&auto=compress&trim=color&q=90&dpr=2&updated_at=1647536797", "thumbUrl": "https://images.stockx.com/images/Nike-Dunk-High-CLOT-Metallic-Silver.jpg?fit=fill&bg=FFFFFF&w=140&h=100&fm=webp&auto=compress&trim=color&q=90&dpr=2&updated_at=1647536797"}, "productCategory": "sneakers", "releaseDate": "2022-03-18", "retailPrice": 150, "shoe": "Nike Dunk High", "title": "Nike Dunk High CLOT Flux", "urlKey": "nike-dunk-high-clot-metallic-silver", "market": {"lowestAsk": 91, "salesThisPeriod": 8, "salesLastPeriod": 0, "highestBid": 139, "volatility": 0.133095, "deadstockSold": 1769, "pricePremium": 0.06, "averageDeadstockPrice": 185, "lastSale": 159, "changeValue": 76, "changePercentage": 0.915663, "lastLowestAskTime": 1663595881, "lastHighestBidTime": 1663273447, "lastSaleDate": "2022-09-19T01:13:01+00:00"}, "objectID": "0f3ea00d-d480-4b2b-888a-9493918a5da1"}, {"id": "f20b3fcb-4ac4-45ec-9dba-0fe2c589137d", "uuid": "f20b3fcb-4ac4-45ec-9dba-0fe2c589137d", "brand": "Nike", "colorway": "Blue/Tan-Light Blue", "condition": "New", "description": "", "media": {"smallImageUrl": "https://images.stockx.com/images/Nike-Dunk-Low-SB-Celadon-Product.jpg?fit=fill&bg=FFFFFF&w=300&h=214&fm=webp&auto=compress&trim=color&q=90&dpr=2&updated_at=1622048817", "thumbUrl": "https://images.stockx.com/images/Nike-Dunk-Low-SB-Celadon-Product.jpg?fit=fill&bg=FFFFFF&w=140&h=100&fm=webp&auto=compress&trim=color&q=90&dpr=2&updated_at=1622048817"}, "productCategory": "sneakers", "releaseDate": "2021-04-10", "retailPrice": 100, "shoe": "Nike SB Dunk Low", "title": "Nike SB Dunk Low ACG Celadon", "urlKey": "nike-dunk-low-sb-celadon", "market": {"lowestAsk": 192, "salesThisPeriod": 2, "salesLastPeriod": 0, "highestBid": 260, "volatility": 0.119562, "deadstockSold": 1471, "pricePremium": 1.58, "averageDeadstockPrice": 220, "lastSale": 258, "changeValue": -25, "changePercentage": -0.089823, "lastLowestAskTime": 1663563065, "lastHighestBidTime": 1661403994, "lastSaleDate": "2022-09-20T05:31:42+00:00"}, "objectID": "f20b3fcb-4ac4-45ec-9dba-0fe2c589137d"}, {"id": "7c0884b3-0e60-46f0-9488-a5692f6dc645", "uuid": "7c0884b3-0e60-46f0-9488-a5692f6dc645", "brand": "Nike", "childId": null, "colorway": "Blue/White-Gum", "condition": "New", "description": "The 2021 release from Nike SB and Baltimore skate shop, Carpet Company, added to the extensive SB Dunk catalog. Known for their 1-of-1 tees and customized skate decks, Carpet Company adds these same DIY characteristics to their first SB collaboration. \n<br>\n<br>\nThe Nike SB Dunk High Carpet Company provides wearers with the ability to rip up the sneaker to their liking with tearaway uppers. White tumbled leather is paired with a semi-translucent blue layer that pays homage to the art of screen printing, a common artistic practice that the shop uses for their unique shirts. Underneath the blue fabric is yellow leather with embroidered graphics, giving a whole new look and feel to the sneaker itself. Hidden messages also appear on the heel with quotes from the Egyptian brothers that own Carpet Company, the left heel stating \"Brought To You By The Habibis At Carpet Company\", while the right shows \"Nike\" in Arabic calligraphy.\n<br>\n<br>\nThe Nike SB Dunk High Carpet Company released in March of 2021 for $125. ", "media": {"smallImageUrl": "https://images.stockx.com/images/Nike-SB-Dunk-High-Carpet-Company-Product.jpg?fit=fill&bg=FFFFFF&w=300&h=214&fm=webp&auto=compress&trim=color&q=90&dpr=2&updated_at=1615578910", "thumbUrl": "https://images.stockx.com/images/Nike-SB-Dunk-High-Carpet-Company-Product.jpg?fit=fill&bg=FFFFFF&w=140&h=100&fm=webp&auto=compress&trim=color&q=90&dpr=2&updated_at=1615578910"}, "productCategory": "sneakers", "releaseDate": "2021-03-12", "retailPrice": 120, "shoe": "Nike SB Dunk High", "title": "Nike SB Dunk High Carpet Company", "urlKey": "nike-sb-dunk-high-carpet-company", "market": {"lowestAsk": 258, "salesThisPeriod": 4, "salesLastPeriod": 0, "highestBid": 350, "volatility": 0.079854, "deadstockSold": 701, "pricePremium": 1.708, "averageDeadstockPrice": 372, "lastSale": 325, "changeValue": 10, "changePercentage": 0.031746, "lastLowestAskTime": 1663557536, "lastHighestBidTime": 1663646934, "lastSaleDate": "2022-09-20T21:32:03+00:00"}, "objectID": "7c0884b3-0e60-46f0-9488-a5692f6dc645"}, {"id": "f576c496-32c2-4364-ba02-911504903570", "uuid": "f576c496-32c2-4364-ba02-911504903570", "brand": "Nike", "colorway": "Coriander/Summit White-Sail-Team Red", "condition": "New", "description": "The Nike Dunk High Halloween 2021 is made of a soft synthetic leather upper, a durable foam midsole, and an outsole composed of solid rubber that is fused to the shoe. The shoe is finished with Nike Swoosh branding at the sides and tongue, as well as model-specific details on the tongue tab and insoles.\n<br>\n<br>\nThe Nike Dunk High Halloween 2021 features numerous entwined fibers densely packed together on the base of the shoe and assumes a white and green color.\n<br>\n<br>\nThe Nike Dunk High Halloween 2021, was released in January of 2022 and originally retailed for $110.", "media": {"smallImageUrl": "https://images.stockx.com/images/Nike-Dunk-High-Halloween-2021-Product.jpg?fit=fill&bg=FFFFFF&w=300&h=214&fm=webp&auto=compress&trim=color&q=90&dpr=2&updated_at=1645802010", "thumbUrl": "https://images.stockx.com/images/Nike-Dunk-High-Halloween-2021-Product.jpg?fit=fill&bg=FFFFFF&w=140&h=100&fm=webp&auto=compress&trim=color&q=90&dpr=2&updated_at=1645802010"}, "productCategory": "sneakers", "releaseDate": "2022-01-29", "retailPrice": 110, "shoe": "Nike Dunk High Retro", "title": "Nike Dunk High Retro Re-Raw Halloween (2021)", "urlKey": "nike-dunk-high-halloween-2021", "market": {"lowestAsk": 108, "salesThisPeriod": 10, "salesLastPeriod": 0, "highestBid": 130, "volatility": 0.078863, "deadstockSold": 1037, "pricePremium": 0.083, "averageDeadstockPrice": 138, "lastSale": 119, "changeValue": 5, "changePercentage": 0.036379, "lastLowestAskTime": 1663737930, "lastHighestBidTime": 1663792280, "lastSaleDate": "2022-09-21T19:54:31+00:00"}, "objectID": "f576c496-32c2-4364-ba02-911504903570"}, {"id": "188a6dcd-9388-4a28-a5c5-a8f9c6235250", "uuid": "188a6dcd-9388-4a28-a5c5-a8f9c6235250", "brand": "Nike", "colorway": "Green Stone/Legion Green-Fir", "condition": "New", "description": "", "media": {"smallImageUrl": "https://images.stockx.com/images/Nike-SB-Dunk-Low-Concepts-Green-Lobster-1-1.jpg?fit=fill&bg=FFFFFF&w=300&h=214&fm=webp&auto=compress&trim=color&q=90&dpr=2&updated_at=1607054160", "thumbUrl": "https://images.stockx.com/images/Nike-SB-Dunk-Low-Concepts-Green-Lobster-1-1.jpg?fit=fill&bg=FFFFFF&w=140&h=100&fm=webp&auto=compress&trim=color&q=90&dpr=2&updated_at=1607054160"}, "productCategory": "sneakers", "releaseDate": "2018-12-14", "retailPrice": 100, "shoe": "Nike SB Dunk Low", "title": "Nike SB Dunk Low Concepts Green Lobster (Regular Box)", "urlKey": "nike-sb-dunk-low-concepts-green-lobster-regular-box", "market": {"lowestAsk": 1198, "salesThisPeriod": 0, "salesLastPeriod": 0, "highestBid": 1260, "volatility": 0.880829, "deadstockSold": 29, "pricePremium": 9.511, "averageDeadstockPrice": 1318, "lastSale": 1051, "changeValue": -728, "changePercentage": -0.409485, "lastLowestAskTime": 1662723200, "lastHighestBidTime": 1662736401, "lastSaleDate": "2022-09-10T11:28:56+00:00"}, "objectID": "188a6dcd-9388-4a28-a5c5-a8f9c6235250"}, {"id": "f7412d96-76a8-45d2-8d0b-e1f0a0c95718", "uuid": "f7412d96-76a8-45d2-8d0b-e1f0a0c95718", "brand": "Nike", "colorway": "Black/Iron Grey/White/Chrome", "condition": "New", "description": "Nike\u2019s Dunk Low NBA 75th Anniversary Spurs (Gradeschool) was designed and released by Nike as a tribute to the NBA.\n<br>\n<br>\nNike Dunk Low NBA 75th Anniversary Spurs (Gradeschool) was designed to incorporate the San Antonio Spurs' team colors of silver, black, and white. It features an upper made of textured black leather that complements the grained leather, while the Swoosh is silver. The sole on this comfortable, durable shoe is made of white and black rubber. Finally, the Nike logo appears on the back.\n<br>\n<br>\nNike Dunk Low NBA 75th Anniversary Spurs (Gradeschool) was released by Nike on October 19, 2021, retailing at $95.", "media": {"smallImageUrl": "https://images.stockx.com/images/Nike-Dunk-Low-NBA-75th-Anniversary-Spurs-GS-Product.jpg?fit=fill&bg=FFFFFF&w=300&h=214&fm=webp&auto=compress&trim=color&q=90&dpr=2&updated_at=1637338422", "thumbUrl": "https://images.stockx.com/images/Nike-Dunk-Low-NBA-75th-Anniversary-Spurs-GS-Product.jpg?fit=fill&bg=FFFFFF&w=140&h=100&fm=webp&auto=compress&trim=color&q=90&dpr=2&updated_at=1637338422"}, "productCategory": "sneakers", "releaseDate": "2021-10-19", "retailPrice": 95, "shoe": "Nike Dunk Low", "title": "Nike Dunk Low NBA 75th Anniversary Spurs (GS)", "urlKey": "nike-dunk-low-nba-75th-anniversary-spurs-gs", "market": {"lowestAsk": 79, "salesThisPeriod": 12, "salesLastPeriod": 0, "highestBid": 78, "volatility": 0.080649, "deadstockSold": 2352, "pricePremium": -0.159, "averageDeadstockPrice": 89, "lastSale": 80, "changeValue": -12, "changePercentage": -0.131364, "lastLowestAskTime": 1663797059, "lastHighestBidTime": 1663681927, "lastSaleDate": "2022-09-21T10:23:46+00:00"}, "objectID": "f7412d96-76a8-45d2-8d0b-e1f0a0c95718"}, {"id": "01fa6667-e5b6-4563-8d4e-3124c21183dd", "uuid": "01fa6667-e5b6-4563-8d4e-3124c21183dd", "brand": "Nike", "childId": null, "colorway": "Sail/Neutral Grey", "condition": "New", "description": "", "media": {"smallImageUrl": "https://images.stockx.com/images/Nike-Dunk-Low-Off-White-Lot-47-Product.jpg?fit=fill&bg=FFFFFF&w=300&h=214&fm=webp&auto=compress&trim=color&q=90&dpr=2&updated_at=1638552386", "thumbUrl": "https://images.stockx.com/images/Nike-Dunk-Low-Off-White-Lot-47-Product.jpg?fit=fill&bg=FFFFFF&w=140&h=100&fm=webp&auto=compress&trim=color&q=90&dpr=2&updated_at=1638552386"}, "productCategory": "sneakers", "releaseDate": "2021-08-09", "retailPrice": 180, "shoe": "Nike Dunk Low", "title": "Nike Dunk Low Off-White Lot 47", "urlKey": "nike-dunk-low-off-white-lot-47", "market": {"lowestAsk": 449, "salesThisPeriod": 0, "salesLastPeriod": 0, "highestBid": 500, "volatility": 0.095718, "deadstockSold": 727, "pricePremium": 1.511, "averageDeadstockPrice": 437, "lastSale": 452, "changeValue": 0, "changePercentage": 0, "lastLowestAskTime": 1663772834, "lastHighestBidTime": 1663776546, "lastSaleDate": "2022-09-16T22:57:37+00:00"}, "objectID": "01fa6667-e5b6-4563-8d4e-3124c21183dd"}]}